ROM[roms/Asteroid2/035145-02.ef2] Addr=6800 Value=4C
ROM[roms/Asteroid2/035145-02.ef2] Addr=6801 Value=F3
ROM[roms/Asteroid2/035145-02.ef2] Addr=6802 Value=7C
ROM[roms/Asteroid2/035145-02.ef2] Addr=6803 Value=20
ROM[roms/Asteroid2/035145-02.ef2] Addr=6804 Value=FA
ROM[roms/Asteroid2/035145-02.ef2] Addr=6805 Value=6E
ROM[roms/Asteroid2/035145-02.ef2] Addr=6806 Value=20
ROM[roms/Asteroid2/035145-02.ef2] Addr=6807 Value=D8
ROM[roms/Asteroid2/035145-02.ef2] Addr=6808 Value=6E
ROM[roms/Asteroid2/035145-02.ef2] Addr=6809 Value=20
ROM[roms/Asteroid2/035145-02.ef2] Addr=680A Value=68
ROM[roms/Asteroid2/035145-02.ef2] Addr=680B Value=71
ROM[roms/Asteroid2/035145-02.ef2] Addr=680C Value=AD
ROM[roms/Asteroid2/035145-02.ef2] Addr=680D Value=07
ROM[roms/Asteroid2/035145-02.ef2] Addr=680E Value=20
ROM[roms/Asteroid2/035145-02.ef2] Addr=680F Value=30
ROM[roms/Asteroid2/035145-02.ef2] Addr=6810 Value=FE
ROM[roms/Asteroid2/035145-02.ef2] Addr=6811 Value=46
ROM[roms/Asteroid2/035145-02.ef2] Addr=6812 Value=5B
ROM[roms/Asteroid2/035145-02.ef2] Addr=6813 Value=90
ROM[roms/Asteroid2/035145-02.ef2] Addr=6814 Value=F7
ROM[roms/Asteroid2/035145-02.ef2] Addr=6815 Value=AD
ROM[roms/Asteroid2/035145-02.ef2] Addr=6816 Value=02
ROM[roms/Asteroid2/035145-02.ef2] Addr=6817 Value=20
ROM[roms/Asteroid2/035145-02.ef2] Addr=6818 Value=30
ROM[roms/Asteroid2/035145-02.ef2] Addr=6819 Value=FB
ROM[roms/Asteroid2/035145-02.ef2] Addr=681A Value=AD
ROM[roms/Asteroid2/035145-02.ef2] Addr=681B Value=01
ROM[roms/Asteroid2/035145-02.ef2] Addr=681C Value=40
ROM[roms/Asteroid2/035145-02.ef2] Addr=681D Value=49
ROM[roms/Asteroid2/035145-02.ef2] Addr=681E Value=02
ROM[roms/Asteroid2/035145-02.ef2] Addr=681F Value=8D
ROM[roms/Asteroid2/035145-02.ef2] Addr=6820 Value=01
ROM[roms/Asteroid2/035145-02.ef2] Addr=6821 Value=40
ROM[roms/Asteroid2/035145-02.ef2] Addr=6822 Value=8D
ROM[roms/Asteroid2/035145-02.ef2] Addr=6823 Value=00
ROM[roms/Asteroid2/035145-02.ef2] Addr=6824 Value=30
ROM[roms/Asteroid2/035145-02.ef2] Addr=6825 Value=8D
ROM[roms/Asteroid2/035145-02.ef2] Addr=6826 Value=00
ROM[roms/Asteroid2/035145-02.ef2] Addr=6827 Value=34
ROM[roms/Asteroid2/035145-02.ef2] Addr=6828 Value=E6
ROM[roms/Asteroid2/035145-02.ef2] Addr=6829 Value=5C
ROM[roms/Asteroid2/035145-02.ef2] Addr=682A Value=D0
ROM[roms/Asteroid2/035145-02.ef2] Addr=682B Value=02
ROM[roms/Asteroid2/035145-02.ef2] Addr=682C Value=E6
ROM[roms/Asteroid2/035145-02.ef2] Addr=682D Value=5D
ROM[roms/Asteroid2/035145-02.ef2] Addr=682E Value=A2
ROM[roms/Asteroid2/035145-02.ef2] Addr=682F Value=40
ROM[roms/Asteroid2/035145-02.ef2] Addr=6830 Value=29
ROM[roms/Asteroid2/035145-02.ef2] Addr=6831 Value=02
ROM[roms/Asteroid2/035145-02.ef2] Addr=6832 Value=D0
ROM[roms/Asteroid2/035145-02.ef2] Addr=6833 Value=02
ROM[roms/Asteroid2/035145-02.ef2] Addr=6834 Value=A2
ROM[roms/Asteroid2/035145-02.ef2] Addr=6835 Value=44
ROM[roms/Asteroid2/035145-02.ef2] Addr=6836 Value=A9
ROM[roms/Asteroid2/035145-02.ef2] Addr=6837 Value=02
ROM[roms/Asteroid2/035145-02.ef2] Addr=6838 Value=85
ROM[roms/Asteroid2/035145-02.ef2] Addr=6839 Value=02
ROM[roms/Asteroid2/035145-02.ef2] Addr=683A Value=86
ROM[roms/Asteroid2/035145-02.ef2] Addr=683B Value=03
ROM[roms/Asteroid2/035145-02.ef2] Addr=683C Value=20
ROM[roms/Asteroid2/035145-02.ef2] Addr=683D Value=85
ROM[roms/Asteroid2/035145-02.ef2] Addr=683E Value=68
ROM[roms/Asteroid2/035145-02.ef2] Addr=683F Value=B0
ROM[roms/Asteroid2/035145-02.ef2] Addr=6840 Value=C2
ROM[roms/Asteroid2/035145-02.ef2] Addr=6841 Value=20
ROM[roms/Asteroid2/035145-02.ef2] Addr=6842 Value=5C
ROM[roms/Asteroid2/035145-02.ef2] Addr=6843 Value=76
ROM[roms/Asteroid2/035145-02.ef2] Addr=6844 Value=20
ROM[roms/Asteroid2/035145-02.ef2] Addr=6845 Value=90
ROM[roms/Asteroid2/035145-02.ef2] Addr=6846 Value=6D
ROM[roms/Asteroid2/035145-02.ef2] Addr=6847 Value=10
ROM[roms/Asteroid2/035145-02.ef2] Addr=6848 Value=1B
ROM[roms/Asteroid2/035145-02.ef2] Addr=6849 Value=20
ROM[roms/Asteroid2/035145-02.ef2] Addr=684A Value=C4
ROM[roms/Asteroid2/035145-02.ef2] Addr=684B Value=73
ROM[roms/Asteroid2/035145-02.ef2] Addr=684C Value=B0
ROM[roms/Asteroid2/035145-02.ef2] Addr=684D Value=16
ROM[roms/Asteroid2/035145-02.ef2] Addr=684E Value=A5
ROM[roms/Asteroid2/035145-02.ef2] Addr=684F Value=5A
ROM[roms/Asteroid2/035145-02.ef2] Addr=6850 Value=D0
ROM[roms/Asteroid2/035145-02.ef2] Addr=6851 Value=0C
ROM[roms/Asteroid2/035145-02.ef2] Addr=6852 Value=20
ROM[roms/Asteroid2/035145-02.ef2] Addr=6853 Value=D7
ROM[roms/Asteroid2/035145-02.ef2] Addr=6854 Value=6C
ROM[roms/Asteroid2/035145-02.ef2] Addr=6855 Value=20
ROM[roms/Asteroid2/035145-02.ef2] Addr=6856 Value=74
ROM[roms/Asteroid2/035145-02.ef2] Addr=6857 Value=6E
ROM[roms/Asteroid2/035145-02.ef2] Addr=6858 Value=20
ROM[roms/Asteroid2/035145-02.ef2] Addr=6859 Value=3F
ROM[roms/Asteroid2/035145-02.ef2] Addr=685A Value=70
ROM[roms/Asteroid2/035145-02.ef2] Addr=685B Value=20
ROM[roms/Asteroid2/035145-02.ef2] Addr=685C Value=93
ROM[roms/Asteroid2/035145-02.ef2] Addr=685D Value=6B
ROM[roms/Asteroid2/035145-02.ef2] Addr=685E Value=20
ROM[roms/Asteroid2/035145-02.ef2] Addr=685F Value=57
ROM[roms/Asteroid2/035145-02.ef2] Addr=6860 Value=6F
ROM[roms/Asteroid2/035145-02.ef2] Addr=6861 Value=20
ROM[roms/Asteroid2/035145-02.ef2] Addr=6862 Value=F0
ROM[roms/Asteroid2/035145-02.ef2] Addr=6863 Value=69
ROM[roms/Asteroid2/035145-02.ef2] Addr=6864 Value=20
ROM[roms/Asteroid2/035145-02.ef2] Addr=6865 Value=4F
ROM[roms/Asteroid2/035145-02.ef2] Addr=6866 Value=72
ROM[roms/Asteroid2/035145-02.ef2] Addr=6867 Value=20
ROM[roms/Asteroid2/035145-02.ef2] Addr=6868 Value=55
ROM[roms/Asteroid2/035145-02.ef2] Addr=6869 Value=75
ROM[roms/Asteroid2/035145-02.ef2] Addr=686A Value=A9
ROM[roms/Asteroid2/035145-02.ef2] Addr=686B Value=7F
ROM[roms/Asteroid2/035145-02.ef2] Addr=686C Value=AA
ROM[roms/Asteroid2/035145-02.ef2] Addr=686D Value=20
ROM[roms/Asteroid2/035145-02.ef2] Addr=686E Value=03
ROM[roms/Asteroid2/035145-02.ef2] Addr=686F Value=7C
ROM[roms/Asteroid2/035145-02.ef2] Addr=6870 Value=20
ROM[roms/Asteroid2/035145-02.ef2] Addr=6871 Value=B5
ROM[roms/Asteroid2/035145-02.ef2] Addr=6872 Value=77
ROM[roms/Asteroid2/035145-02.ef2] Addr=6873 Value=20
ROM[roms/Asteroid2/035145-02.ef2] Addr=6874 Value=C0
ROM[roms/Asteroid2/035145-02.ef2] Addr=6875 Value=7B
ROM[roms/Asteroid2/035145-02.ef2] Addr=6876 Value=AD
ROM[roms/Asteroid2/035145-02.ef2] Addr=6877 Value=FB
ROM[roms/Asteroid2/035145-02.ef2] Addr=6878 Value=02
ROM[roms/Asteroid2/035145-02.ef2] Addr=6879 Value=F0
ROM[roms/Asteroid2/035145-02.ef2] Addr=687A Value=03
ROM[roms/Asteroid2/035145-02.ef2] Addr=687B Value=CE
ROM[roms/Asteroid2/035145-02.ef2] Addr=687C Value=FB
ROM[roms/Asteroid2/035145-02.ef2] Addr=687D Value=02
ROM[roms/Asteroid2/035145-02.ef2] Addr=687E Value=0D
ROM[roms/Asteroid2/035145-02.ef2] Addr=687F Value=F6
ROM[roms/Asteroid2/035145-02.ef2] Addr=6880 Value=02
ROM[roms/Asteroid2/035145-02.ef2] Addr=6881 Value=D0
ROM[roms/Asteroid2/035145-02.ef2] Addr=6882 Value=89
ROM[roms/Asteroid2/035145-02.ef2] Addr=6883 Value=F0
ROM[roms/Asteroid2/035145-02.ef2] Addr=6884 Value=84
ROM[roms/Asteroid2/035145-02.ef2] Addr=6885 Value=A5
ROM[roms/Asteroid2/035145-02.ef2] Addr=6886 Value=1C
ROM[roms/Asteroid2/035145-02.ef2] Addr=6887 Value=F0
ROM[roms/Asteroid2/035145-02.ef2] Addr=6888 Value=14
ROM[roms/Asteroid2/035145-02.ef2] Addr=6889 Value=A5
ROM[roms/Asteroid2/035145-02.ef2] Addr=688A Value=5A
ROM[roms/Asteroid2/035145-02.ef2] Addr=688B Value=D0
ROM[roms/Asteroid2/035145-02.ef2] Addr=688C Value=03
ROM[roms/Asteroid2/035145-02.ef2] Addr=688D Value=4C
ROM[roms/Asteroid2/035145-02.ef2] Addr=688E Value=60
ROM[roms/Asteroid2/035145-02.ef2] Addr=688F Value=69
ROM[roms/Asteroid2/035145-02.ef2] Addr=6890 Value=C6
ROM[roms/Asteroid2/035145-02.ef2] Addr=6891 Value=5A
ROM[roms/Asteroid2/035145-02.ef2] Addr=6892 Value=20
ROM[roms/Asteroid2/035145-02.ef2] Addr=6893 Value=E2
ROM[roms/Asteroid2/035145-02.ef2] Addr=6894 Value=69
ROM[roms/Asteroid2/035145-02.ef2] Addr=6895 Value=18
ROM[roms/Asteroid2/035145-02.ef2] Addr=6896 Value=60
ROM[roms/Asteroid2/035145-02.ef2] Addr=6897 Value=A9
ROM[roms/Asteroid2/035145-02.ef2] Addr=6898 Value=02
ROM[roms/Asteroid2/035145-02.ef2] Addr=6899 Value=85
ROM[roms/Asteroid2/035145-02.ef2] Addr=689A Value=70
ROM[roms/Asteroid2/035145-02.ef2] Addr=689B Value=D0
ROM[roms/Asteroid2/035145-02.ef2] Addr=689C Value=13
ROM[roms/Asteroid2/035145-02.ef2] Addr=689D Value=A5
ROM[roms/Asteroid2/035145-02.ef2] Addr=689E Value=71
ROM[roms/Asteroid2/035145-02.ef2] Addr=689F Value=29
ROM[roms/Asteroid2/035145-02.ef2] Addr=68A0 Value=03
ROM[roms/Asteroid2/035145-02.ef2] Addr=68A1 Value=F0
ROM[roms/Asteroid2/035145-02.ef2] Addr=68A2 Value=F4
ROM[roms/Asteroid2/035145-02.ef2] Addr=68A3 Value=18
ROM[roms/Asteroid2/035145-02.ef2] Addr=68A4 Value=69
ROM[roms/Asteroid2/035145-02.ef2] Addr=68A5 Value=07
ROM[roms/Asteroid2/035145-02.ef2] Addr=68A6 Value=A8
ROM[roms/Asteroid2/035145-02.ef2] Addr=68A7 Value=A5
ROM[roms/Asteroid2/035145-02.ef2] Addr=68A8 Value=32
ROM[roms/Asteroid2/035145-02.ef2] Addr=68A9 Value=25
ROM[roms/Asteroid2/035145-02.ef2] Addr=68AA Value=33
ROM[roms/Asteroid2/035145-02.ef2] Addr=68AB Value=10
ROM[roms/Asteroid2/035145-02.ef2] Addr=68AC Value=03
ROM[roms/Asteroid2/035145-02.ef2] Addr=68AD Value=20
ROM[roms/Asteroid2/035145-02.ef2] Addr=68AE Value=F6
ROM[roms/Asteroid2/035145-02.ef2] Addr=68AF Value=77
ROM[roms/Asteroid2/035145-02.ef2] Addr=68B0 Value=A4
ROM[roms/Asteroid2/035145-02.ef2] Addr=68B1 Value=70
ROM[roms/Asteroid2/035145-02.ef2] Addr=68B2 Value=F0
ROM[roms/Asteroid2/035145-02.ef2] Addr=68B3 Value=E1
ROM[roms/Asteroid2/035145-02.ef2] Addr=68B4 Value=A2
ROM[roms/Asteroid2/035145-02.ef2] Addr=68B5 Value=01
ROM[roms/Asteroid2/035145-02.ef2] Addr=68B6 Value=AD
ROM[roms/Asteroid2/035145-02.ef2] Addr=68B7 Value=03
ROM[roms/Asteroid2/035145-02.ef2] Addr=68B8 Value=24
ROM[roms/Asteroid2/035145-02.ef2] Addr=68B9 Value=30
ROM[roms/Asteroid2/035145-02.ef2] Addr=68BA Value=23
ROM[roms/Asteroid2/035145-02.ef2] Addr=68BB Value=C0
ROM[roms/Asteroid2/035145-02.ef2] Addr=68BC Value=02
ROM[roms/Asteroid2/035145-02.ef2] Addr=68BD Value=90
ROM[roms/Asteroid2/035145-02.ef2] Addr=68BE Value=7C
ROM[roms/Asteroid2/035145-02.ef2] Addr=68BF Value=AD
ROM[roms/Asteroid2/035145-02.ef2] Addr=68C0 Value=04
ROM[roms/Asteroid2/035145-02.ef2] Addr=68C1 Value=24
ROM[roms/Asteroid2/035145-02.ef2] Addr=68C2 Value=10
ROM[roms/Asteroid2/035145-02.ef2] Addr=68C3 Value=77
ROM[roms/Asteroid2/035145-02.ef2] Addr=68C4 Value=A5
ROM[roms/Asteroid2/035145-02.ef2] Addr=68C5 Value=6F
ROM[roms/Asteroid2/035145-02.ef2] Addr=68C6 Value=09
ROM[roms/Asteroid2/035145-02.ef2] Addr=68C7 Value=04
ROM[roms/Asteroid2/035145-02.ef2] Addr=68C8 Value=85
ROM[roms/Asteroid2/035145-02.ef2] Addr=68C9 Value=6F
ROM[roms/Asteroid2/035145-02.ef2] Addr=68CA Value=8D
ROM[roms/Asteroid2/035145-02.ef2] Addr=68CB Value=00
ROM[roms/Asteroid2/035145-02.ef2] Addr=68CC Value=32
ROM[roms/Asteroid2/035145-02.ef2] Addr=68CD Value=20
ROM[roms/Asteroid2/035145-02.ef2] Addr=68CE Value=D8
ROM[roms/Asteroid2/035145-02.ef2] Addr=68CF Value=6E
ROM[roms/Asteroid2/035145-02.ef2] Addr=68D0 Value=20
ROM[roms/Asteroid2/035145-02.ef2] Addr=68D1 Value=68
ROM[roms/Asteroid2/035145-02.ef2] Addr=68D2 Value=71
ROM[roms/Asteroid2/035145-02.ef2] Addr=68D3 Value=20
ROM[roms/Asteroid2/035145-02.ef2] Addr=68D4 Value=E8
ROM[roms/Asteroid2/035145-02.ef2] Addr=68D5 Value=71
ROM[roms/Asteroid2/035145-02.ef2] Addr=68D6 Value=A5
ROM[roms/Asteroid2/035145-02.ef2] Addr=68D7 Value=56
ROM[roms/Asteroid2/035145-02.ef2] Addr=68D8 Value=85
ROM[roms/Asteroid2/035145-02.ef2] Addr=68D9 Value=58
ROM[roms/Asteroid2/035145-02.ef2] Addr=68DA Value=A2
ROM[roms/Asteroid2/035145-02.ef2] Addr=68DB Value=02
ROM[roms/Asteroid2/035145-02.ef2] Addr=68DC Value=C6
ROM[roms/Asteroid2/035145-02.ef2] Addr=68DD Value=70
ROM[roms/Asteroid2/035145-02.ef2] Addr=68DE Value=86
ROM[roms/Asteroid2/035145-02.ef2] Addr=68DF Value=1C
ROM[roms/Asteroid2/035145-02.ef2] Addr=68E0 Value=C6
ROM[roms/Asteroid2/035145-02.ef2] Addr=68E1 Value=70
ROM[roms/Asteroid2/035145-02.ef2] Addr=68E2 Value=A5
ROM[roms/Asteroid2/035145-02.ef2] Addr=68E3 Value=6F
ROM[roms/Asteroid2/035145-02.ef2] Addr=68E4 Value=29
ROM[roms/Asteroid2/035145-02.ef2] Addr=68E5 Value=F8
ROM[roms/Asteroid2/035145-02.ef2] Addr=68E6 Value=45
ROM[roms/Asteroid2/035145-02.ef2] Addr=68E7 Value=1C
ROM[roms/Asteroid2/035145-02.ef2] Addr=68E8 Value=85
ROM[roms/Asteroid2/035145-02.ef2] Addr=68E9 Value=6F
ROM[roms/Asteroid2/035145-02.ef2] Addr=68EA Value=8D
ROM[roms/Asteroid2/035145-02.ef2] Addr=68EB Value=00
ROM[roms/Asteroid2/035145-02.ef2] Addr=68EC Value=32
ROM[roms/Asteroid2/035145-02.ef2] Addr=68ED Value=20
ROM[roms/Asteroid2/035145-02.ef2] Addr=68EE Value=E8
ROM[roms/Asteroid2/035145-02.ef2] Addr=68EF Value=71
ROM[roms/Asteroid2/035145-02.ef2] Addr=68F0 Value=A9
ROM[roms/Asteroid2/035145-02.ef2] Addr=68F1 Value=01
ROM[roms/Asteroid2/035145-02.ef2] Addr=68F2 Value=8D
ROM[roms/Asteroid2/035145-02.ef2] Addr=68F3 Value=FA
ROM[roms/Asteroid2/035145-02.ef2] Addr=68F4 Value=02
ROM[roms/Asteroid2/035145-02.ef2] Addr=68F5 Value=8D
ROM[roms/Asteroid2/035145-02.ef2] Addr=68F6 Value=FA
ROM[roms/Asteroid2/035145-02.ef2] Addr=68F7 Value=03
ROM[roms/Asteroid2/035145-02.ef2] Addr=68F8 Value=A9
ROM[roms/Asteroid2/035145-02.ef2] Addr=68F9 Value=92
ROM[roms/Asteroid2/035145-02.ef2] Addr=68FA Value=8D
ROM[roms/Asteroid2/035145-02.ef2] Addr=68FB Value=F8
ROM[roms/Asteroid2/035145-02.ef2] Addr=68FC Value=02
ROM[roms/Asteroid2/035145-02.ef2] Addr=68FD Value=8D
ROM[roms/Asteroid2/035145-02.ef2] Addr=68FE Value=F8
ROM[roms/Asteroid2/035145-02.ef2] Addr=68FF Value=03
ROM[roms/Asteroid2/035145-02.ef2] Addr=6900 Value=8D
ROM[roms/Asteroid2/035145-02.ef2] Addr=6901 Value=F7
ROM[roms/Asteroid2/035145-02.ef2] Addr=6902 Value=03
ROM[roms/Asteroid2/035145-02.ef2] Addr=6903 Value=8D
ROM[roms/Asteroid2/035145-02.ef2] Addr=6904 Value=F7
ROM[roms/Asteroid2/035145-02.ef2] Addr=6905 Value=02
ROM[roms/Asteroid2/035145-02.ef2] Addr=6906 Value=A9
ROM[roms/Asteroid2/035145-02.ef2] Addr=6907 Value=7F
ROM[roms/Asteroid2/035145-02.ef2] Addr=6908 Value=8D
ROM[roms/Asteroid2/035145-02.ef2] Addr=6909 Value=FB
ROM[roms/Asteroid2/035145-02.ef2] Addr=690A Value=02
ROM[roms/Asteroid2/035145-02.ef2] Addr=690B Value=8D
ROM[roms/Asteroid2/035145-02.ef2] Addr=690C Value=FB
ROM[roms/Asteroid2/035145-02.ef2] Addr=690D Value=03
ROM[roms/Asteroid2/035145-02.ef2] Addr=690E Value=A9
ROM[roms/Asteroid2/035145-02.ef2] Addr=690F Value=05
ROM[roms/Asteroid2/035145-02.ef2] Addr=6910 Value=8D
ROM[roms/Asteroid2/035145-02.ef2] Addr=6911 Value=FD
ROM[roms/Asteroid2/035145-02.ef2] Addr=6912 Value=02
ROM[roms/Asteroid2/035145-02.ef2] Addr=6913 Value=8D
ROM[roms/Asteroid2/035145-02.ef2] Addr=6914 Value=FD
ROM[roms/Asteroid2/035145-02.ef2] Addr=6915 Value=03
ROM[roms/Asteroid2/035145-02.ef2] Addr=6916 Value=A9
ROM[roms/Asteroid2/035145-02.ef2] Addr=6917 Value=FF
ROM[roms/Asteroid2/035145-02.ef2] Addr=6918 Value=85
ROM[roms/Asteroid2/035145-02.ef2] Addr=6919 Value=32
ROM[roms/Asteroid2/035145-02.ef2] Addr=691A Value=85
ROM[roms/Asteroid2/035145-02.ef2] Addr=691B Value=33
ROM[roms/Asteroid2/035145-02.ef2] Addr=691C Value=A9
ROM[roms/Asteroid2/035145-02.ef2] Addr=691D Value=80
ROM[roms/Asteroid2/035145-02.ef2] Addr=691E Value=85
ROM[roms/Asteroid2/035145-02.ef2] Addr=691F Value=5A
ROM[roms/Asteroid2/035145-02.ef2] Addr=6920 Value=0A
ROM[roms/Asteroid2/035145-02.ef2] Addr=6921 Value=85
ROM[roms/Asteroid2/035145-02.ef2] Addr=6922 Value=18
ROM[roms/Asteroid2/035145-02.ef2] Addr=6923 Value=85
ROM[roms/Asteroid2/035145-02.ef2] Addr=6924 Value=19
ROM[roms/Asteroid2/035145-02.ef2] Addr=6925 Value=A5
ROM[roms/Asteroid2/035145-02.ef2] Addr=6926 Value=56
ROM[roms/Asteroid2/035145-02.ef2] Addr=6927 Value=85
ROM[roms/Asteroid2/035145-02.ef2] Addr=6928 Value=57
ROM[roms/Asteroid2/035145-02.ef2] Addr=6929 Value=A9
ROM[roms/Asteroid2/035145-02.ef2] Addr=692A Value=04
ROM[roms/Asteroid2/035145-02.ef2] Addr=692B Value=85
ROM[roms/Asteroid2/035145-02.ef2] Addr=692C Value=6C
ROM[roms/Asteroid2/035145-02.ef2] Addr=692D Value=85
ROM[roms/Asteroid2/035145-02.ef2] Addr=692E Value=6E
ROM[roms/Asteroid2/035145-02.ef2] Addr=692F Value=A9
ROM[roms/Asteroid2/035145-02.ef2] Addr=6930 Value=30
ROM[roms/Asteroid2/035145-02.ef2] Addr=6931 Value=8D
ROM[roms/Asteroid2/035145-02.ef2] Addr=6932 Value=FC
ROM[roms/Asteroid2/035145-02.ef2] Addr=6933 Value=02
ROM[roms/Asteroid2/035145-02.ef2] Addr=6934 Value=8D
ROM[roms/Asteroid2/035145-02.ef2] Addr=6935 Value=FC
ROM[roms/Asteroid2/035145-02.ef2] Addr=6936 Value=03
ROM[roms/Asteroid2/035145-02.ef2] Addr=6937 Value=8D
ROM[roms/Asteroid2/035145-02.ef2] Addr=6938 Value=00
ROM[roms/Asteroid2/035145-02.ef2] Addr=6939 Value=3E
ROM[roms/Asteroid2/035145-02.ef2] Addr=693A Value=60
ROM[roms/Asteroid2/035145-02.ef2] Addr=693B Value=A5
ROM[roms/Asteroid2/035145-02.ef2] Addr=693C Value=32
ROM[roms/Asteroid2/035145-02.ef2] Addr=693D Value=25
ROM[roms/Asteroid2/035145-02.ef2] Addr=693E Value=32
ROM[roms/Asteroid2/035145-02.ef2] Addr=693F Value=10
ROM[roms/Asteroid2/035145-02.ef2] Addr=6940 Value=0B
ROM[roms/Asteroid2/035145-02.ef2] Addr=6941 Value=A5
ROM[roms/Asteroid2/035145-02.ef2] Addr=6942 Value=5C
ROM[roms/Asteroid2/035145-02.ef2] Addr=6943 Value=29
ROM[roms/Asteroid2/035145-02.ef2] Addr=6944 Value=20
ROM[roms/Asteroid2/035145-02.ef2] Addr=6945 Value=D0
ROM[roms/Asteroid2/035145-02.ef2] Addr=6946 Value=05
ROM[roms/Asteroid2/035145-02.ef2] Addr=6947 Value=A0
ROM[roms/Asteroid2/035145-02.ef2] Addr=6948 Value=06
ROM[roms/Asteroid2/035145-02.ef2] Addr=6949 Value=20
ROM[roms/Asteroid2/035145-02.ef2] Addr=694A Value=F6
ROM[roms/Asteroid2/035145-02.ef2] Addr=694B Value=77
ROM[roms/Asteroid2/035145-02.ef2] Addr=694C Value=A5
ROM[roms/Asteroid2/035145-02.ef2] Addr=694D Value=5C
ROM[roms/Asteroid2/035145-02.ef2] Addr=694E Value=29
ROM[roms/Asteroid2/035145-02.ef2] Addr=694F Value=0F
ROM[roms/Asteroid2/035145-02.ef2] Addr=6950 Value=D0
ROM[roms/Asteroid2/035145-02.ef2] Addr=6951 Value=0C
ROM[roms/Asteroid2/035145-02.ef2] Addr=6952 Value=A9
ROM[roms/Asteroid2/035145-02.ef2] Addr=6953 Value=01
ROM[roms/Asteroid2/035145-02.ef2] Addr=6954 Value=C5
ROM[roms/Asteroid2/035145-02.ef2] Addr=6955 Value=70
ROM[roms/Asteroid2/035145-02.ef2] Addr=6956 Value=69
ROM[roms/Asteroid2/035145-02.ef2] Addr=6957 Value=01
ROM[roms/Asteroid2/035145-02.ef2] Addr=6958 Value=49
ROM[roms/Asteroid2/035145-02.ef2] Addr=6959 Value=01
ROM[roms/Asteroid2/035145-02.ef2] Addr=695A Value=45
ROM[roms/Asteroid2/035145-02.ef2] Addr=695B Value=6F
ROM[roms/Asteroid2/035145-02.ef2] Addr=695C Value=85
ROM[roms/Asteroid2/035145-02.ef2] Addr=695D Value=6F
ROM[roms/Asteroid2/035145-02.ef2] Addr=695E Value=18
ROM[roms/Asteroid2/035145-02.ef2] Addr=695F Value=60
ROM[roms/Asteroid2/035145-02.ef2] Addr=6960 Value=A5
ROM[roms/Asteroid2/035145-02.ef2] Addr=6961 Value=5C
ROM[roms/Asteroid2/035145-02.ef2] Addr=6962 Value=29
ROM[roms/Asteroid2/035145-02.ef2] Addr=6963 Value=3F
ROM[roms/Asteroid2/035145-02.ef2] Addr=6964 Value=D0
ROM[roms/Asteroid2/035145-02.ef2] Addr=6965 Value=0A
ROM[roms/Asteroid2/035145-02.ef2] Addr=6966 Value=AD
ROM[roms/Asteroid2/035145-02.ef2] Addr=6967 Value=FC
ROM[roms/Asteroid2/035145-02.ef2] Addr=6968 Value=02
ROM[roms/Asteroid2/035145-02.ef2] Addr=6969 Value=C9
ROM[roms/Asteroid2/035145-02.ef2] Addr=696A Value=08
ROM[roms/Asteroid2/035145-02.ef2] Addr=696B Value=F0
ROM[roms/Asteroid2/035145-02.ef2] Addr=696C Value=03
ROM[roms/Asteroid2/035145-02.ef2] Addr=696D Value=CE
ROM[roms/Asteroid2/035145-02.ef2] Addr=696E Value=FC
ROM[roms/Asteroid2/035145-02.ef2] Addr=696F Value=02
ROM[roms/Asteroid2/035145-02.ef2] Addr=6970 Value=A6
ROM[roms/Asteroid2/035145-02.ef2] Addr=6971 Value=18
ROM[roms/Asteroid2/035145-02.ef2] Addr=6972 Value=B5
ROM[roms/Asteroid2/035145-02.ef2] Addr=6973 Value=57
ROM[roms/Asteroid2/035145-02.ef2] Addr=6974 Value=D0
ROM[roms/Asteroid2/035145-02.ef2] Addr=6975 Value=1C
ROM[roms/Asteroid2/035145-02.ef2] Addr=6976 Value=AD
ROM[roms/Asteroid2/035145-02.ef2] Addr=6977 Value=1F
ROM[roms/Asteroid2/035145-02.ef2] Addr=6978 Value=02
ROM[roms/Asteroid2/035145-02.ef2] Addr=6979 Value=0D
ROM[roms/Asteroid2/035145-02.ef2] Addr=697A Value=20
ROM[roms/Asteroid2/035145-02.ef2] Addr=697B Value=02
ROM[roms/Asteroid2/035145-02.ef2] Addr=697C Value=0D
ROM[roms/Asteroid2/035145-02.ef2] Addr=697D Value=21
ROM[roms/Asteroid2/035145-02.ef2] Addr=697E Value=02
ROM[roms/Asteroid2/035145-02.ef2] Addr=697F Value=0D
ROM[roms/Asteroid2/035145-02.ef2] Addr=6980 Value=22
ROM[roms/Asteroid2/035145-02.ef2] Addr=6981 Value=02
ROM[roms/Asteroid2/035145-02.ef2] Addr=6982 Value=D0
ROM[roms/Asteroid2/035145-02.ef2] Addr=6983 Value=0E
ROM[roms/Asteroid2/035145-02.ef2] Addr=6984 Value=A0
ROM[roms/Asteroid2/035145-02.ef2] Addr=6985 Value=07
ROM[roms/Asteroid2/035145-02.ef2] Addr=6986 Value=20
ROM[roms/Asteroid2/035145-02.ef2] Addr=6987 Value=F6
ROM[roms/Asteroid2/035145-02.ef2] Addr=6988 Value=77
ROM[roms/Asteroid2/035145-02.ef2] Addr=6989 Value=A5
ROM[roms/Asteroid2/035145-02.ef2] Addr=698A Value=1C
ROM[roms/Asteroid2/035145-02.ef2] Addr=698B Value=C9
ROM[roms/Asteroid2/035145-02.ef2] Addr=698C Value=02
ROM[roms/Asteroid2/035145-02.ef2] Addr=698D Value=90
ROM[roms/Asteroid2/035145-02.ef2] Addr=698E Value=03
ROM[roms/Asteroid2/035145-02.ef2] Addr=698F Value=20
ROM[roms/Asteroid2/035145-02.ef2] Addr=6990 Value=E2
ROM[roms/Asteroid2/035145-02.ef2] Addr=6991 Value=69
ROM[roms/Asteroid2/035145-02.ef2] Addr=6992 Value=AD
ROM[roms/Asteroid2/035145-02.ef2] Addr=6993 Value=1B
ROM[roms/Asteroid2/035145-02.ef2] Addr=6994 Value=02
ROM[roms/Asteroid2/035145-02.ef2] Addr=6995 Value=D0
ROM[roms/Asteroid2/035145-02.ef2] Addr=6996 Value=36
ROM[roms/Asteroid2/035145-02.ef2] Addr=6997 Value=AD
ROM[roms/Asteroid2/035145-02.ef2] Addr=6998 Value=FA
ROM[roms/Asteroid2/035145-02.ef2] Addr=6999 Value=02
ROM[roms/Asteroid2/035145-02.ef2] Addr=699A Value=C9
ROM[roms/Asteroid2/035145-02.ef2] Addr=699B Value=80
ROM[roms/Asteroid2/035145-02.ef2] Addr=699C Value=D0
ROM[roms/Asteroid2/035145-02.ef2] Addr=699D Value=2F
ROM[roms/Asteroid2/035145-02.ef2] Addr=699E Value=A9
ROM[roms/Asteroid2/035145-02.ef2] Addr=699F Value=10
ROM[roms/Asteroid2/035145-02.ef2] Addr=69A0 Value=8D
ROM[roms/Asteroid2/035145-02.ef2] Addr=69A1 Value=FA
ROM[roms/Asteroid2/035145-02.ef2] Addr=69A2 Value=02
ROM[roms/Asteroid2/035145-02.ef2] Addr=69A3 Value=A6
ROM[roms/Asteroid2/035145-02.ef2] Addr=69A4 Value=1C
ROM[roms/Asteroid2/035145-02.ef2] Addr=69A5 Value=A5
ROM[roms/Asteroid2/035145-02.ef2] Addr=69A6 Value=57
ROM[roms/Asteroid2/035145-02.ef2] Addr=69A7 Value=05
ROM[roms/Asteroid2/035145-02.ef2] Addr=69A8 Value=58
ROM[roms/Asteroid2/035145-02.ef2] Addr=69A9 Value=F0
ROM[roms/Asteroid2/035145-02.ef2] Addr=69AA Value=24
ROM[roms/Asteroid2/035145-02.ef2] Addr=69AB Value=20
ROM[roms/Asteroid2/035145-02.ef2] Addr=69AC Value=2D
ROM[roms/Asteroid2/035145-02.ef2] Addr=69AD Value=70
ROM[roms/Asteroid2/035145-02.ef2] Addr=69AE Value=CA
ROM[roms/Asteroid2/035145-02.ef2] Addr=69AF Value=F0
ROM[roms/Asteroid2/035145-02.ef2] Addr=69B0 Value=1C
ROM[roms/Asteroid2/035145-02.ef2] Addr=69B1 Value=A9
ROM[roms/Asteroid2/035145-02.ef2] Addr=69B2 Value=80
ROM[roms/Asteroid2/035145-02.ef2] Addr=69B3 Value=85
ROM[roms/Asteroid2/035145-02.ef2] Addr=69B4 Value=5A
ROM[roms/Asteroid2/035145-02.ef2] Addr=69B5 Value=A5
ROM[roms/Asteroid2/035145-02.ef2] Addr=69B6 Value=18
ROM[roms/Asteroid2/035145-02.ef2] Addr=69B7 Value=49
ROM[roms/Asteroid2/035145-02.ef2] Addr=69B8 Value=01
ROM[roms/Asteroid2/035145-02.ef2] Addr=69B9 Value=AA
ROM[roms/Asteroid2/035145-02.ef2] Addr=69BA Value=B5
ROM[roms/Asteroid2/035145-02.ef2] Addr=69BB Value=57
ROM[roms/Asteroid2/035145-02.ef2] Addr=69BC Value=F0
ROM[roms/Asteroid2/035145-02.ef2] Addr=69BD Value=0F
ROM[roms/Asteroid2/035145-02.ef2] Addr=69BE Value=86
ROM[roms/Asteroid2/035145-02.ef2] Addr=69BF Value=18
ROM[roms/Asteroid2/035145-02.ef2] Addr=69C0 Value=A9
ROM[roms/Asteroid2/035145-02.ef2] Addr=69C1 Value=04
ROM[roms/Asteroid2/035145-02.ef2] Addr=69C2 Value=45
ROM[roms/Asteroid2/035145-02.ef2] Addr=69C3 Value=6F
ROM[roms/Asteroid2/035145-02.ef2] Addr=69C4 Value=85
ROM[roms/Asteroid2/035145-02.ef2] Addr=69C5 Value=6F
ROM[roms/Asteroid2/035145-02.ef2] Addr=69C6 Value=8D
ROM[roms/Asteroid2/035145-02.ef2] Addr=69C7 Value=00
ROM[roms/Asteroid2/035145-02.ef2] Addr=69C8 Value=32
ROM[roms/Asteroid2/035145-02.ef2] Addr=69C9 Value=8A
ROM[roms/Asteroid2/035145-02.ef2] Addr=69CA Value=0A
ROM[roms/Asteroid2/035145-02.ef2] Addr=69CB Value=85
ROM[roms/Asteroid2/035145-02.ef2] Addr=69CC Value=19
ROM[roms/Asteroid2/035145-02.ef2] Addr=69CD Value=18
ROM[roms/Asteroid2/035145-02.ef2] Addr=69CE Value=60
ROM[roms/Asteroid2/035145-02.ef2] Addr=69CF Value=86
ROM[roms/Asteroid2/035145-02.ef2] Addr=69D0 Value=1A
ROM[roms/Asteroid2/035145-02.ef2] Addr=69D1 Value=A9
ROM[roms/Asteroid2/035145-02.ef2] Addr=69D2 Value=FF
ROM[roms/Asteroid2/035145-02.ef2] Addr=69D3 Value=85
ROM[roms/Asteroid2/035145-02.ef2] Addr=69D4 Value=1C
ROM[roms/Asteroid2/035145-02.ef2] Addr=69D5 Value=20
ROM[roms/Asteroid2/035145-02.ef2] Addr=69D6 Value=FA
ROM[roms/Asteroid2/035145-02.ef2] Addr=69D7 Value=6E
ROM[roms/Asteroid2/035145-02.ef2] Addr=69D8 Value=A5
ROM[roms/Asteroid2/035145-02.ef2] Addr=69D9 Value=6F
ROM[roms/Asteroid2/035145-02.ef2] Addr=69DA Value=29
ROM[roms/Asteroid2/035145-02.ef2] Addr=69DB Value=F8
ROM[roms/Asteroid2/035145-02.ef2] Addr=69DC Value=09
ROM[roms/Asteroid2/035145-02.ef2] Addr=69DD Value=03
ROM[roms/Asteroid2/035145-02.ef2] Addr=69DE Value=85
ROM[roms/Asteroid2/035145-02.ef2] Addr=69DF Value=6F
ROM[roms/Asteroid2/035145-02.ef2] Addr=69E0 Value=18
ROM[roms/Asteroid2/035145-02.ef2] Addr=69E1 Value=60
ROM[roms/Asteroid2/035145-02.ef2] Addr=69E2 Value=A0
ROM[roms/Asteroid2/035145-02.ef2] Addr=69E3 Value=01
ROM[roms/Asteroid2/035145-02.ef2] Addr=69E4 Value=20
ROM[roms/Asteroid2/035145-02.ef2] Addr=69E5 Value=F6
ROM[roms/Asteroid2/035145-02.ef2] Addr=69E6 Value=77
ROM[roms/Asteroid2/035145-02.ef2] Addr=69E7 Value=A4
ROM[roms/Asteroid2/035145-02.ef2] Addr=69E8 Value=18
ROM[roms/Asteroid2/035145-02.ef2] Addr=69E9 Value=C8
ROM[roms/Asteroid2/035145-02.ef2] Addr=69EA Value=98
ROM[roms/Asteroid2/035145-02.ef2] Addr=69EB Value=20
ROM[roms/Asteroid2/035145-02.ef2] Addr=69EC Value=D1
ROM[roms/Asteroid2/035145-02.ef2] Addr=69ED Value=7B
ROM[roms/Asteroid2/035145-02.ef2] Addr=69EE Value=60
ROM[roms/Asteroid2/035145-02.ef2] Addr=69EF Value=71
ROM[roms/Asteroid2/035145-02.ef2] Addr=69F0 Value=A2
ROM[roms/Asteroid2/035145-02.ef2] Addr=69F1 Value=07
ROM[roms/Asteroid2/035145-02.ef2] Addr=69F2 Value=BD
ROM[roms/Asteroid2/035145-02.ef2] Addr=69F3 Value=1B
ROM[roms/Asteroid2/035145-02.ef2] Addr=69F4 Value=02
ROM[roms/Asteroid2/035145-02.ef2] Addr=69F5 Value=F0
ROM[roms/Asteroid2/035145-02.ef2] Addr=69F6 Value=02
ROM[roms/Asteroid2/035145-02.ef2] Addr=69F7 Value=10
ROM[roms/Asteroid2/035145-02.ef2] Addr=69F8 Value=04
ROM[roms/Asteroid2/035145-02.ef2] Addr=69F9 Value=CA
ROM[roms/Asteroid2/035145-02.ef2] Addr=69FA Value=10
ROM[roms/Asteroid2/035145-02.ef2] Addr=69FB Value=F6
ROM[roms/Asteroid2/035145-02.ef2] Addr=69FC Value=60
ROM[roms/Asteroid2/035145-02.ef2] Addr=69FD Value=A0
ROM[roms/Asteroid2/035145-02.ef2] Addr=69FE Value=1C
ROM[roms/Asteroid2/035145-02.ef2] Addr=69FF Value=E0
ROM[roms/Asteroid2/035145-02.ef2] Addr=6A00 Value=04
ROM[roms/Asteroid2/035145-02.ef2] Addr=6A01 Value=B0
ROM[roms/Asteroid2/035145-02.ef2] Addr=6A02 Value=07
ROM[roms/Asteroid2/035145-02.ef2] Addr=6A03 Value=88
ROM[roms/Asteroid2/035145-02.ef2] Addr=6A04 Value=8A
ROM[roms/Asteroid2/035145-02.ef2] Addr=6A05 Value=D0
ROM[roms/Asteroid2/035145-02.ef2] Addr=6A06 Value=03
ROM[roms/Asteroid2/035145-02.ef2] Addr=6A07 Value=88
ROM[roms/Asteroid2/035145-02.ef2] Addr=6A08 Value=30
ROM[roms/Asteroid2/035145-02.ef2] Addr=6A09 Value=EF
ROM[roms/Asteroid2/035145-02.ef2] Addr=6A0A Value=B9
ROM[roms/Asteroid2/035145-02.ef2] Addr=6A0B Value=00
ROM[roms/Asteroid2/035145-02.ef2] Addr=6A0C Value=02
ROM[roms/Asteroid2/035145-02.ef2] Addr=6A0D Value=F0
ROM[roms/Asteroid2/035145-02.ef2] Addr=6A0E Value=F8
ROM[roms/Asteroid2/035145-02.ef2] Addr=6A0F Value=30
ROM[roms/Asteroid2/035145-02.ef2] Addr=6A10 Value=F6
ROM[roms/Asteroid2/035145-02.ef2] Addr=6A11 Value=85
ROM[roms/Asteroid2/035145-02.ef2] Addr=6A12 Value=0B
ROM[roms/Asteroid2/035145-02.ef2] Addr=6A13 Value=B9
ROM[roms/Asteroid2/035145-02.ef2] Addr=6A14 Value=AF
ROM[roms/Asteroid2/035145-02.ef2] Addr=6A15 Value=02
ROM[roms/Asteroid2/035145-02.ef2] Addr=6A16 Value=38
ROM[roms/Asteroid2/035145-02.ef2] Addr=6A17 Value=FD
ROM[roms/Asteroid2/035145-02.ef2] Addr=6A18 Value=CA
ROM[roms/Asteroid2/035145-02.ef2] Addr=6A19 Value=02
ROM[roms/Asteroid2/035145-02.ef2] Addr=6A1A Value=85
ROM[roms/Asteroid2/035145-02.ef2] Addr=6A1B Value=08
ROM[roms/Asteroid2/035145-02.ef2] Addr=6A1C Value=B9
ROM[roms/Asteroid2/035145-02.ef2] Addr=6A1D Value=69
ROM[roms/Asteroid2/035145-02.ef2] Addr=6A1E Value=02
ROM[roms/Asteroid2/035145-02.ef2] Addr=6A1F Value=FD
ROM[roms/Asteroid2/035145-02.ef2] Addr=6A20 Value=84
ROM[roms/Asteroid2/035145-02.ef2] Addr=6A21 Value=02
ROM[roms/Asteroid2/035145-02.ef2] Addr=6A22 Value=4A
ROM[roms/Asteroid2/035145-02.ef2] Addr=6A23 Value=66
ROM[roms/Asteroid2/035145-02.ef2] Addr=6A24 Value=08
ROM[roms/Asteroid2/035145-02.ef2] Addr=6A25 Value=0A
ROM[roms/Asteroid2/035145-02.ef2] Addr=6A26 Value=F0
ROM[roms/Asteroid2/035145-02.ef2] Addr=6A27 Value=0C
ROM[roms/Asteroid2/035145-02.ef2] Addr=6A28 Value=10
ROM[roms/Asteroid2/035145-02.ef2] Addr=6A29 Value=6D
ROM[roms/Asteroid2/035145-02.ef2] Addr=6A2A Value=49
ROM[roms/Asteroid2/035145-02.ef2] Addr=6A2B Value=FE
ROM[roms/Asteroid2/035145-02.ef2] Addr=6A2C Value=D0
ROM[roms/Asteroid2/035145-02.ef2] Addr=6A2D Value=69
ROM[roms/Asteroid2/035145-02.ef2] Addr=6A2E Value=A5
ROM[roms/Asteroid2/035145-02.ef2] Addr=6A2F Value=08
ROM[roms/Asteroid2/035145-02.ef2] Addr=6A30 Value=49
ROM[roms/Asteroid2/035145-02.ef2] Addr=6A31 Value=FF
ROM[roms/Asteroid2/035145-02.ef2] Addr=6A32 Value=85
ROM[roms/Asteroid2/035145-02.ef2] Addr=6A33 Value=08
ROM[roms/Asteroid2/035145-02.ef2] Addr=6A34 Value=B9
ROM[roms/Asteroid2/035145-02.ef2] Addr=6A35 Value=D2
ROM[roms/Asteroid2/035145-02.ef2] Addr=6A36 Value=02
ROM[roms/Asteroid2/035145-02.ef2] Addr=6A37 Value=38
ROM[roms/Asteroid2/035145-02.ef2] Addr=6A38 Value=FD
ROM[roms/Asteroid2/035145-02.ef2] Addr=6A39 Value=ED
ROM[roms/Asteroid2/035145-02.ef2] Addr=6A3A Value=02
ROM[roms/Asteroid2/035145-02.ef2] Addr=6A3B Value=85
ROM[roms/Asteroid2/035145-02.ef2] Addr=6A3C Value=09
ROM[roms/Asteroid2/035145-02.ef2] Addr=6A3D Value=B9
ROM[roms/Asteroid2/035145-02.ef2] Addr=6A3E Value=8C
ROM[roms/Asteroid2/035145-02.ef2] Addr=6A3F Value=02
ROM[roms/Asteroid2/035145-02.ef2] Addr=6A40 Value=FD
ROM[roms/Asteroid2/035145-02.ef2] Addr=6A41 Value=A7
ROM[roms/Asteroid2/035145-02.ef2] Addr=6A42 Value=02
ROM[roms/Asteroid2/035145-02.ef2] Addr=6A43 Value=4A
ROM[roms/Asteroid2/035145-02.ef2] Addr=6A44 Value=66
ROM[roms/Asteroid2/035145-02.ef2] Addr=6A45 Value=09
ROM[roms/Asteroid2/035145-02.ef2] Addr=6A46 Value=0A
ROM[roms/Asteroid2/035145-02.ef2] Addr=6A47 Value=F0
ROM[roms/Asteroid2/035145-02.ef2] Addr=6A48 Value=0C
ROM[roms/Asteroid2/035145-02.ef2] Addr=6A49 Value=10
ROM[roms/Asteroid2/035145-02.ef2] Addr=6A4A Value=4C
ROM[roms/Asteroid2/035145-02.ef2] Addr=6A4B Value=49
ROM[roms/Asteroid2/035145-02.ef2] Addr=6A4C Value=FE
ROM[roms/Asteroid2/035145-02.ef2] Addr=6A4D Value=D0
ROM[roms/Asteroid2/035145-02.ef2] Addr=6A4E Value=48
ROM[roms/Asteroid2/035145-02.ef2] Addr=6A4F Value=A5
ROM[roms/Asteroid2/035145-02.ef2] Addr=6A50 Value=09
ROM[roms/Asteroid2/035145-02.ef2] Addr=6A51 Value=49
ROM[roms/Asteroid2/035145-02.ef2] Addr=6A52 Value=FF
ROM[roms/Asteroid2/035145-02.ef2] Addr=6A53 Value=85
ROM[roms/Asteroid2/035145-02.ef2] Addr=6A54 Value=09
ROM[roms/Asteroid2/035145-02.ef2] Addr=6A55 Value=A9
ROM[roms/Asteroid2/035145-02.ef2] Addr=6A56 Value=2A
ROM[roms/Asteroid2/035145-02.ef2] Addr=6A57 Value=46
ROM[roms/Asteroid2/035145-02.ef2] Addr=6A58 Value=0B
ROM[roms/Asteroid2/035145-02.ef2] Addr=6A59 Value=B0
ROM[roms/Asteroid2/035145-02.ef2] Addr=6A5A Value=08
ROM[roms/Asteroid2/035145-02.ef2] Addr=6A5B Value=A9
ROM[roms/Asteroid2/035145-02.ef2] Addr=6A5C Value=48
ROM[roms/Asteroid2/035145-02.ef2] Addr=6A5D Value=46
ROM[roms/Asteroid2/035145-02.ef2] Addr=6A5E Value=0B
ROM[roms/Asteroid2/035145-02.ef2] Addr=6A5F Value=B0
ROM[roms/Asteroid2/035145-02.ef2] Addr=6A60 Value=02
ROM[roms/Asteroid2/035145-02.ef2] Addr=6A61 Value=A9
ROM[roms/Asteroid2/035145-02.ef2] Addr=6A62 Value=84
ROM[roms/Asteroid2/035145-02.ef2] Addr=6A63 Value=E0
ROM[roms/Asteroid2/035145-02.ef2] Addr=6A64 Value=01
ROM[roms/Asteroid2/035145-02.ef2] Addr=6A65 Value=B0
ROM[roms/Asteroid2/035145-02.ef2] Addr=6A66 Value=02
ROM[roms/Asteroid2/035145-02.ef2] Addr=6A67 Value=69
ROM[roms/Asteroid2/035145-02.ef2] Addr=6A68 Value=1C
ROM[roms/Asteroid2/035145-02.ef2] Addr=6A69 Value=D0
ROM[roms/Asteroid2/035145-02.ef2] Addr=6A6A Value=0C
ROM[roms/Asteroid2/035145-02.ef2] Addr=6A6B Value=69
ROM[roms/Asteroid2/035145-02.ef2] Addr=6A6C Value=12
ROM[roms/Asteroid2/035145-02.ef2] Addr=6A6D Value=AE
ROM[roms/Asteroid2/035145-02.ef2] Addr=6A6E Value=1C
ROM[roms/Asteroid2/035145-02.ef2] Addr=6A6F Value=02
ROM[roms/Asteroid2/035145-02.ef2] Addr=6A70 Value=CA
ROM[roms/Asteroid2/035145-02.ef2] Addr=6A71 Value=F0
ROM[roms/Asteroid2/035145-02.ef2] Addr=6A72 Value=02
ROM[roms/Asteroid2/035145-02.ef2] Addr=6A73 Value=69
ROM[roms/Asteroid2/035145-02.ef2] Addr=6A74 Value=12
ROM[roms/Asteroid2/035145-02.ef2] Addr=6A75 Value=A2
ROM[roms/Asteroid2/035145-02.ef2] Addr=6A76 Value=01
ROM[roms/Asteroid2/035145-02.ef2] Addr=6A77 Value=C5
ROM[roms/Asteroid2/035145-02.ef2] Addr=6A78 Value=08
ROM[roms/Asteroid2/035145-02.ef2] Addr=6A79 Value=90
ROM[roms/Asteroid2/035145-02.ef2] Addr=6A7A Value=1C
ROM[roms/Asteroid2/035145-02.ef2] Addr=6A7B Value=C5
ROM[roms/Asteroid2/035145-02.ef2] Addr=6A7C Value=09
ROM[roms/Asteroid2/035145-02.ef2] Addr=6A7D Value=90
ROM[roms/Asteroid2/035145-02.ef2] Addr=6A7E Value=18
ROM[roms/Asteroid2/035145-02.ef2] Addr=6A7F Value=85
ROM[roms/Asteroid2/035145-02.ef2] Addr=6A80 Value=0B
ROM[roms/Asteroid2/035145-02.ef2] Addr=6A81 Value=4A
ROM[roms/Asteroid2/035145-02.ef2] Addr=6A82 Value=18
ROM[roms/Asteroid2/035145-02.ef2] Addr=6A83 Value=65
ROM[roms/Asteroid2/035145-02.ef2] Addr=6A84 Value=0B
ROM[roms/Asteroid2/035145-02.ef2] Addr=6A85 Value=85
ROM[roms/Asteroid2/035145-02.ef2] Addr=6A86 Value=0B
ROM[roms/Asteroid2/035145-02.ef2] Addr=6A87 Value=A5
ROM[roms/Asteroid2/035145-02.ef2] Addr=6A88 Value=09
ROM[roms/Asteroid2/035145-02.ef2] Addr=6A89 Value=65
ROM[roms/Asteroid2/035145-02.ef2] Addr=6A8A Value=08
ROM[roms/Asteroid2/035145-02.ef2] Addr=6A8B Value=B0
ROM[roms/Asteroid2/035145-02.ef2] Addr=6A8C Value=0A
ROM[roms/Asteroid2/035145-02.ef2] Addr=6A8D Value=C5
ROM[roms/Asteroid2/035145-02.ef2] Addr=6A8E Value=0B
ROM[roms/Asteroid2/035145-02.ef2] Addr=6A8F Value=B0
ROM[roms/Asteroid2/035145-02.ef2] Addr=6A90 Value=06
ROM[roms/Asteroid2/035145-02.ef2] Addr=6A91 Value=20
ROM[roms/Asteroid2/035145-02.ef2] Addr=6A92 Value=0F
ROM[roms/Asteroid2/035145-02.ef2] Addr=6A93 Value=6B
ROM[roms/Asteroid2/035145-02.ef2] Addr=6A94 Value=4C
ROM[roms/Asteroid2/035145-02.ef2] Addr=6A95 Value=F9
ROM[roms/Asteroid2/035145-02.ef2] Addr=6A96 Value=69
ROM[roms/Asteroid2/035145-02.ef2] Addr=6A97 Value=88
ROM[roms/Asteroid2/035145-02.ef2] Addr=6A98 Value=30
ROM[roms/Asteroid2/035145-02.ef2] Addr=6A99 Value=FA
ROM[roms/Asteroid2/035145-02.ef2] Addr=6A9A Value=4C
ROM[roms/Asteroid2/035145-02.ef2] Addr=6A9B Value=0A
ROM[roms/Asteroid2/035145-02.ef2] Addr=6A9C Value=6A
ROM[roms/Asteroid2/035145-02.ef2] Addr=6A9D Value=B9
ROM[roms/Asteroid2/035145-02.ef2] Addr=6A9E Value=00
ROM[roms/Asteroid2/035145-02.ef2] Addr=6A9F Value=02
ROM[roms/Asteroid2/035145-02.ef2] Addr=6AA0 Value=29
ROM[roms/Asteroid2/035145-02.ef2] Addr=6AA1 Value=07
ROM[roms/Asteroid2/035145-02.ef2] Addr=6AA2 Value=85
ROM[roms/Asteroid2/035145-02.ef2] Addr=6AA3 Value=08
ROM[roms/Asteroid2/035145-02.ef2] Addr=6AA4 Value=20
ROM[roms/Asteroid2/035145-02.ef2] Addr=6AA5 Value=B5
ROM[roms/Asteroid2/035145-02.ef2] Addr=6AA6 Value=77
ROM[roms/Asteroid2/035145-02.ef2] Addr=6AA7 Value=29
ROM[roms/Asteroid2/035145-02.ef2] Addr=6AA8 Value=18
ROM[roms/Asteroid2/035145-02.ef2] Addr=6AA9 Value=05
ROM[roms/Asteroid2/035145-02.ef2] Addr=6AAA Value=08
ROM[roms/Asteroid2/035145-02.ef2] Addr=6AAB Value=9D
ROM[roms/Asteroid2/035145-02.ef2] Addr=6AAC Value=00
ROM[roms/Asteroid2/035145-02.ef2] Addr=6AAD Value=02
ROM[roms/Asteroid2/035145-02.ef2] Addr=6AAE Value=B9
ROM[roms/Asteroid2/035145-02.ef2] Addr=6AAF Value=AF
ROM[roms/Asteroid2/035145-02.ef2] Addr=6AB0 Value=02
ROM[roms/Asteroid2/035145-02.ef2] Addr=6AB1 Value=9D
ROM[roms/Asteroid2/035145-02.ef2] Addr=6AB2 Value=AF
ROM[roms/Asteroid2/035145-02.ef2] Addr=6AB3 Value=02
ROM[roms/Asteroid2/035145-02.ef2] Addr=6AB4 Value=B9
ROM[roms/Asteroid2/035145-02.ef2] Addr=6AB5 Value=69
ROM[roms/Asteroid2/035145-02.ef2] Addr=6AB6 Value=02
ROM[roms/Asteroid2/035145-02.ef2] Addr=6AB7 Value=9D
ROM[roms/Asteroid2/035145-02.ef2] Addr=6AB8 Value=69
ROM[roms/Asteroid2/035145-02.ef2] Addr=6AB9 Value=02
ROM[roms/Asteroid2/035145-02.ef2] Addr=6ABA Value=B9
ROM[roms/Asteroid2/035145-02.ef2] Addr=6ABB Value=D2
ROM[roms/Asteroid2/035145-02.ef2] Addr=6ABC Value=02
ROM[roms/Asteroid2/035145-02.ef2] Addr=6ABD Value=9D
ROM[roms/Asteroid2/035145-02.ef2] Addr=6ABE Value=D2
ROM[roms/Asteroid2/035145-02.ef2] Addr=6ABF Value=02
ROM[roms/Asteroid2/035145-02.ef2] Addr=6AC0 Value=B9
ROM[roms/Asteroid2/035145-02.ef2] Addr=6AC1 Value=8C
ROM[roms/Asteroid2/035145-02.ef2] Addr=6AC2 Value=02
ROM[roms/Asteroid2/035145-02.ef2] Addr=6AC3 Value=9D
ROM[roms/Asteroid2/035145-02.ef2] Addr=6AC4 Value=8C
ROM[roms/Asteroid2/035145-02.ef2] Addr=6AC5 Value=02
ROM[roms/Asteroid2/035145-02.ef2] Addr=6AC6 Value=B9
ROM[roms/Asteroid2/035145-02.ef2] Addr=6AC7 Value=23
ROM[roms/Asteroid2/035145-02.ef2] Addr=6AC8 Value=02
ROM[roms/Asteroid2/035145-02.ef2] Addr=6AC9 Value=9D
ROM[roms/Asteroid2/035145-02.ef2] Addr=6ACA Value=23
ROM[roms/Asteroid2/035145-02.ef2] Addr=6ACB Value=02
ROM[roms/Asteroid2/035145-02.ef2] Addr=6ACC Value=B9
ROM[roms/Asteroid2/035145-02.ef2] Addr=6ACD Value=46
ROM[roms/Asteroid2/035145-02.ef2] Addr=6ACE Value=02
ROM[roms/Asteroid2/035145-02.ef2] Addr=6ACF Value=9D
ROM[roms/Asteroid2/035145-02.ef2] Addr=6AD0 Value=46
ROM[roms/Asteroid2/035145-02.ef2] Addr=6AD1 Value=02
ROM[roms/Asteroid2/035145-02.ef2] Addr=6AD2 Value=60
ROM[roms/Asteroid2/035145-02.ef2] Addr=6AD3 Value=85
ROM[roms/Asteroid2/035145-02.ef2] Addr=6AD4 Value=0B
ROM[roms/Asteroid2/035145-02.ef2] Addr=6AD5 Value=86
ROM[roms/Asteroid2/035145-02.ef2] Addr=6AD6 Value=0C
ROM[roms/Asteroid2/035145-02.ef2] Addr=6AD7 Value=A0
ROM[roms/Asteroid2/035145-02.ef2] Addr=6AD8 Value=00
ROM[roms/Asteroid2/035145-02.ef2] Addr=6AD9 Value=C8
ROM[roms/Asteroid2/035145-02.ef2] Addr=6ADA Value=B1
ROM[roms/Asteroid2/035145-02.ef2] Addr=6ADB Value=0B
ROM[roms/Asteroid2/035145-02.ef2] Addr=6ADC Value=45
ROM[roms/Asteroid2/035145-02.ef2] Addr=6ADD Value=09
ROM[roms/Asteroid2/035145-02.ef2] Addr=6ADE Value=91
ROM[roms/Asteroid2/035145-02.ef2] Addr=6ADF Value=02
ROM[roms/Asteroid2/035145-02.ef2] Addr=6AE0 Value=88
ROM[roms/Asteroid2/035145-02.ef2] Addr=6AE1 Value=C9
ROM[roms/Asteroid2/035145-02.ef2] Addr=6AE2 Value=F0
ROM[roms/Asteroid2/035145-02.ef2] Addr=6AE3 Value=B0
ROM[roms/Asteroid2/035145-02.ef2] Addr=6AE4 Value=1E
ROM[roms/Asteroid2/035145-02.ef2] Addr=6AE5 Value=C9
ROM[roms/Asteroid2/035145-02.ef2] Addr=6AE6 Value=A0
ROM[roms/Asteroid2/035145-02.ef2] Addr=6AE7 Value=B0
ROM[roms/Asteroid2/035145-02.ef2] Addr=6AE8 Value=16
ROM[roms/Asteroid2/035145-02.ef2] Addr=6AE9 Value=B1
ROM[roms/Asteroid2/035145-02.ef2] Addr=6AEA Value=0B
ROM[roms/Asteroid2/035145-02.ef2] Addr=6AEB Value=91
ROM[roms/Asteroid2/035145-02.ef2] Addr=6AEC Value=02
ROM[roms/Asteroid2/035145-02.ef2] Addr=6AED Value=C8
ROM[roms/Asteroid2/035145-02.ef2] Addr=6AEE Value=C8
ROM[roms/Asteroid2/035145-02.ef2] Addr=6AEF Value=B1
ROM[roms/Asteroid2/035145-02.ef2] Addr=6AF0 Value=0B
ROM[roms/Asteroid2/035145-02.ef2] Addr=6AF1 Value=91
ROM[roms/Asteroid2/035145-02.ef2] Addr=6AF2 Value=02
ROM[roms/Asteroid2/035145-02.ef2] Addr=6AF3 Value=C8
ROM[roms/Asteroid2/035145-02.ef2] Addr=6AF4 Value=B1
ROM[roms/Asteroid2/035145-02.ef2] Addr=6AF5 Value=0B
ROM[roms/Asteroid2/035145-02.ef2] Addr=6AF6 Value=45
ROM[roms/Asteroid2/035145-02.ef2] Addr=6AF7 Value=08
ROM[roms/Asteroid2/035145-02.ef2] Addr=6AF8 Value=65
ROM[roms/Asteroid2/035145-02.ef2] Addr=6AF9 Value=17
ROM[roms/Asteroid2/035145-02.ef2] Addr=6AFA Value=91
ROM[roms/Asteroid2/035145-02.ef2] Addr=6AFB Value=02
ROM[roms/Asteroid2/035145-02.ef2] Addr=6AFC Value=C8
ROM[roms/Asteroid2/035145-02.ef2] Addr=6AFD Value=D0
ROM[roms/Asteroid2/035145-02.ef2] Addr=6AFE Value=DA
ROM[roms/Asteroid2/035145-02.ef2] Addr=6AFF Value=88
ROM[roms/Asteroid2/035145-02.ef2] Addr=6B00 Value=4C
ROM[roms/Asteroid2/035145-02.ef2] Addr=6B01 Value=39
ROM[roms/Asteroid2/035145-02.ef2] Addr=6B02 Value=7C
ROM[roms/Asteroid2/035145-02.ef2] Addr=6B03 Value=B1
ROM[roms/Asteroid2/035145-02.ef2] Addr=6B04 Value=0B
ROM[roms/Asteroid2/035145-02.ef2] Addr=6B05 Value=45
ROM[roms/Asteroid2/035145-02.ef2] Addr=6B06 Value=08
ROM[roms/Asteroid2/035145-02.ef2] Addr=6B07 Value=18
ROM[roms/Asteroid2/035145-02.ef2] Addr=6B08 Value=65
ROM[roms/Asteroid2/035145-02.ef2] Addr=6B09 Value=17
ROM[roms/Asteroid2/035145-02.ef2] Addr=6B0A Value=91
ROM[roms/Asteroid2/035145-02.ef2] Addr=6B0B Value=02
ROM[roms/Asteroid2/035145-02.ef2] Addr=6B0C Value=C8
ROM[roms/Asteroid2/035145-02.ef2] Addr=6B0D Value=D0
ROM[roms/Asteroid2/035145-02.ef2] Addr=6B0E Value=ED
ROM[roms/Asteroid2/035145-02.ef2] Addr=6B0F Value=E0
ROM[roms/Asteroid2/035145-02.ef2] Addr=6B10 Value=01
ROM[roms/Asteroid2/035145-02.ef2] Addr=6B11 Value=D0
ROM[roms/Asteroid2/035145-02.ef2] Addr=6B12 Value=08
ROM[roms/Asteroid2/035145-02.ef2] Addr=6B13 Value=C0
ROM[roms/Asteroid2/035145-02.ef2] Addr=6B14 Value=1B
ROM[roms/Asteroid2/035145-02.ef2] Addr=6B15 Value=D0
ROM[roms/Asteroid2/035145-02.ef2] Addr=6B16 Value=12
ROM[roms/Asteroid2/035145-02.ef2] Addr=6B17 Value=A2
ROM[roms/Asteroid2/035145-02.ef2] Addr=6B18 Value=00
ROM[roms/Asteroid2/035145-02.ef2] Addr=6B19 Value=A0
ROM[roms/Asteroid2/035145-02.ef2] Addr=6B1A Value=1C
ROM[roms/Asteroid2/035145-02.ef2] Addr=6B1B Value=8A
ROM[roms/Asteroid2/035145-02.ef2] Addr=6B1C Value=D0
ROM[roms/Asteroid2/035145-02.ef2] Addr=6B1D Value=1E
ROM[roms/Asteroid2/035145-02.ef2] Addr=6B1E Value=A9
ROM[roms/Asteroid2/035145-02.ef2] Addr=6B1F Value=81
ROM[roms/Asteroid2/035145-02.ef2] Addr=6B20 Value=8D
ROM[roms/Asteroid2/035145-02.ef2] Addr=6B21 Value=FA
ROM[roms/Asteroid2/035145-02.ef2] Addr=6B22 Value=02
ROM[roms/Asteroid2/035145-02.ef2] Addr=6B23 Value=A6
ROM[roms/Asteroid2/035145-02.ef2] Addr=6B24 Value=18
ROM[roms/Asteroid2/035145-02.ef2] Addr=6B25 Value=D6
ROM[roms/Asteroid2/035145-02.ef2] Addr=6B26 Value=57
ROM[roms/Asteroid2/035145-02.ef2] Addr=6B27 Value=A2
ROM[roms/Asteroid2/035145-02.ef2] Addr=6B28 Value=00
ROM[roms/Asteroid2/035145-02.ef2] Addr=6B29 Value=A9
ROM[roms/Asteroid2/035145-02.ef2] Addr=6B2A Value=A0
ROM[roms/Asteroid2/035145-02.ef2] Addr=6B2B Value=9D
ROM[roms/Asteroid2/035145-02.ef2] Addr=6B2C Value=1B
ROM[roms/Asteroid2/035145-02.ef2] Addr=6B2D Value=02
ROM[roms/Asteroid2/035145-02.ef2] Addr=6B2E Value=A9
ROM[roms/Asteroid2/035145-02.ef2] Addr=6B2F Value=00
ROM[roms/Asteroid2/035145-02.ef2] Addr=6B30 Value=9D
ROM[roms/Asteroid2/035145-02.ef2] Addr=6B31 Value=3E
ROM[roms/Asteroid2/035145-02.ef2] Addr=6B32 Value=02
ROM[roms/Asteroid2/035145-02.ef2] Addr=6B33 Value=9D
ROM[roms/Asteroid2/035145-02.ef2] Addr=6B34 Value=61
ROM[roms/Asteroid2/035145-02.ef2] Addr=6B35 Value=02
ROM[roms/Asteroid2/035145-02.ef2] Addr=6B36 Value=C0
ROM[roms/Asteroid2/035145-02.ef2] Addr=6B37 Value=1B
ROM[roms/Asteroid2/035145-02.ef2] Addr=6B38 Value=90
ROM[roms/Asteroid2/035145-02.ef2] Addr=6B39 Value=0D
ROM[roms/Asteroid2/035145-02.ef2] Addr=6B3A Value=B0
ROM[roms/Asteroid2/035145-02.ef2] Addr=6B3B Value=37
ROM[roms/Asteroid2/035145-02.ef2] Addr=6B3C Value=A9
ROM[roms/Asteroid2/035145-02.ef2] Addr=6B3D Value=00
ROM[roms/Asteroid2/035145-02.ef2] Addr=6B3E Value=9D
ROM[roms/Asteroid2/035145-02.ef2] Addr=6B3F Value=1B
ROM[roms/Asteroid2/035145-02.ef2] Addr=6B40 Value=02
ROM[roms/Asteroid2/035145-02.ef2] Addr=6B41 Value=C0
ROM[roms/Asteroid2/035145-02.ef2] Addr=6B42 Value=1B
ROM[roms/Asteroid2/035145-02.ef2] Addr=6B43 Value=F0
ROM[roms/Asteroid2/035145-02.ef2] Addr=6B44 Value=21
ROM[roms/Asteroid2/035145-02.ef2] Addr=6B45 Value=B0
ROM[roms/Asteroid2/035145-02.ef2] Addr=6B46 Value=2C
ROM[roms/Asteroid2/035145-02.ef2] Addr=6B47 Value=20
ROM[roms/Asteroid2/035145-02.ef2] Addr=6B48 Value=EC
ROM[roms/Asteroid2/035145-02.ef2] Addr=6B49 Value=75
ROM[roms/Asteroid2/035145-02.ef2] Addr=6B4A Value=B9
ROM[roms/Asteroid2/035145-02.ef2] Addr=6B4B Value=00
ROM[roms/Asteroid2/035145-02.ef2] Addr=6B4C Value=02
ROM[roms/Asteroid2/035145-02.ef2] Addr=6B4D Value=29
ROM[roms/Asteroid2/035145-02.ef2] Addr=6B4E Value=03
ROM[roms/Asteroid2/035145-02.ef2] Addr=6B4F Value=49
ROM[roms/Asteroid2/035145-02.ef2] Addr=6B50 Value=02
ROM[roms/Asteroid2/035145-02.ef2] Addr=6B51 Value=4A
ROM[roms/Asteroid2/035145-02.ef2] Addr=6B52 Value=6A
ROM[roms/Asteroid2/035145-02.ef2] Addr=6B53 Value=6A
ROM[roms/Asteroid2/035145-02.ef2] Addr=6B54 Value=09
ROM[roms/Asteroid2/035145-02.ef2] Addr=6B55 Value=3F
ROM[roms/Asteroid2/035145-02.ef2] Addr=6B56 Value=85
ROM[roms/Asteroid2/035145-02.ef2] Addr=6B57 Value=69
ROM[roms/Asteroid2/035145-02.ef2] Addr=6B58 Value=A9
ROM[roms/Asteroid2/035145-02.ef2] Addr=6B59 Value=A0
ROM[roms/Asteroid2/035145-02.ef2] Addr=6B5A Value=99
ROM[roms/Asteroid2/035145-02.ef2] Addr=6B5B Value=00
ROM[roms/Asteroid2/035145-02.ef2] Addr=6B5C Value=02
ROM[roms/Asteroid2/035145-02.ef2] Addr=6B5D Value=A9
ROM[roms/Asteroid2/035145-02.ef2] Addr=6B5E Value=00
ROM[roms/Asteroid2/035145-02.ef2] Addr=6B5F Value=99
ROM[roms/Asteroid2/035145-02.ef2] Addr=6B60 Value=23
ROM[roms/Asteroid2/035145-02.ef2] Addr=6B61 Value=02
ROM[roms/Asteroid2/035145-02.ef2] Addr=6B62 Value=99
ROM[roms/Asteroid2/035145-02.ef2] Addr=6B63 Value=46
ROM[roms/Asteroid2/035145-02.ef2] Addr=6B64 Value=02
ROM[roms/Asteroid2/035145-02.ef2] Addr=6B65 Value=60
ROM[roms/Asteroid2/035145-02.ef2] Addr=6B66 Value=8A
ROM[roms/Asteroid2/035145-02.ef2] Addr=6B67 Value=A6
ROM[roms/Asteroid2/035145-02.ef2] Addr=6B68 Value=18
ROM[roms/Asteroid2/035145-02.ef2] Addr=6B69 Value=D6
ROM[roms/Asteroid2/035145-02.ef2] Addr=6B6A Value=57
ROM[roms/Asteroid2/035145-02.ef2] Addr=6B6B Value=AA
ROM[roms/Asteroid2/035145-02.ef2] Addr=6B6C Value=A9
ROM[roms/Asteroid2/035145-02.ef2] Addr=6B6D Value=81
ROM[roms/Asteroid2/035145-02.ef2] Addr=6B6E Value=8D
ROM[roms/Asteroid2/035145-02.ef2] Addr=6B6F Value=FA
ROM[roms/Asteroid2/035145-02.ef2] Addr=6B70 Value=02
ROM[roms/Asteroid2/035145-02.ef2] Addr=6B71 Value=D0
ROM[roms/Asteroid2/035145-02.ef2] Addr=6B72 Value=D7
ROM[roms/Asteroid2/035145-02.ef2] Addr=6B73 Value=AD
ROM[roms/Asteroid2/035145-02.ef2] Addr=6B74 Value=F8
ROM[roms/Asteroid2/035145-02.ef2] Addr=6B75 Value=02
ROM[roms/Asteroid2/035145-02.ef2] Addr=6B76 Value=8D
ROM[roms/Asteroid2/035145-02.ef2] Addr=6B77 Value=F7
ROM[roms/Asteroid2/035145-02.ef2] Addr=6B78 Value=02
ROM[roms/Asteroid2/035145-02.ef2] Addr=6B79 Value=A5
ROM[roms/Asteroid2/035145-02.ef2] Addr=6B7A Value=1C
ROM[roms/Asteroid2/035145-02.ef2] Addr=6B7B Value=F0
ROM[roms/Asteroid2/035145-02.ef2] Addr=6B7C Value=CD
ROM[roms/Asteroid2/035145-02.ef2] Addr=6B7D Value=86
ROM[roms/Asteroid2/035145-02.ef2] Addr=6B7E Value=0D
ROM[roms/Asteroid2/035145-02.ef2] Addr=6B7F Value=A6
ROM[roms/Asteroid2/035145-02.ef2] Addr=6B80 Value=19
ROM[roms/Asteroid2/035145-02.ef2] Addr=6B81 Value=AD
ROM[roms/Asteroid2/035145-02.ef2] Addr=6B82 Value=1C
ROM[roms/Asteroid2/035145-02.ef2] Addr=6B83 Value=02
ROM[roms/Asteroid2/035145-02.ef2] Addr=6B84 Value=4A
ROM[roms/Asteroid2/035145-02.ef2] Addr=6B85 Value=A9
ROM[roms/Asteroid2/035145-02.ef2] Addr=6B86 Value=99
ROM[roms/Asteroid2/035145-02.ef2] Addr=6B87 Value=B0
ROM[roms/Asteroid2/035145-02.ef2] Addr=6B88 Value=02
ROM[roms/Asteroid2/035145-02.ef2] Addr=6B89 Value=A9
ROM[roms/Asteroid2/035145-02.ef2] Addr=6B8A Value=20
ROM[roms/Asteroid2/035145-02.ef2] Addr=6B8B Value=20
ROM[roms/Asteroid2/035145-02.ef2] Addr=6B8C Value=97
ROM[roms/Asteroid2/035145-02.ef2] Addr=6B8D Value=73
ROM[roms/Asteroid2/035145-02.ef2] Addr=6B8E Value=A6
ROM[roms/Asteroid2/035145-02.ef2] Addr=6B8F Value=0D
ROM[roms/Asteroid2/035145-02.ef2] Addr=6B90 Value=4C
ROM[roms/Asteroid2/035145-02.ef2] Addr=6B91 Value=4A
ROM[roms/Asteroid2/035145-02.ef2] Addr=6B92 Value=6B
ROM[roms/Asteroid2/035145-02.ef2] Addr=6B93 Value=A5
ROM[roms/Asteroid2/035145-02.ef2] Addr=6B94 Value=5C
ROM[roms/Asteroid2/035145-02.ef2] Addr=6B95 Value=29
ROM[roms/Asteroid2/035145-02.ef2] Addr=6B96 Value=03
ROM[roms/Asteroid2/035145-02.ef2] Addr=6B97 Value=F0
ROM[roms/Asteroid2/035145-02.ef2] Addr=6B98 Value=01
ROM[roms/Asteroid2/035145-02.ef2] Addr=6B99 Value=60
ROM[roms/Asteroid2/035145-02.ef2] Addr=6B9A Value=AD
ROM[roms/Asteroid2/035145-02.ef2] Addr=6B9B Value=1C
ROM[roms/Asteroid2/035145-02.ef2] Addr=6B9C Value=02
ROM[roms/Asteroid2/035145-02.ef2] Addr=6B9D Value=30
ROM[roms/Asteroid2/035145-02.ef2] Addr=6B9E Value=FA
ROM[roms/Asteroid2/035145-02.ef2] Addr=6B9F Value=F0
ROM[roms/Asteroid2/035145-02.ef2] Addr=6BA0 Value=03
ROM[roms/Asteroid2/035145-02.ef2] Addr=6BA1 Value=4C
ROM[roms/Asteroid2/035145-02.ef2] Addr=6BA2 Value=34
ROM[roms/Asteroid2/035145-02.ef2] Addr=6BA3 Value=6C
ROM[roms/Asteroid2/035145-02.ef2] Addr=6BA4 Value=A5
ROM[roms/Asteroid2/035145-02.ef2] Addr=6BA5 Value=1C
ROM[roms/Asteroid2/035145-02.ef2] Addr=6BA6 Value=F0
ROM[roms/Asteroid2/035145-02.ef2] Addr=6BA7 Value=07
ROM[roms/Asteroid2/035145-02.ef2] Addr=6BA8 Value=AD
ROM[roms/Asteroid2/035145-02.ef2] Addr=6BA9 Value=1B
ROM[roms/Asteroid2/035145-02.ef2] Addr=6BAA Value=02
ROM[roms/Asteroid2/035145-02.ef2] Addr=6BAB Value=F0
ROM[roms/Asteroid2/035145-02.ef2] Addr=6BAC Value=EC
ROM[roms/Asteroid2/035145-02.ef2] Addr=6BAD Value=30
ROM[roms/Asteroid2/035145-02.ef2] Addr=6BAE Value=EA
ROM[roms/Asteroid2/035145-02.ef2] Addr=6BAF Value=AD
ROM[roms/Asteroid2/035145-02.ef2] Addr=6BB0 Value=F9
ROM[roms/Asteroid2/035145-02.ef2] Addr=6BB1 Value=02
ROM[roms/Asteroid2/035145-02.ef2] Addr=6BB2 Value=F0
ROM[roms/Asteroid2/035145-02.ef2] Addr=6BB3 Value=03
ROM[roms/Asteroid2/035145-02.ef2] Addr=6BB4 Value=CE
ROM[roms/Asteroid2/035145-02.ef2] Addr=6BB5 Value=F9
ROM[roms/Asteroid2/035145-02.ef2] Addr=6BB6 Value=02
ROM[roms/Asteroid2/035145-02.ef2] Addr=6BB7 Value=CE
ROM[roms/Asteroid2/035145-02.ef2] Addr=6BB8 Value=F7
ROM[roms/Asteroid2/035145-02.ef2] Addr=6BB9 Value=02
ROM[roms/Asteroid2/035145-02.ef2] Addr=6BBA Value=D0
ROM[roms/Asteroid2/035145-02.ef2] Addr=6BBB Value=DD
ROM[roms/Asteroid2/035145-02.ef2] Addr=6BBC Value=A9
ROM[roms/Asteroid2/035145-02.ef2] Addr=6BBD Value=12
ROM[roms/Asteroid2/035145-02.ef2] Addr=6BBE Value=8D
ROM[roms/Asteroid2/035145-02.ef2] Addr=6BBF Value=F7
ROM[roms/Asteroid2/035145-02.ef2] Addr=6BC0 Value=02
ROM[roms/Asteroid2/035145-02.ef2] Addr=6BC1 Value=AD
ROM[roms/Asteroid2/035145-02.ef2] Addr=6BC2 Value=F9
ROM[roms/Asteroid2/035145-02.ef2] Addr=6BC3 Value=02
ROM[roms/Asteroid2/035145-02.ef2] Addr=6BC4 Value=F0
ROM[roms/Asteroid2/035145-02.ef2] Addr=6BC5 Value=0A
ROM[roms/Asteroid2/035145-02.ef2] Addr=6BC6 Value=AD
ROM[roms/Asteroid2/035145-02.ef2] Addr=6BC7 Value=F6
ROM[roms/Asteroid2/035145-02.ef2] Addr=6BC8 Value=02
ROM[roms/Asteroid2/035145-02.ef2] Addr=6BC9 Value=F0
ROM[roms/Asteroid2/035145-02.ef2] Addr=6BCA Value=CE
ROM[roms/Asteroid2/035145-02.ef2] Addr=6BCB Value=CD
ROM[roms/Asteroid2/035145-02.ef2] Addr=6BCC Value=FD
ROM[roms/Asteroid2/035145-02.ef2] Addr=6BCD Value=02
ROM[roms/Asteroid2/035145-02.ef2] Addr=6BCE Value=B0
ROM[roms/Asteroid2/035145-02.ef2] Addr=6BCF Value=C9
ROM[roms/Asteroid2/035145-02.ef2] Addr=6BD0 Value=AD
ROM[roms/Asteroid2/035145-02.ef2] Addr=6BD1 Value=F8
ROM[roms/Asteroid2/035145-02.ef2] Addr=6BD2 Value=02
ROM[roms/Asteroid2/035145-02.ef2] Addr=6BD3 Value=38
ROM[roms/Asteroid2/035145-02.ef2] Addr=6BD4 Value=E9
ROM[roms/Asteroid2/035145-02.ef2] Addr=6BD5 Value=06
ROM[roms/Asteroid2/035145-02.ef2] Addr=6BD6 Value=C9
ROM[roms/Asteroid2/035145-02.ef2] Addr=6BD7 Value=20
ROM[roms/Asteroid2/035145-02.ef2] Addr=6BD8 Value=90
ROM[roms/Asteroid2/035145-02.ef2] Addr=6BD9 Value=03
ROM[roms/Asteroid2/035145-02.ef2] Addr=6BDA Value=8D
ROM[roms/Asteroid2/035145-02.ef2] Addr=6BDB Value=F8
ROM[roms/Asteroid2/035145-02.ef2] Addr=6BDC Value=02
ROM[roms/Asteroid2/035145-02.ef2] Addr=6BDD Value=A9
ROM[roms/Asteroid2/035145-02.ef2] Addr=6BDE Value=00
ROM[roms/Asteroid2/035145-02.ef2] Addr=6BDF Value=8D
ROM[roms/Asteroid2/035145-02.ef2] Addr=6BE0 Value=CB
ROM[roms/Asteroid2/035145-02.ef2] Addr=6BE1 Value=02
ROM[roms/Asteroid2/035145-02.ef2] Addr=6BE2 Value=8D
ROM[roms/Asteroid2/035145-02.ef2] Addr=6BE3 Value=85
ROM[roms/Asteroid2/035145-02.ef2] Addr=6BE4 Value=02
ROM[roms/Asteroid2/035145-02.ef2] Addr=6BE5 Value=20
ROM[roms/Asteroid2/035145-02.ef2] Addr=6BE6 Value=B5
ROM[roms/Asteroid2/035145-02.ef2] Addr=6BE7 Value=77
ROM[roms/Asteroid2/035145-02.ef2] Addr=6BE8 Value=4A
ROM[roms/Asteroid2/035145-02.ef2] Addr=6BE9 Value=6E
ROM[roms/Asteroid2/035145-02.ef2] Addr=6BEA Value=EE
ROM[roms/Asteroid2/035145-02.ef2] Addr=6BEB Value=02
ROM[roms/Asteroid2/035145-02.ef2] Addr=6BEC Value=4A
ROM[roms/Asteroid2/035145-02.ef2] Addr=6BED Value=6E
ROM[roms/Asteroid2/035145-02.ef2] Addr=6BEE Value=EE
ROM[roms/Asteroid2/035145-02.ef2] Addr=6BEF Value=02
ROM[roms/Asteroid2/035145-02.ef2] Addr=6BF0 Value=4A
ROM[roms/Asteroid2/035145-02.ef2] Addr=6BF1 Value=6E
ROM[roms/Asteroid2/035145-02.ef2] Addr=6BF2 Value=EE
ROM[roms/Asteroid2/035145-02.ef2] Addr=6BF3 Value=02
ROM[roms/Asteroid2/035145-02.ef2] Addr=6BF4 Value=C9
ROM[roms/Asteroid2/035145-02.ef2] Addr=6BF5 Value=18
ROM[roms/Asteroid2/035145-02.ef2] Addr=6BF6 Value=90
ROM[roms/Asteroid2/035145-02.ef2] Addr=6BF7 Value=02
ROM[roms/Asteroid2/035145-02.ef2] Addr=6BF8 Value=29
ROM[roms/Asteroid2/035145-02.ef2] Addr=6BF9 Value=17
ROM[roms/Asteroid2/035145-02.ef2] Addr=6BFA Value=8D
ROM[roms/Asteroid2/035145-02.ef2] Addr=6BFB Value=A8
ROM[roms/Asteroid2/035145-02.ef2] Addr=6BFC Value=02
ROM[roms/Asteroid2/035145-02.ef2] Addr=6BFD Value=A2
ROM[roms/Asteroid2/035145-02.ef2] Addr=6BFE Value=10
ROM[roms/Asteroid2/035145-02.ef2] Addr=6BFF Value=24
ROM[roms/Asteroid2/035145-02.ef2] Addr=6C00 Value=60
ROM[roms/Asteroid2/035145-02.ef2] Addr=6C01 Value=70
ROM[roms/Asteroid2/035145-02.ef2] Addr=6C02 Value=0C
ROM[roms/Asteroid2/035145-02.ef2] Addr=6C03 Value=A9
ROM[roms/Asteroid2/035145-02.ef2] Addr=6C04 Value=1F
ROM[roms/Asteroid2/035145-02.ef2] Addr=6C05 Value=8D
ROM[roms/Asteroid2/035145-02.ef2] Addr=6C06 Value=85
ROM[roms/Asteroid2/035145-02.ef2] Addr=6C07 Value=02
ROM[roms/Asteroid2/035145-02.ef2] Addr=6C08 Value=A9
ROM[roms/Asteroid2/035145-02.ef2] Addr=6C09 Value=FF
ROM[roms/Asteroid2/035145-02.ef2] Addr=6C0A Value=8D
ROM[roms/Asteroid2/035145-02.ef2] Addr=6C0B Value=CB
ROM[roms/Asteroid2/035145-02.ef2] Addr=6C0C Value=02
ROM[roms/Asteroid2/035145-02.ef2] Addr=6C0D Value=A2
ROM[roms/Asteroid2/035145-02.ef2] Addr=6C0E Value=F0
ROM[roms/Asteroid2/035145-02.ef2] Addr=6C0F Value=8E
ROM[roms/Asteroid2/035145-02.ef2] Addr=6C10 Value=3F
ROM[roms/Asteroid2/035145-02.ef2] Addr=6C11 Value=02
ROM[roms/Asteroid2/035145-02.ef2] Addr=6C12 Value=A2
ROM[roms/Asteroid2/035145-02.ef2] Addr=6C13 Value=02
ROM[roms/Asteroid2/035145-02.ef2] Addr=6C14 Value=AD
ROM[roms/Asteroid2/035145-02.ef2] Addr=6C15 Value=F8
ROM[roms/Asteroid2/035145-02.ef2] Addr=6C16 Value=02
ROM[roms/Asteroid2/035145-02.ef2] Addr=6C17 Value=30
ROM[roms/Asteroid2/035145-02.ef2] Addr=6C18 Value=17
ROM[roms/Asteroid2/035145-02.ef2] Addr=6C19 Value=A4
ROM[roms/Asteroid2/035145-02.ef2] Addr=6C1A Value=19
ROM[roms/Asteroid2/035145-02.ef2] Addr=6C1B Value=B9
ROM[roms/Asteroid2/035145-02.ef2] Addr=6C1C Value=53
ROM[roms/Asteroid2/035145-02.ef2] Addr=6C1D Value=00
ROM[roms/Asteroid2/035145-02.ef2] Addr=6C1E Value=C9
ROM[roms/Asteroid2/035145-02.ef2] Addr=6C1F Value=30
ROM[roms/Asteroid2/035145-02.ef2] Addr=6C20 Value=B0
ROM[roms/Asteroid2/035145-02.ef2] Addr=6C21 Value=0D
ROM[roms/Asteroid2/035145-02.ef2] Addr=6C22 Value=20
ROM[roms/Asteroid2/035145-02.ef2] Addr=6C23 Value=B5
ROM[roms/Asteroid2/035145-02.ef2] Addr=6C24 Value=77
ROM[roms/Asteroid2/035145-02.ef2] Addr=6C25 Value=85
ROM[roms/Asteroid2/035145-02.ef2] Addr=6C26 Value=08
ROM[roms/Asteroid2/035145-02.ef2] Addr=6C27 Value=AD
ROM[roms/Asteroid2/035145-02.ef2] Addr=6C28 Value=F8
ROM[roms/Asteroid2/035145-02.ef2] Addr=6C29 Value=02
ROM[roms/Asteroid2/035145-02.ef2] Addr=6C2A Value=4A
ROM[roms/Asteroid2/035145-02.ef2] Addr=6C2B Value=C5
ROM[roms/Asteroid2/035145-02.ef2] Addr=6C2C Value=08
ROM[roms/Asteroid2/035145-02.ef2] Addr=6C2D Value=B0
ROM[roms/Asteroid2/035145-02.ef2] Addr=6C2E Value=01
ROM[roms/Asteroid2/035145-02.ef2] Addr=6C2F Value=CA
ROM[roms/Asteroid2/035145-02.ef2] Addr=6C30 Value=8E
ROM[roms/Asteroid2/035145-02.ef2] Addr=6C31 Value=1C
ROM[roms/Asteroid2/035145-02.ef2] Addr=6C32 Value=02
ROM[roms/Asteroid2/035145-02.ef2] Addr=6C33 Value=60
ROM[roms/Asteroid2/035145-02.ef2] Addr=6C34 Value=A5
ROM[roms/Asteroid2/035145-02.ef2] Addr=6C35 Value=5C
ROM[roms/Asteroid2/035145-02.ef2] Addr=6C36 Value=0A
ROM[roms/Asteroid2/035145-02.ef2] Addr=6C37 Value=D0
ROM[roms/Asteroid2/035145-02.ef2] Addr=6C38 Value=0C
ROM[roms/Asteroid2/035145-02.ef2] Addr=6C39 Value=20
ROM[roms/Asteroid2/035145-02.ef2] Addr=6C3A Value=B5
ROM[roms/Asteroid2/035145-02.ef2] Addr=6C3B Value=77
ROM[roms/Asteroid2/035145-02.ef2] Addr=6C3C Value=29
ROM[roms/Asteroid2/035145-02.ef2] Addr=6C3D Value=03
ROM[roms/Asteroid2/035145-02.ef2] Addr=6C3E Value=AA
ROM[roms/Asteroid2/035145-02.ef2] Addr=6C3F Value=BD
ROM[roms/Asteroid2/035145-02.ef2] Addr=6C40 Value=D3
ROM[roms/Asteroid2/035145-02.ef2] Addr=6C41 Value=6C
ROM[roms/Asteroid2/035145-02.ef2] Addr=6C42 Value=8D
ROM[roms/Asteroid2/035145-02.ef2] Addr=6C43 Value=62
ROM[roms/Asteroid2/035145-02.ef2] Addr=6C44 Value=02
ROM[roms/Asteroid2/035145-02.ef2] Addr=6C45 Value=A5
ROM[roms/Asteroid2/035145-02.ef2] Addr=6C46 Value=1C
ROM[roms/Asteroid2/035145-02.ef2] Addr=6C47 Value=F0
ROM[roms/Asteroid2/035145-02.ef2] Addr=6C48 Value=05
ROM[roms/Asteroid2/035145-02.ef2] Addr=6C49 Value=AD
ROM[roms/Asteroid2/035145-02.ef2] Addr=6C4A Value=FA
ROM[roms/Asteroid2/035145-02.ef2] Addr=6C4B Value=02
ROM[roms/Asteroid2/035145-02.ef2] Addr=6C4C Value=D0
ROM[roms/Asteroid2/035145-02.ef2] Addr=6C4D Value=05
ROM[roms/Asteroid2/035145-02.ef2] Addr=6C4E Value=CE
ROM[roms/Asteroid2/035145-02.ef2] Addr=6C4F Value=F7
ROM[roms/Asteroid2/035145-02.ef2] Addr=6C50 Value=02
ROM[roms/Asteroid2/035145-02.ef2] Addr=6C51 Value=F0
ROM[roms/Asteroid2/035145-02.ef2] Addr=6C52 Value=01
ROM[roms/Asteroid2/035145-02.ef2] Addr=6C53 Value=60
ROM[roms/Asteroid2/035145-02.ef2] Addr=6C54 Value=A9
ROM[roms/Asteroid2/035145-02.ef2] Addr=6C55 Value=0A
ROM[roms/Asteroid2/035145-02.ef2] Addr=6C56 Value=8D
ROM[roms/Asteroid2/035145-02.ef2] Addr=6C57 Value=F7
ROM[roms/Asteroid2/035145-02.ef2] Addr=6C58 Value=02
ROM[roms/Asteroid2/035145-02.ef2] Addr=6C59 Value=AD
ROM[roms/Asteroid2/035145-02.ef2] Addr=6C5A Value=1C
ROM[roms/Asteroid2/035145-02.ef2] Addr=6C5B Value=02
ROM[roms/Asteroid2/035145-02.ef2] Addr=6C5C Value=4A
ROM[roms/Asteroid2/035145-02.ef2] Addr=6C5D Value=F0
ROM[roms/Asteroid2/035145-02.ef2] Addr=6C5E Value=06
ROM[roms/Asteroid2/035145-02.ef2] Addr=6C5F Value=20
ROM[roms/Asteroid2/035145-02.ef2] Addr=6C60 Value=B5
ROM[roms/Asteroid2/035145-02.ef2] Addr=6C61 Value=77
ROM[roms/Asteroid2/035145-02.ef2] Addr=6C62 Value=4C
ROM[roms/Asteroid2/035145-02.ef2] Addr=6C63 Value=C4
ROM[roms/Asteroid2/035145-02.ef2] Addr=6C64 Value=6C
ROM[roms/Asteroid2/035145-02.ef2] Addr=6C65 Value=AD
ROM[roms/Asteroid2/035145-02.ef2] Addr=6C66 Value=3F
ROM[roms/Asteroid2/035145-02.ef2] Addr=6C67 Value=02
ROM[roms/Asteroid2/035145-02.ef2] Addr=6C68 Value=C9
ROM[roms/Asteroid2/035145-02.ef2] Addr=6C69 Value=80
ROM[roms/Asteroid2/035145-02.ef2] Addr=6C6A Value=6A
ROM[roms/Asteroid2/035145-02.ef2] Addr=6C6B Value=85
ROM[roms/Asteroid2/035145-02.ef2] Addr=6C6C Value=0C
ROM[roms/Asteroid2/035145-02.ef2] Addr=6C6D Value=AD
ROM[roms/Asteroid2/035145-02.ef2] Addr=6C6E Value=CA
ROM[roms/Asteroid2/035145-02.ef2] Addr=6C6F Value=02
ROM[roms/Asteroid2/035145-02.ef2] Addr=6C70 Value=38
ROM[roms/Asteroid2/035145-02.ef2] Addr=6C71 Value=ED
ROM[roms/Asteroid2/035145-02.ef2] Addr=6C72 Value=CB
ROM[roms/Asteroid2/035145-02.ef2] Addr=6C73 Value=02
ROM[roms/Asteroid2/035145-02.ef2] Addr=6C74 Value=85
ROM[roms/Asteroid2/035145-02.ef2] Addr=6C75 Value=0B
ROM[roms/Asteroid2/035145-02.ef2] Addr=6C76 Value=AD
ROM[roms/Asteroid2/035145-02.ef2] Addr=6C77 Value=84
ROM[roms/Asteroid2/035145-02.ef2] Addr=6C78 Value=02
ROM[roms/Asteroid2/035145-02.ef2] Addr=6C79 Value=ED
ROM[roms/Asteroid2/035145-02.ef2] Addr=6C7A Value=85
ROM[roms/Asteroid2/035145-02.ef2] Addr=6C7B Value=02
ROM[roms/Asteroid2/035145-02.ef2] Addr=6C7C Value=06
ROM[roms/Asteroid2/035145-02.ef2] Addr=6C7D Value=0B
ROM[roms/Asteroid2/035145-02.ef2] Addr=6C7E Value=2A
ROM[roms/Asteroid2/035145-02.ef2] Addr=6C7F Value=06
ROM[roms/Asteroid2/035145-02.ef2] Addr=6C80 Value=0B
ROM[roms/Asteroid2/035145-02.ef2] Addr=6C81 Value=2A
ROM[roms/Asteroid2/035145-02.ef2] Addr=6C82 Value=38
ROM[roms/Asteroid2/035145-02.ef2] Addr=6C83 Value=E5
ROM[roms/Asteroid2/035145-02.ef2] Addr=6C84 Value=0C
ROM[roms/Asteroid2/035145-02.ef2] Addr=6C85 Value=AA
ROM[roms/Asteroid2/035145-02.ef2] Addr=6C86 Value=AD
ROM[roms/Asteroid2/035145-02.ef2] Addr=6C87 Value=62
ROM[roms/Asteroid2/035145-02.ef2] Addr=6C88 Value=02
ROM[roms/Asteroid2/035145-02.ef2] Addr=6C89 Value=C9
ROM[roms/Asteroid2/035145-02.ef2] Addr=6C8A Value=80
ROM[roms/Asteroid2/035145-02.ef2] Addr=6C8B Value=6A
ROM[roms/Asteroid2/035145-02.ef2] Addr=6C8C Value=85
ROM[roms/Asteroid2/035145-02.ef2] Addr=6C8D Value=0C
ROM[roms/Asteroid2/035145-02.ef2] Addr=6C8E Value=AD
ROM[roms/Asteroid2/035145-02.ef2] Addr=6C8F Value=ED
ROM[roms/Asteroid2/035145-02.ef2] Addr=6C90 Value=02
ROM[roms/Asteroid2/035145-02.ef2] Addr=6C91 Value=38
ROM[roms/Asteroid2/035145-02.ef2] Addr=6C92 Value=ED
ROM[roms/Asteroid2/035145-02.ef2] Addr=6C93 Value=EE
ROM[roms/Asteroid2/035145-02.ef2] Addr=6C94 Value=02
ROM[roms/Asteroid2/035145-02.ef2] Addr=6C95 Value=85
ROM[roms/Asteroid2/035145-02.ef2] Addr=6C96 Value=0B
ROM[roms/Asteroid2/035145-02.ef2] Addr=6C97 Value=AD
ROM[roms/Asteroid2/035145-02.ef2] Addr=6C98 Value=A7
ROM[roms/Asteroid2/035145-02.ef2] Addr=6C99 Value=02
ROM[roms/Asteroid2/035145-02.ef2] Addr=6C9A Value=ED
ROM[roms/Asteroid2/035145-02.ef2] Addr=6C9B Value=A8
ROM[roms/Asteroid2/035145-02.ef2] Addr=6C9C Value=02
ROM[roms/Asteroid2/035145-02.ef2] Addr=6C9D Value=06
ROM[roms/Asteroid2/035145-02.ef2] Addr=6C9E Value=0B
ROM[roms/Asteroid2/035145-02.ef2] Addr=6C9F Value=2A
ROM[roms/Asteroid2/035145-02.ef2] Addr=6CA0 Value=06
ROM[roms/Asteroid2/035145-02.ef2] Addr=6CA1 Value=0B
ROM[roms/Asteroid2/035145-02.ef2] Addr=6CA2 Value=2A
ROM[roms/Asteroid2/035145-02.ef2] Addr=6CA3 Value=38
ROM[roms/Asteroid2/035145-02.ef2] Addr=6CA4 Value=E5
ROM[roms/Asteroid2/035145-02.ef2] Addr=6CA5 Value=0C
ROM[roms/Asteroid2/035145-02.ef2] Addr=6CA6 Value=A8
ROM[roms/Asteroid2/035145-02.ef2] Addr=6CA7 Value=20
ROM[roms/Asteroid2/035145-02.ef2] Addr=6CA8 Value=F0
ROM[roms/Asteroid2/035145-02.ef2] Addr=6CA9 Value=76
ROM[roms/Asteroid2/035145-02.ef2] Addr=6CAA Value=85
ROM[roms/Asteroid2/035145-02.ef2] Addr=6CAB Value=62
ROM[roms/Asteroid2/035145-02.ef2] Addr=6CAC Value=20
ROM[roms/Asteroid2/035145-02.ef2] Addr=6CAD Value=B5
ROM[roms/Asteroid2/035145-02.ef2] Addr=6CAE Value=77
ROM[roms/Asteroid2/035145-02.ef2] Addr=6CAF Value=A6
ROM[roms/Asteroid2/035145-02.ef2] Addr=6CB0 Value=19
ROM[roms/Asteroid2/035145-02.ef2] Addr=6CB1 Value=B4
ROM[roms/Asteroid2/035145-02.ef2] Addr=6CB2 Value=53
ROM[roms/Asteroid2/035145-02.ef2] Addr=6CB3 Value=C0
ROM[roms/Asteroid2/035145-02.ef2] Addr=6CB4 Value=35
ROM[roms/Asteroid2/035145-02.ef2] Addr=6CB5 Value=A2
ROM[roms/Asteroid2/035145-02.ef2] Addr=6CB6 Value=00
ROM[roms/Asteroid2/035145-02.ef2] Addr=6CB7 Value=90
ROM[roms/Asteroid2/035145-02.ef2] Addr=6CB8 Value=01
ROM[roms/Asteroid2/035145-02.ef2] Addr=6CB9 Value=E8
ROM[roms/Asteroid2/035145-02.ef2] Addr=6CBA Value=3D
ROM[roms/Asteroid2/035145-02.ef2] Addr=6CBB Value=CF
ROM[roms/Asteroid2/035145-02.ef2] Addr=6CBC Value=6C
ROM[roms/Asteroid2/035145-02.ef2] Addr=6CBD Value=10
ROM[roms/Asteroid2/035145-02.ef2] Addr=6CBE Value=03
ROM[roms/Asteroid2/035145-02.ef2] Addr=6CBF Value=1D
ROM[roms/Asteroid2/035145-02.ef2] Addr=6CC0 Value=D1
ROM[roms/Asteroid2/035145-02.ef2] Addr=6CC1 Value=6C
ROM[roms/Asteroid2/035145-02.ef2] Addr=6CC2 Value=65
ROM[roms/Asteroid2/035145-02.ef2] Addr=6CC3 Value=62
ROM[roms/Asteroid2/035145-02.ef2] Addr=6CC4 Value=85
ROM[roms/Asteroid2/035145-02.ef2] Addr=6CC5 Value=62
ROM[roms/Asteroid2/035145-02.ef2] Addr=6CC6 Value=A0
ROM[roms/Asteroid2/035145-02.ef2] Addr=6CC7 Value=03
ROM[roms/Asteroid2/035145-02.ef2] Addr=6CC8 Value=A2
ROM[roms/Asteroid2/035145-02.ef2] Addr=6CC9 Value=01
ROM[roms/Asteroid2/035145-02.ef2] Addr=6CCA Value=86
ROM[roms/Asteroid2/035145-02.ef2] Addr=6CCB Value=0E
ROM[roms/Asteroid2/035145-02.ef2] Addr=6CCC Value=4C
ROM[roms/Asteroid2/035145-02.ef2] Addr=6CCD Value=F2
ROM[roms/Asteroid2/035145-02.ef2] Addr=6CCE Value=6C
ROM[roms/Asteroid2/035145-02.ef2] Addr=6CCF Value=8F
ROM[roms/Asteroid2/035145-02.ef2] Addr=6CD0 Value=87
ROM[roms/Asteroid2/035145-02.ef2] Addr=6CD1 Value=70
ROM[roms/Asteroid2/035145-02.ef2] Addr=6CD2 Value=78
ROM[roms/Asteroid2/035145-02.ef2] Addr=6CD3 Value=F0
ROM[roms/Asteroid2/035145-02.ef2] Addr=6CD4 Value=00
ROM[roms/Asteroid2/035145-02.ef2] Addr=6CD5 Value=00
ROM[roms/Asteroid2/035145-02.ef2] Addr=6CD6 Value=10
ROM[roms/Asteroid2/035145-02.ef2] Addr=6CD7 Value=A5
ROM[roms/Asteroid2/035145-02.ef2] Addr=6CD8 Value=1C
ROM[roms/Asteroid2/035145-02.ef2] Addr=6CD9 Value=F0
ROM[roms/Asteroid2/035145-02.ef2] Addr=6CDA Value=21
ROM[roms/Asteroid2/035145-02.ef2] Addr=6CDB Value=0E
ROM[roms/Asteroid2/035145-02.ef2] Addr=6CDC Value=04
ROM[roms/Asteroid2/035145-02.ef2] Addr=6CDD Value=20
ROM[roms/Asteroid2/035145-02.ef2] Addr=6CDE Value=66
ROM[roms/Asteroid2/035145-02.ef2] Addr=6CDF Value=63
ROM[roms/Asteroid2/035145-02.ef2] Addr=6CE0 Value=24
ROM[roms/Asteroid2/035145-02.ef2] Addr=6CE1 Value=63
ROM[roms/Asteroid2/035145-02.ef2] Addr=6CE2 Value=10
ROM[roms/Asteroid2/035145-02.ef2] Addr=6CE3 Value=18
ROM[roms/Asteroid2/035145-02.ef2] Addr=6CE4 Value=70
ROM[roms/Asteroid2/035145-02.ef2] Addr=6CE5 Value=16
ROM[roms/Asteroid2/035145-02.ef2] Addr=6CE6 Value=AD
ROM[roms/Asteroid2/035145-02.ef2] Addr=6CE7 Value=FA
ROM[roms/Asteroid2/035145-02.ef2] Addr=6CE8 Value=02
ROM[roms/Asteroid2/035145-02.ef2] Addr=6CE9 Value=D0
ROM[roms/Asteroid2/035145-02.ef2] Addr=6CEA Value=11
ROM[roms/Asteroid2/035145-02.ef2] Addr=6CEB Value=AA
ROM[roms/Asteroid2/035145-02.ef2] Addr=6CEC Value=A9
ROM[roms/Asteroid2/035145-02.ef2] Addr=6CED Value=03
ROM[roms/Asteroid2/035145-02.ef2] Addr=6CEE Value=85
ROM[roms/Asteroid2/035145-02.ef2] Addr=6CEF Value=0E
ROM[roms/Asteroid2/035145-02.ef2] Addr=6CF0 Value=A0
ROM[roms/Asteroid2/035145-02.ef2] Addr=6CF1 Value=07
ROM[roms/Asteroid2/035145-02.ef2] Addr=6CF2 Value=B9
ROM[roms/Asteroid2/035145-02.ef2] Addr=6CF3 Value=1B
ROM[roms/Asteroid2/035145-02.ef2] Addr=6CF4 Value=02
ROM[roms/Asteroid2/035145-02.ef2] Addr=6CF5 Value=F0
ROM[roms/Asteroid2/035145-02.ef2] Addr=6CF6 Value=06
ROM[roms/Asteroid2/035145-02.ef2] Addr=6CF7 Value=88
ROM[roms/Asteroid2/035145-02.ef2] Addr=6CF8 Value=C4
ROM[roms/Asteroid2/035145-02.ef2] Addr=6CF9 Value=0E
ROM[roms/Asteroid2/035145-02.ef2] Addr=6CFA Value=D0
ROM[roms/Asteroid2/035145-02.ef2] Addr=6CFB Value=F6
ROM[roms/Asteroid2/035145-02.ef2] Addr=6CFC Value=60
ROM[roms/Asteroid2/035145-02.ef2] Addr=6CFD Value=86
ROM[roms/Asteroid2/035145-02.ef2] Addr=6CFE Value=0D
ROM[roms/Asteroid2/035145-02.ef2] Addr=6CFF Value=A9
ROM[roms/Asteroid2/035145-02.ef2] Addr=6D00 Value=12
ROM[roms/Asteroid2/035145-02.ef2] Addr=6D01 Value=99
ROM[roms/Asteroid2/035145-02.ef2] Addr=6D02 Value=1B
ROM[roms/Asteroid2/035145-02.ef2] Addr=6D03 Value=02
ROM[roms/Asteroid2/035145-02.ef2] Addr=6D04 Value=B5
ROM[roms/Asteroid2/035145-02.ef2] Addr=6D05 Value=61
ROM[roms/Asteroid2/035145-02.ef2] Addr=6D06 Value=20
ROM[roms/Asteroid2/035145-02.ef2] Addr=6D07 Value=D2
ROM[roms/Asteroid2/035145-02.ef2] Addr=6D08 Value=77
ROM[roms/Asteroid2/035145-02.ef2] Addr=6D09 Value=A6
ROM[roms/Asteroid2/035145-02.ef2] Addr=6D0A Value=0D
ROM[roms/Asteroid2/035145-02.ef2] Addr=6D0B Value=C9
ROM[roms/Asteroid2/035145-02.ef2] Addr=6D0C Value=80
ROM[roms/Asteroid2/035145-02.ef2] Addr=6D0D Value=6A
ROM[roms/Asteroid2/035145-02.ef2] Addr=6D0E Value=85
ROM[roms/Asteroid2/035145-02.ef2] Addr=6D0F Value=09
ROM[roms/Asteroid2/035145-02.ef2] Addr=6D10 Value=18
ROM[roms/Asteroid2/035145-02.ef2] Addr=6D11 Value=7D
ROM[roms/Asteroid2/035145-02.ef2] Addr=6D12 Value=3E
ROM[roms/Asteroid2/035145-02.ef2] Addr=6D13 Value=02
ROM[roms/Asteroid2/035145-02.ef2] Addr=6D14 Value=30
ROM[roms/Asteroid2/035145-02.ef2] Addr=6D15 Value=08
ROM[roms/Asteroid2/035145-02.ef2] Addr=6D16 Value=C9
ROM[roms/Asteroid2/035145-02.ef2] Addr=6D17 Value=70
ROM[roms/Asteroid2/035145-02.ef2] Addr=6D18 Value=90
ROM[roms/Asteroid2/035145-02.ef2] Addr=6D19 Value=0A
ROM[roms/Asteroid2/035145-02.ef2] Addr=6D1A Value=A9
ROM[roms/Asteroid2/035145-02.ef2] Addr=6D1B Value=6F
ROM[roms/Asteroid2/035145-02.ef2] Addr=6D1C Value=D0
ROM[roms/Asteroid2/035145-02.ef2] Addr=6D1D Value=06
ROM[roms/Asteroid2/035145-02.ef2] Addr=6D1E Value=C9
ROM[roms/Asteroid2/035145-02.ef2] Addr=6D1F Value=91
ROM[roms/Asteroid2/035145-02.ef2] Addr=6D20 Value=B0
ROM[roms/Asteroid2/035145-02.ef2] Addr=6D21 Value=02
ROM[roms/Asteroid2/035145-02.ef2] Addr=6D22 Value=A9
ROM[roms/Asteroid2/035145-02.ef2] Addr=6D23 Value=91
ROM[roms/Asteroid2/035145-02.ef2] Addr=6D24 Value=99
ROM[roms/Asteroid2/035145-02.ef2] Addr=6D25 Value=3E
ROM[roms/Asteroid2/035145-02.ef2] Addr=6D26 Value=02
ROM[roms/Asteroid2/035145-02.ef2] Addr=6D27 Value=B5
ROM[roms/Asteroid2/035145-02.ef2] Addr=6D28 Value=61
ROM[roms/Asteroid2/035145-02.ef2] Addr=6D29 Value=20
ROM[roms/Asteroid2/035145-02.ef2] Addr=6D2A Value=D5
ROM[roms/Asteroid2/035145-02.ef2] Addr=6D2B Value=77
ROM[roms/Asteroid2/035145-02.ef2] Addr=6D2C Value=A6
ROM[roms/Asteroid2/035145-02.ef2] Addr=6D2D Value=0D
ROM[roms/Asteroid2/035145-02.ef2] Addr=6D2E Value=C9
ROM[roms/Asteroid2/035145-02.ef2] Addr=6D2F Value=80
ROM[roms/Asteroid2/035145-02.ef2] Addr=6D30 Value=6A
ROM[roms/Asteroid2/035145-02.ef2] Addr=6D31 Value=85
ROM[roms/Asteroid2/035145-02.ef2] Addr=6D32 Value=0C
ROM[roms/Asteroid2/035145-02.ef2] Addr=6D33 Value=18
ROM[roms/Asteroid2/035145-02.ef2] Addr=6D34 Value=7D
ROM[roms/Asteroid2/035145-02.ef2] Addr=6D35 Value=61
ROM[roms/Asteroid2/035145-02.ef2] Addr=6D36 Value=02
ROM[roms/Asteroid2/035145-02.ef2] Addr=6D37 Value=30
ROM[roms/Asteroid2/035145-02.ef2] Addr=6D38 Value=08
ROM[roms/Asteroid2/035145-02.ef2] Addr=6D39 Value=C9
ROM[roms/Asteroid2/035145-02.ef2] Addr=6D3A Value=70
ROM[roms/Asteroid2/035145-02.ef2] Addr=6D3B Value=90
ROM[roms/Asteroid2/035145-02.ef2] Addr=6D3C Value=0A
ROM[roms/Asteroid2/035145-02.ef2] Addr=6D3D Value=A9
ROM[roms/Asteroid2/035145-02.ef2] Addr=6D3E Value=6F
ROM[roms/Asteroid2/035145-02.ef2] Addr=6D3F Value=D0
ROM[roms/Asteroid2/035145-02.ef2] Addr=6D40 Value=06
ROM[roms/Asteroid2/035145-02.ef2] Addr=6D41 Value=C9
ROM[roms/Asteroid2/035145-02.ef2] Addr=6D42 Value=91
ROM[roms/Asteroid2/035145-02.ef2] Addr=6D43 Value=B0
ROM[roms/Asteroid2/035145-02.ef2] Addr=6D44 Value=02
ROM[roms/Asteroid2/035145-02.ef2] Addr=6D45 Value=A9
ROM[roms/Asteroid2/035145-02.ef2] Addr=6D46 Value=91
ROM[roms/Asteroid2/035145-02.ef2] Addr=6D47 Value=99
ROM[roms/Asteroid2/035145-02.ef2] Addr=6D48 Value=61
ROM[roms/Asteroid2/035145-02.ef2] Addr=6D49 Value=02
ROM[roms/Asteroid2/035145-02.ef2] Addr=6D4A Value=A2
ROM[roms/Asteroid2/035145-02.ef2] Addr=6D4B Value=00
ROM[roms/Asteroid2/035145-02.ef2] Addr=6D4C Value=A5
ROM[roms/Asteroid2/035145-02.ef2] Addr=6D4D Value=09
ROM[roms/Asteroid2/035145-02.ef2] Addr=6D4E Value=10
ROM[roms/Asteroid2/035145-02.ef2] Addr=6D4F Value=01
ROM[roms/Asteroid2/035145-02.ef2] Addr=6D50 Value=CA
ROM[roms/Asteroid2/035145-02.ef2] Addr=6D51 Value=86
ROM[roms/Asteroid2/035145-02.ef2] Addr=6D52 Value=08
ROM[roms/Asteroid2/035145-02.ef2] Addr=6D53 Value=A6
ROM[roms/Asteroid2/035145-02.ef2] Addr=6D54 Value=0D
ROM[roms/Asteroid2/035145-02.ef2] Addr=6D55 Value=C9
ROM[roms/Asteroid2/035145-02.ef2] Addr=6D56 Value=80
ROM[roms/Asteroid2/035145-02.ef2] Addr=6D57 Value=6A
ROM[roms/Asteroid2/035145-02.ef2] Addr=6D58 Value=18
ROM[roms/Asteroid2/035145-02.ef2] Addr=6D59 Value=65
ROM[roms/Asteroid2/035145-02.ef2] Addr=6D5A Value=09
ROM[roms/Asteroid2/035145-02.ef2] Addr=6D5B Value=18
ROM[roms/Asteroid2/035145-02.ef2] Addr=6D5C Value=7D
ROM[roms/Asteroid2/035145-02.ef2] Addr=6D5D Value=CA
ROM[roms/Asteroid2/035145-02.ef2] Addr=6D5E Value=02
ROM[roms/Asteroid2/035145-02.ef2] Addr=6D5F Value=99
ROM[roms/Asteroid2/035145-02.ef2] Addr=6D60 Value=CA
ROM[roms/Asteroid2/035145-02.ef2] Addr=6D61 Value=02
ROM[roms/Asteroid2/035145-02.ef2] Addr=6D62 Value=A5
ROM[roms/Asteroid2/035145-02.ef2] Addr=6D63 Value=08
ROM[roms/Asteroid2/035145-02.ef2] Addr=6D64 Value=7D
ROM[roms/Asteroid2/035145-02.ef2] Addr=6D65 Value=84
ROM[roms/Asteroid2/035145-02.ef2] Addr=6D66 Value=02
ROM[roms/Asteroid2/035145-02.ef2] Addr=6D67 Value=99
ROM[roms/Asteroid2/035145-02.ef2] Addr=6D68 Value=84
ROM[roms/Asteroid2/035145-02.ef2] Addr=6D69 Value=02
ROM[roms/Asteroid2/035145-02.ef2] Addr=6D6A Value=A2
ROM[roms/Asteroid2/035145-02.ef2] Addr=6D6B Value=00
ROM[roms/Asteroid2/035145-02.ef2] Addr=6D6C Value=A5
ROM[roms/Asteroid2/035145-02.ef2] Addr=6D6D Value=0C
ROM[roms/Asteroid2/035145-02.ef2] Addr=6D6E Value=10
ROM[roms/Asteroid2/035145-02.ef2] Addr=6D6F Value=01
ROM[roms/Asteroid2/035145-02.ef2] Addr=6D70 Value=CA
ROM[roms/Asteroid2/035145-02.ef2] Addr=6D71 Value=86
ROM[roms/Asteroid2/035145-02.ef2] Addr=6D72 Value=0B
ROM[roms/Asteroid2/035145-02.ef2] Addr=6D73 Value=A6
ROM[roms/Asteroid2/035145-02.ef2] Addr=6D74 Value=0D
ROM[roms/Asteroid2/035145-02.ef2] Addr=6D75 Value=C9
ROM[roms/Asteroid2/035145-02.ef2] Addr=6D76 Value=80
ROM[roms/Asteroid2/035145-02.ef2] Addr=6D77 Value=6A
ROM[roms/Asteroid2/035145-02.ef2] Addr=6D78 Value=18
ROM[roms/Asteroid2/035145-02.ef2] Addr=6D79 Value=65
ROM[roms/Asteroid2/035145-02.ef2] Addr=6D7A Value=0C
ROM[roms/Asteroid2/035145-02.ef2] Addr=6D7B Value=18
ROM[roms/Asteroid2/035145-02.ef2] Addr=6D7C Value=7D
ROM[roms/Asteroid2/035145-02.ef2] Addr=6D7D Value=ED
ROM[roms/Asteroid2/035145-02.ef2] Addr=6D7E Value=02
ROM[roms/Asteroid2/035145-02.ef2] Addr=6D7F Value=99
ROM[roms/Asteroid2/035145-02.ef2] Addr=6D80 Value=ED
ROM[roms/Asteroid2/035145-02.ef2] Addr=6D81 Value=02
ROM[roms/Asteroid2/035145-02.ef2] Addr=6D82 Value=A5
ROM[roms/Asteroid2/035145-02.ef2] Addr=6D83 Value=0B
ROM[roms/Asteroid2/035145-02.ef2] Addr=6D84 Value=7D
ROM[roms/Asteroid2/035145-02.ef2] Addr=6D85 Value=A7
ROM[roms/Asteroid2/035145-02.ef2] Addr=6D86 Value=02
ROM[roms/Asteroid2/035145-02.ef2] Addr=6D87 Value=99
ROM[roms/Asteroid2/035145-02.ef2] Addr=6D88 Value=A7
ROM[roms/Asteroid2/035145-02.ef2] Addr=6D89 Value=02
ROM[roms/Asteroid2/035145-02.ef2] Addr=6D8A Value=A9
ROM[roms/Asteroid2/035145-02.ef2] Addr=6D8B Value=80
ROM[roms/Asteroid2/035145-02.ef2] Addr=6D8C Value=95
ROM[roms/Asteroid2/035145-02.ef2] Addr=6D8D Value=66
ROM[roms/Asteroid2/035145-02.ef2] Addr=6D8E Value=60
ROM[roms/Asteroid2/035145-02.ef2] Addr=6D8F Value=D8
ROM[roms/Asteroid2/035145-02.ef2] Addr=6D90 Value=A5
ROM[roms/Asteroid2/035145-02.ef2] Addr=6D91 Value=32
ROM[roms/Asteroid2/035145-02.ef2] Addr=6D92 Value=25
ROM[roms/Asteroid2/035145-02.ef2] Addr=6D93 Value=33
ROM[roms/Asteroid2/035145-02.ef2] Addr=6D94 Value=10
ROM[roms/Asteroid2/035145-02.ef2] Addr=6D95 Value=01
ROM[roms/Asteroid2/035145-02.ef2] Addr=6D96 Value=60
ROM[roms/Asteroid2/035145-02.ef2] Addr=6D97 Value=A5
ROM[roms/Asteroid2/035145-02.ef2] Addr=6D98 Value=1A
ROM[roms/Asteroid2/035145-02.ef2] Addr=6D99 Value=4A
ROM[roms/Asteroid2/035145-02.ef2] Addr=6D9A Value=F0
ROM[roms/Asteroid2/035145-02.ef2] Addr=6D9B Value=18
ROM[roms/Asteroid2/035145-02.ef2] Addr=6D9C Value=A0
ROM[roms/Asteroid2/035145-02.ef2] Addr=6D9D Value=01
ROM[roms/Asteroid2/035145-02.ef2] Addr=6D9E Value=20
ROM[roms/Asteroid2/035145-02.ef2] Addr=6D9F Value=F6
ROM[roms/Asteroid2/035145-02.ef2] Addr=6DA0 Value=77
ROM[roms/Asteroid2/035145-02.ef2] Addr=6DA1 Value=A0
ROM[roms/Asteroid2/035145-02.ef2] Addr=6DA2 Value=02
ROM[roms/Asteroid2/035145-02.ef2] Addr=6DA3 Value=A6
ROM[roms/Asteroid2/035145-02.ef2] Addr=6DA4 Value=33
ROM[roms/Asteroid2/035145-02.ef2] Addr=6DA5 Value=10
ROM[roms/Asteroid2/035145-02.ef2] Addr=6DA6 Value=01
ROM[roms/Asteroid2/035145-02.ef2] Addr=6DA7 Value=88
ROM[roms/Asteroid2/035145-02.ef2] Addr=6DA8 Value=84
ROM[roms/Asteroid2/035145-02.ef2] Addr=6DA9 Value=18
ROM[roms/Asteroid2/035145-02.ef2] Addr=6DAA Value=A5
ROM[roms/Asteroid2/035145-02.ef2] Addr=6DAB Value=5C
ROM[roms/Asteroid2/035145-02.ef2] Addr=6DAC Value=29
ROM[roms/Asteroid2/035145-02.ef2] Addr=6DAD Value=10
ROM[roms/Asteroid2/035145-02.ef2] Addr=6DAE Value=D0
ROM[roms/Asteroid2/035145-02.ef2] Addr=6DAF Value=04
ROM[roms/Asteroid2/035145-02.ef2] Addr=6DB0 Value=98
ROM[roms/Asteroid2/035145-02.ef2] Addr=6DB1 Value=20
ROM[roms/Asteroid2/035145-02.ef2] Addr=6DB2 Value=D1
ROM[roms/Asteroid2/035145-02.ef2] Addr=6DB3 Value=7B
ROM[roms/Asteroid2/035145-02.ef2] Addr=6DB4 Value=46
ROM[roms/Asteroid2/035145-02.ef2] Addr=6DB5 Value=18
ROM[roms/Asteroid2/035145-02.ef2] Addr=6DB6 Value=20
ROM[roms/Asteroid2/035145-02.ef2] Addr=6DB7 Value=B2
ROM[roms/Asteroid2/035145-02.ef2] Addr=6DB8 Value=73
ROM[roms/Asteroid2/035145-02.ef2] Addr=6DB9 Value=A0
ROM[roms/Asteroid2/035145-02.ef2] Addr=6DBA Value=02
ROM[roms/Asteroid2/035145-02.ef2] Addr=6DBB Value=20
ROM[roms/Asteroid2/035145-02.ef2] Addr=6DBC Value=F6
ROM[roms/Asteroid2/035145-02.ef2] Addr=6DBD Value=77
ROM[roms/Asteroid2/035145-02.ef2] Addr=6DBE Value=A0
ROM[roms/Asteroid2/035145-02.ef2] Addr=6DBF Value=03
ROM[roms/Asteroid2/035145-02.ef2] Addr=6DC0 Value=20
ROM[roms/Asteroid2/035145-02.ef2] Addr=6DC1 Value=F6
ROM[roms/Asteroid2/035145-02.ef2] Addr=6DC2 Value=77
ROM[roms/Asteroid2/035145-02.ef2] Addr=6DC3 Value=A0
ROM[roms/Asteroid2/035145-02.ef2] Addr=6DC4 Value=04
ROM[roms/Asteroid2/035145-02.ef2] Addr=6DC5 Value=20
ROM[roms/Asteroid2/035145-02.ef2] Addr=6DC6 Value=F6
ROM[roms/Asteroid2/035145-02.ef2] Addr=6DC7 Value=77
ROM[roms/Asteroid2/035145-02.ef2] Addr=6DC8 Value=A0
ROM[roms/Asteroid2/035145-02.ef2] Addr=6DC9 Value=05
ROM[roms/Asteroid2/035145-02.ef2] Addr=6DCA Value=20
ROM[roms/Asteroid2/035145-02.ef2] Addr=6DCB Value=F6
ROM[roms/Asteroid2/035145-02.ef2] Addr=6DCC Value=77
ROM[roms/Asteroid2/035145-02.ef2] Addr=6DCD Value=A9
ROM[roms/Asteroid2/035145-02.ef2] Addr=6DCE Value=20
ROM[roms/Asteroid2/035145-02.ef2] Addr=6DCF Value=85
ROM[roms/Asteroid2/035145-02.ef2] Addr=6DD0 Value=00
ROM[roms/Asteroid2/035145-02.ef2] Addr=6DD1 Value=A9
ROM[roms/Asteroid2/035145-02.ef2] Addr=6DD2 Value=64
ROM[roms/Asteroid2/035145-02.ef2] Addr=6DD3 Value=A2
ROM[roms/Asteroid2/035145-02.ef2] Addr=6DD4 Value=39
ROM[roms/Asteroid2/035145-02.ef2] Addr=6DD5 Value=20
ROM[roms/Asteroid2/035145-02.ef2] Addr=6DD6 Value=03
ROM[roms/Asteroid2/035145-02.ef2] Addr=6DD7 Value=7C
ROM[roms/Asteroid2/035145-02.ef2] Addr=6DD8 Value=A9
ROM[roms/Asteroid2/035145-02.ef2] Addr=6DD9 Value=70
ROM[roms/Asteroid2/035145-02.ef2] Addr=6DDA Value=20
ROM[roms/Asteroid2/035145-02.ef2] Addr=6DDB Value=DE
ROM[roms/Asteroid2/035145-02.ef2] Addr=6DDC Value=7C
ROM[roms/Asteroid2/035145-02.ef2] Addr=6DDD Value=A6
ROM[roms/Asteroid2/035145-02.ef2] Addr=6DDE Value=18
ROM[roms/Asteroid2/035145-02.ef2] Addr=6DDF Value=B4
ROM[roms/Asteroid2/035145-02.ef2] Addr=6DE0 Value=32
ROM[roms/Asteroid2/035145-02.ef2] Addr=6DE1 Value=84
ROM[roms/Asteroid2/035145-02.ef2] Addr=6DE2 Value=0B
ROM[roms/Asteroid2/035145-02.ef2] Addr=6DE3 Value=98
ROM[roms/Asteroid2/035145-02.ef2] Addr=6DE4 Value=18
ROM[roms/Asteroid2/035145-02.ef2] Addr=6DE5 Value=65
ROM[roms/Asteroid2/035145-02.ef2] Addr=6DE6 Value=31
ROM[roms/Asteroid2/035145-02.ef2] Addr=6DE7 Value=85
ROM[roms/Asteroid2/035145-02.ef2] Addr=6DE8 Value=0C
ROM[roms/Asteroid2/035145-02.ef2] Addr=6DE9 Value=20
ROM[roms/Asteroid2/035145-02.ef2] Addr=6DEA Value=1A
ROM[roms/Asteroid2/035145-02.ef2] Addr=6DEB Value=6F
ROM[roms/Asteroid2/035145-02.ef2] Addr=6DEC Value=A4
ROM[roms/Asteroid2/035145-02.ef2] Addr=6DED Value=0B
ROM[roms/Asteroid2/035145-02.ef2] Addr=6DEE Value=C8
ROM[roms/Asteroid2/035145-02.ef2] Addr=6DEF Value=20
ROM[roms/Asteroid2/035145-02.ef2] Addr=6DF0 Value=1A
ROM[roms/Asteroid2/035145-02.ef2] Addr=6DF1 Value=6F
ROM[roms/Asteroid2/035145-02.ef2] Addr=6DF2 Value=A4
ROM[roms/Asteroid2/035145-02.ef2] Addr=6DF3 Value=0B
ROM[roms/Asteroid2/035145-02.ef2] Addr=6DF4 Value=C8
ROM[roms/Asteroid2/035145-02.ef2] Addr=6DF5 Value=C8
ROM[roms/Asteroid2/035145-02.ef2] Addr=6DF6 Value=20
ROM[roms/Asteroid2/035145-02.ef2] Addr=6DF7 Value=1A
ROM[roms/Asteroid2/035145-02.ef2] Addr=6DF8 Value=6F
ROM[roms/Asteroid2/035145-02.ef2] Addr=6DF9 Value=AD
ROM[roms/Asteroid2/035145-02.ef2] Addr=6DFA Value=03
ROM[roms/Asteroid2/035145-02.ef2] Addr=6DFB Value=20
ROM[roms/Asteroid2/035145-02.ef2] Addr=6DFC Value=2A
ROM[roms/Asteroid2/035145-02.ef2] Addr=6DFD Value=26
ROM[roms/Asteroid2/035145-02.ef2] Addr=6DFE Value=63
ROM[roms/Asteroid2/035145-02.ef2] Addr=6DFF Value=A5
ROM[roms/Asteroid2/035145-02.ef2] Addr=6E00 Value=63
ROM[roms/Asteroid2/035145-02.ef2] Addr=6E01 Value=29
ROM[roms/Asteroid2/035145-02.ef2] Addr=6E02 Value=1F
ROM[roms/Asteroid2/035145-02.ef2] Addr=6E03 Value=C9
ROM[roms/Asteroid2/035145-02.ef2] Addr=6E04 Value=07
ROM[roms/Asteroid2/035145-02.ef2] Addr=6E05 Value=D0
ROM[roms/Asteroid2/035145-02.ef2] Addr=6E06 Value=27
ROM[roms/Asteroid2/035145-02.ef2] Addr=6E07 Value=E6
ROM[roms/Asteroid2/035145-02.ef2] Addr=6E08 Value=31
ROM[roms/Asteroid2/035145-02.ef2] Addr=6E09 Value=A5
ROM[roms/Asteroid2/035145-02.ef2] Addr=6E0A Value=31
ROM[roms/Asteroid2/035145-02.ef2] Addr=6E0B Value=C9
ROM[roms/Asteroid2/035145-02.ef2] Addr=6E0C Value=03
ROM[roms/Asteroid2/035145-02.ef2] Addr=6E0D Value=90
ROM[roms/Asteroid2/035145-02.ef2] Addr=6E0E Value=13
ROM[roms/Asteroid2/035145-02.ef2] Addr=6E0F Value=A6
ROM[roms/Asteroid2/035145-02.ef2] Addr=6E10 Value=18
ROM[roms/Asteroid2/035145-02.ef2] Addr=6E11 Value=A9
ROM[roms/Asteroid2/035145-02.ef2] Addr=6E12 Value=FF
ROM[roms/Asteroid2/035145-02.ef2] Addr=6E13 Value=95
ROM[roms/Asteroid2/035145-02.ef2] Addr=6E14 Value=32
ROM[roms/Asteroid2/035145-02.ef2] Addr=6E15 Value=A2
ROM[roms/Asteroid2/035145-02.ef2] Addr=6E16 Value=00
ROM[roms/Asteroid2/035145-02.ef2] Addr=6E17 Value=86
ROM[roms/Asteroid2/035145-02.ef2] Addr=6E18 Value=18
ROM[roms/Asteroid2/035145-02.ef2] Addr=6E19 Value=86
ROM[roms/Asteroid2/035145-02.ef2] Addr=6E1A Value=31
ROM[roms/Asteroid2/035145-02.ef2] Addr=6E1B Value=A2
ROM[roms/Asteroid2/035145-02.ef2] Addr=6E1C Value=F0
ROM[roms/Asteroid2/035145-02.ef2] Addr=6E1D Value=86
ROM[roms/Asteroid2/035145-02.ef2] Addr=6E1E Value=5D
ROM[roms/Asteroid2/035145-02.ef2] Addr=6E1F Value=4C
ROM[roms/Asteroid2/035145-02.ef2] Addr=6E20 Value=B2
ROM[roms/Asteroid2/035145-02.ef2] Addr=6E21 Value=73
ROM[roms/Asteroid2/035145-02.ef2] Addr=6E22 Value=E6
ROM[roms/Asteroid2/035145-02.ef2] Addr=6E23 Value=0C
ROM[roms/Asteroid2/035145-02.ef2] Addr=6E24 Value=A6
ROM[roms/Asteroid2/035145-02.ef2] Addr=6E25 Value=0C
ROM[roms/Asteroid2/035145-02.ef2] Addr=6E26 Value=A9
ROM[roms/Asteroid2/035145-02.ef2] Addr=6E27 Value=F4
ROM[roms/Asteroid2/035145-02.ef2] Addr=6E28 Value=85
ROM[roms/Asteroid2/035145-02.ef2] Addr=6E29 Value=5D
ROM[roms/Asteroid2/035145-02.ef2] Addr=6E2A Value=A9
ROM[roms/Asteroid2/035145-02.ef2] Addr=6E2B Value=0B
ROM[roms/Asteroid2/035145-02.ef2] Addr=6E2C Value=95
ROM[roms/Asteroid2/035145-02.ef2] Addr=6E2D Value=34
ROM[roms/Asteroid2/035145-02.ef2] Addr=6E2E Value=A5
ROM[roms/Asteroid2/035145-02.ef2] Addr=6E2F Value=5D
ROM[roms/Asteroid2/035145-02.ef2] Addr=6E30 Value=D0
ROM[roms/Asteroid2/035145-02.ef2] Addr=6E31 Value=08
ROM[roms/Asteroid2/035145-02.ef2] Addr=6E32 Value=A9
ROM[roms/Asteroid2/035145-02.ef2] Addr=6E33 Value=FF
ROM[roms/Asteroid2/035145-02.ef2] Addr=6E34 Value=85
ROM[roms/Asteroid2/035145-02.ef2] Addr=6E35 Value=32
ROM[roms/Asteroid2/035145-02.ef2] Addr=6E36 Value=85
ROM[roms/Asteroid2/035145-02.ef2] Addr=6E37 Value=33
ROM[roms/Asteroid2/035145-02.ef2] Addr=6E38 Value=30
ROM[roms/Asteroid2/035145-02.ef2] Addr=6E39 Value=DB
ROM[roms/Asteroid2/035145-02.ef2] Addr=6E3A Value=A5
ROM[roms/Asteroid2/035145-02.ef2] Addr=6E3B Value=5C
ROM[roms/Asteroid2/035145-02.ef2] Addr=6E3C Value=29
ROM[roms/Asteroid2/035145-02.ef2] Addr=6E3D Value=07
ROM[roms/Asteroid2/035145-02.ef2] Addr=6E3E Value=D0
ROM[roms/Asteroid2/035145-02.ef2] Addr=6E3F Value=31
ROM[roms/Asteroid2/035145-02.ef2] Addr=6E40 Value=AD
ROM[roms/Asteroid2/035145-02.ef2] Addr=6E41 Value=07
ROM[roms/Asteroid2/035145-02.ef2] Addr=6E42 Value=24
ROM[roms/Asteroid2/035145-02.ef2] Addr=6E43 Value=10
ROM[roms/Asteroid2/035145-02.ef2] Addr=6E44 Value=04
ROM[roms/Asteroid2/035145-02.ef2] Addr=6E45 Value=A9
ROM[roms/Asteroid2/035145-02.ef2] Addr=6E46 Value=01
ROM[roms/Asteroid2/035145-02.ef2] Addr=6E47 Value=D0
ROM[roms/Asteroid2/035145-02.ef2] Addr=6E48 Value=07
ROM[roms/Asteroid2/035145-02.ef2] Addr=6E49 Value=AD
ROM[roms/Asteroid2/035145-02.ef2] Addr=6E4A Value=06
ROM[roms/Asteroid2/035145-02.ef2] Addr=6E4B Value=24
ROM[roms/Asteroid2/035145-02.ef2] Addr=6E4C Value=10
ROM[roms/Asteroid2/035145-02.ef2] Addr=6E4D Value=23
ROM[roms/Asteroid2/035145-02.ef2] Addr=6E4E Value=A9
ROM[roms/Asteroid2/035145-02.ef2] Addr=6E4F Value=FF
ROM[roms/Asteroid2/035145-02.ef2] Addr=6E50 Value=A6
ROM[roms/Asteroid2/035145-02.ef2] Addr=6E51 Value=0C
ROM[roms/Asteroid2/035145-02.ef2] Addr=6E52 Value=18
ROM[roms/Asteroid2/035145-02.ef2] Addr=6E53 Value=75
ROM[roms/Asteroid2/035145-02.ef2] Addr=6E54 Value=34
ROM[roms/Asteroid2/035145-02.ef2] Addr=6E55 Value=30
ROM[roms/Asteroid2/035145-02.ef2] Addr=6E56 Value=10
ROM[roms/Asteroid2/035145-02.ef2] Addr=6E57 Value=C9
ROM[roms/Asteroid2/035145-02.ef2] Addr=6E58 Value=0B
ROM[roms/Asteroid2/035145-02.ef2] Addr=6E59 Value=B0
ROM[roms/Asteroid2/035145-02.ef2] Addr=6E5A Value=0E
ROM[roms/Asteroid2/035145-02.ef2] Addr=6E5B Value=C9
ROM[roms/Asteroid2/035145-02.ef2] Addr=6E5C Value=01
ROM[roms/Asteroid2/035145-02.ef2] Addr=6E5D Value=F0
ROM[roms/Asteroid2/035145-02.ef2] Addr=6E5E Value=04
ROM[roms/Asteroid2/035145-02.ef2] Addr=6E5F Value=A9
ROM[roms/Asteroid2/035145-02.ef2] Addr=6E60 Value=00
ROM[roms/Asteroid2/035145-02.ef2] Addr=6E61 Value=F0
ROM[roms/Asteroid2/035145-02.ef2] Addr=6E62 Value=0C
ROM[roms/Asteroid2/035145-02.ef2] Addr=6E63 Value=A9
ROM[roms/Asteroid2/035145-02.ef2] Addr=6E64 Value=0B
ROM[roms/Asteroid2/035145-02.ef2] Addr=6E65 Value=D0
ROM[roms/Asteroid2/035145-02.ef2] Addr=6E66 Value=08
ROM[roms/Asteroid2/035145-02.ef2] Addr=6E67 Value=A9
ROM[roms/Asteroid2/035145-02.ef2] Addr=6E68 Value=24
ROM[roms/Asteroid2/035145-02.ef2] Addr=6E69 Value=C9
ROM[roms/Asteroid2/035145-02.ef2] Addr=6E6A Value=25
ROM[roms/Asteroid2/035145-02.ef2] Addr=6E6B Value=90
ROM[roms/Asteroid2/035145-02.ef2] Addr=6E6C Value=02
ROM[roms/Asteroid2/035145-02.ef2] Addr=6E6D Value=A9
ROM[roms/Asteroid2/035145-02.ef2] Addr=6E6E Value=00
ROM[roms/Asteroid2/035145-02.ef2] Addr=6E6F Value=95
ROM[roms/Asteroid2/035145-02.ef2] Addr=6E70 Value=34
ROM[roms/Asteroid2/035145-02.ef2] Addr=6E71 Value=A9
ROM[roms/Asteroid2/035145-02.ef2] Addr=6E72 Value=00
ROM[roms/Asteroid2/035145-02.ef2] Addr=6E73 Value=60
ROM[roms/Asteroid2/035145-02.ef2] Addr=6E74 Value=A5
ROM[roms/Asteroid2/035145-02.ef2] Addr=6E75 Value=1C
ROM[roms/Asteroid2/035145-02.ef2] Addr=6E76 Value=F0
ROM[roms/Asteroid2/035145-02.ef2] Addr=6E77 Value=5F
ROM[roms/Asteroid2/035145-02.ef2] Addr=6E78 Value=AD
ROM[roms/Asteroid2/035145-02.ef2] Addr=6E79 Value=1B
ROM[roms/Asteroid2/035145-02.ef2] Addr=6E7A Value=02
ROM[roms/Asteroid2/035145-02.ef2] Addr=6E7B Value=30
ROM[roms/Asteroid2/035145-02.ef2] Addr=6E7C Value=5A
ROM[roms/Asteroid2/035145-02.ef2] Addr=6E7D Value=AD
ROM[roms/Asteroid2/035145-02.ef2] Addr=6E7E Value=FA
ROM[roms/Asteroid2/035145-02.ef2] Addr=6E7F Value=02
ROM[roms/Asteroid2/035145-02.ef2] Addr=6E80 Value=D0
ROM[roms/Asteroid2/035145-02.ef2] Addr=6E81 Value=55
ROM[roms/Asteroid2/035145-02.ef2] Addr=6E82 Value=AD
ROM[roms/Asteroid2/035145-02.ef2] Addr=6E83 Value=03
ROM[roms/Asteroid2/035145-02.ef2] Addr=6E84 Value=20
ROM[roms/Asteroid2/035145-02.ef2] Addr=6E85 Value=10
ROM[roms/Asteroid2/035145-02.ef2] Addr=6E86 Value=50
ROM[roms/Asteroid2/035145-02.ef2] Addr=6E87 Value=A9
ROM[roms/Asteroid2/035145-02.ef2] Addr=6E88 Value=00
ROM[roms/Asteroid2/035145-02.ef2] Addr=6E89 Value=8D
ROM[roms/Asteroid2/035145-02.ef2] Addr=6E8A Value=1B
ROM[roms/Asteroid2/035145-02.ef2] Addr=6E8B Value=02
ROM[roms/Asteroid2/035145-02.ef2] Addr=6E8C Value=8D
ROM[roms/Asteroid2/035145-02.ef2] Addr=6E8D Value=3E
ROM[roms/Asteroid2/035145-02.ef2] Addr=6E8E Value=02
ROM[roms/Asteroid2/035145-02.ef2] Addr=6E8F Value=8D
ROM[roms/Asteroid2/035145-02.ef2] Addr=6E90 Value=61
ROM[roms/Asteroid2/035145-02.ef2] Addr=6E91 Value=02
ROM[roms/Asteroid2/035145-02.ef2] Addr=6E92 Value=A9
ROM[roms/Asteroid2/035145-02.ef2] Addr=6E93 Value=30
ROM[roms/Asteroid2/035145-02.ef2] Addr=6E94 Value=8D
ROM[roms/Asteroid2/035145-02.ef2] Addr=6E95 Value=FA
ROM[roms/Asteroid2/035145-02.ef2] Addr=6E96 Value=02
ROM[roms/Asteroid2/035145-02.ef2] Addr=6E97 Value=20
ROM[roms/Asteroid2/035145-02.ef2] Addr=6E98 Value=B5
ROM[roms/Asteroid2/035145-02.ef2] Addr=6E99 Value=77
ROM[roms/Asteroid2/035145-02.ef2] Addr=6E9A Value=29
ROM[roms/Asteroid2/035145-02.ef2] Addr=6E9B Value=1F
ROM[roms/Asteroid2/035145-02.ef2] Addr=6E9C Value=C9
ROM[roms/Asteroid2/035145-02.ef2] Addr=6E9D Value=1D
ROM[roms/Asteroid2/035145-02.ef2] Addr=6E9E Value=90
ROM[roms/Asteroid2/035145-02.ef2] Addr=6E9F Value=02
ROM[roms/Asteroid2/035145-02.ef2] Addr=6EA0 Value=A9
ROM[roms/Asteroid2/035145-02.ef2] Addr=6EA1 Value=1C
ROM[roms/Asteroid2/035145-02.ef2] Addr=6EA2 Value=C9
ROM[roms/Asteroid2/035145-02.ef2] Addr=6EA3 Value=03
ROM[roms/Asteroid2/035145-02.ef2] Addr=6EA4 Value=B0
ROM[roms/Asteroid2/035145-02.ef2] Addr=6EA5 Value=02
ROM[roms/Asteroid2/035145-02.ef2] Addr=6EA6 Value=A9
ROM[roms/Asteroid2/035145-02.ef2] Addr=6EA7 Value=03
ROM[roms/Asteroid2/035145-02.ef2] Addr=6EA8 Value=8D
ROM[roms/Asteroid2/035145-02.ef2] Addr=6EA9 Value=84
ROM[roms/Asteroid2/035145-02.ef2] Addr=6EAA Value=02
ROM[roms/Asteroid2/035145-02.ef2] Addr=6EAB Value=A2
ROM[roms/Asteroid2/035145-02.ef2] Addr=6EAC Value=05
ROM[roms/Asteroid2/035145-02.ef2] Addr=6EAD Value=20
ROM[roms/Asteroid2/035145-02.ef2] Addr=6EAE Value=B5
ROM[roms/Asteroid2/035145-02.ef2] Addr=6EAF Value=77
ROM[roms/Asteroid2/035145-02.ef2] Addr=6EB0 Value=CA
ROM[roms/Asteroid2/035145-02.ef2] Addr=6EB1 Value=D0
ROM[roms/Asteroid2/035145-02.ef2] Addr=6EB2 Value=FA
ROM[roms/Asteroid2/035145-02.ef2] Addr=6EB3 Value=29
ROM[roms/Asteroid2/035145-02.ef2] Addr=6EB4 Value=1F
ROM[roms/Asteroid2/035145-02.ef2] Addr=6EB5 Value=E8
ROM[roms/Asteroid2/035145-02.ef2] Addr=6EB6 Value=C9
ROM[roms/Asteroid2/035145-02.ef2] Addr=6EB7 Value=18
ROM[roms/Asteroid2/035145-02.ef2] Addr=6EB8 Value=90
ROM[roms/Asteroid2/035145-02.ef2] Addr=6EB9 Value=0C
ROM[roms/Asteroid2/035145-02.ef2] Addr=6EBA Value=29
ROM[roms/Asteroid2/035145-02.ef2] Addr=6EBB Value=07
ROM[roms/Asteroid2/035145-02.ef2] Addr=6EBC Value=0A
ROM[roms/Asteroid2/035145-02.ef2] Addr=6EBD Value=69
ROM[roms/Asteroid2/035145-02.ef2] Addr=6EBE Value=04
ROM[roms/Asteroid2/035145-02.ef2] Addr=6EBF Value=CD
ROM[roms/Asteroid2/035145-02.ef2] Addr=6EC0 Value=F6
ROM[roms/Asteroid2/035145-02.ef2] Addr=6EC1 Value=02
ROM[roms/Asteroid2/035145-02.ef2] Addr=6EC2 Value=90
ROM[roms/Asteroid2/035145-02.ef2] Addr=6EC3 Value=02
ROM[roms/Asteroid2/035145-02.ef2] Addr=6EC4 Value=A2
ROM[roms/Asteroid2/035145-02.ef2] Addr=6EC5 Value=80
ROM[roms/Asteroid2/035145-02.ef2] Addr=6EC6 Value=C9
ROM[roms/Asteroid2/035145-02.ef2] Addr=6EC7 Value=15
ROM[roms/Asteroid2/035145-02.ef2] Addr=6EC8 Value=90
ROM[roms/Asteroid2/035145-02.ef2] Addr=6EC9 Value=02
ROM[roms/Asteroid2/035145-02.ef2] Addr=6ECA Value=A9
ROM[roms/Asteroid2/035145-02.ef2] Addr=6ECB Value=14
ROM[roms/Asteroid2/035145-02.ef2] Addr=6ECC Value=C9
ROM[roms/Asteroid2/035145-02.ef2] Addr=6ECD Value=03
ROM[roms/Asteroid2/035145-02.ef2] Addr=6ECE Value=B0
ROM[roms/Asteroid2/035145-02.ef2] Addr=6ECF Value=02
ROM[roms/Asteroid2/035145-02.ef2] Addr=6ED0 Value=A9
ROM[roms/Asteroid2/035145-02.ef2] Addr=6ED1 Value=03
ROM[roms/Asteroid2/035145-02.ef2] Addr=6ED2 Value=8D
ROM[roms/Asteroid2/035145-02.ef2] Addr=6ED3 Value=A7
ROM[roms/Asteroid2/035145-02.ef2] Addr=6ED4 Value=02
ROM[roms/Asteroid2/035145-02.ef2] Addr=6ED5 Value=86
ROM[roms/Asteroid2/035145-02.ef2] Addr=6ED6 Value=59
ROM[roms/Asteroid2/035145-02.ef2] Addr=6ED7 Value=60
ROM[roms/Asteroid2/035145-02.ef2] Addr=6ED8 Value=A9
ROM[roms/Asteroid2/035145-02.ef2] Addr=6ED9 Value=02
ROM[roms/Asteroid2/035145-02.ef2] Addr=6EDA Value=8D
ROM[roms/Asteroid2/035145-02.ef2] Addr=6EDB Value=F5
ROM[roms/Asteroid2/035145-02.ef2] Addr=6EDC Value=02
ROM[roms/Asteroid2/035145-02.ef2] Addr=6EDD Value=A2
ROM[roms/Asteroid2/035145-02.ef2] Addr=6EDE Value=03
ROM[roms/Asteroid2/035145-02.ef2] Addr=6EDF Value=4E
ROM[roms/Asteroid2/035145-02.ef2] Addr=6EE0 Value=02
ROM[roms/Asteroid2/035145-02.ef2] Addr=6EE1 Value=28
ROM[roms/Asteroid2/035145-02.ef2] Addr=6EE2 Value=B0
ROM[roms/Asteroid2/035145-02.ef2] Addr=6EE3 Value=01
ROM[roms/Asteroid2/035145-02.ef2] Addr=6EE4 Value=E8
ROM[roms/Asteroid2/035145-02.ef2] Addr=6EE5 Value=86
ROM[roms/Asteroid2/035145-02.ef2] Addr=6EE6 Value=56
ROM[roms/Asteroid2/035145-02.ef2] Addr=6EE7 Value=A9
ROM[roms/Asteroid2/035145-02.ef2] Addr=6EE8 Value=00
ROM[roms/Asteroid2/035145-02.ef2] Addr=6EE9 Value=A2
ROM[roms/Asteroid2/035145-02.ef2] Addr=6EEA Value=04
ROM[roms/Asteroid2/035145-02.ef2] Addr=6EEB Value=9D
ROM[roms/Asteroid2/035145-02.ef2] Addr=6EEC Value=1B
ROM[roms/Asteroid2/035145-02.ef2] Addr=6EED Value=02
ROM[roms/Asteroid2/035145-02.ef2] Addr=6EEE Value=9D
ROM[roms/Asteroid2/035145-02.ef2] Addr=6EEF Value=1F
ROM[roms/Asteroid2/035145-02.ef2] Addr=6EF0 Value=02
ROM[roms/Asteroid2/035145-02.ef2] Addr=6EF1 Value=95
ROM[roms/Asteroid2/035145-02.ef2] Addr=6EF2 Value=51
ROM[roms/Asteroid2/035145-02.ef2] Addr=6EF3 Value=CA
ROM[roms/Asteroid2/035145-02.ef2] Addr=6EF4 Value=10
ROM[roms/Asteroid2/035145-02.ef2] Addr=6EF5 Value=F5
ROM[roms/Asteroid2/035145-02.ef2] Addr=6EF6 Value=8D
ROM[roms/Asteroid2/035145-02.ef2] Addr=6EF7 Value=F6
ROM[roms/Asteroid2/035145-02.ef2] Addr=6EF8 Value=02
ROM[roms/Asteroid2/035145-02.ef2] Addr=6EF9 Value=60
ROM[roms/Asteroid2/035145-02.ef2] Addr=6EFA Value=A9
ROM[roms/Asteroid2/035145-02.ef2] Addr=6EFB Value=00
ROM[roms/Asteroid2/035145-02.ef2] Addr=6EFC Value=8D
ROM[roms/Asteroid2/035145-02.ef2] Addr=6EFD Value=00
ROM[roms/Asteroid2/035145-02.ef2] Addr=6EFE Value=36
ROM[roms/Asteroid2/035145-02.ef2] Addr=6EFF Value=8D
ROM[roms/Asteroid2/035145-02.ef2] Addr=6F00 Value=00
ROM[roms/Asteroid2/035145-02.ef2] Addr=6F01 Value=3A
ROM[roms/Asteroid2/035145-02.ef2] Addr=6F02 Value=8D
ROM[roms/Asteroid2/035145-02.ef2] Addr=6F03 Value=00
ROM[roms/Asteroid2/035145-02.ef2] Addr=6F04 Value=3C
ROM[roms/Asteroid2/035145-02.ef2] Addr=6F05 Value=8D
ROM[roms/Asteroid2/035145-02.ef2] Addr=6F06 Value=01
ROM[roms/Asteroid2/035145-02.ef2] Addr=6F07 Value=3C
ROM[roms/Asteroid2/035145-02.ef2] Addr=6F08 Value=8D
ROM[roms/Asteroid2/035145-02.ef2] Addr=6F09 Value=03
ROM[roms/Asteroid2/035145-02.ef2] Addr=6F0A Value=3C
ROM[roms/Asteroid2/035145-02.ef2] Addr=6F0B Value=8D
ROM[roms/Asteroid2/035145-02.ef2] Addr=6F0C Value=04
ROM[roms/Asteroid2/035145-02.ef2] Addr=6F0D Value=3C
ROM[roms/Asteroid2/035145-02.ef2] Addr=6F0E Value=8D
ROM[roms/Asteroid2/035145-02.ef2] Addr=6F0F Value=05
ROM[roms/Asteroid2/035145-02.ef2] Addr=6F10 Value=3C
ROM[roms/Asteroid2/035145-02.ef2] Addr=6F11 Value=85
ROM[roms/Asteroid2/035145-02.ef2] Addr=6F12 Value=69
ROM[roms/Asteroid2/035145-02.ef2] Addr=6F13 Value=85
ROM[roms/Asteroid2/035145-02.ef2] Addr=6F14 Value=66
ROM[roms/Asteroid2/035145-02.ef2] Addr=6F15 Value=85
ROM[roms/Asteroid2/035145-02.ef2] Addr=6F16 Value=67
ROM[roms/Asteroid2/035145-02.ef2] Addr=6F17 Value=85
ROM[roms/Asteroid2/035145-02.ef2] Addr=6F18 Value=68
ROM[roms/Asteroid2/035145-02.ef2] Addr=6F19 Value=60
ROM[roms/Asteroid2/035145-02.ef2] Addr=6F1A Value=B9
ROM[roms/Asteroid2/035145-02.ef2] Addr=6F1B Value=34
ROM[roms/Asteroid2/035145-02.ef2] Addr=6F1C Value=00
ROM[roms/Asteroid2/035145-02.ef2] Addr=6F1D Value=0A
ROM[roms/Asteroid2/035145-02.ef2] Addr=6F1E Value=A8
ROM[roms/Asteroid2/035145-02.ef2] Addr=6F1F Value=D0
ROM[roms/Asteroid2/035145-02.ef2] Addr=6F20 Value=14
ROM[roms/Asteroid2/035145-02.ef2] Addr=6F21 Value=A5
ROM[roms/Asteroid2/035145-02.ef2] Addr=6F22 Value=32
ROM[roms/Asteroid2/035145-02.ef2] Addr=6F23 Value=25
ROM[roms/Asteroid2/035145-02.ef2] Addr=6F24 Value=33
ROM[roms/Asteroid2/035145-02.ef2] Addr=6F25 Value=30
ROM[roms/Asteroid2/035145-02.ef2] Addr=6F26 Value=0E
ROM[roms/Asteroid2/035145-02.ef2] Addr=6F27 Value=A9
ROM[roms/Asteroid2/035145-02.ef2] Addr=6F28 Value=72
ROM[roms/Asteroid2/035145-02.ef2] Addr=6F29 Value=A2
ROM[roms/Asteroid2/035145-02.ef2] Addr=6F2A Value=F8
ROM[roms/Asteroid2/035145-02.ef2] Addr=6F2B Value=20
ROM[roms/Asteroid2/035145-02.ef2] Addr=6F2C Value=45
ROM[roms/Asteroid2/035145-02.ef2] Addr=6F2D Value=7D
ROM[roms/Asteroid2/035145-02.ef2] Addr=6F2E Value=A9
ROM[roms/Asteroid2/035145-02.ef2] Addr=6F2F Value=01
ROM[roms/Asteroid2/035145-02.ef2] Addr=6F30 Value=A2
ROM[roms/Asteroid2/035145-02.ef2] Addr=6F31 Value=F8
ROM[roms/Asteroid2/035145-02.ef2] Addr=6F32 Value=4C
ROM[roms/Asteroid2/035145-02.ef2] Addr=6F33 Value=45
ROM[roms/Asteroid2/035145-02.ef2] Addr=6F34 Value=7D
ROM[roms/Asteroid2/035145-02.ef2] Addr=6F35 Value=BE
ROM[roms/Asteroid2/035145-02.ef2] Addr=6F36 Value=D5
ROM[roms/Asteroid2/035145-02.ef2] Addr=6F37 Value=56
ROM[roms/Asteroid2/035145-02.ef2] Addr=6F38 Value=B9
ROM[roms/Asteroid2/035145-02.ef2] Addr=6F39 Value=D4
ROM[roms/Asteroid2/035145-02.ef2] Addr=6F3A Value=56
ROM[roms/Asteroid2/035145-02.ef2] Addr=6F3B Value=4C
ROM[roms/Asteroid2/035145-02.ef2] Addr=6F3C Value=45
ROM[roms/Asteroid2/035145-02.ef2] Addr=6F3D Value=7D
ROM[roms/Asteroid2/035145-02.ef2] Addr=6F3E Value=F0
ROM[roms/Asteroid2/035145-02.ef2] Addr=6F3F Value=16
ROM[roms/Asteroid2/035145-02.ef2] Addr=6F40 Value=84
ROM[roms/Asteroid2/035145-02.ef2] Addr=6F41 Value=08
ROM[roms/Asteroid2/035145-02.ef2] Addr=6F42 Value=A2
ROM[roms/Asteroid2/035145-02.ef2] Addr=6F43 Value=D5
ROM[roms/Asteroid2/035145-02.ef2] Addr=6F44 Value=A0
ROM[roms/Asteroid2/035145-02.ef2] Addr=6F45 Value=E0
ROM[roms/Asteroid2/035145-02.ef2] Addr=6F46 Value=84
ROM[roms/Asteroid2/035145-02.ef2] Addr=6F47 Value=00
ROM[roms/Asteroid2/035145-02.ef2] Addr=6F48 Value=20
ROM[roms/Asteroid2/035145-02.ef2] Addr=6F49 Value=03
ROM[roms/Asteroid2/035145-02.ef2] Addr=6F4A Value=7C
ROM[roms/Asteroid2/035145-02.ef2] Addr=6F4B Value=A2
ROM[roms/Asteroid2/035145-02.ef2] Addr=6F4C Value=DA
ROM[roms/Asteroid2/035145-02.ef2] Addr=6F4D Value=A9
ROM[roms/Asteroid2/035145-02.ef2] Addr=6F4E Value=54
ROM[roms/Asteroid2/035145-02.ef2] Addr=6F4F Value=20
ROM[roms/Asteroid2/035145-02.ef2] Addr=6F50 Value=FC
ROM[roms/Asteroid2/035145-02.ef2] Addr=6F51 Value=7B
ROM[roms/Asteroid2/035145-02.ef2] Addr=6F52 Value=C6
ROM[roms/Asteroid2/035145-02.ef2] Addr=6F53 Value=08
ROM[roms/Asteroid2/035145-02.ef2] Addr=6F54 Value=D0
ROM[roms/Asteroid2/035145-02.ef2] Addr=6F55 Value=F5
ROM[roms/Asteroid2/035145-02.ef2] Addr=6F56 Value=60
ROM[roms/Asteroid2/035145-02.ef2] Addr=6F57 Value=A2
ROM[roms/Asteroid2/035145-02.ef2] Addr=6F58 Value=22
ROM[roms/Asteroid2/035145-02.ef2] Addr=6F59 Value=BD
ROM[roms/Asteroid2/035145-02.ef2] Addr=6F5A Value=00
ROM[roms/Asteroid2/035145-02.ef2] Addr=6F5B Value=02
ROM[roms/Asteroid2/035145-02.ef2] Addr=6F5C Value=D0
ROM[roms/Asteroid2/035145-02.ef2] Addr=6F5D Value=04
ROM[roms/Asteroid2/035145-02.ef2] Addr=6F5E Value=CA
ROM[roms/Asteroid2/035145-02.ef2] Addr=6F5F Value=10
ROM[roms/Asteroid2/035145-02.ef2] Addr=6F60 Value=F8
ROM[roms/Asteroid2/035145-02.ef2] Addr=6F61 Value=60
ROM[roms/Asteroid2/035145-02.ef2] Addr=6F62 Value=10
ROM[roms/Asteroid2/035145-02.ef2] Addr=6F63 Value=63
ROM[roms/Asteroid2/035145-02.ef2] Addr=6F64 Value=20
ROM[roms/Asteroid2/035145-02.ef2] Addr=6F65 Value=08
ROM[roms/Asteroid2/035145-02.ef2] Addr=6F66 Value=77
ROM[roms/Asteroid2/035145-02.ef2] Addr=6F67 Value=4A
ROM[roms/Asteroid2/035145-02.ef2] Addr=6F68 Value=4A
ROM[roms/Asteroid2/035145-02.ef2] Addr=6F69 Value=4A
ROM[roms/Asteroid2/035145-02.ef2] Addr=6F6A Value=4A
ROM[roms/Asteroid2/035145-02.ef2] Addr=6F6B Value=E0
ROM[roms/Asteroid2/035145-02.ef2] Addr=6F6C Value=1B
ROM[roms/Asteroid2/035145-02.ef2] Addr=6F6D Value=D0
ROM[roms/Asteroid2/035145-02.ef2] Addr=6F6E Value=07
ROM[roms/Asteroid2/035145-02.ef2] Addr=6F6F Value=A5
ROM[roms/Asteroid2/035145-02.ef2] Addr=6F70 Value=5C
ROM[roms/Asteroid2/035145-02.ef2] Addr=6F71 Value=29
ROM[roms/Asteroid2/035145-02.ef2] Addr=6F72 Value=01
ROM[roms/Asteroid2/035145-02.ef2] Addr=6F73 Value=4A
ROM[roms/Asteroid2/035145-02.ef2] Addr=6F74 Value=F0
ROM[roms/Asteroid2/035145-02.ef2] Addr=6F75 Value=01
ROM[roms/Asteroid2/035145-02.ef2] Addr=6F76 Value=38
ROM[roms/Asteroid2/035145-02.ef2] Addr=6F77 Value=7D
ROM[roms/Asteroid2/035145-02.ef2] Addr=6F78 Value=00
ROM[roms/Asteroid2/035145-02.ef2] Addr=6F79 Value=02
ROM[roms/Asteroid2/035145-02.ef2] Addr=6F7A Value=30
ROM[roms/Asteroid2/035145-02.ef2] Addr=6F7B Value=25
ROM[roms/Asteroid2/035145-02.ef2] Addr=6F7C Value=E0
ROM[roms/Asteroid2/035145-02.ef2] Addr=6F7D Value=1B
ROM[roms/Asteroid2/035145-02.ef2] Addr=6F7E Value=F0
ROM[roms/Asteroid2/035145-02.ef2] Addr=6F7F Value=13
ROM[roms/Asteroid2/035145-02.ef2] Addr=6F80 Value=B0
ROM[roms/Asteroid2/035145-02.ef2] Addr=6F81 Value=17
ROM[roms/Asteroid2/035145-02.ef2] Addr=6F82 Value=CE
ROM[roms/Asteroid2/035145-02.ef2] Addr=6F83 Value=F6
ROM[roms/Asteroid2/035145-02.ef2] Addr=6F84 Value=02
ROM[roms/Asteroid2/035145-02.ef2] Addr=6F85 Value=D0
ROM[roms/Asteroid2/035145-02.ef2] Addr=6F86 Value=05
ROM[roms/Asteroid2/035145-02.ef2] Addr=6F87 Value=A0
ROM[roms/Asteroid2/035145-02.ef2] Addr=6F88 Value=7F
ROM[roms/Asteroid2/035145-02.ef2] Addr=6F89 Value=8C
ROM[roms/Asteroid2/035145-02.ef2] Addr=6F8A Value=FB
ROM[roms/Asteroid2/035145-02.ef2] Addr=6F8B Value=02
ROM[roms/Asteroid2/035145-02.ef2] Addr=6F8C Value=A9
ROM[roms/Asteroid2/035145-02.ef2] Addr=6F8D Value=00
ROM[roms/Asteroid2/035145-02.ef2] Addr=6F8E Value=9D
ROM[roms/Asteroid2/035145-02.ef2] Addr=6F8F Value=00
ROM[roms/Asteroid2/035145-02.ef2] Addr=6F90 Value=02
ROM[roms/Asteroid2/035145-02.ef2] Addr=6F91 Value=F0
ROM[roms/Asteroid2/035145-02.ef2] Addr=6F92 Value=CB
ROM[roms/Asteroid2/035145-02.ef2] Addr=6F93 Value=20
ROM[roms/Asteroid2/035145-02.ef2] Addr=6F94 Value=E8
ROM[roms/Asteroid2/035145-02.ef2] Addr=6F95 Value=71
ROM[roms/Asteroid2/035145-02.ef2] Addr=6F96 Value=4C
ROM[roms/Asteroid2/035145-02.ef2] Addr=6F97 Value=8C
ROM[roms/Asteroid2/035145-02.ef2] Addr=6F98 Value=6F
ROM[roms/Asteroid2/035145-02.ef2] Addr=6F99 Value=AD
ROM[roms/Asteroid2/035145-02.ef2] Addr=6F9A Value=F8
ROM[roms/Asteroid2/035145-02.ef2] Addr=6F9B Value=02
ROM[roms/Asteroid2/035145-02.ef2] Addr=6F9C Value=8D
ROM[roms/Asteroid2/035145-02.ef2] Addr=6F9D Value=F7
ROM[roms/Asteroid2/035145-02.ef2] Addr=6F9E Value=02
ROM[roms/Asteroid2/035145-02.ef2] Addr=6F9F Value=D0
ROM[roms/Asteroid2/035145-02.ef2] Addr=6FA0 Value=EB
ROM[roms/Asteroid2/035145-02.ef2] Addr=6FA1 Value=9D
ROM[roms/Asteroid2/035145-02.ef2] Addr=6FA2 Value=00
ROM[roms/Asteroid2/035145-02.ef2] Addr=6FA3 Value=02
ROM[roms/Asteroid2/035145-02.ef2] Addr=6FA4 Value=29
ROM[roms/Asteroid2/035145-02.ef2] Addr=6FA5 Value=F0
ROM[roms/Asteroid2/035145-02.ef2] Addr=6FA6 Value=18
ROM[roms/Asteroid2/035145-02.ef2] Addr=6FA7 Value=69
ROM[roms/Asteroid2/035145-02.ef2] Addr=6FA8 Value=10
ROM[roms/Asteroid2/035145-02.ef2] Addr=6FA9 Value=E0
ROM[roms/Asteroid2/035145-02.ef2] Addr=6FAA Value=1B
ROM[roms/Asteroid2/035145-02.ef2] Addr=6FAB Value=D0
ROM[roms/Asteroid2/035145-02.ef2] Addr=6FAC Value=02
ROM[roms/Asteroid2/035145-02.ef2] Addr=6FAD Value=A9
ROM[roms/Asteroid2/035145-02.ef2] Addr=6FAE Value=00
ROM[roms/Asteroid2/035145-02.ef2] Addr=6FAF Value=A8
ROM[roms/Asteroid2/035145-02.ef2] Addr=6FB0 Value=BD
ROM[roms/Asteroid2/035145-02.ef2] Addr=6FB1 Value=AF
ROM[roms/Asteroid2/035145-02.ef2] Addr=6FB2 Value=02
ROM[roms/Asteroid2/035145-02.ef2] Addr=6FB3 Value=85
ROM[roms/Asteroid2/035145-02.ef2] Addr=6FB4 Value=04
ROM[roms/Asteroid2/035145-02.ef2] Addr=6FB5 Value=BD
ROM[roms/Asteroid2/035145-02.ef2] Addr=6FB6 Value=69
ROM[roms/Asteroid2/035145-02.ef2] Addr=6FB7 Value=02
ROM[roms/Asteroid2/035145-02.ef2] Addr=6FB8 Value=85
ROM[roms/Asteroid2/035145-02.ef2] Addr=6FB9 Value=05
ROM[roms/Asteroid2/035145-02.ef2] Addr=6FBA Value=BD
ROM[roms/Asteroid2/035145-02.ef2] Addr=6FBB Value=D2
ROM[roms/Asteroid2/035145-02.ef2] Addr=6FBC Value=02
ROM[roms/Asteroid2/035145-02.ef2] Addr=6FBD Value=85
ROM[roms/Asteroid2/035145-02.ef2] Addr=6FBE Value=06
ROM[roms/Asteroid2/035145-02.ef2] Addr=6FBF Value=BD
ROM[roms/Asteroid2/035145-02.ef2] Addr=6FC0 Value=8C
ROM[roms/Asteroid2/035145-02.ef2] Addr=6FC1 Value=02
ROM[roms/Asteroid2/035145-02.ef2] Addr=6FC2 Value=85
ROM[roms/Asteroid2/035145-02.ef2] Addr=6FC3 Value=07
ROM[roms/Asteroid2/035145-02.ef2] Addr=6FC4 Value=4C
ROM[roms/Asteroid2/035145-02.ef2] Addr=6FC5 Value=27
ROM[roms/Asteroid2/035145-02.ef2] Addr=6FC6 Value=70
ROM[roms/Asteroid2/035145-02.ef2] Addr=6FC7 Value=18
ROM[roms/Asteroid2/035145-02.ef2] Addr=6FC8 Value=A0
ROM[roms/Asteroid2/035145-02.ef2] Addr=6FC9 Value=00
ROM[roms/Asteroid2/035145-02.ef2] Addr=6FCA Value=BD
ROM[roms/Asteroid2/035145-02.ef2] Addr=6FCB Value=23
ROM[roms/Asteroid2/035145-02.ef2] Addr=6FCC Value=02
ROM[roms/Asteroid2/035145-02.ef2] Addr=6FCD Value=10
ROM[roms/Asteroid2/035145-02.ef2] Addr=6FCE Value=01
ROM[roms/Asteroid2/035145-02.ef2] Addr=6FCF Value=88
ROM[roms/Asteroid2/035145-02.ef2] Addr=6FD0 Value=7D
ROM[roms/Asteroid2/035145-02.ef2] Addr=6FD1 Value=AF
ROM[roms/Asteroid2/035145-02.ef2] Addr=6FD2 Value=02
ROM[roms/Asteroid2/035145-02.ef2] Addr=6FD3 Value=9D
ROM[roms/Asteroid2/035145-02.ef2] Addr=6FD4 Value=AF
ROM[roms/Asteroid2/035145-02.ef2] Addr=6FD5 Value=02
ROM[roms/Asteroid2/035145-02.ef2] Addr=6FD6 Value=85
ROM[roms/Asteroid2/035145-02.ef2] Addr=6FD7 Value=04
ROM[roms/Asteroid2/035145-02.ef2] Addr=6FD8 Value=98
ROM[roms/Asteroid2/035145-02.ef2] Addr=6FD9 Value=7D
ROM[roms/Asteroid2/035145-02.ef2] Addr=6FDA Value=69
ROM[roms/Asteroid2/035145-02.ef2] Addr=6FDB Value=02
ROM[roms/Asteroid2/035145-02.ef2] Addr=6FDC Value=C9
ROM[roms/Asteroid2/035145-02.ef2] Addr=6FDD Value=20
ROM[roms/Asteroid2/035145-02.ef2] Addr=6FDE Value=90
ROM[roms/Asteroid2/035145-02.ef2] Addr=6FDF Value=0C
ROM[roms/Asteroid2/035145-02.ef2] Addr=6FE0 Value=29
ROM[roms/Asteroid2/035145-02.ef2] Addr=6FE1 Value=1F
ROM[roms/Asteroid2/035145-02.ef2] Addr=6FE2 Value=E0
ROM[roms/Asteroid2/035145-02.ef2] Addr=6FE3 Value=1C
ROM[roms/Asteroid2/035145-02.ef2] Addr=6FE4 Value=D0
ROM[roms/Asteroid2/035145-02.ef2] Addr=6FE5 Value=06
ROM[roms/Asteroid2/035145-02.ef2] Addr=6FE6 Value=20
ROM[roms/Asteroid2/035145-02.ef2] Addr=6FE7 Value=2D
ROM[roms/Asteroid2/035145-02.ef2] Addr=6FE8 Value=70
ROM[roms/Asteroid2/035145-02.ef2] Addr=6FE9 Value=4C
ROM[roms/Asteroid2/035145-02.ef2] Addr=6FEA Value=5E
ROM[roms/Asteroid2/035145-02.ef2] Addr=6FEB Value=6F
ROM[roms/Asteroid2/035145-02.ef2] Addr=6FEC Value=9D
ROM[roms/Asteroid2/035145-02.ef2] Addr=6FED Value=69
ROM[roms/Asteroid2/035145-02.ef2] Addr=6FEE Value=02
ROM[roms/Asteroid2/035145-02.ef2] Addr=6FEF Value=85
ROM[roms/Asteroid2/035145-02.ef2] Addr=6FF0 Value=05
ROM[roms/Asteroid2/035145-02.ef2] Addr=6FF1 Value=18
ROM[roms/Asteroid2/035145-02.ef2] Addr=6FF2 Value=A0
ROM[roms/Asteroid2/035145-02.ef2] Addr=6FF3 Value=00
ROM[roms/Asteroid2/035145-02.ef2] Addr=6FF4 Value=BD
ROM[roms/Asteroid2/035145-02.ef2] Addr=6FF5 Value=46
ROM[roms/Asteroid2/035145-02.ef2] Addr=6FF6 Value=02
ROM[roms/Asteroid2/035145-02.ef2] Addr=6FF7 Value=10
ROM[roms/Asteroid2/035145-02.ef2] Addr=6FF8 Value=02
ROM[roms/Asteroid2/035145-02.ef2] Addr=6FF9 Value=A0
ROM[roms/Asteroid2/035145-02.ef2] Addr=6FFA Value=FF
ROM[roms/Asteroid2/035145-02.ef2] Addr=6FFB Value=7D
ROM[roms/Asteroid2/035145-02.ef2] Addr=6FFC Value=D2
ROM[roms/Asteroid2/035145-02.ef2] Addr=6FFD Value=02
ROM[roms/Asteroid2/035145-02.ef2] Addr=6FFE Value=9D
ROM[roms/Asteroid2/035145-02.ef2] Addr=6FFF Value=D2
ROM[roms/Asteroid2/035144-02.h2] Addr=7000 Value=02
ROM[roms/Asteroid2/035144-02.h2] Addr=7001 Value=85
ROM[roms/Asteroid2/035144-02.h2] Addr=7002 Value=06
ROM[roms/Asteroid2/035144-02.h2] Addr=7003 Value=98
ROM[roms/Asteroid2/035144-02.h2] Addr=7004 Value=7D
ROM[roms/Asteroid2/035144-02.h2] Addr=7005 Value=8C
ROM[roms/Asteroid2/035144-02.h2] Addr=7006 Value=02
ROM[roms/Asteroid2/035144-02.h2] Addr=7007 Value=C9
ROM[roms/Asteroid2/035144-02.h2] Addr=7008 Value=18
ROM[roms/Asteroid2/035144-02.h2] Addr=7009 Value=90
ROM[roms/Asteroid2/035144-02.h2] Addr=700A Value=08
ROM[roms/Asteroid2/035144-02.h2] Addr=700B Value=F0
ROM[roms/Asteroid2/035144-02.h2] Addr=700C Value=04
ROM[roms/Asteroid2/035144-02.h2] Addr=700D Value=A9
ROM[roms/Asteroid2/035144-02.h2] Addr=700E Value=17
ROM[roms/Asteroid2/035144-02.h2] Addr=700F Value=D0
ROM[roms/Asteroid2/035144-02.h2] Addr=7010 Value=02
ROM[roms/Asteroid2/035144-02.h2] Addr=7011 Value=A9
ROM[roms/Asteroid2/035144-02.h2] Addr=7012 Value=00
ROM[roms/Asteroid2/035144-02.h2] Addr=7013 Value=9D
ROM[roms/Asteroid2/035144-02.h2] Addr=7014 Value=8C
ROM[roms/Asteroid2/035144-02.h2] Addr=7015 Value=02
ROM[roms/Asteroid2/035144-02.h2] Addr=7016 Value=85
ROM[roms/Asteroid2/035144-02.h2] Addr=7017 Value=07
ROM[roms/Asteroid2/035144-02.h2] Addr=7018 Value=BD
ROM[roms/Asteroid2/035144-02.h2] Addr=7019 Value=00
ROM[roms/Asteroid2/035144-02.h2] Addr=701A Value=02
ROM[roms/Asteroid2/035144-02.h2] Addr=701B Value=A0
ROM[roms/Asteroid2/035144-02.h2] Addr=701C Value=E0
ROM[roms/Asteroid2/035144-02.h2] Addr=701D Value=4A
ROM[roms/Asteroid2/035144-02.h2] Addr=701E Value=B0
ROM[roms/Asteroid2/035144-02.h2] Addr=701F Value=07
ROM[roms/Asteroid2/035144-02.h2] Addr=7020 Value=A0
ROM[roms/Asteroid2/035144-02.h2] Addr=7021 Value=F0
ROM[roms/Asteroid2/035144-02.h2] Addr=7022 Value=4A
ROM[roms/Asteroid2/035144-02.h2] Addr=7023 Value=B0
ROM[roms/Asteroid2/035144-02.h2] Addr=7024 Value=02
ROM[roms/Asteroid2/035144-02.h2] Addr=7025 Value=A0
ROM[roms/Asteroid2/035144-02.h2] Addr=7026 Value=00
ROM[roms/Asteroid2/035144-02.h2] Addr=7027 Value=20
ROM[roms/Asteroid2/035144-02.h2] Addr=7028 Value=FE
ROM[roms/Asteroid2/035144-02.h2] Addr=7029 Value=72
ROM[roms/Asteroid2/035144-02.h2] Addr=702A Value=4C
ROM[roms/Asteroid2/035144-02.h2] Addr=702B Value=5E
ROM[roms/Asteroid2/035144-02.h2] Addr=702C Value=6F
ROM[roms/Asteroid2/035144-02.h2] Addr=702D Value=AD
ROM[roms/Asteroid2/035144-02.h2] Addr=702E Value=F8
ROM[roms/Asteroid2/035144-02.h2] Addr=702F Value=02
ROM[roms/Asteroid2/035144-02.h2] Addr=7030 Value=8D
ROM[roms/Asteroid2/035144-02.h2] Addr=7031 Value=F7
ROM[roms/Asteroid2/035144-02.h2] Addr=7032 Value=02
ROM[roms/Asteroid2/035144-02.h2] Addr=7033 Value=A9
ROM[roms/Asteroid2/035144-02.h2] Addr=7034 Value=00
ROM[roms/Asteroid2/035144-02.h2] Addr=7035 Value=8D
ROM[roms/Asteroid2/035144-02.h2] Addr=7036 Value=1C
ROM[roms/Asteroid2/035144-02.h2] Addr=7037 Value=02
ROM[roms/Asteroid2/035144-02.h2] Addr=7038 Value=8D
ROM[roms/Asteroid2/035144-02.h2] Addr=7039 Value=3F
ROM[roms/Asteroid2/035144-02.h2] Addr=703A Value=02
ROM[roms/Asteroid2/035144-02.h2] Addr=703B Value=8D
ROM[roms/Asteroid2/035144-02.h2] Addr=703C Value=62
ROM[roms/Asteroid2/035144-02.h2] Addr=703D Value=02
ROM[roms/Asteroid2/035144-02.h2] Addr=703E Value=60
ROM[roms/Asteroid2/035144-02.h2] Addr=703F Value=A5
ROM[roms/Asteroid2/035144-02.h2] Addr=7040 Value=1C
ROM[roms/Asteroid2/035144-02.h2] Addr=7041 Value=F0
ROM[roms/Asteroid2/035144-02.h2] Addr=7042 Value=42
ROM[roms/Asteroid2/035144-02.h2] Addr=7043 Value=AD
ROM[roms/Asteroid2/035144-02.h2] Addr=7044 Value=1B
ROM[roms/Asteroid2/035144-02.h2] Addr=7045 Value=02
ROM[roms/Asteroid2/035144-02.h2] Addr=7046 Value=30
ROM[roms/Asteroid2/035144-02.h2] Addr=7047 Value=3D
ROM[roms/Asteroid2/035144-02.h2] Addr=7048 Value=AD
ROM[roms/Asteroid2/035144-02.h2] Addr=7049 Value=FA
ROM[roms/Asteroid2/035144-02.h2] Addr=704A Value=02
ROM[roms/Asteroid2/035144-02.h2] Addr=704B Value=F0
ROM[roms/Asteroid2/035144-02.h2] Addr=704C Value=39
ROM[roms/Asteroid2/035144-02.h2] Addr=704D Value=CE
ROM[roms/Asteroid2/035144-02.h2] Addr=704E Value=FA
ROM[roms/Asteroid2/035144-02.h2] Addr=704F Value=02
ROM[roms/Asteroid2/035144-02.h2] Addr=7050 Value=D0
ROM[roms/Asteroid2/035144-02.h2] Addr=7051 Value=33
ROM[roms/Asteroid2/035144-02.h2] Addr=7052 Value=A4
ROM[roms/Asteroid2/035144-02.h2] Addr=7053 Value=59
ROM[roms/Asteroid2/035144-02.h2] Addr=7054 Value=30
ROM[roms/Asteroid2/035144-02.h2] Addr=7055 Value=19
ROM[roms/Asteroid2/035144-02.h2] Addr=7056 Value=D0
ROM[roms/Asteroid2/035144-02.h2] Addr=7057 Value=10
ROM[roms/Asteroid2/035144-02.h2] Addr=7058 Value=20
ROM[roms/Asteroid2/035144-02.h2] Addr=7059 Value=39
ROM[roms/Asteroid2/035144-02.h2] Addr=705A Value=71
ROM[roms/Asteroid2/035144-02.h2] Addr=705B Value=D0
ROM[roms/Asteroid2/035144-02.h2] Addr=705C Value=24
ROM[roms/Asteroid2/035144-02.h2] Addr=705D Value=AC
ROM[roms/Asteroid2/035144-02.h2] Addr=705E Value=1C
ROM[roms/Asteroid2/035144-02.h2] Addr=705F Value=02
ROM[roms/Asteroid2/035144-02.h2] Addr=7060 Value=F0
ROM[roms/Asteroid2/035144-02.h2] Addr=7061 Value=06
ROM[roms/Asteroid2/035144-02.h2] Addr=7062 Value=A0
ROM[roms/Asteroid2/035144-02.h2] Addr=7063 Value=02
ROM[roms/Asteroid2/035144-02.h2] Addr=7064 Value=8C
ROM[roms/Asteroid2/035144-02.h2] Addr=7065 Value=FA
ROM[roms/Asteroid2/035144-02.h2] Addr=7066 Value=02
ROM[roms/Asteroid2/035144-02.h2] Addr=7067 Value=60
ROM[roms/Asteroid2/035144-02.h2] Addr=7068 Value=A9
ROM[roms/Asteroid2/035144-02.h2] Addr=7069 Value=01
ROM[roms/Asteroid2/035144-02.h2] Addr=706A Value=8D
ROM[roms/Asteroid2/035144-02.h2] Addr=706B Value=1B
ROM[roms/Asteroid2/035144-02.h2] Addr=706C Value=02
ROM[roms/Asteroid2/035144-02.h2] Addr=706D Value=D0
ROM[roms/Asteroid2/035144-02.h2] Addr=706E Value=12
ROM[roms/Asteroid2/035144-02.h2] Addr=706F Value=A9
ROM[roms/Asteroid2/035144-02.h2] Addr=7070 Value=A0
ROM[roms/Asteroid2/035144-02.h2] Addr=7071 Value=8D
ROM[roms/Asteroid2/035144-02.h2] Addr=7072 Value=1B
ROM[roms/Asteroid2/035144-02.h2] Addr=7073 Value=02
ROM[roms/Asteroid2/035144-02.h2] Addr=7074 Value=A2
ROM[roms/Asteroid2/035144-02.h2] Addr=7075 Value=3E
ROM[roms/Asteroid2/035144-02.h2] Addr=7076 Value=86
ROM[roms/Asteroid2/035144-02.h2] Addr=7077 Value=69
ROM[roms/Asteroid2/035144-02.h2] Addr=7078 Value=A6
ROM[roms/Asteroid2/035144-02.h2] Addr=7079 Value=18
ROM[roms/Asteroid2/035144-02.h2] Addr=707A Value=D6
ROM[roms/Asteroid2/035144-02.h2] Addr=707B Value=57
ROM[roms/Asteroid2/035144-02.h2] Addr=707C Value=A9
ROM[roms/Asteroid2/035144-02.h2] Addr=707D Value=81
ROM[roms/Asteroid2/035144-02.h2] Addr=707E Value=8D
ROM[roms/Asteroid2/035144-02.h2] Addr=707F Value=FA
ROM[roms/Asteroid2/035144-02.h2] Addr=7080 Value=02
ROM[roms/Asteroid2/035144-02.h2] Addr=7081 Value=A9
ROM[roms/Asteroid2/035144-02.h2] Addr=7082 Value=00
ROM[roms/Asteroid2/035144-02.h2] Addr=7083 Value=85
ROM[roms/Asteroid2/035144-02.h2] Addr=7084 Value=59
ROM[roms/Asteroid2/035144-02.h2] Addr=7085 Value=60
ROM[roms/Asteroid2/035144-02.h2] Addr=7086 Value=AD
ROM[roms/Asteroid2/035144-02.h2] Addr=7087 Value=07
ROM[roms/Asteroid2/035144-02.h2] Addr=7088 Value=24
ROM[roms/Asteroid2/035144-02.h2] Addr=7089 Value=10
ROM[roms/Asteroid2/035144-02.h2] Addr=708A Value=04
ROM[roms/Asteroid2/035144-02.h2] Addr=708B Value=A9
ROM[roms/Asteroid2/035144-02.h2] Addr=708C Value=03
ROM[roms/Asteroid2/035144-02.h2] Addr=708D Value=D0
ROM[roms/Asteroid2/035144-02.h2] Addr=708E Value=07
ROM[roms/Asteroid2/035144-02.h2] Addr=708F Value=AD
ROM[roms/Asteroid2/035144-02.h2] Addr=7090 Value=06
ROM[roms/Asteroid2/035144-02.h2] Addr=7091 Value=24
ROM[roms/Asteroid2/035144-02.h2] Addr=7092 Value=10
ROM[roms/Asteroid2/035144-02.h2] Addr=7093 Value=07
ROM[roms/Asteroid2/035144-02.h2] Addr=7094 Value=A9
ROM[roms/Asteroid2/035144-02.h2] Addr=7095 Value=FD
ROM[roms/Asteroid2/035144-02.h2] Addr=7096 Value=18
ROM[roms/Asteroid2/035144-02.h2] Addr=7097 Value=65
ROM[roms/Asteroid2/035144-02.h2] Addr=7098 Value=61
ROM[roms/Asteroid2/035144-02.h2] Addr=7099 Value=85
ROM[roms/Asteroid2/035144-02.h2] Addr=709A Value=61
ROM[roms/Asteroid2/035144-02.h2] Addr=709B Value=A5
ROM[roms/Asteroid2/035144-02.h2] Addr=709C Value=5C
ROM[roms/Asteroid2/035144-02.h2] Addr=709D Value=4A
ROM[roms/Asteroid2/035144-02.h2] Addr=709E Value=B0
ROM[roms/Asteroid2/035144-02.h2] Addr=709F Value=E5
ROM[roms/Asteroid2/035144-02.h2] Addr=70A0 Value=AD
ROM[roms/Asteroid2/035144-02.h2] Addr=70A1 Value=05
ROM[roms/Asteroid2/035144-02.h2] Addr=70A2 Value=24
ROM[roms/Asteroid2/035144-02.h2] Addr=70A3 Value=10
ROM[roms/Asteroid2/035144-02.h2] Addr=70A4 Value=3C
ROM[roms/Asteroid2/035144-02.h2] Addr=70A5 Value=A9
ROM[roms/Asteroid2/035144-02.h2] Addr=70A6 Value=80
ROM[roms/Asteroid2/035144-02.h2] Addr=70A7 Value=8D
ROM[roms/Asteroid2/035144-02.h2] Addr=70A8 Value=03
ROM[roms/Asteroid2/035144-02.h2] Addr=70A9 Value=3C
ROM[roms/Asteroid2/035144-02.h2] Addr=70AA Value=A0
ROM[roms/Asteroid2/035144-02.h2] Addr=70AB Value=00
ROM[roms/Asteroid2/035144-02.h2] Addr=70AC Value=A5
ROM[roms/Asteroid2/035144-02.h2] Addr=70AD Value=61
ROM[roms/Asteroid2/035144-02.h2] Addr=70AE Value=20
ROM[roms/Asteroid2/035144-02.h2] Addr=70AF Value=D2
ROM[roms/Asteroid2/035144-02.h2] Addr=70B0 Value=77
ROM[roms/Asteroid2/035144-02.h2] Addr=70B1 Value=10
ROM[roms/Asteroid2/035144-02.h2] Addr=70B2 Value=01
ROM[roms/Asteroid2/035144-02.h2] Addr=70B3 Value=88
ROM[roms/Asteroid2/035144-02.h2] Addr=70B4 Value=0A
ROM[roms/Asteroid2/035144-02.h2] Addr=70B5 Value=18
ROM[roms/Asteroid2/035144-02.h2] Addr=70B6 Value=65
ROM[roms/Asteroid2/035144-02.h2] Addr=70B7 Value=64
ROM[roms/Asteroid2/035144-02.h2] Addr=70B8 Value=AA
ROM[roms/Asteroid2/035144-02.h2] Addr=70B9 Value=98
ROM[roms/Asteroid2/035144-02.h2] Addr=70BA Value=6D
ROM[roms/Asteroid2/035144-02.h2] Addr=70BB Value=3E
ROM[roms/Asteroid2/035144-02.h2] Addr=70BC Value=02
ROM[roms/Asteroid2/035144-02.h2] Addr=70BD Value=20
ROM[roms/Asteroid2/035144-02.h2] Addr=70BE Value=25
ROM[roms/Asteroid2/035144-02.h2] Addr=70BF Value=71
ROM[roms/Asteroid2/035144-02.h2] Addr=70C0 Value=8D
ROM[roms/Asteroid2/035144-02.h2] Addr=70C1 Value=3E
ROM[roms/Asteroid2/035144-02.h2] Addr=70C2 Value=02
ROM[roms/Asteroid2/035144-02.h2] Addr=70C3 Value=86
ROM[roms/Asteroid2/035144-02.h2] Addr=70C4 Value=64
ROM[roms/Asteroid2/035144-02.h2] Addr=70C5 Value=A0
ROM[roms/Asteroid2/035144-02.h2] Addr=70C6 Value=00
ROM[roms/Asteroid2/035144-02.h2] Addr=70C7 Value=A5
ROM[roms/Asteroid2/035144-02.h2] Addr=70C8 Value=61
ROM[roms/Asteroid2/035144-02.h2] Addr=70C9 Value=20
ROM[roms/Asteroid2/035144-02.h2] Addr=70CA Value=D5
ROM[roms/Asteroid2/035144-02.h2] Addr=70CB Value=77
ROM[roms/Asteroid2/035144-02.h2] Addr=70CC Value=10
ROM[roms/Asteroid2/035144-02.h2] Addr=70CD Value=01
ROM[roms/Asteroid2/035144-02.h2] Addr=70CE Value=88
ROM[roms/Asteroid2/035144-02.h2] Addr=70CF Value=0A
ROM[roms/Asteroid2/035144-02.h2] Addr=70D0 Value=18
ROM[roms/Asteroid2/035144-02.h2] Addr=70D1 Value=65
ROM[roms/Asteroid2/035144-02.h2] Addr=70D2 Value=65
ROM[roms/Asteroid2/035144-02.h2] Addr=70D3 Value=AA
ROM[roms/Asteroid2/035144-02.h2] Addr=70D4 Value=98
ROM[roms/Asteroid2/035144-02.h2] Addr=70D5 Value=6D
ROM[roms/Asteroid2/035144-02.h2] Addr=70D6 Value=61
ROM[roms/Asteroid2/035144-02.h2] Addr=70D7 Value=02
ROM[roms/Asteroid2/035144-02.h2] Addr=70D8 Value=20
ROM[roms/Asteroid2/035144-02.h2] Addr=70D9 Value=25
ROM[roms/Asteroid2/035144-02.h2] Addr=70DA Value=71
ROM[roms/Asteroid2/035144-02.h2] Addr=70DB Value=8D
ROM[roms/Asteroid2/035144-02.h2] Addr=70DC Value=61
ROM[roms/Asteroid2/035144-02.h2] Addr=70DD Value=02
ROM[roms/Asteroid2/035144-02.h2] Addr=70DE Value=86
ROM[roms/Asteroid2/035144-02.h2] Addr=70DF Value=65
ROM[roms/Asteroid2/035144-02.h2] Addr=70E0 Value=60
ROM[roms/Asteroid2/035144-02.h2] Addr=70E1 Value=A9
ROM[roms/Asteroid2/035144-02.h2] Addr=70E2 Value=00
ROM[roms/Asteroid2/035144-02.h2] Addr=70E3 Value=8D
ROM[roms/Asteroid2/035144-02.h2] Addr=70E4 Value=03
ROM[roms/Asteroid2/035144-02.h2] Addr=70E5 Value=3C
ROM[roms/Asteroid2/035144-02.h2] Addr=70E6 Value=AD
ROM[roms/Asteroid2/035144-02.h2] Addr=70E7 Value=3E
ROM[roms/Asteroid2/035144-02.h2] Addr=70E8 Value=02
ROM[roms/Asteroid2/035144-02.h2] Addr=70E9 Value=05
ROM[roms/Asteroid2/035144-02.h2] Addr=70EA Value=64
ROM[roms/Asteroid2/035144-02.h2] Addr=70EB Value=F0
ROM[roms/Asteroid2/035144-02.h2] Addr=70EC Value=18
ROM[roms/Asteroid2/035144-02.h2] Addr=70ED Value=AD
ROM[roms/Asteroid2/035144-02.h2] Addr=70EE Value=3E
ROM[roms/Asteroid2/035144-02.h2] Addr=70EF Value=02
ROM[roms/Asteroid2/035144-02.h2] Addr=70F0 Value=0A
ROM[roms/Asteroid2/035144-02.h2] Addr=70F1 Value=A2
ROM[roms/Asteroid2/035144-02.h2] Addr=70F2 Value=FF
ROM[roms/Asteroid2/035144-02.h2] Addr=70F3 Value=18
ROM[roms/Asteroid2/035144-02.h2] Addr=70F4 Value=49
ROM[roms/Asteroid2/035144-02.h2] Addr=70F5 Value=FF
ROM[roms/Asteroid2/035144-02.h2] Addr=70F6 Value=30
ROM[roms/Asteroid2/035144-02.h2] Addr=70F7 Value=02
ROM[roms/Asteroid2/035144-02.h2] Addr=70F8 Value=E8
ROM[roms/Asteroid2/035144-02.h2] Addr=70F9 Value=38
ROM[roms/Asteroid2/035144-02.h2] Addr=70FA Value=65
ROM[roms/Asteroid2/035144-02.h2] Addr=70FB Value=64
ROM[roms/Asteroid2/035144-02.h2] Addr=70FC Value=85
ROM[roms/Asteroid2/035144-02.h2] Addr=70FD Value=64
ROM[roms/Asteroid2/035144-02.h2] Addr=70FE Value=8A
ROM[roms/Asteroid2/035144-02.h2] Addr=70FF Value=6D
ROM[roms/Asteroid2/035144-02.h2] Addr=7100 Value=3E
ROM[roms/Asteroid2/035144-02.h2] Addr=7101 Value=02
ROM[roms/Asteroid2/035144-02.h2] Addr=7102 Value=8D
ROM[roms/Asteroid2/035144-02.h2] Addr=7103 Value=3E
ROM[roms/Asteroid2/035144-02.h2] Addr=7104 Value=02
ROM[roms/Asteroid2/035144-02.h2] Addr=7105 Value=A5
ROM[roms/Asteroid2/035144-02.h2] Addr=7106 Value=65
ROM[roms/Asteroid2/035144-02.h2] Addr=7107 Value=0D
ROM[roms/Asteroid2/035144-02.h2] Addr=7108 Value=61
ROM[roms/Asteroid2/035144-02.h2] Addr=7109 Value=02
ROM[roms/Asteroid2/035144-02.h2] Addr=710A Value=F0
ROM[roms/Asteroid2/035144-02.h2] Addr=710B Value=18
ROM[roms/Asteroid2/035144-02.h2] Addr=710C Value=AD
ROM[roms/Asteroid2/035144-02.h2] Addr=710D Value=61
ROM[roms/Asteroid2/035144-02.h2] Addr=710E Value=02
ROM[roms/Asteroid2/035144-02.h2] Addr=710F Value=0A
ROM[roms/Asteroid2/035144-02.h2] Addr=7110 Value=A2
ROM[roms/Asteroid2/035144-02.h2] Addr=7111 Value=FF
ROM[roms/Asteroid2/035144-02.h2] Addr=7112 Value=18
ROM[roms/Asteroid2/035144-02.h2] Addr=7113 Value=49
ROM[roms/Asteroid2/035144-02.h2] Addr=7114 Value=FF
ROM[roms/Asteroid2/035144-02.h2] Addr=7115 Value=30
ROM[roms/Asteroid2/035144-02.h2] Addr=7116 Value=02
ROM[roms/Asteroid2/035144-02.h2] Addr=7117 Value=38
ROM[roms/Asteroid2/035144-02.h2] Addr=7118 Value=E8
ROM[roms/Asteroid2/035144-02.h2] Addr=7119 Value=65
ROM[roms/Asteroid2/035144-02.h2] Addr=711A Value=65
ROM[roms/Asteroid2/035144-02.h2] Addr=711B Value=85
ROM[roms/Asteroid2/035144-02.h2] Addr=711C Value=65
ROM[roms/Asteroid2/035144-02.h2] Addr=711D Value=8A
ROM[roms/Asteroid2/035144-02.h2] Addr=711E Value=6D
ROM[roms/Asteroid2/035144-02.h2] Addr=711F Value=61
ROM[roms/Asteroid2/035144-02.h2] Addr=7120 Value=02
ROM[roms/Asteroid2/035144-02.h2] Addr=7121 Value=8D
ROM[roms/Asteroid2/035144-02.h2] Addr=7122 Value=61
ROM[roms/Asteroid2/035144-02.h2] Addr=7123 Value=02
ROM[roms/Asteroid2/035144-02.h2] Addr=7124 Value=60
ROM[roms/Asteroid2/035144-02.h2] Addr=7125 Value=30
ROM[roms/Asteroid2/035144-02.h2] Addr=7126 Value=09
ROM[roms/Asteroid2/035144-02.h2] Addr=7127 Value=C9
ROM[roms/Asteroid2/035144-02.h2] Addr=7128 Value=40
ROM[roms/Asteroid2/035144-02.h2] Addr=7129 Value=90
ROM[roms/Asteroid2/035144-02.h2] Addr=712A Value=0D
ROM[roms/Asteroid2/035144-02.h2] Addr=712B Value=A2
ROM[roms/Asteroid2/035144-02.h2] Addr=712C Value=FF
ROM[roms/Asteroid2/035144-02.h2] Addr=712D Value=A9
ROM[roms/Asteroid2/035144-02.h2] Addr=712E Value=3F
ROM[roms/Asteroid2/035144-02.h2] Addr=712F Value=60
ROM[roms/Asteroid2/035144-02.h2] Addr=7130 Value=C9
ROM[roms/Asteroid2/035144-02.h2] Addr=7131 Value=C0
ROM[roms/Asteroid2/035144-02.h2] Addr=7132 Value=B0
ROM[roms/Asteroid2/035144-02.h2] Addr=7133 Value=04
ROM[roms/Asteroid2/035144-02.h2] Addr=7134 Value=A2
ROM[roms/Asteroid2/035144-02.h2] Addr=7135 Value=01
ROM[roms/Asteroid2/035144-02.h2] Addr=7136 Value=A9
ROM[roms/Asteroid2/035144-02.h2] Addr=7137 Value=C0
ROM[roms/Asteroid2/035144-02.h2] Addr=7138 Value=60
ROM[roms/Asteroid2/035144-02.h2] Addr=7139 Value=A2
ROM[roms/Asteroid2/035144-02.h2] Addr=713A Value=1C
ROM[roms/Asteroid2/035144-02.h2] Addr=713B Value=BD
ROM[roms/Asteroid2/035144-02.h2] Addr=713C Value=00
ROM[roms/Asteroid2/035144-02.h2] Addr=713D Value=02
ROM[roms/Asteroid2/035144-02.h2] Addr=713E Value=F0
ROM[roms/Asteroid2/035144-02.h2] Addr=713F Value=1E
ROM[roms/Asteroid2/035144-02.h2] Addr=7140 Value=BD
ROM[roms/Asteroid2/035144-02.h2] Addr=7141 Value=69
ROM[roms/Asteroid2/035144-02.h2] Addr=7142 Value=02
ROM[roms/Asteroid2/035144-02.h2] Addr=7143 Value=38
ROM[roms/Asteroid2/035144-02.h2] Addr=7144 Value=ED
ROM[roms/Asteroid2/035144-02.h2] Addr=7145 Value=84
ROM[roms/Asteroid2/035144-02.h2] Addr=7146 Value=02
ROM[roms/Asteroid2/035144-02.h2] Addr=7147 Value=C9
ROM[roms/Asteroid2/035144-02.h2] Addr=7148 Value=04
ROM[roms/Asteroid2/035144-02.h2] Addr=7149 Value=90
ROM[roms/Asteroid2/035144-02.h2] Addr=714A Value=04
ROM[roms/Asteroid2/035144-02.h2] Addr=714B Value=C9
ROM[roms/Asteroid2/035144-02.h2] Addr=714C Value=FC
ROM[roms/Asteroid2/035144-02.h2] Addr=714D Value=90
ROM[roms/Asteroid2/035144-02.h2] Addr=714E Value=0F
ROM[roms/Asteroid2/035144-02.h2] Addr=714F Value=BD
ROM[roms/Asteroid2/035144-02.h2] Addr=7150 Value=8C
ROM[roms/Asteroid2/035144-02.h2] Addr=7151 Value=02
ROM[roms/Asteroid2/035144-02.h2] Addr=7152 Value=38
ROM[roms/Asteroid2/035144-02.h2] Addr=7153 Value=ED
ROM[roms/Asteroid2/035144-02.h2] Addr=7154 Value=A7
ROM[roms/Asteroid2/035144-02.h2] Addr=7155 Value=02
ROM[roms/Asteroid2/035144-02.h2] Addr=7156 Value=C9
ROM[roms/Asteroid2/035144-02.h2] Addr=7157 Value=04
ROM[roms/Asteroid2/035144-02.h2] Addr=7158 Value=90
ROM[roms/Asteroid2/035144-02.h2] Addr=7159 Value=09
ROM[roms/Asteroid2/035144-02.h2] Addr=715A Value=C9
ROM[roms/Asteroid2/035144-02.h2] Addr=715B Value=FC
ROM[roms/Asteroid2/035144-02.h2] Addr=715C Value=B0
ROM[roms/Asteroid2/035144-02.h2] Addr=715D Value=05
ROM[roms/Asteroid2/035144-02.h2] Addr=715E Value=CA
ROM[roms/Asteroid2/035144-02.h2] Addr=715F Value=10
ROM[roms/Asteroid2/035144-02.h2] Addr=7160 Value=DA
ROM[roms/Asteroid2/035144-02.h2] Addr=7161 Value=E8
ROM[roms/Asteroid2/035144-02.h2] Addr=7162 Value=60
ROM[roms/Asteroid2/035144-02.h2] Addr=7163 Value=EE
ROM[roms/Asteroid2/035144-02.h2] Addr=7164 Value=FA
ROM[roms/Asteroid2/035144-02.h2] Addr=7165 Value=02
ROM[roms/Asteroid2/035144-02.h2] Addr=7166 Value=60
ROM[roms/Asteroid2/035144-02.h2] Addr=7167 Value=90
ROM[roms/Asteroid2/035144-02.h2] Addr=7168 Value=A2
ROM[roms/Asteroid2/035144-02.h2] Addr=7169 Value=1A
ROM[roms/Asteroid2/035144-02.h2] Addr=716A Value=AD
ROM[roms/Asteroid2/035144-02.h2] Addr=716B Value=FB
ROM[roms/Asteroid2/035144-02.h2] Addr=716C Value=02
ROM[roms/Asteroid2/035144-02.h2] Addr=716D Value=D0
ROM[roms/Asteroid2/035144-02.h2] Addr=716E Value=70
ROM[roms/Asteroid2/035144-02.h2] Addr=716F Value=AD
ROM[roms/Asteroid2/035144-02.h2] Addr=7170 Value=1C
ROM[roms/Asteroid2/035144-02.h2] Addr=7171 Value=02
ROM[roms/Asteroid2/035144-02.h2] Addr=7172 Value=D0
ROM[roms/Asteroid2/035144-02.h2] Addr=7173 Value=73
ROM[roms/Asteroid2/035144-02.h2] Addr=7174 Value=8D
ROM[roms/Asteroid2/035144-02.h2] Addr=7175 Value=3F
ROM[roms/Asteroid2/035144-02.h2] Addr=7176 Value=02
ROM[roms/Asteroid2/035144-02.h2] Addr=7177 Value=8D
ROM[roms/Asteroid2/035144-02.h2] Addr=7178 Value=62
ROM[roms/Asteroid2/035144-02.h2] Addr=7179 Value=02
ROM[roms/Asteroid2/035144-02.h2] Addr=717A Value=EE
ROM[roms/Asteroid2/035144-02.h2] Addr=717B Value=FD
ROM[roms/Asteroid2/035144-02.h2] Addr=717C Value=02
ROM[roms/Asteroid2/035144-02.h2] Addr=717D Value=AD
ROM[roms/Asteroid2/035144-02.h2] Addr=717E Value=FD
ROM[roms/Asteroid2/035144-02.h2] Addr=717F Value=02
ROM[roms/Asteroid2/035144-02.h2] Addr=7180 Value=C9
ROM[roms/Asteroid2/035144-02.h2] Addr=7181 Value=0B
ROM[roms/Asteroid2/035144-02.h2] Addr=7182 Value=90
ROM[roms/Asteroid2/035144-02.h2] Addr=7183 Value=03
ROM[roms/Asteroid2/035144-02.h2] Addr=7184 Value=CE
ROM[roms/Asteroid2/035144-02.h2] Addr=7185 Value=FD
ROM[roms/Asteroid2/035144-02.h2] Addr=7186 Value=02
ROM[roms/Asteroid2/035144-02.h2] Addr=7187 Value=AD
ROM[roms/Asteroid2/035144-02.h2] Addr=7188 Value=F5
ROM[roms/Asteroid2/035144-02.h2] Addr=7189 Value=02
ROM[roms/Asteroid2/035144-02.h2] Addr=718A Value=18
ROM[roms/Asteroid2/035144-02.h2] Addr=718B Value=69
ROM[roms/Asteroid2/035144-02.h2] Addr=718C Value=02
ROM[roms/Asteroid2/035144-02.h2] Addr=718D Value=C9
ROM[roms/Asteroid2/035144-02.h2] Addr=718E Value=0B
ROM[roms/Asteroid2/035144-02.h2] Addr=718F Value=90
ROM[roms/Asteroid2/035144-02.h2] Addr=7190 Value=02
ROM[roms/Asteroid2/035144-02.h2] Addr=7191 Value=A9
ROM[roms/Asteroid2/035144-02.h2] Addr=7192 Value=0B
ROM[roms/Asteroid2/035144-02.h2] Addr=7193 Value=8D
ROM[roms/Asteroid2/035144-02.h2] Addr=7194 Value=F6
ROM[roms/Asteroid2/035144-02.h2] Addr=7195 Value=02
ROM[roms/Asteroid2/035144-02.h2] Addr=7196 Value=8D
ROM[roms/Asteroid2/035144-02.h2] Addr=7197 Value=F5
ROM[roms/Asteroid2/035144-02.h2] Addr=7198 Value=02
ROM[roms/Asteroid2/035144-02.h2] Addr=7199 Value=85
ROM[roms/Asteroid2/035144-02.h2] Addr=719A Value=08
ROM[roms/Asteroid2/035144-02.h2] Addr=719B Value=A0
ROM[roms/Asteroid2/035144-02.h2] Addr=719C Value=1C
ROM[roms/Asteroid2/035144-02.h2] Addr=719D Value=20
ROM[roms/Asteroid2/035144-02.h2] Addr=719E Value=B5
ROM[roms/Asteroid2/035144-02.h2] Addr=719F Value=77
ROM[roms/Asteroid2/035144-02.h2] Addr=71A0 Value=29
ROM[roms/Asteroid2/035144-02.h2] Addr=71A1 Value=18
ROM[roms/Asteroid2/035144-02.h2] Addr=71A2 Value=09
ROM[roms/Asteroid2/035144-02.h2] Addr=71A3 Value=04
ROM[roms/Asteroid2/035144-02.h2] Addr=71A4 Value=9D
ROM[roms/Asteroid2/035144-02.h2] Addr=71A5 Value=00
ROM[roms/Asteroid2/035144-02.h2] Addr=71A6 Value=02
ROM[roms/Asteroid2/035144-02.h2] Addr=71A7 Value=20
ROM[roms/Asteroid2/035144-02.h2] Addr=71A8 Value=03
ROM[roms/Asteroid2/035144-02.h2] Addr=71A9 Value=72
ROM[roms/Asteroid2/035144-02.h2] Addr=71AA Value=20
ROM[roms/Asteroid2/035144-02.h2] Addr=71AB Value=B5
ROM[roms/Asteroid2/035144-02.h2] Addr=71AC Value=77
ROM[roms/Asteroid2/035144-02.h2] Addr=71AD Value=4A
ROM[roms/Asteroid2/035144-02.h2] Addr=71AE Value=29
ROM[roms/Asteroid2/035144-02.h2] Addr=71AF Value=1F
ROM[roms/Asteroid2/035144-02.h2] Addr=71B0 Value=90
ROM[roms/Asteroid2/035144-02.h2] Addr=71B1 Value=13
ROM[roms/Asteroid2/035144-02.h2] Addr=71B2 Value=C9
ROM[roms/Asteroid2/035144-02.h2] Addr=71B3 Value=18
ROM[roms/Asteroid2/035144-02.h2] Addr=71B4 Value=90
ROM[roms/Asteroid2/035144-02.h2] Addr=71B5 Value=02
ROM[roms/Asteroid2/035144-02.h2] Addr=71B6 Value=29
ROM[roms/Asteroid2/035144-02.h2] Addr=71B7 Value=17
ROM[roms/Asteroid2/035144-02.h2] Addr=71B8 Value=9D
ROM[roms/Asteroid2/035144-02.h2] Addr=71B9 Value=8C
ROM[roms/Asteroid2/035144-02.h2] Addr=71BA Value=02
ROM[roms/Asteroid2/035144-02.h2] Addr=71BB Value=A9
ROM[roms/Asteroid2/035144-02.h2] Addr=71BC Value=00
ROM[roms/Asteroid2/035144-02.h2] Addr=71BD Value=9D
ROM[roms/Asteroid2/035144-02.h2] Addr=71BE Value=69
ROM[roms/Asteroid2/035144-02.h2] Addr=71BF Value=02
ROM[roms/Asteroid2/035144-02.h2] Addr=71C0 Value=9D
ROM[roms/Asteroid2/035144-02.h2] Addr=71C1 Value=AF
ROM[roms/Asteroid2/035144-02.h2] Addr=71C2 Value=02
ROM[roms/Asteroid2/035144-02.h2] Addr=71C3 Value=F0
ROM[roms/Asteroid2/035144-02.h2] Addr=71C4 Value=0B
ROM[roms/Asteroid2/035144-02.h2] Addr=71C5 Value=9D
ROM[roms/Asteroid2/035144-02.h2] Addr=71C6 Value=69
ROM[roms/Asteroid2/035144-02.h2] Addr=71C7 Value=02
ROM[roms/Asteroid2/035144-02.h2] Addr=71C8 Value=A9
ROM[roms/Asteroid2/035144-02.h2] Addr=71C9 Value=00
ROM[roms/Asteroid2/035144-02.h2] Addr=71CA Value=9D
ROM[roms/Asteroid2/035144-02.h2] Addr=71CB Value=8C
ROM[roms/Asteroid2/035144-02.h2] Addr=71CC Value=02
ROM[roms/Asteroid2/035144-02.h2] Addr=71CD Value=9D
ROM[roms/Asteroid2/035144-02.h2] Addr=71CE Value=D2
ROM[roms/Asteroid2/035144-02.h2] Addr=71CF Value=02
ROM[roms/Asteroid2/035144-02.h2] Addr=71D0 Value=CA
ROM[roms/Asteroid2/035144-02.h2] Addr=71D1 Value=C6
ROM[roms/Asteroid2/035144-02.h2] Addr=71D2 Value=08
ROM[roms/Asteroid2/035144-02.h2] Addr=71D3 Value=D0
ROM[roms/Asteroid2/035144-02.h2] Addr=71D4 Value=C8
ROM[roms/Asteroid2/035144-02.h2] Addr=71D5 Value=A9
ROM[roms/Asteroid2/035144-02.h2] Addr=71D6 Value=7F
ROM[roms/Asteroid2/035144-02.h2] Addr=71D7 Value=8D
ROM[roms/Asteroid2/035144-02.h2] Addr=71D8 Value=F7
ROM[roms/Asteroid2/035144-02.h2] Addr=71D9 Value=02
ROM[roms/Asteroid2/035144-02.h2] Addr=71DA Value=A9
ROM[roms/Asteroid2/035144-02.h2] Addr=71DB Value=30
ROM[roms/Asteroid2/035144-02.h2] Addr=71DC Value=8D
ROM[roms/Asteroid2/035144-02.h2] Addr=71DD Value=FC
ROM[roms/Asteroid2/035144-02.h2] Addr=71DE Value=02
ROM[roms/Asteroid2/035144-02.h2] Addr=71DF Value=A9
ROM[roms/Asteroid2/035144-02.h2] Addr=71E0 Value=00
ROM[roms/Asteroid2/035144-02.h2] Addr=71E1 Value=9D
ROM[roms/Asteroid2/035144-02.h2] Addr=71E2 Value=00
ROM[roms/Asteroid2/035144-02.h2] Addr=71E3 Value=02
ROM[roms/Asteroid2/035144-02.h2] Addr=71E4 Value=CA
ROM[roms/Asteroid2/035144-02.h2] Addr=71E5 Value=10
ROM[roms/Asteroid2/035144-02.h2] Addr=71E6 Value=FA
ROM[roms/Asteroid2/035144-02.h2] Addr=71E7 Value=60
ROM[roms/Asteroid2/035144-02.h2] Addr=71E8 Value=A9
ROM[roms/Asteroid2/035144-02.h2] Addr=71E9 Value=60
ROM[roms/Asteroid2/035144-02.h2] Addr=71EA Value=8D
ROM[roms/Asteroid2/035144-02.h2] Addr=71EB Value=CA
ROM[roms/Asteroid2/035144-02.h2] Addr=71EC Value=02
ROM[roms/Asteroid2/035144-02.h2] Addr=71ED Value=8D
ROM[roms/Asteroid2/035144-02.h2] Addr=71EE Value=ED
ROM[roms/Asteroid2/035144-02.h2] Addr=71EF Value=02
ROM[roms/Asteroid2/035144-02.h2] Addr=71F0 Value=A9
ROM[roms/Asteroid2/035144-02.h2] Addr=71F1 Value=00
ROM[roms/Asteroid2/035144-02.h2] Addr=71F2 Value=8D
ROM[roms/Asteroid2/035144-02.h2] Addr=71F3 Value=3E
ROM[roms/Asteroid2/035144-02.h2] Addr=71F4 Value=02
ROM[roms/Asteroid2/035144-02.h2] Addr=71F5 Value=8D
ROM[roms/Asteroid2/035144-02.h2] Addr=71F6 Value=61
ROM[roms/Asteroid2/035144-02.h2] Addr=71F7 Value=02
ROM[roms/Asteroid2/035144-02.h2] Addr=71F8 Value=A9
ROM[roms/Asteroid2/035144-02.h2] Addr=71F9 Value=10
ROM[roms/Asteroid2/035144-02.h2] Addr=71FA Value=8D
ROM[roms/Asteroid2/035144-02.h2] Addr=71FB Value=84
ROM[roms/Asteroid2/035144-02.h2] Addr=71FC Value=02
ROM[roms/Asteroid2/035144-02.h2] Addr=71FD Value=A9
ROM[roms/Asteroid2/035144-02.h2] Addr=71FE Value=0C
ROM[roms/Asteroid2/035144-02.h2] Addr=71FF Value=8D
ROM[roms/Asteroid2/035144-02.h2] Addr=7200 Value=A7
ROM[roms/Asteroid2/035144-02.h2] Addr=7201 Value=02
ROM[roms/Asteroid2/035144-02.h2] Addr=7202 Value=60
ROM[roms/Asteroid2/035144-02.h2] Addr=7203 Value=20
ROM[roms/Asteroid2/035144-02.h2] Addr=7204 Value=B5
ROM[roms/Asteroid2/035144-02.h2] Addr=7205 Value=77
ROM[roms/Asteroid2/035144-02.h2] Addr=7206 Value=29
ROM[roms/Asteroid2/035144-02.h2] Addr=7207 Value=8F
ROM[roms/Asteroid2/035144-02.h2] Addr=7208 Value=10
ROM[roms/Asteroid2/035144-02.h2] Addr=7209 Value=02
ROM[roms/Asteroid2/035144-02.h2] Addr=720A Value=09
ROM[roms/Asteroid2/035144-02.h2] Addr=720B Value=F0
ROM[roms/Asteroid2/035144-02.h2] Addr=720C Value=18
ROM[roms/Asteroid2/035144-02.h2] Addr=720D Value=79
ROM[roms/Asteroid2/035144-02.h2] Addr=720E Value=23
ROM[roms/Asteroid2/035144-02.h2] Addr=720F Value=02
ROM[roms/Asteroid2/035144-02.h2] Addr=7210 Value=20
ROM[roms/Asteroid2/035144-02.h2] Addr=7211 Value=33
ROM[roms/Asteroid2/035144-02.h2] Addr=7212 Value=72
ROM[roms/Asteroid2/035144-02.h2] Addr=7213 Value=9D
ROM[roms/Asteroid2/035144-02.h2] Addr=7214 Value=23
ROM[roms/Asteroid2/035144-02.h2] Addr=7215 Value=02
ROM[roms/Asteroid2/035144-02.h2] Addr=7216 Value=20
ROM[roms/Asteroid2/035144-02.h2] Addr=7217 Value=B5
ROM[roms/Asteroid2/035144-02.h2] Addr=7218 Value=77
ROM[roms/Asteroid2/035144-02.h2] Addr=7219 Value=20
ROM[roms/Asteroid2/035144-02.h2] Addr=721A Value=B5
ROM[roms/Asteroid2/035144-02.h2] Addr=721B Value=77
ROM[roms/Asteroid2/035144-02.h2] Addr=721C Value=20
ROM[roms/Asteroid2/035144-02.h2] Addr=721D Value=B5
ROM[roms/Asteroid2/035144-02.h2] Addr=721E Value=77
ROM[roms/Asteroid2/035144-02.h2] Addr=721F Value=20
ROM[roms/Asteroid2/035144-02.h2] Addr=7220 Value=B5
ROM[roms/Asteroid2/035144-02.h2] Addr=7221 Value=77
ROM[roms/Asteroid2/035144-02.h2] Addr=7222 Value=29
ROM[roms/Asteroid2/035144-02.h2] Addr=7223 Value=8F
ROM[roms/Asteroid2/035144-02.h2] Addr=7224 Value=10
ROM[roms/Asteroid2/035144-02.h2] Addr=7225 Value=02
ROM[roms/Asteroid2/035144-02.h2] Addr=7226 Value=09
ROM[roms/Asteroid2/035144-02.h2] Addr=7227 Value=F0
ROM[roms/Asteroid2/035144-02.h2] Addr=7228 Value=18
ROM[roms/Asteroid2/035144-02.h2] Addr=7229 Value=79
ROM[roms/Asteroid2/035144-02.h2] Addr=722A Value=46
ROM[roms/Asteroid2/035144-02.h2] Addr=722B Value=02
ROM[roms/Asteroid2/035144-02.h2] Addr=722C Value=20
ROM[roms/Asteroid2/035144-02.h2] Addr=722D Value=33
ROM[roms/Asteroid2/035144-02.h2] Addr=722E Value=72
ROM[roms/Asteroid2/035144-02.h2] Addr=722F Value=9D
ROM[roms/Asteroid2/035144-02.h2] Addr=7230 Value=46
ROM[roms/Asteroid2/035144-02.h2] Addr=7231 Value=02
ROM[roms/Asteroid2/035144-02.h2] Addr=7232 Value=60
ROM[roms/Asteroid2/035144-02.h2] Addr=7233 Value=10
ROM[roms/Asteroid2/035144-02.h2] Addr=7234 Value=0D
ROM[roms/Asteroid2/035144-02.h2] Addr=7235 Value=C9
ROM[roms/Asteroid2/035144-02.h2] Addr=7236 Value=E1
ROM[roms/Asteroid2/035144-02.h2] Addr=7237 Value=B0
ROM[roms/Asteroid2/035144-02.h2] Addr=7238 Value=02
ROM[roms/Asteroid2/035144-02.h2] Addr=7239 Value=A9
ROM[roms/Asteroid2/035144-02.h2] Addr=723A Value=E1
ROM[roms/Asteroid2/035144-02.h2] Addr=723B Value=C9
ROM[roms/Asteroid2/035144-02.h2] Addr=723C Value=FB
ROM[roms/Asteroid2/035144-02.h2] Addr=723D Value=90
ROM[roms/Asteroid2/035144-02.h2] Addr=723E Value=0F
ROM[roms/Asteroid2/035144-02.h2] Addr=723F Value=A9
ROM[roms/Asteroid2/035144-02.h2] Addr=7240 Value=FA
ROM[roms/Asteroid2/035144-02.h2] Addr=7241 Value=60
ROM[roms/Asteroid2/035144-02.h2] Addr=7242 Value=C9
ROM[roms/Asteroid2/035144-02.h2] Addr=7243 Value=06
ROM[roms/Asteroid2/035144-02.h2] Addr=7244 Value=B0
ROM[roms/Asteroid2/035144-02.h2] Addr=7245 Value=02
ROM[roms/Asteroid2/035144-02.h2] Addr=7246 Value=A9
ROM[roms/Asteroid2/035144-02.h2] Addr=7247 Value=06
ROM[roms/Asteroid2/035144-02.h2] Addr=7248 Value=C9
ROM[roms/Asteroid2/035144-02.h2] Addr=7249 Value=20
ROM[roms/Asteroid2/035144-02.h2] Addr=724A Value=90
ROM[roms/Asteroid2/035144-02.h2] Addr=724B Value=02
ROM[roms/Asteroid2/035144-02.h2] Addr=724C Value=A9
ROM[roms/Asteroid2/035144-02.h2] Addr=724D Value=1F
ROM[roms/Asteroid2/035144-02.h2] Addr=724E Value=60
ROM[roms/Asteroid2/035144-02.h2] Addr=724F Value=A9
ROM[roms/Asteroid2/035144-02.h2] Addr=7250 Value=10
ROM[roms/Asteroid2/035144-02.h2] Addr=7251 Value=85
ROM[roms/Asteroid2/035144-02.h2] Addr=7252 Value=00
ROM[roms/Asteroid2/035144-02.h2] Addr=7253 Value=A9
ROM[roms/Asteroid2/035144-02.h2] Addr=7254 Value=50
ROM[roms/Asteroid2/035144-02.h2] Addr=7255 Value=A2
ROM[roms/Asteroid2/035144-02.h2] Addr=7256 Value=A4
ROM[roms/Asteroid2/035144-02.h2] Addr=7257 Value=20
ROM[roms/Asteroid2/035144-02.h2] Addr=7258 Value=FC
ROM[roms/Asteroid2/035144-02.h2] Addr=7259 Value=7B
ROM[roms/Asteroid2/035144-02.h2] Addr=725A Value=A9
ROM[roms/Asteroid2/035144-02.h2] Addr=725B Value=19
ROM[roms/Asteroid2/035144-02.h2] Addr=725C Value=A2
ROM[roms/Asteroid2/035144-02.h2] Addr=725D Value=DB
ROM[roms/Asteroid2/035144-02.h2] Addr=725E Value=20
ROM[roms/Asteroid2/035144-02.h2] Addr=725F Value=03
ROM[roms/Asteroid2/035144-02.h2] Addr=7260 Value=7C
ROM[roms/Asteroid2/035144-02.h2] Addr=7261 Value=A9
ROM[roms/Asteroid2/035144-02.h2] Addr=7262 Value=70
ROM[roms/Asteroid2/035144-02.h2] Addr=7263 Value=20
ROM[roms/Asteroid2/035144-02.h2] Addr=7264 Value=DE
ROM[roms/Asteroid2/035144-02.h2] Addr=7265 Value=7C
ROM[roms/Asteroid2/035144-02.h2] Addr=7266 Value=A2
ROM[roms/Asteroid2/035144-02.h2] Addr=7267 Value=00
ROM[roms/Asteroid2/035144-02.h2] Addr=7268 Value=A5
ROM[roms/Asteroid2/035144-02.h2] Addr=7269 Value=1C
ROM[roms/Asteroid2/035144-02.h2] Addr=726A Value=C9
ROM[roms/Asteroid2/035144-02.h2] Addr=726B Value=02
ROM[roms/Asteroid2/035144-02.h2] Addr=726C Value=D0
ROM[roms/Asteroid2/035144-02.h2] Addr=726D Value=18
ROM[roms/Asteroid2/035144-02.h2] Addr=726E Value=A5
ROM[roms/Asteroid2/035144-02.h2] Addr=726F Value=18
ROM[roms/Asteroid2/035144-02.h2] Addr=7270 Value=D0
ROM[roms/Asteroid2/035144-02.h2] Addr=7271 Value=14
ROM[roms/Asteroid2/035144-02.h2] Addr=7272 Value=A2
ROM[roms/Asteroid2/035144-02.h2] Addr=7273 Value=20
ROM[roms/Asteroid2/035144-02.h2] Addr=7274 Value=AD
ROM[roms/Asteroid2/035144-02.h2] Addr=7275 Value=1B
ROM[roms/Asteroid2/035144-02.h2] Addr=7276 Value=02
ROM[roms/Asteroid2/035144-02.h2] Addr=7277 Value=05
ROM[roms/Asteroid2/035144-02.h2] Addr=7278 Value=59
ROM[roms/Asteroid2/035144-02.h2] Addr=7279 Value=D0
ROM[roms/Asteroid2/035144-02.h2] Addr=727A Value=0B
ROM[roms/Asteroid2/035144-02.h2] Addr=727B Value=AD
ROM[roms/Asteroid2/035144-02.h2] Addr=727C Value=FA
ROM[roms/Asteroid2/035144-02.h2] Addr=727D Value=02
ROM[roms/Asteroid2/035144-02.h2] Addr=727E Value=30
ROM[roms/Asteroid2/035144-02.h2] Addr=727F Value=06
ROM[roms/Asteroid2/035144-02.h2] Addr=7280 Value=A5
ROM[roms/Asteroid2/035144-02.h2] Addr=7281 Value=5C
ROM[roms/Asteroid2/035144-02.h2] Addr=7282 Value=29
ROM[roms/Asteroid2/035144-02.h2] Addr=7283 Value=10
ROM[roms/Asteroid2/035144-02.h2] Addr=7284 Value=F0
ROM[roms/Asteroid2/035144-02.h2] Addr=7285 Value=0D
ROM[roms/Asteroid2/035144-02.h2] Addr=7286 Value=A9
ROM[roms/Asteroid2/035144-02.h2] Addr=7287 Value=52
ROM[roms/Asteroid2/035144-02.h2] Addr=7288 Value=A0
ROM[roms/Asteroid2/035144-02.h2] Addr=7289 Value=02
ROM[roms/Asteroid2/035144-02.h2] Addr=728A Value=38
ROM[roms/Asteroid2/035144-02.h2] Addr=728B Value=20
ROM[roms/Asteroid2/035144-02.h2] Addr=728C Value=3F
ROM[roms/Asteroid2/035144-02.h2] Addr=728D Value=77
ROM[roms/Asteroid2/035144-02.h2] Addr=728E Value=A9
ROM[roms/Asteroid2/035144-02.h2] Addr=728F Value=00
ROM[roms/Asteroid2/035144-02.h2] Addr=7290 Value=20
ROM[roms/Asteroid2/035144-02.h2] Addr=7291 Value=8B
ROM[roms/Asteroid2/035144-02.h2] Addr=7292 Value=77
ROM[roms/Asteroid2/035144-02.h2] Addr=7293 Value=A9
ROM[roms/Asteroid2/035144-02.h2] Addr=7294 Value=28
ROM[roms/Asteroid2/035144-02.h2] Addr=7295 Value=A4
ROM[roms/Asteroid2/035144-02.h2] Addr=7296 Value=57
ROM[roms/Asteroid2/035144-02.h2] Addr=7297 Value=20
ROM[roms/Asteroid2/035144-02.h2] Addr=7298 Value=3E
ROM[roms/Asteroid2/035144-02.h2] Addr=7299 Value=6F
ROM[roms/Asteroid2/035144-02.h2] Addr=729A Value=A9
ROM[roms/Asteroid2/035144-02.h2] Addr=729B Value=00
ROM[roms/Asteroid2/035144-02.h2] Addr=729C Value=85
ROM[roms/Asteroid2/035144-02.h2] Addr=729D Value=00
ROM[roms/Asteroid2/035144-02.h2] Addr=729E Value=A9
ROM[roms/Asteroid2/035144-02.h2] Addr=729F Value=78
ROM[roms/Asteroid2/035144-02.h2] Addr=72A0 Value=A2
ROM[roms/Asteroid2/035144-02.h2] Addr=72A1 Value=DB
ROM[roms/Asteroid2/035144-02.h2] Addr=72A2 Value=20
ROM[roms/Asteroid2/035144-02.h2] Addr=72A3 Value=03
ROM[roms/Asteroid2/035144-02.h2] Addr=72A4 Value=7C
ROM[roms/Asteroid2/035144-02.h2] Addr=72A5 Value=A9
ROM[roms/Asteroid2/035144-02.h2] Addr=72A6 Value=50
ROM[roms/Asteroid2/035144-02.h2] Addr=72A7 Value=20
ROM[roms/Asteroid2/035144-02.h2] Addr=72A8 Value=DE
ROM[roms/Asteroid2/035144-02.h2] Addr=72A9 Value=7C
ROM[roms/Asteroid2/035144-02.h2] Addr=72AA Value=A9
ROM[roms/Asteroid2/035144-02.h2] Addr=72AB Value=1D
ROM[roms/Asteroid2/035144-02.h2] Addr=72AC Value=A0
ROM[roms/Asteroid2/035144-02.h2] Addr=72AD Value=02
ROM[roms/Asteroid2/035144-02.h2] Addr=72AE Value=38
ROM[roms/Asteroid2/035144-02.h2] Addr=72AF Value=20
ROM[roms/Asteroid2/035144-02.h2] Addr=72B0 Value=3F
ROM[roms/Asteroid2/035144-02.h2] Addr=72B1 Value=77
ROM[roms/Asteroid2/035144-02.h2] Addr=72B2 Value=A9
ROM[roms/Asteroid2/035144-02.h2] Addr=72B3 Value=00
ROM[roms/Asteroid2/035144-02.h2] Addr=72B4 Value=20
ROM[roms/Asteroid2/035144-02.h2] Addr=72B5 Value=D1
ROM[roms/Asteroid2/035144-02.h2] Addr=72B6 Value=7B
ROM[roms/Asteroid2/035144-02.h2] Addr=72B7 Value=A9
ROM[roms/Asteroid2/035144-02.h2] Addr=72B8 Value=10
ROM[roms/Asteroid2/035144-02.h2] Addr=72B9 Value=85
ROM[roms/Asteroid2/035144-02.h2] Addr=72BA Value=00
ROM[roms/Asteroid2/035144-02.h2] Addr=72BB Value=A9
ROM[roms/Asteroid2/035144-02.h2] Addr=72BC Value=C0
ROM[roms/Asteroid2/035144-02.h2] Addr=72BD Value=A2
ROM[roms/Asteroid2/035144-02.h2] Addr=72BE Value=DB
ROM[roms/Asteroid2/035144-02.h2] Addr=72BF Value=20
ROM[roms/Asteroid2/035144-02.h2] Addr=72C0 Value=03
ROM[roms/Asteroid2/035144-02.h2] Addr=72C1 Value=7C
ROM[roms/Asteroid2/035144-02.h2] Addr=72C2 Value=A9
ROM[roms/Asteroid2/035144-02.h2] Addr=72C3 Value=50
ROM[roms/Asteroid2/035144-02.h2] Addr=72C4 Value=20
ROM[roms/Asteroid2/035144-02.h2] Addr=72C5 Value=DE
ROM[roms/Asteroid2/035144-02.h2] Addr=72C6 Value=7C
ROM[roms/Asteroid2/035144-02.h2] Addr=72C7 Value=A2
ROM[roms/Asteroid2/035144-02.h2] Addr=72C8 Value=00
ROM[roms/Asteroid2/035144-02.h2] Addr=72C9 Value=A5
ROM[roms/Asteroid2/035144-02.h2] Addr=72CA Value=1C
ROM[roms/Asteroid2/035144-02.h2] Addr=72CB Value=C9
ROM[roms/Asteroid2/035144-02.h2] Addr=72CC Value=01
ROM[roms/Asteroid2/035144-02.h2] Addr=72CD Value=F0
ROM[roms/Asteroid2/035144-02.h2] Addr=72CE Value=2E
ROM[roms/Asteroid2/035144-02.h2] Addr=72CF Value=90
ROM[roms/Asteroid2/035144-02.h2] Addr=72D0 Value=18
ROM[roms/Asteroid2/035144-02.h2] Addr=72D1 Value=A5
ROM[roms/Asteroid2/035144-02.h2] Addr=72D2 Value=18
ROM[roms/Asteroid2/035144-02.h2] Addr=72D3 Value=F0
ROM[roms/Asteroid2/035144-02.h2] Addr=72D4 Value=14
ROM[roms/Asteroid2/035144-02.h2] Addr=72D5 Value=A2
ROM[roms/Asteroid2/035144-02.h2] Addr=72D6 Value=20
ROM[roms/Asteroid2/035144-02.h2] Addr=72D7 Value=AD
ROM[roms/Asteroid2/035144-02.h2] Addr=72D8 Value=1B
ROM[roms/Asteroid2/035144-02.h2] Addr=72D9 Value=02
ROM[roms/Asteroid2/035144-02.h2] Addr=72DA Value=05
ROM[roms/Asteroid2/035144-02.h2] Addr=72DB Value=59
ROM[roms/Asteroid2/035144-02.h2] Addr=72DC Value=D0
ROM[roms/Asteroid2/035144-02.h2] Addr=72DD Value=0B
ROM[roms/Asteroid2/035144-02.h2] Addr=72DE Value=AD
ROM[roms/Asteroid2/035144-02.h2] Addr=72DF Value=FA
ROM[roms/Asteroid2/035144-02.h2] Addr=72E0 Value=02
ROM[roms/Asteroid2/035144-02.h2] Addr=72E1 Value=30
ROM[roms/Asteroid2/035144-02.h2] Addr=72E2 Value=06
ROM[roms/Asteroid2/035144-02.h2] Addr=72E3 Value=A5
ROM[roms/Asteroid2/035144-02.h2] Addr=72E4 Value=5C
ROM[roms/Asteroid2/035144-02.h2] Addr=72E5 Value=29
ROM[roms/Asteroid2/035144-02.h2] Addr=72E6 Value=10
ROM[roms/Asteroid2/035144-02.h2] Addr=72E7 Value=F0
ROM[roms/Asteroid2/035144-02.h2] Addr=72E8 Value=0D
ROM[roms/Asteroid2/035144-02.h2] Addr=72E9 Value=A9
ROM[roms/Asteroid2/035144-02.h2] Addr=72EA Value=54
ROM[roms/Asteroid2/035144-02.h2] Addr=72EB Value=A0
ROM[roms/Asteroid2/035144-02.h2] Addr=72EC Value=02
ROM[roms/Asteroid2/035144-02.h2] Addr=72ED Value=38
ROM[roms/Asteroid2/035144-02.h2] Addr=72EE Value=20
ROM[roms/Asteroid2/035144-02.h2] Addr=72EF Value=3F
ROM[roms/Asteroid2/035144-02.h2] Addr=72F0 Value=77
ROM[roms/Asteroid2/035144-02.h2] Addr=72F1 Value=A9
ROM[roms/Asteroid2/035144-02.h2] Addr=72F2 Value=00
ROM[roms/Asteroid2/035144-02.h2] Addr=72F3 Value=20
ROM[roms/Asteroid2/035144-02.h2] Addr=72F4 Value=8B
ROM[roms/Asteroid2/035144-02.h2] Addr=72F5 Value=77
ROM[roms/Asteroid2/035144-02.h2] Addr=72F6 Value=A9
ROM[roms/Asteroid2/035144-02.h2] Addr=72F7 Value=CF
ROM[roms/Asteroid2/035144-02.h2] Addr=72F8 Value=A4
ROM[roms/Asteroid2/035144-02.h2] Addr=72F9 Value=58
ROM[roms/Asteroid2/035144-02.h2] Addr=72FA Value=4C
ROM[roms/Asteroid2/035144-02.h2] Addr=72FB Value=3E
ROM[roms/Asteroid2/035144-02.h2] Addr=72FC Value=6F
ROM[roms/Asteroid2/035144-02.h2] Addr=72FD Value=60
ROM[roms/Asteroid2/035144-02.h2] Addr=72FE Value=84
ROM[roms/Asteroid2/035144-02.h2] Addr=72FF Value=00
ROM[roms/Asteroid2/035144-02.h2] Addr=7300 Value=86
ROM[roms/Asteroid2/035144-02.h2] Addr=7301 Value=0D
ROM[roms/Asteroid2/035144-02.h2] Addr=7302 Value=A5
ROM[roms/Asteroid2/035144-02.h2] Addr=7303 Value=05
ROM[roms/Asteroid2/035144-02.h2] Addr=7304 Value=4A
ROM[roms/Asteroid2/035144-02.h2] Addr=7305 Value=66
ROM[roms/Asteroid2/035144-02.h2] Addr=7306 Value=04
ROM[roms/Asteroid2/035144-02.h2] Addr=7307 Value=4A
ROM[roms/Asteroid2/035144-02.h2] Addr=7308 Value=66
ROM[roms/Asteroid2/035144-02.h2] Addr=7309 Value=04
ROM[roms/Asteroid2/035144-02.h2] Addr=730A Value=4A
ROM[roms/Asteroid2/035144-02.h2] Addr=730B Value=66
ROM[roms/Asteroid2/035144-02.h2] Addr=730C Value=04
ROM[roms/Asteroid2/035144-02.h2] Addr=730D Value=85
ROM[roms/Asteroid2/035144-02.h2] Addr=730E Value=05
ROM[roms/Asteroid2/035144-02.h2] Addr=730F Value=A5
ROM[roms/Asteroid2/035144-02.h2] Addr=7310 Value=07
ROM[roms/Asteroid2/035144-02.h2] Addr=7311 Value=18
ROM[roms/Asteroid2/035144-02.h2] Addr=7312 Value=69
ROM[roms/Asteroid2/035144-02.h2] Addr=7313 Value=04
ROM[roms/Asteroid2/035144-02.h2] Addr=7314 Value=4A
ROM[roms/Asteroid2/035144-02.h2] Addr=7315 Value=66
ROM[roms/Asteroid2/035144-02.h2] Addr=7316 Value=06
ROM[roms/Asteroid2/035144-02.h2] Addr=7317 Value=4A
ROM[roms/Asteroid2/035144-02.h2] Addr=7318 Value=66
ROM[roms/Asteroid2/035144-02.h2] Addr=7319 Value=06
ROM[roms/Asteroid2/035144-02.h2] Addr=731A Value=4A
ROM[roms/Asteroid2/035144-02.h2] Addr=731B Value=66
ROM[roms/Asteroid2/035144-02.h2] Addr=731C Value=06
ROM[roms/Asteroid2/035144-02.h2] Addr=731D Value=85
ROM[roms/Asteroid2/035144-02.h2] Addr=731E Value=07
ROM[roms/Asteroid2/035144-02.h2] Addr=731F Value=A2
ROM[roms/Asteroid2/035144-02.h2] Addr=7320 Value=04
ROM[roms/Asteroid2/035144-02.h2] Addr=7321 Value=20
ROM[roms/Asteroid2/035144-02.h2] Addr=7322 Value=1C
ROM[roms/Asteroid2/035144-02.h2] Addr=7323 Value=7C
ROM[roms/Asteroid2/035144-02.h2] Addr=7324 Value=A9
ROM[roms/Asteroid2/035144-02.h2] Addr=7325 Value=70
ROM[roms/Asteroid2/035144-02.h2] Addr=7326 Value=38
ROM[roms/Asteroid2/035144-02.h2] Addr=7327 Value=E5
ROM[roms/Asteroid2/035144-02.h2] Addr=7328 Value=00
ROM[roms/Asteroid2/035144-02.h2] Addr=7329 Value=C9
ROM[roms/Asteroid2/035144-02.h2] Addr=732A Value=A0
ROM[roms/Asteroid2/035144-02.h2] Addr=732B Value=90
ROM[roms/Asteroid2/035144-02.h2] Addr=732C Value=0E
ROM[roms/Asteroid2/035144-02.h2] Addr=732D Value=48
ROM[roms/Asteroid2/035144-02.h2] Addr=732E Value=A9
ROM[roms/Asteroid2/035144-02.h2] Addr=732F Value=90
ROM[roms/Asteroid2/035144-02.h2] Addr=7330 Value=20
ROM[roms/Asteroid2/035144-02.h2] Addr=7331 Value=DE
ROM[roms/Asteroid2/035144-02.h2] Addr=7332 Value=7C
ROM[roms/Asteroid2/035144-02.h2] Addr=7333 Value=68
ROM[roms/Asteroid2/035144-02.h2] Addr=7334 Value=38
ROM[roms/Asteroid2/035144-02.h2] Addr=7335 Value=E9
ROM[roms/Asteroid2/035144-02.h2] Addr=7336 Value=10
ROM[roms/Asteroid2/035144-02.h2] Addr=7337 Value=C9
ROM[roms/Asteroid2/035144-02.h2] Addr=7338 Value=A0
ROM[roms/Asteroid2/035144-02.h2] Addr=7339 Value=B0
ROM[roms/Asteroid2/035144-02.h2] Addr=733A Value=F2
ROM[roms/Asteroid2/035144-02.h2] Addr=733B Value=20
ROM[roms/Asteroid2/035144-02.h2] Addr=733C Value=DE
ROM[roms/Asteroid2/035144-02.h2] Addr=733D Value=7C
ROM[roms/Asteroid2/035144-02.h2] Addr=733E Value=A6
ROM[roms/Asteroid2/035144-02.h2] Addr=733F Value=0D
ROM[roms/Asteroid2/035144-02.h2] Addr=7340 Value=BD
ROM[roms/Asteroid2/035144-02.h2] Addr=7341 Value=00
ROM[roms/Asteroid2/035144-02.h2] Addr=7342 Value=02
ROM[roms/Asteroid2/035144-02.h2] Addr=7343 Value=10
ROM[roms/Asteroid2/035144-02.h2] Addr=7344 Value=16
ROM[roms/Asteroid2/035144-02.h2] Addr=7345 Value=E0
ROM[roms/Asteroid2/035144-02.h2] Addr=7346 Value=1B
ROM[roms/Asteroid2/035144-02.h2] Addr=7347 Value=F0
ROM[roms/Asteroid2/035144-02.h2] Addr=7348 Value=0C
ROM[roms/Asteroid2/035144-02.h2] Addr=7349 Value=29
ROM[roms/Asteroid2/035144-02.h2] Addr=734A Value=0C
ROM[roms/Asteroid2/035144-02.h2] Addr=734B Value=4A
ROM[roms/Asteroid2/035144-02.h2] Addr=734C Value=A8
ROM[roms/Asteroid2/035144-02.h2] Addr=734D Value=B9
ROM[roms/Asteroid2/035144-02.h2] Addr=734E Value=F8
ROM[roms/Asteroid2/035144-02.h2] Addr=734F Value=50
ROM[roms/Asteroid2/035144-02.h2] Addr=7350 Value=BE
ROM[roms/Asteroid2/035144-02.h2] Addr=7351 Value=F9
ROM[roms/Asteroid2/035144-02.h2] Addr=7352 Value=50
ROM[roms/Asteroid2/035144-02.h2] Addr=7353 Value=D0
ROM[roms/Asteroid2/035144-02.h2] Addr=7354 Value=1B
ROM[roms/Asteroid2/035144-02.h2] Addr=7355 Value=20
ROM[roms/Asteroid2/035144-02.h2] Addr=7356 Value=65
ROM[roms/Asteroid2/035144-02.h2] Addr=7357 Value=74
ROM[roms/Asteroid2/035144-02.h2] Addr=7358 Value=A6
ROM[roms/Asteroid2/035144-02.h2] Addr=7359 Value=0D
ROM[roms/Asteroid2/035144-02.h2] Addr=735A Value=60
ROM[roms/Asteroid2/035144-02.h2] Addr=735B Value=E0
ROM[roms/Asteroid2/035144-02.h2] Addr=735C Value=1B
ROM[roms/Asteroid2/035144-02.h2] Addr=735D Value=F0
ROM[roms/Asteroid2/035144-02.h2] Addr=735E Value=17
ROM[roms/Asteroid2/035144-02.h2] Addr=735F Value=E0
ROM[roms/Asteroid2/035144-02.h2] Addr=7360 Value=1C
ROM[roms/Asteroid2/035144-02.h2] Addr=7361 Value=F0
ROM[roms/Asteroid2/035144-02.h2] Addr=7362 Value=19
ROM[roms/Asteroid2/035144-02.h2] Addr=7363 Value=B0
ROM[roms/Asteroid2/035144-02.h2] Addr=7364 Value=1F
ROM[roms/Asteroid2/035144-02.h2] Addr=7365 Value=29
ROM[roms/Asteroid2/035144-02.h2] Addr=7366 Value=18
ROM[roms/Asteroid2/035144-02.h2] Addr=7367 Value=4A
ROM[roms/Asteroid2/035144-02.h2] Addr=7368 Value=4A
ROM[roms/Asteroid2/035144-02.h2] Addr=7369 Value=A8
ROM[roms/Asteroid2/035144-02.h2] Addr=736A Value=B9
ROM[roms/Asteroid2/035144-02.h2] Addr=736B Value=DE
ROM[roms/Asteroid2/035144-02.h2] Addr=736C Value=51
ROM[roms/Asteroid2/035144-02.h2] Addr=736D Value=BE
ROM[roms/Asteroid2/035144-02.h2] Addr=736E Value=DF
ROM[roms/Asteroid2/035144-02.h2] Addr=736F Value=51
ROM[roms/Asteroid2/035144-02.h2] Addr=7370 Value=20
ROM[roms/Asteroid2/035144-02.h2] Addr=7371 Value=45
ROM[roms/Asteroid2/035144-02.h2] Addr=7372 Value=7D
ROM[roms/Asteroid2/035144-02.h2] Addr=7373 Value=A6
ROM[roms/Asteroid2/035144-02.h2] Addr=7374 Value=0D
ROM[roms/Asteroid2/035144-02.h2] Addr=7375 Value=60
ROM[roms/Asteroid2/035144-02.h2] Addr=7376 Value=20
ROM[roms/Asteroid2/035144-02.h2] Addr=7377 Value=0B
ROM[roms/Asteroid2/035144-02.h2] Addr=7378 Value=75
ROM[roms/Asteroid2/035144-02.h2] Addr=7379 Value=A6
ROM[roms/Asteroid2/035144-02.h2] Addr=737A Value=0D
ROM[roms/Asteroid2/035144-02.h2] Addr=737B Value=60
ROM[roms/Asteroid2/035144-02.h2] Addr=737C Value=AD
ROM[roms/Asteroid2/035144-02.h2] Addr=737D Value=50
ROM[roms/Asteroid2/035144-02.h2] Addr=737E Value=52
ROM[roms/Asteroid2/035144-02.h2] Addr=737F Value=AE
ROM[roms/Asteroid2/035144-02.h2] Addr=7380 Value=51
ROM[roms/Asteroid2/035144-02.h2] Addr=7381 Value=52
ROM[roms/Asteroid2/035144-02.h2] Addr=7382 Value=D0
ROM[roms/Asteroid2/035144-02.h2] Addr=7383 Value=EC
ROM[roms/Asteroid2/035144-02.h2] Addr=7384 Value=A9
ROM[roms/Asteroid2/035144-02.h2] Addr=7385 Value=70
ROM[roms/Asteroid2/035144-02.h2] Addr=7386 Value=A2
ROM[roms/Asteroid2/035144-02.h2] Addr=7387 Value=F0
ROM[roms/Asteroid2/035144-02.h2] Addr=7388 Value=20
ROM[roms/Asteroid2/035144-02.h2] Addr=7389 Value=E0
ROM[roms/Asteroid2/035144-02.h2] Addr=738A Value=7C
ROM[roms/Asteroid2/035144-02.h2] Addr=738B Value=A6
ROM[roms/Asteroid2/035144-02.h2] Addr=738C Value=0D
ROM[roms/Asteroid2/035144-02.h2] Addr=738D Value=A5
ROM[roms/Asteroid2/035144-02.h2] Addr=738E Value=5C
ROM[roms/Asteroid2/035144-02.h2] Addr=738F Value=29
ROM[roms/Asteroid2/035144-02.h2] Addr=7390 Value=03
ROM[roms/Asteroid2/035144-02.h2] Addr=7391 Value=D0
ROM[roms/Asteroid2/035144-02.h2] Addr=7392 Value=03
ROM[roms/Asteroid2/035144-02.h2] Addr=7393 Value=DE
ROM[roms/Asteroid2/035144-02.h2] Addr=7394 Value=00
ROM[roms/Asteroid2/035144-02.h2] Addr=7395 Value=02
ROM[roms/Asteroid2/035144-02.h2] Addr=7396 Value=60
ROM[roms/Asteroid2/035144-02.h2] Addr=7397 Value=F8
ROM[roms/Asteroid2/035144-02.h2] Addr=7398 Value=75
ROM[roms/Asteroid2/035144-02.h2] Addr=7399 Value=52
ROM[roms/Asteroid2/035144-02.h2] Addr=739A Value=95
ROM[roms/Asteroid2/035144-02.h2] Addr=739B Value=52
ROM[roms/Asteroid2/035144-02.h2] Addr=739C Value=90
ROM[roms/Asteroid2/035144-02.h2] Addr=739D Value=12
ROM[roms/Asteroid2/035144-02.h2] Addr=739E Value=B5
ROM[roms/Asteroid2/035144-02.h2] Addr=739F Value=53
ROM[roms/Asteroid2/035144-02.h2] Addr=73A0 Value=69
ROM[roms/Asteroid2/035144-02.h2] Addr=73A1 Value=00
ROM[roms/Asteroid2/035144-02.h2] Addr=73A2 Value=95
ROM[roms/Asteroid2/035144-02.h2] Addr=73A3 Value=53
ROM[roms/Asteroid2/035144-02.h2] Addr=73A4 Value=29
ROM[roms/Asteroid2/035144-02.h2] Addr=73A5 Value=0F
ROM[roms/Asteroid2/035144-02.h2] Addr=73A6 Value=D0
ROM[roms/Asteroid2/035144-02.h2] Addr=73A7 Value=08
ROM[roms/Asteroid2/035144-02.h2] Addr=73A8 Value=A9
ROM[roms/Asteroid2/035144-02.h2] Addr=73A9 Value=B0
ROM[roms/Asteroid2/035144-02.h2] Addr=73AA Value=85
ROM[roms/Asteroid2/035144-02.h2] Addr=73AB Value=68
ROM[roms/Asteroid2/035144-02.h2] Addr=73AC Value=A6
ROM[roms/Asteroid2/035144-02.h2] Addr=73AD Value=18
ROM[roms/Asteroid2/035144-02.h2] Addr=73AE Value=F6
ROM[roms/Asteroid2/035144-02.h2] Addr=73AF Value=57
ROM[roms/Asteroid2/035144-02.h2] Addr=73B0 Value=D8
ROM[roms/Asteroid2/035144-02.h2] Addr=73B1 Value=60
ROM[roms/Asteroid2/035144-02.h2] Addr=73B2 Value=A5
ROM[roms/Asteroid2/035144-02.h2] Addr=73B3 Value=18
ROM[roms/Asteroid2/035144-02.h2] Addr=73B4 Value=0A
ROM[roms/Asteroid2/035144-02.h2] Addr=73B5 Value=0A
ROM[roms/Asteroid2/035144-02.h2] Addr=73B6 Value=85
ROM[roms/Asteroid2/035144-02.h2] Addr=73B7 Value=08
ROM[roms/Asteroid2/035144-02.h2] Addr=73B8 Value=A5
ROM[roms/Asteroid2/035144-02.h2] Addr=73B9 Value=6F
ROM[roms/Asteroid2/035144-02.h2] Addr=73BA Value=29
ROM[roms/Asteroid2/035144-02.h2] Addr=73BB Value=FB
ROM[roms/Asteroid2/035144-02.h2] Addr=73BC Value=05
ROM[roms/Asteroid2/035144-02.h2] Addr=73BD Value=08
ROM[roms/Asteroid2/035144-02.h2] Addr=73BE Value=85
ROM[roms/Asteroid2/035144-02.h2] Addr=73BF Value=6F
ROM[roms/Asteroid2/035144-02.h2] Addr=73C0 Value=8D
ROM[roms/Asteroid2/035144-02.h2] Addr=73C1 Value=00
ROM[roms/Asteroid2/035144-02.h2] Addr=73C2 Value=32
ROM[roms/Asteroid2/035144-02.h2] Addr=73C3 Value=60
ROM[roms/Asteroid2/035144-02.h2] Addr=73C4 Value=A5
ROM[roms/Asteroid2/035144-02.h2] Addr=73C5 Value=1C
ROM[roms/Asteroid2/035144-02.h2] Addr=73C6 Value=F0
ROM[roms/Asteroid2/035144-02.h2] Addr=73C7 Value=02
ROM[roms/Asteroid2/035144-02.h2] Addr=73C8 Value=18
ROM[roms/Asteroid2/035144-02.h2] Addr=73C9 Value=60
ROM[roms/Asteroid2/035144-02.h2] Addr=73CA Value=A5
ROM[roms/Asteroid2/035144-02.h2] Addr=73CB Value=5D
ROM[roms/Asteroid2/035144-02.h2] Addr=73CC Value=29
ROM[roms/Asteroid2/035144-02.h2] Addr=73CD Value=04
ROM[roms/Asteroid2/035144-02.h2] Addr=73CE Value=D0
ROM[roms/Asteroid2/035144-02.h2] Addr=73CF Value=F8
ROM[roms/Asteroid2/035144-02.h2] Addr=73D0 Value=A5
ROM[roms/Asteroid2/035144-02.h2] Addr=73D1 Value=1D
ROM[roms/Asteroid2/035144-02.h2] Addr=73D2 Value=05
ROM[roms/Asteroid2/035144-02.h2] Addr=73D3 Value=1E
ROM[roms/Asteroid2/035144-02.h2] Addr=73D4 Value=F0
ROM[roms/Asteroid2/035144-02.h2] Addr=73D5 Value=F2
ROM[roms/Asteroid2/035144-02.h2] Addr=73D6 Value=A0
ROM[roms/Asteroid2/035144-02.h2] Addr=73D7 Value=00
ROM[roms/Asteroid2/035144-02.h2] Addr=73D8 Value=20
ROM[roms/Asteroid2/035144-02.h2] Addr=73D9 Value=F6
ROM[roms/Asteroid2/035144-02.h2] Addr=73DA Value=77
ROM[roms/Asteroid2/035144-02.h2] Addr=73DB Value=A2
ROM[roms/Asteroid2/035144-02.h2] Addr=73DC Value=00
ROM[roms/Asteroid2/035144-02.h2] Addr=73DD Value=86
ROM[roms/Asteroid2/035144-02.h2] Addr=73DE Value=10
ROM[roms/Asteroid2/035144-02.h2] Addr=73DF Value=A9
ROM[roms/Asteroid2/035144-02.h2] Addr=73E0 Value=01
ROM[roms/Asteroid2/035144-02.h2] Addr=73E1 Value=85
ROM[roms/Asteroid2/035144-02.h2] Addr=73E2 Value=00
ROM[roms/Asteroid2/035144-02.h2] Addr=73E3 Value=A9
ROM[roms/Asteroid2/035144-02.h2] Addr=73E4 Value=A7
ROM[roms/Asteroid2/035144-02.h2] Addr=73E5 Value=85
ROM[roms/Asteroid2/035144-02.h2] Addr=73E6 Value=0E
ROM[roms/Asteroid2/035144-02.h2] Addr=73E7 Value=A9
ROM[roms/Asteroid2/035144-02.h2] Addr=73E8 Value=10
ROM[roms/Asteroid2/035144-02.h2] Addr=73E9 Value=85
ROM[roms/Asteroid2/035144-02.h2] Addr=73EA Value=00
ROM[roms/Asteroid2/035144-02.h2] Addr=73EB Value=B5
ROM[roms/Asteroid2/035144-02.h2] Addr=73EC Value=1D
ROM[roms/Asteroid2/035144-02.h2] Addr=73ED Value=15
ROM[roms/Asteroid2/035144-02.h2] Addr=73EE Value=1E
ROM[roms/Asteroid2/035144-02.h2] Addr=73EF Value=F0
ROM[roms/Asteroid2/035144-02.h2] Addr=73F0 Value=67
ROM[roms/Asteroid2/035144-02.h2] Addr=73F1 Value=86
ROM[roms/Asteroid2/035144-02.h2] Addr=73F2 Value=0F
ROM[roms/Asteroid2/035144-02.h2] Addr=73F3 Value=A9
ROM[roms/Asteroid2/035144-02.h2] Addr=73F4 Value=5F
ROM[roms/Asteroid2/035144-02.h2] Addr=73F5 Value=A6
ROM[roms/Asteroid2/035144-02.h2] Addr=73F6 Value=0E
ROM[roms/Asteroid2/035144-02.h2] Addr=73F7 Value=20
ROM[roms/Asteroid2/035144-02.h2] Addr=73F8 Value=03
ROM[roms/Asteroid2/035144-02.h2] Addr=73F9 Value=7C
ROM[roms/Asteroid2/035144-02.h2] Addr=73FA Value=A9
ROM[roms/Asteroid2/035144-02.h2] Addr=73FB Value=40
ROM[roms/Asteroid2/035144-02.h2] Addr=73FC Value=20
ROM[roms/Asteroid2/035144-02.h2] Addr=73FD Value=DE
ROM[roms/Asteroid2/035144-02.h2] Addr=73FE Value=7C
ROM[roms/Asteroid2/035144-02.h2] Addr=73FF Value=A5
ROM[roms/Asteroid2/035144-02.h2] Addr=7400 Value=0F
ROM[roms/Asteroid2/035144-02.h2] Addr=7401 Value=4A
ROM[roms/Asteroid2/035144-02.h2] Addr=7402 Value=F8
ROM[roms/Asteroid2/035144-02.h2] Addr=7403 Value=69
ROM[roms/Asteroid2/035144-02.h2] Addr=7404 Value=01
ROM[roms/Asteroid2/035144-02.h2] Addr=7405 Value=D8
ROM[roms/Asteroid2/035144-02.h2] Addr=7406 Value=85
ROM[roms/Asteroid2/035144-02.h2] Addr=7407 Value=0D
ROM[roms/Asteroid2/035144-02.h2] Addr=7408 Value=A9
ROM[roms/Asteroid2/035144-02.h2] Addr=7409 Value=0D
ROM[roms/Asteroid2/035144-02.h2] Addr=740A Value=38
ROM[roms/Asteroid2/035144-02.h2] Addr=740B Value=A0
ROM[roms/Asteroid2/035144-02.h2] Addr=740C Value=01
ROM[roms/Asteroid2/035144-02.h2] Addr=740D Value=A2
ROM[roms/Asteroid2/035144-02.h2] Addr=740E Value=00
ROM[roms/Asteroid2/035144-02.h2] Addr=740F Value=20
ROM[roms/Asteroid2/035144-02.h2] Addr=7410 Value=3F
ROM[roms/Asteroid2/035144-02.h2] Addr=7411 Value=77
ROM[roms/Asteroid2/035144-02.h2] Addr=7412 Value=A9
ROM[roms/Asteroid2/035144-02.h2] Addr=7413 Value=40
ROM[roms/Asteroid2/035144-02.h2] Addr=7414 Value=AA
ROM[roms/Asteroid2/035144-02.h2] Addr=7415 Value=20
ROM[roms/Asteroid2/035144-02.h2] Addr=7416 Value=E0
ROM[roms/Asteroid2/035144-02.h2] Addr=7417 Value=7C
ROM[roms/Asteroid2/035144-02.h2] Addr=7418 Value=A0
ROM[roms/Asteroid2/035144-02.h2] Addr=7419 Value=00
ROM[roms/Asteroid2/035144-02.h2] Addr=741A Value=20
ROM[roms/Asteroid2/035144-02.h2] Addr=741B Value=35
ROM[roms/Asteroid2/035144-02.h2] Addr=741C Value=6F
ROM[roms/Asteroid2/035144-02.h2] Addr=741D Value=A5
ROM[roms/Asteroid2/035144-02.h2] Addr=741E Value=0F
ROM[roms/Asteroid2/035144-02.h2] Addr=741F Value=18
ROM[roms/Asteroid2/035144-02.h2] Addr=7420 Value=69
ROM[roms/Asteroid2/035144-02.h2] Addr=7421 Value=1D
ROM[roms/Asteroid2/035144-02.h2] Addr=7422 Value=A0
ROM[roms/Asteroid2/035144-02.h2] Addr=7423 Value=02
ROM[roms/Asteroid2/035144-02.h2] Addr=7424 Value=38
ROM[roms/Asteroid2/035144-02.h2] Addr=7425 Value=A2
ROM[roms/Asteroid2/035144-02.h2] Addr=7426 Value=00
ROM[roms/Asteroid2/035144-02.h2] Addr=7427 Value=20
ROM[roms/Asteroid2/035144-02.h2] Addr=7428 Value=3F
ROM[roms/Asteroid2/035144-02.h2] Addr=7429 Value=77
ROM[roms/Asteroid2/035144-02.h2] Addr=742A Value=A9
ROM[roms/Asteroid2/035144-02.h2] Addr=742B Value=00
ROM[roms/Asteroid2/035144-02.h2] Addr=742C Value=20
ROM[roms/Asteroid2/035144-02.h2] Addr=742D Value=D1
ROM[roms/Asteroid2/035144-02.h2] Addr=742E Value=7B
ROM[roms/Asteroid2/035144-02.h2] Addr=742F Value=A0
ROM[roms/Asteroid2/035144-02.h2] Addr=7430 Value=00
ROM[roms/Asteroid2/035144-02.h2] Addr=7431 Value=20
ROM[roms/Asteroid2/035144-02.h2] Addr=7432 Value=35
ROM[roms/Asteroid2/035144-02.h2] Addr=7433 Value=6F
ROM[roms/Asteroid2/035144-02.h2] Addr=7434 Value=A4
ROM[roms/Asteroid2/035144-02.h2] Addr=7435 Value=10
ROM[roms/Asteroid2/035144-02.h2] Addr=7436 Value=20
ROM[roms/Asteroid2/035144-02.h2] Addr=7437 Value=1A
ROM[roms/Asteroid2/035144-02.h2] Addr=7438 Value=6F
ROM[roms/Asteroid2/035144-02.h2] Addr=7439 Value=E6
ROM[roms/Asteroid2/035144-02.h2] Addr=743A Value=10
ROM[roms/Asteroid2/035144-02.h2] Addr=743B Value=A4
ROM[roms/Asteroid2/035144-02.h2] Addr=743C Value=10
ROM[roms/Asteroid2/035144-02.h2] Addr=743D Value=20
ROM[roms/Asteroid2/035144-02.h2] Addr=743E Value=1A
ROM[roms/Asteroid2/035144-02.h2] Addr=743F Value=6F
ROM[roms/Asteroid2/035144-02.h2] Addr=7440 Value=E6
ROM[roms/Asteroid2/035144-02.h2] Addr=7441 Value=10
ROM[roms/Asteroid2/035144-02.h2] Addr=7442 Value=A4
ROM[roms/Asteroid2/035144-02.h2] Addr=7443 Value=10
ROM[roms/Asteroid2/035144-02.h2] Addr=7444 Value=20
ROM[roms/Asteroid2/035144-02.h2] Addr=7445 Value=1A
ROM[roms/Asteroid2/035144-02.h2] Addr=7446 Value=6F
ROM[roms/Asteroid2/035144-02.h2] Addr=7447 Value=E6
ROM[roms/Asteroid2/035144-02.h2] Addr=7448 Value=10
ROM[roms/Asteroid2/035144-02.h2] Addr=7449 Value=A5
ROM[roms/Asteroid2/035144-02.h2] Addr=744A Value=0E
ROM[roms/Asteroid2/035144-02.h2] Addr=744B Value=38
ROM[roms/Asteroid2/035144-02.h2] Addr=744C Value=E9
ROM[roms/Asteroid2/035144-02.h2] Addr=744D Value=08
ROM[roms/Asteroid2/035144-02.h2] Addr=744E Value=85
ROM[roms/Asteroid2/035144-02.h2] Addr=744F Value=0E
ROM[roms/Asteroid2/035144-02.h2] Addr=7450 Value=A6
ROM[roms/Asteroid2/035144-02.h2] Addr=7451 Value=0F
ROM[roms/Asteroid2/035144-02.h2] Addr=7452 Value=E8
ROM[roms/Asteroid2/035144-02.h2] Addr=7453 Value=E8
ROM[roms/Asteroid2/035144-02.h2] Addr=7454 Value=E0
ROM[roms/Asteroid2/035144-02.h2] Addr=7455 Value=14
ROM[roms/Asteroid2/035144-02.h2] Addr=7456 Value=90
ROM[roms/Asteroid2/035144-02.h2] Addr=7457 Value=93
ROM[roms/Asteroid2/035144-02.h2] Addr=7458 Value=38
ROM[roms/Asteroid2/035144-02.h2] Addr=7459 Value=60
ROM[roms/Asteroid2/035144-02.h2] Addr=745A Value=A2
ROM[roms/Asteroid2/035144-02.h2] Addr=745B Value=1A
ROM[roms/Asteroid2/035144-02.h2] Addr=745C Value=BD
ROM[roms/Asteroid2/035144-02.h2] Addr=745D Value=00
ROM[roms/Asteroid2/035144-02.h2] Addr=745E Value=02
ROM[roms/Asteroid2/035144-02.h2] Addr=745F Value=F0
ROM[roms/Asteroid2/035144-02.h2] Addr=7460 Value=03
ROM[roms/Asteroid2/035144-02.h2] Addr=7461 Value=CA
ROM[roms/Asteroid2/035144-02.h2] Addr=7462 Value=10
ROM[roms/Asteroid2/035144-02.h2] Addr=7463 Value=F8
ROM[roms/Asteroid2/035144-02.h2] Addr=7464 Value=60
ROM[roms/Asteroid2/035144-02.h2] Addr=7465 Value=AD
ROM[roms/Asteroid2/035144-02.h2] Addr=7466 Value=1B
ROM[roms/Asteroid2/035144-02.h2] Addr=7467 Value=02
ROM[roms/Asteroid2/035144-02.h2] Addr=7468 Value=C9
ROM[roms/Asteroid2/035144-02.h2] Addr=7469 Value=A2
ROM[roms/Asteroid2/035144-02.h2] Addr=746A Value=B0
ROM[roms/Asteroid2/035144-02.h2] Addr=746B Value=22
ROM[roms/Asteroid2/035144-02.h2] Addr=746C Value=A2
ROM[roms/Asteroid2/035144-02.h2] Addr=746D Value=0A
ROM[roms/Asteroid2/035144-02.h2] Addr=746E Value=BD
ROM[roms/Asteroid2/035144-02.h2] Addr=746F Value=EC
ROM[roms/Asteroid2/035144-02.h2] Addr=7470 Value=50
ROM[roms/Asteroid2/035144-02.h2] Addr=7471 Value=4A
ROM[roms/Asteroid2/035144-02.h2] Addr=7472 Value=4A
ROM[roms/Asteroid2/035144-02.h2] Addr=7473 Value=4A
ROM[roms/Asteroid2/035144-02.h2] Addr=7474 Value=4A
ROM[roms/Asteroid2/035144-02.h2] Addr=7475 Value=18
ROM[roms/Asteroid2/035144-02.h2] Addr=7476 Value=69
ROM[roms/Asteroid2/035144-02.h2] Addr=7477 Value=F8
ROM[roms/Asteroid2/035144-02.h2] Addr=7478 Value=49
ROM[roms/Asteroid2/035144-02.h2] Addr=7479 Value=F8
ROM[roms/Asteroid2/035144-02.h2] Addr=747A Value=95
ROM[roms/Asteroid2/035144-02.h2] Addr=747B Value=7E
ROM[roms/Asteroid2/035144-02.h2] Addr=747C Value=BD
ROM[roms/Asteroid2/035144-02.h2] Addr=747D Value=ED
ROM[roms/Asteroid2/035144-02.h2] Addr=747E Value=50
ROM[roms/Asteroid2/035144-02.h2] Addr=747F Value=4A
ROM[roms/Asteroid2/035144-02.h2] Addr=7480 Value=4A
ROM[roms/Asteroid2/035144-02.h2] Addr=7481 Value=4A
ROM[roms/Asteroid2/035144-02.h2] Addr=7482 Value=4A
ROM[roms/Asteroid2/035144-02.h2] Addr=7483 Value=18
ROM[roms/Asteroid2/035144-02.h2] Addr=7484 Value=69
ROM[roms/Asteroid2/035144-02.h2] Addr=7485 Value=F8
ROM[roms/Asteroid2/035144-02.h2] Addr=7486 Value=49
ROM[roms/Asteroid2/035144-02.h2] Addr=7487 Value=F8
ROM[roms/Asteroid2/035144-02.h2] Addr=7488 Value=95
ROM[roms/Asteroid2/035144-02.h2] Addr=7489 Value=8A
ROM[roms/Asteroid2/035144-02.h2] Addr=748A Value=CA
ROM[roms/Asteroid2/035144-02.h2] Addr=748B Value=CA
ROM[roms/Asteroid2/035144-02.h2] Addr=748C Value=10
ROM[roms/Asteroid2/035144-02.h2] Addr=748D Value=E0
ROM[roms/Asteroid2/035144-02.h2] Addr=748E Value=AD
ROM[roms/Asteroid2/035144-02.h2] Addr=748F Value=1B
ROM[roms/Asteroid2/035144-02.h2] Addr=7490 Value=02
ROM[roms/Asteroid2/035144-02.h2] Addr=7491 Value=49
ROM[roms/Asteroid2/035144-02.h2] Addr=7492 Value=FF
ROM[roms/Asteroid2/035144-02.h2] Addr=7493 Value=29
ROM[roms/Asteroid2/035144-02.h2] Addr=7494 Value=70
ROM[roms/Asteroid2/035144-02.h2] Addr=7495 Value=4A
ROM[roms/Asteroid2/035144-02.h2] Addr=7496 Value=4A
ROM[roms/Asteroid2/035144-02.h2] Addr=7497 Value=4A
ROM[roms/Asteroid2/035144-02.h2] Addr=7498 Value=AA
ROM[roms/Asteroid2/035144-02.h2] Addr=7499 Value=86
ROM[roms/Asteroid2/035144-02.h2] Addr=749A Value=09
ROM[roms/Asteroid2/035144-02.h2] Addr=749B Value=A0
ROM[roms/Asteroid2/035144-02.h2] Addr=749C Value=00
ROM[roms/Asteroid2/035144-02.h2] Addr=749D Value=BD
ROM[roms/Asteroid2/035144-02.h2] Addr=749E Value=EC
ROM[roms/Asteroid2/035144-02.h2] Addr=749F Value=50
ROM[roms/Asteroid2/035144-02.h2] Addr=74A0 Value=10
ROM[roms/Asteroid2/035144-02.h2] Addr=74A1 Value=01
ROM[roms/Asteroid2/035144-02.h2] Addr=74A2 Value=88
ROM[roms/Asteroid2/035144-02.h2] Addr=74A3 Value=18
ROM[roms/Asteroid2/035144-02.h2] Addr=74A4 Value=75
ROM[roms/Asteroid2/035144-02.h2] Addr=74A5 Value=7D
ROM[roms/Asteroid2/035144-02.h2] Addr=74A6 Value=95
ROM[roms/Asteroid2/035144-02.h2] Addr=74A7 Value=7D
ROM[roms/Asteroid2/035144-02.h2] Addr=74A8 Value=98
ROM[roms/Asteroid2/035144-02.h2] Addr=74A9 Value=75
ROM[roms/Asteroid2/035144-02.h2] Addr=74AA Value=7E
ROM[roms/Asteroid2/035144-02.h2] Addr=74AB Value=95
ROM[roms/Asteroid2/035144-02.h2] Addr=74AC Value=7E
ROM[roms/Asteroid2/035144-02.h2] Addr=74AD Value=85
ROM[roms/Asteroid2/035144-02.h2] Addr=74AE Value=04
ROM[roms/Asteroid2/035144-02.h2] Addr=74AF Value=84
ROM[roms/Asteroid2/035144-02.h2] Addr=74B0 Value=05
ROM[roms/Asteroid2/035144-02.h2] Addr=74B1 Value=A0
ROM[roms/Asteroid2/035144-02.h2] Addr=74B2 Value=00
ROM[roms/Asteroid2/035144-02.h2] Addr=74B3 Value=BD
ROM[roms/Asteroid2/035144-02.h2] Addr=74B4 Value=ED
ROM[roms/Asteroid2/035144-02.h2] Addr=74B5 Value=50
ROM[roms/Asteroid2/035144-02.h2] Addr=74B6 Value=10
ROM[roms/Asteroid2/035144-02.h2] Addr=74B7 Value=01
ROM[roms/Asteroid2/035144-02.h2] Addr=74B8 Value=88
ROM[roms/Asteroid2/035144-02.h2] Addr=74B9 Value=18
ROM[roms/Asteroid2/035144-02.h2] Addr=74BA Value=75
ROM[roms/Asteroid2/035144-02.h2] Addr=74BB Value=89
ROM[roms/Asteroid2/035144-02.h2] Addr=74BC Value=95
ROM[roms/Asteroid2/035144-02.h2] Addr=74BD Value=89
ROM[roms/Asteroid2/035144-02.h2] Addr=74BE Value=98
ROM[roms/Asteroid2/035144-02.h2] Addr=74BF Value=75
ROM[roms/Asteroid2/035144-02.h2] Addr=74C0 Value=8A
ROM[roms/Asteroid2/035144-02.h2] Addr=74C1 Value=95
ROM[roms/Asteroid2/035144-02.h2] Addr=74C2 Value=8A
ROM[roms/Asteroid2/035144-02.h2] Addr=74C3 Value=85
ROM[roms/Asteroid2/035144-02.h2] Addr=74C4 Value=06
ROM[roms/Asteroid2/035144-02.h2] Addr=74C5 Value=84
ROM[roms/Asteroid2/035144-02.h2] Addr=74C6 Value=07
ROM[roms/Asteroid2/035144-02.h2] Addr=74C7 Value=A5
ROM[roms/Asteroid2/035144-02.h2] Addr=74C8 Value=02
ROM[roms/Asteroid2/035144-02.h2] Addr=74C9 Value=85
ROM[roms/Asteroid2/035144-02.h2] Addr=74CA Value=0B
ROM[roms/Asteroid2/035144-02.h2] Addr=74CB Value=A5
ROM[roms/Asteroid2/035144-02.h2] Addr=74CC Value=03
ROM[roms/Asteroid2/035144-02.h2] Addr=74CD Value=85
ROM[roms/Asteroid2/035144-02.h2] Addr=74CE Value=0C
ROM[roms/Asteroid2/035144-02.h2] Addr=74CF Value=20
ROM[roms/Asteroid2/035144-02.h2] Addr=74D0 Value=49
ROM[roms/Asteroid2/035144-02.h2] Addr=74D1 Value=7C
ROM[roms/Asteroid2/035144-02.h2] Addr=74D2 Value=A4
ROM[roms/Asteroid2/035144-02.h2] Addr=74D3 Value=09
ROM[roms/Asteroid2/035144-02.h2] Addr=74D4 Value=B9
ROM[roms/Asteroid2/035144-02.h2] Addr=74D5 Value=E0
ROM[roms/Asteroid2/035144-02.h2] Addr=74D6 Value=50
ROM[roms/Asteroid2/035144-02.h2] Addr=74D7 Value=BE
ROM[roms/Asteroid2/035144-02.h2] Addr=74D8 Value=E1
ROM[roms/Asteroid2/035144-02.h2] Addr=74D9 Value=50
ROM[roms/Asteroid2/035144-02.h2] Addr=74DA Value=20
ROM[roms/Asteroid2/035144-02.h2] Addr=74DB Value=45
ROM[roms/Asteroid2/035144-02.h2] Addr=74DC Value=7D
ROM[roms/Asteroid2/035144-02.h2] Addr=74DD Value=A4
ROM[roms/Asteroid2/035144-02.h2] Addr=74DE Value=09
ROM[roms/Asteroid2/035144-02.h2] Addr=74DF Value=B9
ROM[roms/Asteroid2/035144-02.h2] Addr=74E0 Value=E1
ROM[roms/Asteroid2/035144-02.h2] Addr=74E1 Value=50
ROM[roms/Asteroid2/035144-02.h2] Addr=74E2 Value=49
ROM[roms/Asteroid2/035144-02.h2] Addr=74E3 Value=04
ROM[roms/Asteroid2/035144-02.h2] Addr=74E4 Value=AA
ROM[roms/Asteroid2/035144-02.h2] Addr=74E5 Value=B9
ROM[roms/Asteroid2/035144-02.h2] Addr=74E6 Value=E0
ROM[roms/Asteroid2/035144-02.h2] Addr=74E7 Value=50
ROM[roms/Asteroid2/035144-02.h2] Addr=74E8 Value=29
ROM[roms/Asteroid2/035144-02.h2] Addr=74E9 Value=0F
ROM[roms/Asteroid2/035144-02.h2] Addr=74EA Value=49
ROM[roms/Asteroid2/035144-02.h2] Addr=74EB Value=04
ROM[roms/Asteroid2/035144-02.h2] Addr=74EC Value=20
ROM[roms/Asteroid2/035144-02.h2] Addr=74ED Value=45
ROM[roms/Asteroid2/035144-02.h2] Addr=74EE Value=7D
ROM[roms/Asteroid2/035144-02.h2] Addr=74EF Value=A0
ROM[roms/Asteroid2/035144-02.h2] Addr=74F0 Value=FF
ROM[roms/Asteroid2/035144-02.h2] Addr=74F1 Value=C8
ROM[roms/Asteroid2/035144-02.h2] Addr=74F2 Value=B1
ROM[roms/Asteroid2/035144-02.h2] Addr=74F3 Value=0B
ROM[roms/Asteroid2/035144-02.h2] Addr=74F4 Value=91
ROM[roms/Asteroid2/035144-02.h2] Addr=74F5 Value=02
ROM[roms/Asteroid2/035144-02.h2] Addr=74F6 Value=C8
ROM[roms/Asteroid2/035144-02.h2] Addr=74F7 Value=B1
ROM[roms/Asteroid2/035144-02.h2] Addr=74F8 Value=0B
ROM[roms/Asteroid2/035144-02.h2] Addr=74F9 Value=49
ROM[roms/Asteroid2/035144-02.h2] Addr=74FA Value=04
ROM[roms/Asteroid2/035144-02.h2] Addr=74FB Value=91
ROM[roms/Asteroid2/035144-02.h2] Addr=74FC Value=02
ROM[roms/Asteroid2/035144-02.h2] Addr=74FD Value=C0
ROM[roms/Asteroid2/035144-02.h2] Addr=74FE Value=03
ROM[roms/Asteroid2/035144-02.h2] Addr=74FF Value=90
ROM[roms/Asteroid2/035144-02.h2] Addr=7500 Value=F0
ROM[roms/Asteroid2/035144-02.h2] Addr=7501 Value=20
ROM[roms/Asteroid2/035144-02.h2] Addr=7502 Value=39
ROM[roms/Asteroid2/035144-02.h2] Addr=7503 Value=7C
ROM[roms/Asteroid2/035144-02.h2] Addr=7504 Value=A6
ROM[roms/Asteroid2/035144-02.h2] Addr=7505 Value=09
ROM[roms/Asteroid2/035144-02.h2] Addr=7506 Value=CA
ROM[roms/Asteroid2/035144-02.h2] Addr=7507 Value=CA
ROM[roms/Asteroid2/035144-02.h2] Addr=7508 Value=10
ROM[roms/Asteroid2/035144-02.h2] Addr=7509 Value=8F
ROM[roms/Asteroid2/035144-02.h2] Addr=750A Value=60
ROM[roms/Asteroid2/035144-02.h2] Addr=750B Value=A2
ROM[roms/Asteroid2/035144-02.h2] Addr=750C Value=00
ROM[roms/Asteroid2/035144-02.h2] Addr=750D Value=86
ROM[roms/Asteroid2/035144-02.h2] Addr=750E Value=17
ROM[roms/Asteroid2/035144-02.h2] Addr=750F Value=A0
ROM[roms/Asteroid2/035144-02.h2] Addr=7510 Value=00
ROM[roms/Asteroid2/035144-02.h2] Addr=7511 Value=A5
ROM[roms/Asteroid2/035144-02.h2] Addr=7512 Value=61
ROM[roms/Asteroid2/035144-02.h2] Addr=7513 Value=10
ROM[roms/Asteroid2/035144-02.h2] Addr=7514 Value=06
ROM[roms/Asteroid2/035144-02.h2] Addr=7515 Value=A0
ROM[roms/Asteroid2/035144-02.h2] Addr=7516 Value=04
ROM[roms/Asteroid2/035144-02.h2] Addr=7517 Value=8A
ROM[roms/Asteroid2/035144-02.h2] Addr=7518 Value=38
ROM[roms/Asteroid2/035144-02.h2] Addr=7519 Value=E5
ROM[roms/Asteroid2/035144-02.h2] Addr=751A Value=61
ROM[roms/Asteroid2/035144-02.h2] Addr=751B Value=85
ROM[roms/Asteroid2/035144-02.h2] Addr=751C Value=08
ROM[roms/Asteroid2/035144-02.h2] Addr=751D Value=24
ROM[roms/Asteroid2/035144-02.h2] Addr=751E Value=08
ROM[roms/Asteroid2/035144-02.h2] Addr=751F Value=30
ROM[roms/Asteroid2/035144-02.h2] Addr=7520 Value=02
ROM[roms/Asteroid2/035144-02.h2] Addr=7521 Value=50
ROM[roms/Asteroid2/035144-02.h2] Addr=7522 Value=07
ROM[roms/Asteroid2/035144-02.h2] Addr=7523 Value=A2
ROM[roms/Asteroid2/035144-02.h2] Addr=7524 Value=04
ROM[roms/Asteroid2/035144-02.h2] Addr=7525 Value=A9
ROM[roms/Asteroid2/035144-02.h2] Addr=7526 Value=80
ROM[roms/Asteroid2/035144-02.h2] Addr=7527 Value=38
ROM[roms/Asteroid2/035144-02.h2] Addr=7528 Value=E5
ROM[roms/Asteroid2/035144-02.h2] Addr=7529 Value=08
ROM[roms/Asteroid2/035144-02.h2] Addr=752A Value=86
ROM[roms/Asteroid2/035144-02.h2] Addr=752B Value=08
ROM[roms/Asteroid2/035144-02.h2] Addr=752C Value=84
ROM[roms/Asteroid2/035144-02.h2] Addr=752D Value=09
ROM[roms/Asteroid2/035144-02.h2] Addr=752E Value=4A
ROM[roms/Asteroid2/035144-02.h2] Addr=752F Value=29
ROM[roms/Asteroid2/035144-02.h2] Addr=7530 Value=FE
ROM[roms/Asteroid2/035144-02.h2] Addr=7531 Value=A8
ROM[roms/Asteroid2/035144-02.h2] Addr=7532 Value=B9
ROM[roms/Asteroid2/035144-02.h2] Addr=7533 Value=6E
ROM[roms/Asteroid2/035144-02.h2] Addr=7534 Value=52
ROM[roms/Asteroid2/035144-02.h2] Addr=7535 Value=BE
ROM[roms/Asteroid2/035144-02.h2] Addr=7536 Value=6F
ROM[roms/Asteroid2/035144-02.h2] Addr=7537 Value=52
ROM[roms/Asteroid2/035144-02.h2] Addr=7538 Value=20
ROM[roms/Asteroid2/035144-02.h2] Addr=7539 Value=D3
ROM[roms/Asteroid2/035144-02.h2] Addr=753A Value=6A
ROM[roms/Asteroid2/035144-02.h2] Addr=753B Value=AD
ROM[roms/Asteroid2/035144-02.h2] Addr=753C Value=05
ROM[roms/Asteroid2/035144-02.h2] Addr=753D Value=24
ROM[roms/Asteroid2/035144-02.h2] Addr=753E Value=10
ROM[roms/Asteroid2/035144-02.h2] Addr=753F Value=14
ROM[roms/Asteroid2/035144-02.h2] Addr=7540 Value=A5
ROM[roms/Asteroid2/035144-02.h2] Addr=7541 Value=5C
ROM[roms/Asteroid2/035144-02.h2] Addr=7542 Value=29
ROM[roms/Asteroid2/035144-02.h2] Addr=7543 Value=04
ROM[roms/Asteroid2/035144-02.h2] Addr=7544 Value=F0
ROM[roms/Asteroid2/035144-02.h2] Addr=7545 Value=0E
ROM[roms/Asteroid2/035144-02.h2] Addr=7546 Value=C8
ROM[roms/Asteroid2/035144-02.h2] Addr=7547 Value=C8
ROM[roms/Asteroid2/035144-02.h2] Addr=7548 Value=38
ROM[roms/Asteroid2/035144-02.h2] Addr=7549 Value=A6
ROM[roms/Asteroid2/035144-02.h2] Addr=754A Value=0C
ROM[roms/Asteroid2/035144-02.h2] Addr=754B Value=98
ROM[roms/Asteroid2/035144-02.h2] Addr=754C Value=65
ROM[roms/Asteroid2/035144-02.h2] Addr=754D Value=0B
ROM[roms/Asteroid2/035144-02.h2] Addr=754E Value=90
ROM[roms/Asteroid2/035144-02.h2] Addr=754F Value=01
ROM[roms/Asteroid2/035144-02.h2] Addr=7550 Value=E8
ROM[roms/Asteroid2/035144-02.h2] Addr=7551 Value=20
ROM[roms/Asteroid2/035144-02.h2] Addr=7552 Value=D3
ROM[roms/Asteroid2/035144-02.h2] Addr=7553 Value=6A
ROM[roms/Asteroid2/035144-02.h2] Addr=7554 Value=60
ROM[roms/Asteroid2/035144-02.h2] Addr=7555 Value=A5
ROM[roms/Asteroid2/035144-02.h2] Addr=7556 Value=1C
ROM[roms/Asteroid2/035144-02.h2] Addr=7557 Value=D0
ROM[roms/Asteroid2/035144-02.h2] Addr=7558 Value=01
ROM[roms/Asteroid2/035144-02.h2] Addr=7559 Value=60
ROM[roms/Asteroid2/035144-02.h2] Addr=755A Value=A2
ROM[roms/Asteroid2/035144-02.h2] Addr=755B Value=00
ROM[roms/Asteroid2/035144-02.h2] Addr=755C Value=AD
ROM[roms/Asteroid2/035144-02.h2] Addr=755D Value=1C
ROM[roms/Asteroid2/035144-02.h2] Addr=755E Value=02
ROM[roms/Asteroid2/035144-02.h2] Addr=755F Value=30
ROM[roms/Asteroid2/035144-02.h2] Addr=7560 Value=0A
ROM[roms/Asteroid2/035144-02.h2] Addr=7561 Value=F0
ROM[roms/Asteroid2/035144-02.h2] Addr=7562 Value=08
ROM[roms/Asteroid2/035144-02.h2] Addr=7563 Value=6A
ROM[roms/Asteroid2/035144-02.h2] Addr=7564 Value=6A
ROM[roms/Asteroid2/035144-02.h2] Addr=7565 Value=6A
ROM[roms/Asteroid2/035144-02.h2] Addr=7566 Value=8D
ROM[roms/Asteroid2/035144-02.h2] Addr=7567 Value=02
ROM[roms/Asteroid2/035144-02.h2] Addr=7568 Value=3C
ROM[roms/Asteroid2/035144-02.h2] Addr=7569 Value=A2
ROM[roms/Asteroid2/035144-02.h2] Addr=756A Value=80
ROM[roms/Asteroid2/035144-02.h2] Addr=756B Value=8E
ROM[roms/Asteroid2/035144-02.h2] Addr=756C Value=00
ROM[roms/Asteroid2/035144-02.h2] Addr=756D Value=3C
ROM[roms/Asteroid2/035144-02.h2] Addr=756E Value=A2
ROM[roms/Asteroid2/035144-02.h2] Addr=756F Value=01
ROM[roms/Asteroid2/035144-02.h2] Addr=7570 Value=20
ROM[roms/Asteroid2/035144-02.h2] Addr=7571 Value=CD
ROM[roms/Asteroid2/035144-02.h2] Addr=7572 Value=75
ROM[roms/Asteroid2/035144-02.h2] Addr=7573 Value=8D
ROM[roms/Asteroid2/035144-02.h2] Addr=7574 Value=01
ROM[roms/Asteroid2/035144-02.h2] Addr=7575 Value=3C
ROM[roms/Asteroid2/035144-02.h2] Addr=7576 Value=CA
ROM[roms/Asteroid2/035144-02.h2] Addr=7577 Value=20
ROM[roms/Asteroid2/035144-02.h2] Addr=7578 Value=CD
ROM[roms/Asteroid2/035144-02.h2] Addr=7579 Value=75
ROM[roms/Asteroid2/035144-02.h2] Addr=757A Value=8D
ROM[roms/Asteroid2/035144-02.h2] Addr=757B Value=04
ROM[roms/Asteroid2/035144-02.h2] Addr=757C Value=3C
ROM[roms/Asteroid2/035144-02.h2] Addr=757D Value=AD
ROM[roms/Asteroid2/035144-02.h2] Addr=757E Value=1B
ROM[roms/Asteroid2/035144-02.h2] Addr=757F Value=02
ROM[roms/Asteroid2/035144-02.h2] Addr=7580 Value=C9
ROM[roms/Asteroid2/035144-02.h2] Addr=7581 Value=01
ROM[roms/Asteroid2/035144-02.h2] Addr=7582 Value=F0
ROM[roms/Asteroid2/035144-02.h2] Addr=7583 Value=04
ROM[roms/Asteroid2/035144-02.h2] Addr=7584 Value=8A
ROM[roms/Asteroid2/035144-02.h2] Addr=7585 Value=8D
ROM[roms/Asteroid2/035144-02.h2] Addr=7586 Value=03
ROM[roms/Asteroid2/035144-02.h2] Addr=7587 Value=3C
ROM[roms/Asteroid2/035144-02.h2] Addr=7588 Value=AD
ROM[roms/Asteroid2/035144-02.h2] Addr=7589 Value=F6
ROM[roms/Asteroid2/035144-02.h2] Addr=758A Value=02
ROM[roms/Asteroid2/035144-02.h2] Addr=758B Value=F0
ROM[roms/Asteroid2/035144-02.h2] Addr=758C Value=11
ROM[roms/Asteroid2/035144-02.h2] Addr=758D Value=AD
ROM[roms/Asteroid2/035144-02.h2] Addr=758E Value=1B
ROM[roms/Asteroid2/035144-02.h2] Addr=758F Value=02
ROM[roms/Asteroid2/035144-02.h2] Addr=7590 Value=30
ROM[roms/Asteroid2/035144-02.h2] Addr=7591 Value=0C
ROM[roms/Asteroid2/035144-02.h2] Addr=7592 Value=05
ROM[roms/Asteroid2/035144-02.h2] Addr=7593 Value=59
ROM[roms/Asteroid2/035144-02.h2] Addr=7594 Value=F0
ROM[roms/Asteroid2/035144-02.h2] Addr=7595 Value=08
ROM[roms/Asteroid2/035144-02.h2] Addr=7596 Value=A5
ROM[roms/Asteroid2/035144-02.h2] Addr=7597 Value=6D
ROM[roms/Asteroid2/035144-02.h2] Addr=7598 Value=F0
ROM[roms/Asteroid2/035144-02.h2] Addr=7599 Value=14
ROM[roms/Asteroid2/035144-02.h2] Addr=759A Value=C6
ROM[roms/Asteroid2/035144-02.h2] Addr=759B Value=6D
ROM[roms/Asteroid2/035144-02.h2] Addr=759C Value=D0
ROM[roms/Asteroid2/035144-02.h2] Addr=759D Value=21
ROM[roms/Asteroid2/035144-02.h2] Addr=759E Value=A5
ROM[roms/Asteroid2/035144-02.h2] Addr=759F Value=6C
ROM[roms/Asteroid2/035144-02.h2] Addr=75A0 Value=29
ROM[roms/Asteroid2/035144-02.h2] Addr=75A1 Value=0F
ROM[roms/Asteroid2/035144-02.h2] Addr=75A2 Value=85
ROM[roms/Asteroid2/035144-02.h2] Addr=75A3 Value=6C
ROM[roms/Asteroid2/035144-02.h2] Addr=75A4 Value=8D
ROM[roms/Asteroid2/035144-02.h2] Addr=75A5 Value=00
ROM[roms/Asteroid2/035144-02.h2] Addr=75A6 Value=3A
ROM[roms/Asteroid2/035144-02.h2] Addr=75A7 Value=AD
ROM[roms/Asteroid2/035144-02.h2] Addr=75A8 Value=FC
ROM[roms/Asteroid2/035144-02.h2] Addr=75A9 Value=02
ROM[roms/Asteroid2/035144-02.h2] Addr=75AA Value=85
ROM[roms/Asteroid2/035144-02.h2] Addr=75AB Value=6E
ROM[roms/Asteroid2/035144-02.h2] Addr=75AC Value=10
ROM[roms/Asteroid2/035144-02.h2] Addr=75AD Value=11
ROM[roms/Asteroid2/035144-02.h2] Addr=75AE Value=C6
ROM[roms/Asteroid2/035144-02.h2] Addr=75AF Value=6E
ROM[roms/Asteroid2/035144-02.h2] Addr=75B0 Value=D0
ROM[roms/Asteroid2/035144-02.h2] Addr=75B1 Value=0D
ROM[roms/Asteroid2/035144-02.h2] Addr=75B2 Value=A9
ROM[roms/Asteroid2/035144-02.h2] Addr=75B3 Value=04
ROM[roms/Asteroid2/035144-02.h2] Addr=75B4 Value=85
ROM[roms/Asteroid2/035144-02.h2] Addr=75B5 Value=6D
ROM[roms/Asteroid2/035144-02.h2] Addr=75B6 Value=A5
ROM[roms/Asteroid2/035144-02.h2] Addr=75B7 Value=6C
ROM[roms/Asteroid2/035144-02.h2] Addr=75B8 Value=49
ROM[roms/Asteroid2/035144-02.h2] Addr=75B9 Value=14
ROM[roms/Asteroid2/035144-02.h2] Addr=75BA Value=85
ROM[roms/Asteroid2/035144-02.h2] Addr=75BB Value=6C
ROM[roms/Asteroid2/035144-02.h2] Addr=75BC Value=8D
ROM[roms/Asteroid2/035144-02.h2] Addr=75BD Value=00
ROM[roms/Asteroid2/035144-02.h2] Addr=75BE Value=3A
ROM[roms/Asteroid2/035144-02.h2] Addr=75BF Value=A5
ROM[roms/Asteroid2/035144-02.h2] Addr=75C0 Value=69
ROM[roms/Asteroid2/035144-02.h2] Addr=75C1 Value=AA
ROM[roms/Asteroid2/035144-02.h2] Addr=75C2 Value=29
ROM[roms/Asteroid2/035144-02.h2] Addr=75C3 Value=3F
ROM[roms/Asteroid2/035144-02.h2] Addr=75C4 Value=F0
ROM[roms/Asteroid2/035144-02.h2] Addr=75C5 Value=01
ROM[roms/Asteroid2/035144-02.h2] Addr=75C6 Value=CA
ROM[roms/Asteroid2/035144-02.h2] Addr=75C7 Value=86
ROM[roms/Asteroid2/035144-02.h2] Addr=75C8 Value=69
ROM[roms/Asteroid2/035144-02.h2] Addr=75C9 Value=8E
ROM[roms/Asteroid2/035144-02.h2] Addr=75CA Value=00
ROM[roms/Asteroid2/035144-02.h2] Addr=75CB Value=36
ROM[roms/Asteroid2/035144-02.h2] Addr=75CC Value=60
ROM[roms/Asteroid2/035144-02.h2] Addr=75CD Value=B5
ROM[roms/Asteroid2/035144-02.h2] Addr=75CE Value=6A
ROM[roms/Asteroid2/035144-02.h2] Addr=75CF Value=30
ROM[roms/Asteroid2/035144-02.h2] Addr=75D0 Value=0C
ROM[roms/Asteroid2/035144-02.h2] Addr=75D1 Value=B5
ROM[roms/Asteroid2/035144-02.h2] Addr=75D2 Value=66
ROM[roms/Asteroid2/035144-02.h2] Addr=75D3 Value=10
ROM[roms/Asteroid2/035144-02.h2] Addr=75D4 Value=12
ROM[roms/Asteroid2/035144-02.h2] Addr=75D5 Value=A9
ROM[roms/Asteroid2/035144-02.h2] Addr=75D6 Value=10
ROM[roms/Asteroid2/035144-02.h2] Addr=75D7 Value=95
ROM[roms/Asteroid2/035144-02.h2] Addr=75D8 Value=66
ROM[roms/Asteroid2/035144-02.h2] Addr=75D9 Value=A9
ROM[roms/Asteroid2/035144-02.h2] Addr=75DA Value=80
ROM[roms/Asteroid2/035144-02.h2] Addr=75DB Value=30
ROM[roms/Asteroid2/035144-02.h2] Addr=75DC Value=0C
ROM[roms/Asteroid2/035144-02.h2] Addr=75DD Value=B5
ROM[roms/Asteroid2/035144-02.h2] Addr=75DE Value=66
ROM[roms/Asteroid2/035144-02.h2] Addr=75DF Value=F0
ROM[roms/Asteroid2/035144-02.h2] Addr=75E0 Value=06
ROM[roms/Asteroid2/035144-02.h2] Addr=75E1 Value=30
ROM[roms/Asteroid2/035144-02.h2] Addr=75E2 Value=04
ROM[roms/Asteroid2/035144-02.h2] Addr=75E3 Value=D6
ROM[roms/Asteroid2/035144-02.h2] Addr=75E4 Value=66
ROM[roms/Asteroid2/035144-02.h2] Addr=75E5 Value=D0
ROM[roms/Asteroid2/035144-02.h2] Addr=75E6 Value=F2
ROM[roms/Asteroid2/035144-02.h2] Addr=75E7 Value=A9
ROM[roms/Asteroid2/035144-02.h2] Addr=75E8 Value=00
ROM[roms/Asteroid2/035144-02.h2] Addr=75E9 Value=95
ROM[roms/Asteroid2/035144-02.h2] Addr=75EA Value=6A
ROM[roms/Asteroid2/035144-02.h2] Addr=75EB Value=60
ROM[roms/Asteroid2/035144-02.h2] Addr=75EC Value=86
ROM[roms/Asteroid2/035144-02.h2] Addr=75ED Value=0D
ROM[roms/Asteroid2/035144-02.h2] Addr=75EE Value=A9
ROM[roms/Asteroid2/035144-02.h2] Addr=75EF Value=50
ROM[roms/Asteroid2/035144-02.h2] Addr=75F0 Value=8D
ROM[roms/Asteroid2/035144-02.h2] Addr=75F1 Value=F9
ROM[roms/Asteroid2/035144-02.h2] Addr=75F2 Value=02
ROM[roms/Asteroid2/035144-02.h2] Addr=75F3 Value=B9
ROM[roms/Asteroid2/035144-02.h2] Addr=75F4 Value=00
ROM[roms/Asteroid2/035144-02.h2] Addr=75F5 Value=02
ROM[roms/Asteroid2/035144-02.h2] Addr=75F6 Value=29
ROM[roms/Asteroid2/035144-02.h2] Addr=75F7 Value=78
ROM[roms/Asteroid2/035144-02.h2] Addr=75F8 Value=85
ROM[roms/Asteroid2/035144-02.h2] Addr=75F9 Value=0E
ROM[roms/Asteroid2/035144-02.h2] Addr=75FA Value=B9
ROM[roms/Asteroid2/035144-02.h2] Addr=75FB Value=00
ROM[roms/Asteroid2/035144-02.h2] Addr=75FC Value=02
ROM[roms/Asteroid2/035144-02.h2] Addr=75FD Value=29
ROM[roms/Asteroid2/035144-02.h2] Addr=75FE Value=07
ROM[roms/Asteroid2/035144-02.h2] Addr=75FF Value=4A
ROM[roms/Asteroid2/035144-02.h2] Addr=7600 Value=AA
ROM[roms/Asteroid2/035144-02.h2] Addr=7601 Value=F0
ROM[roms/Asteroid2/035144-02.h2] Addr=7602 Value=02
ROM[roms/Asteroid2/035144-02.h2] Addr=7603 Value=05
ROM[roms/Asteroid2/035144-02.h2] Addr=7604 Value=0E
ROM[roms/Asteroid2/035144-02.h2] Addr=7605 Value=99
ROM[roms/Asteroid2/035144-02.h2] Addr=7606 Value=00
ROM[roms/Asteroid2/035144-02.h2] Addr=7607 Value=02
ROM[roms/Asteroid2/035144-02.h2] Addr=7608 Value=A5
ROM[roms/Asteroid2/035144-02.h2] Addr=7609 Value=1C
ROM[roms/Asteroid2/035144-02.h2] Addr=760A Value=F0
ROM[roms/Asteroid2/035144-02.h2] Addr=760B Value=11
ROM[roms/Asteroid2/035144-02.h2] Addr=760C Value=A5
ROM[roms/Asteroid2/035144-02.h2] Addr=760D Value=0D
ROM[roms/Asteroid2/035144-02.h2] Addr=760E Value=F0
ROM[roms/Asteroid2/035144-02.h2] Addr=760F Value=04
ROM[roms/Asteroid2/035144-02.h2] Addr=7610 Value=C9
ROM[roms/Asteroid2/035144-02.h2] Addr=7611 Value=04
ROM[roms/Asteroid2/035144-02.h2] Addr=7612 Value=90
ROM[roms/Asteroid2/035144-02.h2] Addr=7613 Value=09
ROM[roms/Asteroid2/035144-02.h2] Addr=7614 Value=BD
ROM[roms/Asteroid2/035144-02.h2] Addr=7615 Value=59
ROM[roms/Asteroid2/035144-02.h2] Addr=7616 Value=76
ROM[roms/Asteroid2/035144-02.h2] Addr=7617 Value=A6
ROM[roms/Asteroid2/035144-02.h2] Addr=7618 Value=19
ROM[roms/Asteroid2/035144-02.h2] Addr=7619 Value=18
ROM[roms/Asteroid2/035144-02.h2] Addr=761A Value=20
ROM[roms/Asteroid2/035144-02.h2] Addr=761B Value=97
ROM[roms/Asteroid2/035144-02.h2] Addr=761C Value=73
ROM[roms/Asteroid2/035144-02.h2] Addr=761D Value=BE
ROM[roms/Asteroid2/035144-02.h2] Addr=761E Value=00
ROM[roms/Asteroid2/035144-02.h2] Addr=761F Value=02
ROM[roms/Asteroid2/035144-02.h2] Addr=7620 Value=F0
ROM[roms/Asteroid2/035144-02.h2] Addr=7621 Value=34
ROM[roms/Asteroid2/035144-02.h2] Addr=7622 Value=20
ROM[roms/Asteroid2/035144-02.h2] Addr=7623 Value=5A
ROM[roms/Asteroid2/035144-02.h2] Addr=7624 Value=74
ROM[roms/Asteroid2/035144-02.h2] Addr=7625 Value=30
ROM[roms/Asteroid2/035144-02.h2] Addr=7626 Value=2F
ROM[roms/Asteroid2/035144-02.h2] Addr=7627 Value=EE
ROM[roms/Asteroid2/035144-02.h2] Addr=7628 Value=F6
ROM[roms/Asteroid2/035144-02.h2] Addr=7629 Value=02
ROM[roms/Asteroid2/035144-02.h2] Addr=762A Value=20
ROM[roms/Asteroid2/035144-02.h2] Addr=762B Value=9D
ROM[roms/Asteroid2/035144-02.h2] Addr=762C Value=6A
ROM[roms/Asteroid2/035144-02.h2] Addr=762D Value=20
ROM[roms/Asteroid2/035144-02.h2] Addr=762E Value=03
ROM[roms/Asteroid2/035144-02.h2] Addr=762F Value=72
ROM[roms/Asteroid2/035144-02.h2] Addr=7630 Value=BD
ROM[roms/Asteroid2/035144-02.h2] Addr=7631 Value=23
ROM[roms/Asteroid2/035144-02.h2] Addr=7632 Value=02
ROM[roms/Asteroid2/035144-02.h2] Addr=7633 Value=29
ROM[roms/Asteroid2/035144-02.h2] Addr=7634 Value=1F
ROM[roms/Asteroid2/035144-02.h2] Addr=7635 Value=0A
ROM[roms/Asteroid2/035144-02.h2] Addr=7636 Value=5D
ROM[roms/Asteroid2/035144-02.h2] Addr=7637 Value=AF
ROM[roms/Asteroid2/035144-02.h2] Addr=7638 Value=02
ROM[roms/Asteroid2/035144-02.h2] Addr=7639 Value=9D
ROM[roms/Asteroid2/035144-02.h2] Addr=763A Value=AF
ROM[roms/Asteroid2/035144-02.h2] Addr=763B Value=02
ROM[roms/Asteroid2/035144-02.h2] Addr=763C Value=20
ROM[roms/Asteroid2/035144-02.h2] Addr=763D Value=5C
ROM[roms/Asteroid2/035144-02.h2] Addr=763E Value=74
ROM[roms/Asteroid2/035144-02.h2] Addr=763F Value=30
ROM[roms/Asteroid2/035144-02.h2] Addr=7640 Value=15
ROM[roms/Asteroid2/035144-02.h2] Addr=7641 Value=EE
ROM[roms/Asteroid2/035144-02.h2] Addr=7642 Value=F6
ROM[roms/Asteroid2/035144-02.h2] Addr=7643 Value=02
ROM[roms/Asteroid2/035144-02.h2] Addr=7644 Value=20
ROM[roms/Asteroid2/035144-02.h2] Addr=7645 Value=9D
ROM[roms/Asteroid2/035144-02.h2] Addr=7646 Value=6A
ROM[roms/Asteroid2/035144-02.h2] Addr=7647 Value=20
ROM[roms/Asteroid2/035144-02.h2] Addr=7648 Value=03
ROM[roms/Asteroid2/035144-02.h2] Addr=7649 Value=72
ROM[roms/Asteroid2/035144-02.h2] Addr=764A Value=BD
ROM[roms/Asteroid2/035144-02.h2] Addr=764B Value=46
ROM[roms/Asteroid2/035144-02.h2] Addr=764C Value=02
ROM[roms/Asteroid2/035144-02.h2] Addr=764D Value=29
ROM[roms/Asteroid2/035144-02.h2] Addr=764E Value=1F
ROM[roms/Asteroid2/035144-02.h2] Addr=764F Value=0A
ROM[roms/Asteroid2/035144-02.h2] Addr=7650 Value=5D
ROM[roms/Asteroid2/035144-02.h2] Addr=7651 Value=D2
ROM[roms/Asteroid2/035144-02.h2] Addr=7652 Value=02
ROM[roms/Asteroid2/035144-02.h2] Addr=7653 Value=9D
ROM[roms/Asteroid2/035144-02.h2] Addr=7654 Value=D2
ROM[roms/Asteroid2/035144-02.h2] Addr=7655 Value=02
ROM[roms/Asteroid2/035144-02.h2] Addr=7656 Value=A6
ROM[roms/Asteroid2/035144-02.h2] Addr=7657 Value=0D
ROM[roms/Asteroid2/035144-02.h2] Addr=7658 Value=60
ROM[roms/Asteroid2/035144-02.h2] Addr=7659 Value=10
ROM[roms/Asteroid2/035144-02.h2] Addr=765A Value=05
ROM[roms/Asteroid2/035144-02.h2] Addr=765B Value=02
ROM[roms/Asteroid2/035144-02.h2] Addr=765C Value=A5
ROM[roms/Asteroid2/035144-02.h2] Addr=765D Value=1C
ROM[roms/Asteroid2/035144-02.h2] Addr=765E Value=10
ROM[roms/Asteroid2/035144-02.h2] Addr=765F Value=38
ROM[roms/Asteroid2/035144-02.h2] Addr=7660 Value=A2
ROM[roms/Asteroid2/035144-02.h2] Addr=7661 Value=02
ROM[roms/Asteroid2/035144-02.h2] Addr=7662 Value=85
ROM[roms/Asteroid2/035144-02.h2] Addr=7663 Value=5D
ROM[roms/Asteroid2/035144-02.h2] Addr=7664 Value=85
ROM[roms/Asteroid2/035144-02.h2] Addr=7665 Value=32
ROM[roms/Asteroid2/035144-02.h2] Addr=7666 Value=85
ROM[roms/Asteroid2/035144-02.h2] Addr=7667 Value=33
ROM[roms/Asteroid2/035144-02.h2] Addr=7668 Value=A0
ROM[roms/Asteroid2/035144-02.h2] Addr=7669 Value=00
ROM[roms/Asteroid2/035144-02.h2] Addr=766A Value=B9
ROM[roms/Asteroid2/035144-02.h2] Addr=766B Value=1D
ROM[roms/Asteroid2/035144-02.h2] Addr=766C Value=00
ROM[roms/Asteroid2/035144-02.h2] Addr=766D Value=D5
ROM[roms/Asteroid2/035144-02.h2] Addr=766E Value=52
ROM[roms/Asteroid2/035144-02.h2] Addr=766F Value=B9
ROM[roms/Asteroid2/035144-02.h2] Addr=7670 Value=1E
ROM[roms/Asteroid2/035144-02.h2] Addr=7671 Value=00
ROM[roms/Asteroid2/035144-02.h2] Addr=7672 Value=F5
ROM[roms/Asteroid2/035144-02.h2] Addr=7673 Value=53
ROM[roms/Asteroid2/035144-02.h2] Addr=7674 Value=90
ROM[roms/Asteroid2/035144-02.h2] Addr=7675 Value=23
ROM[roms/Asteroid2/035144-02.h2] Addr=7676 Value=C8
ROM[roms/Asteroid2/035144-02.h2] Addr=7677 Value=C8
ROM[roms/Asteroid2/035144-02.h2] Addr=7678 Value=C0
ROM[roms/Asteroid2/035144-02.h2] Addr=7679 Value=14
ROM[roms/Asteroid2/035144-02.h2] Addr=767A Value=90
ROM[roms/Asteroid2/035144-02.h2] Addr=767B Value=EE
ROM[roms/Asteroid2/035144-02.h2] Addr=767C Value=CA
ROM[roms/Asteroid2/035144-02.h2] Addr=767D Value=CA
ROM[roms/Asteroid2/035144-02.h2] Addr=767E Value=10
ROM[roms/Asteroid2/035144-02.h2] Addr=767F Value=E8
ROM[roms/Asteroid2/035144-02.h2] Addr=7680 Value=A5
ROM[roms/Asteroid2/035144-02.h2] Addr=7681 Value=33
ROM[roms/Asteroid2/035144-02.h2] Addr=7682 Value=30
ROM[roms/Asteroid2/035144-02.h2] Addr=7683 Value=0E
ROM[roms/Asteroid2/035144-02.h2] Addr=7684 Value=C5
ROM[roms/Asteroid2/035144-02.h2] Addr=7685 Value=32
ROM[roms/Asteroid2/035144-02.h2] Addr=7686 Value=90
ROM[roms/Asteroid2/035144-02.h2] Addr=7687 Value=0A
ROM[roms/Asteroid2/035144-02.h2] Addr=7688 Value=69
ROM[roms/Asteroid2/035144-02.h2] Addr=7689 Value=02
ROM[roms/Asteroid2/035144-02.h2] Addr=768A Value=C9
ROM[roms/Asteroid2/035144-02.h2] Addr=768B Value=1E
ROM[roms/Asteroid2/035144-02.h2] Addr=768C Value=90
ROM[roms/Asteroid2/035144-02.h2] Addr=768D Value=02
ROM[roms/Asteroid2/035144-02.h2] Addr=768E Value=A9
ROM[roms/Asteroid2/035144-02.h2] Addr=768F Value=FF
ROM[roms/Asteroid2/035144-02.h2] Addr=7690 Value=85
ROM[roms/Asteroid2/035144-02.h2] Addr=7691 Value=33
ROM[roms/Asteroid2/035144-02.h2] Addr=7692 Value=A9
ROM[roms/Asteroid2/035144-02.h2] Addr=7693 Value=00
ROM[roms/Asteroid2/035144-02.h2] Addr=7694 Value=85
ROM[roms/Asteroid2/035144-02.h2] Addr=7695 Value=1C
ROM[roms/Asteroid2/035144-02.h2] Addr=7696 Value=85
ROM[roms/Asteroid2/035144-02.h2] Addr=7697 Value=31
ROM[roms/Asteroid2/035144-02.h2] Addr=7698 Value=60
ROM[roms/Asteroid2/035144-02.h2] Addr=7699 Value=86
ROM[roms/Asteroid2/035144-02.h2] Addr=769A Value=0B
ROM[roms/Asteroid2/035144-02.h2] Addr=769B Value=84
ROM[roms/Asteroid2/035144-02.h2] Addr=769C Value=0C
ROM[roms/Asteroid2/035144-02.h2] Addr=769D Value=8A
ROM[roms/Asteroid2/035144-02.h2] Addr=769E Value=4A
ROM[roms/Asteroid2/035144-02.h2] Addr=769F Value=AA
ROM[roms/Asteroid2/035144-02.h2] Addr=76A0 Value=98
ROM[roms/Asteroid2/035144-02.h2] Addr=76A1 Value=4A
ROM[roms/Asteroid2/035144-02.h2] Addr=76A2 Value=65
ROM[roms/Asteroid2/035144-02.h2] Addr=76A3 Value=0C
ROM[roms/Asteroid2/035144-02.h2] Addr=76A4 Value=85
ROM[roms/Asteroid2/035144-02.h2] Addr=76A5 Value=0D
ROM[roms/Asteroid2/035144-02.h2] Addr=76A6 Value=95
ROM[roms/Asteroid2/035144-02.h2] Addr=76A7 Value=32
ROM[roms/Asteroid2/035144-02.h2] Addr=76A8 Value=A2
ROM[roms/Asteroid2/035144-02.h2] Addr=76A9 Value=1B
ROM[roms/Asteroid2/035144-02.h2] Addr=76AA Value=A0
ROM[roms/Asteroid2/035144-02.h2] Addr=76AB Value=12
ROM[roms/Asteroid2/035144-02.h2] Addr=76AC Value=E4
ROM[roms/Asteroid2/035144-02.h2] Addr=76AD Value=0D
ROM[roms/Asteroid2/035144-02.h2] Addr=76AE Value=F0
ROM[roms/Asteroid2/035144-02.h2] Addr=76AF Value=1F
ROM[roms/Asteroid2/035144-02.h2] Addr=76B0 Value=B5
ROM[roms/Asteroid2/035144-02.h2] Addr=76B1 Value=31
ROM[roms/Asteroid2/035144-02.h2] Addr=76B2 Value=95
ROM[roms/Asteroid2/035144-02.h2] Addr=76B3 Value=34
ROM[roms/Asteroid2/035144-02.h2] Addr=76B4 Value=B5
ROM[roms/Asteroid2/035144-02.h2] Addr=76B5 Value=32
ROM[roms/Asteroid2/035144-02.h2] Addr=76B6 Value=95
ROM[roms/Asteroid2/035144-02.h2] Addr=76B7 Value=35
ROM[roms/Asteroid2/035144-02.h2] Addr=76B8 Value=B5
ROM[roms/Asteroid2/035144-02.h2] Addr=76B9 Value=33
ROM[roms/Asteroid2/035144-02.h2] Addr=76BA Value=95
ROM[roms/Asteroid2/035144-02.h2] Addr=76BB Value=36
ROM[roms/Asteroid2/035144-02.h2] Addr=76BC Value=B9
ROM[roms/Asteroid2/035144-02.h2] Addr=76BD Value=1B
ROM[roms/Asteroid2/035144-02.h2] Addr=76BE Value=00
ROM[roms/Asteroid2/035144-02.h2] Addr=76BF Value=99
ROM[roms/Asteroid2/035144-02.h2] Addr=76C0 Value=1D
ROM[roms/Asteroid2/035144-02.h2] Addr=76C1 Value=00
ROM[roms/Asteroid2/035144-02.h2] Addr=76C2 Value=B9
ROM[roms/Asteroid2/035144-02.h2] Addr=76C3 Value=1C
ROM[roms/Asteroid2/035144-02.h2] Addr=76C4 Value=00
ROM[roms/Asteroid2/035144-02.h2] Addr=76C5 Value=99
ROM[roms/Asteroid2/035144-02.h2] Addr=76C6 Value=1E
ROM[roms/Asteroid2/035144-02.h2] Addr=76C7 Value=00
ROM[roms/Asteroid2/035144-02.h2] Addr=76C8 Value=88
ROM[roms/Asteroid2/035144-02.h2] Addr=76C9 Value=88
ROM[roms/Asteroid2/035144-02.h2] Addr=76CA Value=CA
ROM[roms/Asteroid2/035144-02.h2] Addr=76CB Value=CA
ROM[roms/Asteroid2/035144-02.h2] Addr=76CC Value=CA
ROM[roms/Asteroid2/035144-02.h2] Addr=76CD Value=D0
ROM[roms/Asteroid2/035144-02.h2] Addr=76CE Value=DD
ROM[roms/Asteroid2/035144-02.h2] Addr=76CF Value=A9
ROM[roms/Asteroid2/035144-02.h2] Addr=76D0 Value=0B
ROM[roms/Asteroid2/035144-02.h2] Addr=76D1 Value=95
ROM[roms/Asteroid2/035144-02.h2] Addr=76D2 Value=34
ROM[roms/Asteroid2/035144-02.h2] Addr=76D3 Value=A9
ROM[roms/Asteroid2/035144-02.h2] Addr=76D4 Value=00
ROM[roms/Asteroid2/035144-02.h2] Addr=76D5 Value=95
ROM[roms/Asteroid2/035144-02.h2] Addr=76D6 Value=35
ROM[roms/Asteroid2/035144-02.h2] Addr=76D7 Value=95
ROM[roms/Asteroid2/035144-02.h2] Addr=76D8 Value=36
ROM[roms/Asteroid2/035144-02.h2] Addr=76D9 Value=A9
ROM[roms/Asteroid2/035144-02.h2] Addr=76DA Value=F0
ROM[roms/Asteroid2/035144-02.h2] Addr=76DB Value=85
ROM[roms/Asteroid2/035144-02.h2] Addr=76DC Value=5D
ROM[roms/Asteroid2/035144-02.h2] Addr=76DD Value=A6
ROM[roms/Asteroid2/035144-02.h2] Addr=76DE Value=0B
ROM[roms/Asteroid2/035144-02.h2] Addr=76DF Value=A4
ROM[roms/Asteroid2/035144-02.h2] Addr=76E0 Value=0C
ROM[roms/Asteroid2/035144-02.h2] Addr=76E1 Value=B5
ROM[roms/Asteroid2/035144-02.h2] Addr=76E2 Value=53
ROM[roms/Asteroid2/035144-02.h2] Addr=76E3 Value=99
ROM[roms/Asteroid2/035144-02.h2] Addr=76E4 Value=1E
ROM[roms/Asteroid2/035144-02.h2] Addr=76E5 Value=00
ROM[roms/Asteroid2/035144-02.h2] Addr=76E6 Value=B5
ROM[roms/Asteroid2/035144-02.h2] Addr=76E7 Value=52
ROM[roms/Asteroid2/035144-02.h2] Addr=76E8 Value=99
ROM[roms/Asteroid2/035144-02.h2] Addr=76E9 Value=1D
ROM[roms/Asteroid2/035144-02.h2] Addr=76EA Value=00
ROM[roms/Asteroid2/035144-02.h2] Addr=76EB Value=A0
ROM[roms/Asteroid2/035144-02.h2] Addr=76EC Value=00
ROM[roms/Asteroid2/035144-02.h2] Addr=76ED Value=F0
ROM[roms/Asteroid2/035144-02.h2] Addr=76EE Value=8D
ROM[roms/Asteroid2/035144-02.h2] Addr=76EF Value=DF
ROM[roms/Asteroid2/035144-02.h2] Addr=76F0 Value=98
ROM[roms/Asteroid2/035144-02.h2] Addr=76F1 Value=10
ROM[roms/Asteroid2/035144-02.h2] Addr=76F2 Value=09
ROM[roms/Asteroid2/035144-02.h2] Addr=76F3 Value=20
ROM[roms/Asteroid2/035144-02.h2] Addr=76F4 Value=08
ROM[roms/Asteroid2/035144-02.h2] Addr=76F5 Value=77
ROM[roms/Asteroid2/035144-02.h2] Addr=76F6 Value=20
ROM[roms/Asteroid2/035144-02.h2] Addr=76F7 Value=FC
ROM[roms/Asteroid2/035144-02.h2] Addr=76F8 Value=76
ROM[roms/Asteroid2/035144-02.h2] Addr=76F9 Value=4C
ROM[roms/Asteroid2/035144-02.h2] Addr=76FA Value=08
ROM[roms/Asteroid2/035144-02.h2] Addr=76FB Value=77
ROM[roms/Asteroid2/035144-02.h2] Addr=76FC Value=A8
ROM[roms/Asteroid2/035144-02.h2] Addr=76FD Value=8A
ROM[roms/Asteroid2/035144-02.h2] Addr=76FE Value=10
ROM[roms/Asteroid2/035144-02.h2] Addr=76FF Value=0E
ROM[roms/Asteroid2/035144-02.h2] Addr=7700 Value=20
ROM[roms/Asteroid2/035144-02.h2] Addr=7701 Value=08
ROM[roms/Asteroid2/035144-02.h2] Addr=7702 Value=77
ROM[roms/Asteroid2/035144-02.h2] Addr=7703 Value=20
ROM[roms/Asteroid2/035144-02.h2] Addr=7704 Value=0E
ROM[roms/Asteroid2/035144-02.h2] Addr=7705 Value=77
ROM[roms/Asteroid2/035144-02.h2] Addr=7706 Value=49
ROM[roms/Asteroid2/035144-02.h2] Addr=7707 Value=80
ROM[roms/Asteroid2/035144-02.h2] Addr=7708 Value=49
ROM[roms/Asteroid2/035144-02.h2] Addr=7709 Value=FF
ROM[roms/Asteroid2/035144-02.h2] Addr=770A Value=18
ROM[roms/Asteroid2/035144-02.h2] Addr=770B Value=69
ROM[roms/Asteroid2/035144-02.h2] Addr=770C Value=01
ROM[roms/Asteroid2/035144-02.h2] Addr=770D Value=60
ROM[roms/Asteroid2/035144-02.h2] Addr=770E Value=85
ROM[roms/Asteroid2/035144-02.h2] Addr=770F Value=0C
ROM[roms/Asteroid2/035144-02.h2] Addr=7710 Value=98
ROM[roms/Asteroid2/035144-02.h2] Addr=7711 Value=C5
ROM[roms/Asteroid2/035144-02.h2] Addr=7712 Value=0C
ROM[roms/Asteroid2/035144-02.h2] Addr=7713 Value=F0
ROM[roms/Asteroid2/035144-02.h2] Addr=7714 Value=10
ROM[roms/Asteroid2/035144-02.h2] Addr=7715 Value=90
ROM[roms/Asteroid2/035144-02.h2] Addr=7716 Value=11
ROM[roms/Asteroid2/035144-02.h2] Addr=7717 Value=A4
ROM[roms/Asteroid2/035144-02.h2] Addr=7718 Value=0C
ROM[roms/Asteroid2/035144-02.h2] Addr=7719 Value=85
ROM[roms/Asteroid2/035144-02.h2] Addr=771A Value=0C
ROM[roms/Asteroid2/035144-02.h2] Addr=771B Value=98
ROM[roms/Asteroid2/035144-02.h2] Addr=771C Value=20
ROM[roms/Asteroid2/035144-02.h2] Addr=771D Value=28
ROM[roms/Asteroid2/035144-02.h2] Addr=771E Value=77
ROM[roms/Asteroid2/035144-02.h2] Addr=771F Value=38
ROM[roms/Asteroid2/035144-02.h2] Addr=7720 Value=E9
ROM[roms/Asteroid2/035144-02.h2] Addr=7721 Value=40
ROM[roms/Asteroid2/035144-02.h2] Addr=7722 Value=4C
ROM[roms/Asteroid2/035144-02.h2] Addr=7723 Value=08
ROM[roms/Asteroid2/035144-02.h2] Addr=7724 Value=77
ROM[roms/Asteroid2/035144-02.h2] Addr=7725 Value=A9
ROM[roms/Asteroid2/035144-02.h2] Addr=7726 Value=20
ROM[roms/Asteroid2/035144-02.h2] Addr=7727 Value=60
ROM[roms/Asteroid2/035144-02.h2] Addr=7728 Value=20
ROM[roms/Asteroid2/035144-02.h2] Addr=7729 Value=6C
ROM[roms/Asteroid2/035144-02.h2] Addr=772A Value=77
ROM[roms/Asteroid2/035144-02.h2] Addr=772B Value=BD
ROM[roms/Asteroid2/035144-02.h2] Addr=772C Value=2F
ROM[roms/Asteroid2/035144-02.h2] Addr=772D Value=77
ROM[roms/Asteroid2/035144-02.h2] Addr=772E Value=60
ROM[roms/Asteroid2/035144-02.h2] Addr=772F Value=00
ROM[roms/Asteroid2/035144-02.h2] Addr=7730 Value=02
ROM[roms/Asteroid2/035144-02.h2] Addr=7731 Value=05
ROM[roms/Asteroid2/035144-02.h2] Addr=7732 Value=07
ROM[roms/Asteroid2/035144-02.h2] Addr=7733 Value=0A
ROM[roms/Asteroid2/035144-02.h2] Addr=7734 Value=0C
ROM[roms/Asteroid2/035144-02.h2] Addr=7735 Value=0F
ROM[roms/Asteroid2/035144-02.h2] Addr=7736 Value=11
ROM[roms/Asteroid2/035144-02.h2] Addr=7737 Value=13
ROM[roms/Asteroid2/035144-02.h2] Addr=7738 Value=15
ROM[roms/Asteroid2/035144-02.h2] Addr=7739 Value=17
ROM[roms/Asteroid2/035144-02.h2] Addr=773A Value=19
ROM[roms/Asteroid2/035144-02.h2] Addr=773B Value=1A
ROM[roms/Asteroid2/035144-02.h2] Addr=773C Value=1C
ROM[roms/Asteroid2/035144-02.h2] Addr=773D Value=1D
ROM[roms/Asteroid2/035144-02.h2] Addr=773E Value=1F
ROM[roms/Asteroid2/035144-02.h2] Addr=773F Value=08
ROM[roms/Asteroid2/035144-02.h2] Addr=7740 Value=86
ROM[roms/Asteroid2/035144-02.h2] Addr=7741 Value=17
ROM[roms/Asteroid2/035144-02.h2] Addr=7742 Value=88
ROM[roms/Asteroid2/035144-02.h2] Addr=7743 Value=84
ROM[roms/Asteroid2/035144-02.h2] Addr=7744 Value=16
ROM[roms/Asteroid2/035144-02.h2] Addr=7745 Value=18
ROM[roms/Asteroid2/035144-02.h2] Addr=7746 Value=65
ROM[roms/Asteroid2/035144-02.h2] Addr=7747 Value=16
ROM[roms/Asteroid2/035144-02.h2] Addr=7748 Value=85
ROM[roms/Asteroid2/035144-02.h2] Addr=7749 Value=15
ROM[roms/Asteroid2/035144-02.h2] Addr=774A Value=28
ROM[roms/Asteroid2/035144-02.h2] Addr=774B Value=AA
ROM[roms/Asteroid2/035144-02.h2] Addr=774C Value=08
ROM[roms/Asteroid2/035144-02.h2] Addr=774D Value=B5
ROM[roms/Asteroid2/035144-02.h2] Addr=774E Value=00
ROM[roms/Asteroid2/035144-02.h2] Addr=774F Value=4A
ROM[roms/Asteroid2/035144-02.h2] Addr=7750 Value=4A
ROM[roms/Asteroid2/035144-02.h2] Addr=7751 Value=4A
ROM[roms/Asteroid2/035144-02.h2] Addr=7752 Value=4A
ROM[roms/Asteroid2/035144-02.h2] Addr=7753 Value=28
ROM[roms/Asteroid2/035144-02.h2] Addr=7754 Value=20
ROM[roms/Asteroid2/035144-02.h2] Addr=7755 Value=85
ROM[roms/Asteroid2/035144-02.h2] Addr=7756 Value=77
ROM[roms/Asteroid2/035144-02.h2] Addr=7757 Value=A5
ROM[roms/Asteroid2/035144-02.h2] Addr=7758 Value=16
ROM[roms/Asteroid2/035144-02.h2] Addr=7759 Value=D0
ROM[roms/Asteroid2/035144-02.h2] Addr=775A Value=01
ROM[roms/Asteroid2/035144-02.h2] Addr=775B Value=18
ROM[roms/Asteroid2/035144-02.h2] Addr=775C Value=A6
ROM[roms/Asteroid2/035144-02.h2] Addr=775D Value=15
ROM[roms/Asteroid2/035144-02.h2] Addr=775E Value=B5
ROM[roms/Asteroid2/035144-02.h2] Addr=775F Value=00
ROM[roms/Asteroid2/035144-02.h2] Addr=7760 Value=20
ROM[roms/Asteroid2/035144-02.h2] Addr=7761 Value=85
ROM[roms/Asteroid2/035144-02.h2] Addr=7762 Value=77
ROM[roms/Asteroid2/035144-02.h2] Addr=7763 Value=C6
ROM[roms/Asteroid2/035144-02.h2] Addr=7764 Value=15
ROM[roms/Asteroid2/035144-02.h2] Addr=7765 Value=A6
ROM[roms/Asteroid2/035144-02.h2] Addr=7766 Value=15
ROM[roms/Asteroid2/035144-02.h2] Addr=7767 Value=C6
ROM[roms/Asteroid2/035144-02.h2] Addr=7768 Value=16
ROM[roms/Asteroid2/035144-02.h2] Addr=7769 Value=10
ROM[roms/Asteroid2/035144-02.h2] Addr=776A Value=E1
ROM[roms/Asteroid2/035144-02.h2] Addr=776B Value=60
ROM[roms/Asteroid2/035144-02.h2] Addr=776C Value=A0
ROM[roms/Asteroid2/035144-02.h2] Addr=776D Value=00
ROM[roms/Asteroid2/035144-02.h2] Addr=776E Value=84
ROM[roms/Asteroid2/035144-02.h2] Addr=776F Value=0B
ROM[roms/Asteroid2/035144-02.h2] Addr=7770 Value=A0
ROM[roms/Asteroid2/035144-02.h2] Addr=7771 Value=04
ROM[roms/Asteroid2/035144-02.h2] Addr=7772 Value=26
ROM[roms/Asteroid2/035144-02.h2] Addr=7773 Value=0B
ROM[roms/Asteroid2/035144-02.h2] Addr=7774 Value=2A
ROM[roms/Asteroid2/035144-02.h2] Addr=7775 Value=C5
ROM[roms/Asteroid2/035144-02.h2] Addr=7776 Value=0C
ROM[roms/Asteroid2/035144-02.h2] Addr=7777 Value=90
ROM[roms/Asteroid2/035144-02.h2] Addr=7778 Value=02
ROM[roms/Asteroid2/035144-02.h2] Addr=7779 Value=E5
ROM[roms/Asteroid2/035144-02.h2] Addr=777A Value=0C
ROM[roms/Asteroid2/035144-02.h2] Addr=777B Value=88
ROM[roms/Asteroid2/035144-02.h2] Addr=777C Value=D0
ROM[roms/Asteroid2/035144-02.h2] Addr=777D Value=F4
ROM[roms/Asteroid2/035144-02.h2] Addr=777E Value=A5
ROM[roms/Asteroid2/035144-02.h2] Addr=777F Value=0B
ROM[roms/Asteroid2/035144-02.h2] Addr=7780 Value=2A
ROM[roms/Asteroid2/035144-02.h2] Addr=7781 Value=29
ROM[roms/Asteroid2/035144-02.h2] Addr=7782 Value=0F
ROM[roms/Asteroid2/035144-02.h2] Addr=7783 Value=AA
ROM[roms/Asteroid2/035144-02.h2] Addr=7784 Value=60
ROM[roms/Asteroid2/035144-02.h2] Addr=7785 Value=90
ROM[roms/Asteroid2/035144-02.h2] Addr=7786 Value=04
ROM[roms/Asteroid2/035144-02.h2] Addr=7787 Value=29
ROM[roms/Asteroid2/035144-02.h2] Addr=7788 Value=0F
ROM[roms/Asteroid2/035144-02.h2] Addr=7789 Value=F0
ROM[roms/Asteroid2/035144-02.h2] Addr=778A Value=27
ROM[roms/Asteroid2/035144-02.h2] Addr=778B Value=A6
ROM[roms/Asteroid2/035144-02.h2] Addr=778C Value=17
ROM[roms/Asteroid2/035144-02.h2] Addr=778D Value=F0
ROM[roms/Asteroid2/035144-02.h2] Addr=778E Value=23
ROM[roms/Asteroid2/035144-02.h2] Addr=778F Value=29
ROM[roms/Asteroid2/035144-02.h2] Addr=7790 Value=0F
ROM[roms/Asteroid2/035144-02.h2] Addr=7791 Value=18
ROM[roms/Asteroid2/035144-02.h2] Addr=7792 Value=69
ROM[roms/Asteroid2/035144-02.h2] Addr=7793 Value=01
ROM[roms/Asteroid2/035144-02.h2] Addr=7794 Value=08
ROM[roms/Asteroid2/035144-02.h2] Addr=7795 Value=0A
ROM[roms/Asteroid2/035144-02.h2] Addr=7796 Value=A8
ROM[roms/Asteroid2/035144-02.h2] Addr=7797 Value=B9
ROM[roms/Asteroid2/035144-02.h2] Addr=7798 Value=D4
ROM[roms/Asteroid2/035144-02.h2] Addr=7799 Value=56
ROM[roms/Asteroid2/035144-02.h2] Addr=779A Value=0A
ROM[roms/Asteroid2/035144-02.h2] Addr=779B Value=85
ROM[roms/Asteroid2/035144-02.h2] Addr=779C Value=0B
ROM[roms/Asteroid2/035144-02.h2] Addr=779D Value=B9
ROM[roms/Asteroid2/035144-02.h2] Addr=779E Value=D5
ROM[roms/Asteroid2/035144-02.h2] Addr=779F Value=56
ROM[roms/Asteroid2/035144-02.h2] Addr=77A0 Value=2A
ROM[roms/Asteroid2/035144-02.h2] Addr=77A1 Value=29
ROM[roms/Asteroid2/035144-02.h2] Addr=77A2 Value=1F
ROM[roms/Asteroid2/035144-02.h2] Addr=77A3 Value=09
ROM[roms/Asteroid2/035144-02.h2] Addr=77A4 Value=40
ROM[roms/Asteroid2/035144-02.h2] Addr=77A5 Value=85
ROM[roms/Asteroid2/035144-02.h2] Addr=77A6 Value=0C
ROM[roms/Asteroid2/035144-02.h2] Addr=77A7 Value=A9
ROM[roms/Asteroid2/035144-02.h2] Addr=77A8 Value=00
ROM[roms/Asteroid2/035144-02.h2] Addr=77A9 Value=85
ROM[roms/Asteroid2/035144-02.h2] Addr=77AA Value=08
ROM[roms/Asteroid2/035144-02.h2] Addr=77AB Value=85
ROM[roms/Asteroid2/035144-02.h2] Addr=77AC Value=09
ROM[roms/Asteroid2/035144-02.h2] Addr=77AD Value=20
ROM[roms/Asteroid2/035144-02.h2] Addr=77AE Value=D7
ROM[roms/Asteroid2/035144-02.h2] Addr=77AF Value=6A
ROM[roms/Asteroid2/035144-02.h2] Addr=77B0 Value=28
ROM[roms/Asteroid2/035144-02.h2] Addr=77B1 Value=60
ROM[roms/Asteroid2/035144-02.h2] Addr=77B2 Value=4C
ROM[roms/Asteroid2/035144-02.h2] Addr=77B3 Value=CB
ROM[roms/Asteroid2/035144-02.h2] Addr=77B4 Value=7B
ROM[roms/Asteroid2/035144-02.h2] Addr=77B5 Value=06
ROM[roms/Asteroid2/035144-02.h2] Addr=77B6 Value=5F
ROM[roms/Asteroid2/035144-02.h2] Addr=77B7 Value=26
ROM[roms/Asteroid2/035144-02.h2] Addr=77B8 Value=60
ROM[roms/Asteroid2/035144-02.h2] Addr=77B9 Value=10
ROM[roms/Asteroid2/035144-02.h2] Addr=77BA Value=02
ROM[roms/Asteroid2/035144-02.h2] Addr=77BB Value=E6
ROM[roms/Asteroid2/035144-02.h2] Addr=77BC Value=5F
ROM[roms/Asteroid2/035144-02.h2] Addr=77BD Value=A5
ROM[roms/Asteroid2/035144-02.h2] Addr=77BE Value=5F
ROM[roms/Asteroid2/035144-02.h2] Addr=77BF Value=2C
ROM[roms/Asteroid2/035144-02.h2] Addr=77C0 Value=D1
ROM[roms/Asteroid2/035144-02.h2] Addr=77C1 Value=77
ROM[roms/Asteroid2/035144-02.h2] Addr=77C2 Value=F0
ROM[roms/Asteroid2/035144-02.h2] Addr=77C3 Value=04
ROM[roms/Asteroid2/035144-02.h2] Addr=77C4 Value=49
ROM[roms/Asteroid2/035144-02.h2] Addr=77C5 Value=01
ROM[roms/Asteroid2/035144-02.h2] Addr=77C6 Value=85
ROM[roms/Asteroid2/035144-02.h2] Addr=77C7 Value=5F
ROM[roms/Asteroid2/035144-02.h2] Addr=77C8 Value=05
ROM[roms/Asteroid2/035144-02.h2] Addr=77C9 Value=60
ROM[roms/Asteroid2/035144-02.h2] Addr=77CA Value=D0
ROM[roms/Asteroid2/035144-02.h2] Addr=77CB Value=02
ROM[roms/Asteroid2/035144-02.h2] Addr=77CC Value=E6
ROM[roms/Asteroid2/035144-02.h2] Addr=77CD Value=5F
ROM[roms/Asteroid2/035144-02.h2] Addr=77CE Value=A5
ROM[roms/Asteroid2/035144-02.h2] Addr=77CF Value=5F
ROM[roms/Asteroid2/035144-02.h2] Addr=77D0 Value=60
ROM[roms/Asteroid2/035144-02.h2] Addr=77D1 Value=02
ROM[roms/Asteroid2/035144-02.h2] Addr=77D2 Value=18
ROM[roms/Asteroid2/035144-02.h2] Addr=77D3 Value=69
ROM[roms/Asteroid2/035144-02.h2] Addr=77D4 Value=40
ROM[roms/Asteroid2/035144-02.h2] Addr=77D5 Value=10
ROM[roms/Asteroid2/035144-02.h2] Addr=77D6 Value=08
ROM[roms/Asteroid2/035144-02.h2] Addr=77D7 Value=29
ROM[roms/Asteroid2/035144-02.h2] Addr=77D8 Value=7F
ROM[roms/Asteroid2/035144-02.h2] Addr=77D9 Value=20
ROM[roms/Asteroid2/035144-02.h2] Addr=77DA Value=DF
ROM[roms/Asteroid2/035144-02.h2] Addr=77DB Value=77
ROM[roms/Asteroid2/035144-02.h2] Addr=77DC Value=4C
ROM[roms/Asteroid2/035144-02.h2] Addr=77DD Value=08
ROM[roms/Asteroid2/035144-02.h2] Addr=77DE Value=77
ROM[roms/Asteroid2/035144-02.h2] Addr=77DF Value=C9
ROM[roms/Asteroid2/035144-02.h2] Addr=77E0 Value=41
ROM[roms/Asteroid2/035144-02.h2] Addr=77E1 Value=90
ROM[roms/Asteroid2/035144-02.h2] Addr=77E2 Value=04
ROM[roms/Asteroid2/035144-02.h2] Addr=77E3 Value=49
ROM[roms/Asteroid2/035144-02.h2] Addr=77E4 Value=7F
ROM[roms/Asteroid2/035144-02.h2] Addr=77E5 Value=69
ROM[roms/Asteroid2/035144-02.h2] Addr=77E6 Value=00
ROM[roms/Asteroid2/035144-02.h2] Addr=77E7 Value=AA
ROM[roms/Asteroid2/035144-02.h2] Addr=77E8 Value=BD
ROM[roms/Asteroid2/035144-02.h2] Addr=77E9 Value=B9
ROM[roms/Asteroid2/035144-02.h2] Addr=77EA Value=57
ROM[roms/Asteroid2/035144-02.h2] Addr=77EB Value=60
ROM[roms/Asteroid2/035144-02.h2] Addr=77EC Value=00
ROM[roms/Asteroid2/035144-02.h2] Addr=77ED Value=00
ROM[roms/Asteroid2/035144-02.h2] Addr=77EE Value=00
ROM[roms/Asteroid2/035144-02.h2] Addr=77EF Value=00
ROM[roms/Asteroid2/035144-02.h2] Addr=77F0 Value=00
ROM[roms/Asteroid2/035144-02.h2] Addr=77F1 Value=00
ROM[roms/Asteroid2/035144-02.h2] Addr=77F2 Value=00
ROM[roms/Asteroid2/035144-02.h2] Addr=77F3 Value=00
ROM[roms/Asteroid2/035144-02.h2] Addr=77F4 Value=00
ROM[roms/Asteroid2/035144-02.h2] Addr=77F5 Value=00
ROM[roms/Asteroid2/035144-02.h2] Addr=77F6 Value=AD
ROM[roms/Asteroid2/035144-02.h2] Addr=77F7 Value=03
ROM[roms/Asteroid2/035144-02.h2] Addr=77F8 Value=28
ROM[roms/Asteroid2/035144-02.h2] Addr=77F9 Value=29
ROM[roms/Asteroid2/035144-02.h2] Addr=77FA Value=03
ROM[roms/Asteroid2/035144-02.h2] Addr=77FB Value=0A
ROM[roms/Asteroid2/035144-02.h2] Addr=77FC Value=AA
ROM[roms/Asteroid2/035144-02.h2] Addr=77FD Value=A9
ROM[roms/Asteroid2/035144-02.h2] Addr=77FE Value=10
ROM[roms/Asteroid2/035144-02.h2] Addr=77FF Value=85
ROM[roms/Asteroid2/035143-02.j2] Addr=7800 Value=00
ROM[roms/Asteroid2/035143-02.j2] Addr=7801 Value=BD
ROM[roms/Asteroid2/035143-02.j2] Addr=7802 Value=88
ROM[roms/Asteroid2/035143-02.j2] Addr=7803 Value=78
ROM[roms/Asteroid2/035143-02.j2] Addr=7804 Value=85
ROM[roms/Asteroid2/035143-02.j2] Addr=7805 Value=09
ROM[roms/Asteroid2/035143-02.j2] Addr=7806 Value=BD
ROM[roms/Asteroid2/035143-02.j2] Addr=7807 Value=87
ROM[roms/Asteroid2/035143-02.j2] Addr=7808 Value=78
ROM[roms/Asteroid2/035143-02.j2] Addr=7809 Value=85
ROM[roms/Asteroid2/035143-02.j2] Addr=780A Value=08
ROM[roms/Asteroid2/035143-02.j2] Addr=780B Value=71
ROM[roms/Asteroid2/035143-02.j2] Addr=780C Value=08
ROM[roms/Asteroid2/035143-02.j2] Addr=780D Value=85
ROM[roms/Asteroid2/035143-02.j2] Addr=780E Value=08
ROM[roms/Asteroid2/035143-02.j2] Addr=780F Value=90
ROM[roms/Asteroid2/035143-02.j2] Addr=7810 Value=02
ROM[roms/Asteroid2/035143-02.j2] Addr=7811 Value=E6
ROM[roms/Asteroid2/035143-02.j2] Addr=7812 Value=09
ROM[roms/Asteroid2/035143-02.j2] Addr=7813 Value=98
ROM[roms/Asteroid2/035143-02.j2] Addr=7814 Value=0A
ROM[roms/Asteroid2/035143-02.j2] Addr=7815 Value=A8
ROM[roms/Asteroid2/035143-02.j2] Addr=7816 Value=B9
ROM[roms/Asteroid2/035143-02.j2] Addr=7817 Value=71
ROM[roms/Asteroid2/035143-02.j2] Addr=7818 Value=78
ROM[roms/Asteroid2/035143-02.j2] Addr=7819 Value=BE
ROM[roms/Asteroid2/035143-02.j2] Addr=781A Value=72
ROM[roms/Asteroid2/035143-02.j2] Addr=781B Value=78
ROM[roms/Asteroid2/035143-02.j2] Addr=781C Value=20
ROM[roms/Asteroid2/035143-02.j2] Addr=781D Value=03
ROM[roms/Asteroid2/035143-02.j2] Addr=781E Value=7C
ROM[roms/Asteroid2/035143-02.j2] Addr=781F Value=A9
ROM[roms/Asteroid2/035143-02.j2] Addr=7820 Value=70
ROM[roms/Asteroid2/035143-02.j2] Addr=7821 Value=20
ROM[roms/Asteroid2/035143-02.j2] Addr=7822 Value=DE
ROM[roms/Asteroid2/035143-02.j2] Addr=7823 Value=7C
ROM[roms/Asteroid2/035143-02.j2] Addr=7824 Value=A0
ROM[roms/Asteroid2/035143-02.j2] Addr=7825 Value=00
ROM[roms/Asteroid2/035143-02.j2] Addr=7826 Value=A2
ROM[roms/Asteroid2/035143-02.j2] Addr=7827 Value=00
ROM[roms/Asteroid2/035143-02.j2] Addr=7828 Value=A1
ROM[roms/Asteroid2/035143-02.j2] Addr=7829 Value=08
ROM[roms/Asteroid2/035143-02.j2] Addr=782A Value=85
ROM[roms/Asteroid2/035143-02.j2] Addr=782B Value=0B
ROM[roms/Asteroid2/035143-02.j2] Addr=782C Value=4A
ROM[roms/Asteroid2/035143-02.j2] Addr=782D Value=4A
ROM[roms/Asteroid2/035143-02.j2] Addr=782E Value=20
ROM[roms/Asteroid2/035143-02.j2] Addr=782F Value=4D
ROM[roms/Asteroid2/035143-02.j2] Addr=7830 Value=78
ROM[roms/Asteroid2/035143-02.j2] Addr=7831 Value=A1
ROM[roms/Asteroid2/035143-02.j2] Addr=7832 Value=08
ROM[roms/Asteroid2/035143-02.j2] Addr=7833 Value=2A
ROM[roms/Asteroid2/035143-02.j2] Addr=7834 Value=26
ROM[roms/Asteroid2/035143-02.j2] Addr=7835 Value=0B
ROM[roms/Asteroid2/035143-02.j2] Addr=7836 Value=2A
ROM[roms/Asteroid2/035143-02.j2] Addr=7837 Value=A5
ROM[roms/Asteroid2/035143-02.j2] Addr=7838 Value=0B
ROM[roms/Asteroid2/035143-02.j2] Addr=7839 Value=2A
ROM[roms/Asteroid2/035143-02.j2] Addr=783A Value=0A
ROM[roms/Asteroid2/035143-02.j2] Addr=783B Value=20
ROM[roms/Asteroid2/035143-02.j2] Addr=783C Value=53
ROM[roms/Asteroid2/035143-02.j2] Addr=783D Value=78
ROM[roms/Asteroid2/035143-02.j2] Addr=783E Value=A1
ROM[roms/Asteroid2/035143-02.j2] Addr=783F Value=08
ROM[roms/Asteroid2/035143-02.j2] Addr=7840 Value=85
ROM[roms/Asteroid2/035143-02.j2] Addr=7841 Value=0B
ROM[roms/Asteroid2/035143-02.j2] Addr=7842 Value=20
ROM[roms/Asteroid2/035143-02.j2] Addr=7843 Value=4D
ROM[roms/Asteroid2/035143-02.j2] Addr=7844 Value=78
ROM[roms/Asteroid2/035143-02.j2] Addr=7845 Value=46
ROM[roms/Asteroid2/035143-02.j2] Addr=7846 Value=0B
ROM[roms/Asteroid2/035143-02.j2] Addr=7847 Value=90
ROM[roms/Asteroid2/035143-02.j2] Addr=7848 Value=DF
ROM[roms/Asteroid2/035143-02.j2] Addr=7849 Value=88
ROM[roms/Asteroid2/035143-02.j2] Addr=784A Value=4C
ROM[roms/Asteroid2/035143-02.j2] Addr=784B Value=39
ROM[roms/Asteroid2/035143-02.j2] Addr=784C Value=7C
ROM[roms/Asteroid2/035143-02.j2] Addr=784D Value=E6
ROM[roms/Asteroid2/035143-02.j2] Addr=784E Value=08
ROM[roms/Asteroid2/035143-02.j2] Addr=784F Value=D0
ROM[roms/Asteroid2/035143-02.j2] Addr=7850 Value=02
ROM[roms/Asteroid2/035143-02.j2] Addr=7851 Value=E6
ROM[roms/Asteroid2/035143-02.j2] Addr=7852 Value=09
ROM[roms/Asteroid2/035143-02.j2] Addr=7853 Value=29
ROM[roms/Asteroid2/035143-02.j2] Addr=7854 Value=3E
ROM[roms/Asteroid2/035143-02.j2] Addr=7855 Value=D0
ROM[roms/Asteroid2/035143-02.j2] Addr=7856 Value=04
ROM[roms/Asteroid2/035143-02.j2] Addr=7857 Value=68
ROM[roms/Asteroid2/035143-02.j2] Addr=7858 Value=68
ROM[roms/Asteroid2/035143-02.j2] Addr=7859 Value=D0
ROM[roms/Asteroid2/035143-02.j2] Addr=785A Value=EE
ROM[roms/Asteroid2/035143-02.j2] Addr=785B Value=C9
ROM[roms/Asteroid2/035143-02.j2] Addr=785C Value=0A
ROM[roms/Asteroid2/035143-02.j2] Addr=785D Value=90
ROM[roms/Asteroid2/035143-02.j2] Addr=785E Value=02
ROM[roms/Asteroid2/035143-02.j2] Addr=785F Value=69
ROM[roms/Asteroid2/035143-02.j2] Addr=7860 Value=0D
ROM[roms/Asteroid2/035143-02.j2] Addr=7861 Value=AA
ROM[roms/Asteroid2/035143-02.j2] Addr=7862 Value=BD
ROM[roms/Asteroid2/035143-02.j2] Addr=7863 Value=D2
ROM[roms/Asteroid2/035143-02.j2] Addr=7864 Value=56
ROM[roms/Asteroid2/035143-02.j2] Addr=7865 Value=91
ROM[roms/Asteroid2/035143-02.j2] Addr=7866 Value=02
ROM[roms/Asteroid2/035143-02.j2] Addr=7867 Value=C8
ROM[roms/Asteroid2/035143-02.j2] Addr=7868 Value=BD
ROM[roms/Asteroid2/035143-02.j2] Addr=7869 Value=D3
ROM[roms/Asteroid2/035143-02.j2] Addr=786A Value=56
ROM[roms/Asteroid2/035143-02.j2] Addr=786B Value=91
ROM[roms/Asteroid2/035143-02.j2] Addr=786C Value=02
ROM[roms/Asteroid2/035143-02.j2] Addr=786D Value=C8
ROM[roms/Asteroid2/035143-02.j2] Addr=786E Value=A2
ROM[roms/Asteroid2/035143-02.j2] Addr=786F Value=00
ROM[roms/Asteroid2/035143-02.j2] Addr=7870 Value=60
ROM[roms/Asteroid2/035143-02.j2] Addr=7871 Value=64
ROM[roms/Asteroid2/035143-02.j2] Addr=7872 Value=B6
ROM[roms/Asteroid2/035143-02.j2] Addr=7873 Value=64
ROM[roms/Asteroid2/035143-02.j2] Addr=7874 Value=B6
ROM[roms/Asteroid2/035143-02.j2] Addr=7875 Value=0C
ROM[roms/Asteroid2/035143-02.j2] Addr=7876 Value=AA
ROM[roms/Asteroid2/035143-02.j2] Addr=7877 Value=0C
ROM[roms/Asteroid2/035143-02.j2] Addr=7878 Value=A2
ROM[roms/Asteroid2/035143-02.j2] Addr=7879 Value=0C
ROM[roms/Asteroid2/035143-02.j2] Addr=787A Value=9A
ROM[roms/Asteroid2/035143-02.j2] Addr=787B Value=0C
ROM[roms/Asteroid2/035143-02.j2] Addr=787C Value=92
ROM[roms/Asteroid2/035143-02.j2] Addr=787D Value=64
ROM[roms/Asteroid2/035143-02.j2] Addr=787E Value=C6
ROM[roms/Asteroid2/035143-02.j2] Addr=787F Value=64
ROM[roms/Asteroid2/035143-02.j2] Addr=7880 Value=9D
ROM[roms/Asteroid2/035143-02.j2] Addr=7881 Value=50
ROM[roms/Asteroid2/035143-02.j2] Addr=7882 Value=39
ROM[roms/Asteroid2/035143-02.j2] Addr=7883 Value=50
ROM[roms/Asteroid2/035143-02.j2] Addr=7884 Value=39
ROM[roms/Asteroid2/035143-02.j2] Addr=7885 Value=50
ROM[roms/Asteroid2/035143-02.j2] Addr=7886 Value=39
ROM[roms/Asteroid2/035143-02.j2] Addr=7887 Value=1E
ROM[roms/Asteroid2/035143-02.j2] Addr=7888 Value=57
ROM[roms/Asteroid2/035143-02.j2] Addr=7889 Value=8F
ROM[roms/Asteroid2/035143-02.j2] Addr=788A Value=78
ROM[roms/Asteroid2/035143-02.j2] Addr=788B Value=46
ROM[roms/Asteroid2/035143-02.j2] Addr=788C Value=79
ROM[roms/Asteroid2/035143-02.j2] Addr=788D Value=F3
ROM[roms/Asteroid2/035143-02.j2] Addr=788E Value=79
ROM[roms/Asteroid2/035143-02.j2] Addr=788F Value=0B
ROM[roms/Asteroid2/035143-02.j2] Addr=7890 Value=15
ROM[roms/Asteroid2/035143-02.j2] Addr=7891 Value=1B
ROM[roms/Asteroid2/035143-02.j2] Addr=7892 Value=35
ROM[roms/Asteroid2/035143-02.j2] Addr=7893 Value=4D
ROM[roms/Asteroid2/035143-02.j2] Addr=7894 Value=65
ROM[roms/Asteroid2/035143-02.j2] Addr=7895 Value=7F
ROM[roms/Asteroid2/035143-02.j2] Addr=7896 Value=8D
ROM[roms/Asteroid2/035143-02.j2] Addr=7897 Value=93
ROM[roms/Asteroid2/035143-02.j2] Addr=7898 Value=9F
ROM[roms/Asteroid2/035143-02.j2] Addr=7899 Value=AB
ROM[roms/Asteroid2/035143-02.j2] Addr=789A Value=64
ROM[roms/Asteroid2/035143-02.j2] Addr=789B Value=D2
ROM[roms/Asteroid2/035143-02.j2] Addr=789C Value=3B
ROM[roms/Asteroid2/035143-02.j2] Addr=789D Value=2E
ROM[roms/Asteroid2/035143-02.j2] Addr=789E Value=C2
ROM[roms/Asteroid2/035143-02.j2] Addr=789F Value=6C
ROM[roms/Asteroid2/035143-02.j2] Addr=78A0 Value=5A
ROM[roms/Asteroid2/035143-02.j2] Addr=78A1 Value=4C
ROM[roms/Asteroid2/035143-02.j2] Addr=78A2 Value=93
ROM[roms/Asteroid2/035143-02.j2] Addr=78A3 Value=6F
ROM[roms/Asteroid2/035143-02.j2] Addr=78A4 Value=BD
ROM[roms/Asteroid2/035143-02.j2] Addr=78A5 Value=1A
ROM[roms/Asteroid2/035143-02.j2] Addr=78A6 Value=4C
ROM[roms/Asteroid2/035143-02.j2] Addr=78A7 Value=12
ROM[roms/Asteroid2/035143-02.j2] Addr=78A8 Value=B0
ROM[roms/Asteroid2/035143-02.j2] Addr=78A9 Value=40
ROM[roms/Asteroid2/035143-02.j2] Addr=78AA Value=6B
ROM[roms/Asteroid2/035143-02.j2] Addr=78AB Value=2C
ROM[roms/Asteroid2/035143-02.j2] Addr=78AC Value=0A
ROM[roms/Asteroid2/035143-02.j2] Addr=78AD Value=6C
ROM[roms/Asteroid2/035143-02.j2] Addr=78AE Value=5A
ROM[roms/Asteroid2/035143-02.j2] Addr=78AF Value=4C
ROM[roms/Asteroid2/035143-02.j2] Addr=78B0 Value=93
ROM[roms/Asteroid2/035143-02.j2] Addr=78B1 Value=6E
ROM[roms/Asteroid2/035143-02.j2] Addr=78B2 Value=0B
ROM[roms/Asteroid2/035143-02.j2] Addr=78B3 Value=6E
ROM[roms/Asteroid2/035143-02.j2] Addr=78B4 Value=C0
ROM[roms/Asteroid2/035143-02.j2] Addr=78B5 Value=52
ROM[roms/Asteroid2/035143-02.j2] Addr=78B6 Value=6C
ROM[roms/Asteroid2/035143-02.j2] Addr=78B7 Value=92
ROM[roms/Asteroid2/035143-02.j2] Addr=78B8 Value=B8
ROM[roms/Asteroid2/035143-02.j2] Addr=78B9 Value=50
ROM[roms/Asteroid2/035143-02.j2] Addr=78BA Value=4D
ROM[roms/Asteroid2/035143-02.j2] Addr=78BB Value=82
ROM[roms/Asteroid2/035143-02.j2] Addr=78BC Value=F2
ROM[roms/Asteroid2/035143-02.j2] Addr=78BD Value=58
ROM[roms/Asteroid2/035143-02.j2] Addr=78BE Value=90
ROM[roms/Asteroid2/035143-02.j2] Addr=78BF Value=4C
ROM[roms/Asteroid2/035143-02.j2] Addr=78C0 Value=4D
ROM[roms/Asteroid2/035143-02.j2] Addr=78C1 Value=F0
ROM[roms/Asteroid2/035143-02.j2] Addr=78C2 Value=4C
ROM[roms/Asteroid2/035143-02.j2] Addr=78C3 Value=80
ROM[roms/Asteroid2/035143-02.j2] Addr=78C4 Value=33
ROM[roms/Asteroid2/035143-02.j2] Addr=78C5 Value=70
ROM[roms/Asteroid2/035143-02.j2] Addr=78C6 Value=C2
ROM[roms/Asteroid2/035143-02.j2] Addr=78C7 Value=42
ROM[roms/Asteroid2/035143-02.j2] Addr=78C8 Value=5A
ROM[roms/Asteroid2/035143-02.j2] Addr=78C9 Value=4C
ROM[roms/Asteroid2/035143-02.j2] Addr=78CA Value=4C
ROM[roms/Asteroid2/035143-02.j2] Addr=78CB Value=82
ROM[roms/Asteroid2/035143-02.j2] Addr=78CC Value=BB
ROM[roms/Asteroid2/035143-02.j2] Addr=78CD Value=52
ROM[roms/Asteroid2/035143-02.j2] Addr=78CE Value=0B
ROM[roms/Asteroid2/035143-02.j2] Addr=78CF Value=58
ROM[roms/Asteroid2/035143-02.j2] Addr=78D0 Value=B2
ROM[roms/Asteroid2/035143-02.j2] Addr=78D1 Value=42
ROM[roms/Asteroid2/035143-02.j2] Addr=78D2 Value=6C
ROM[roms/Asteroid2/035143-02.j2] Addr=78D3 Value=9A
ROM[roms/Asteroid2/035143-02.j2] Addr=78D4 Value=C3
ROM[roms/Asteroid2/035143-02.j2] Addr=78D5 Value=4A
ROM[roms/Asteroid2/035143-02.j2] Addr=78D6 Value=82
ROM[roms/Asteroid2/035143-02.j2] Addr=78D7 Value=64
ROM[roms/Asteroid2/035143-02.j2] Addr=78D8 Value=0A
ROM[roms/Asteroid2/035143-02.j2] Addr=78D9 Value=5A
ROM[roms/Asteroid2/035143-02.j2] Addr=78DA Value=90
ROM[roms/Asteroid2/035143-02.j2] Addr=78DB Value=00
ROM[roms/Asteroid2/035143-02.j2] Addr=78DC Value=F6
ROM[roms/Asteroid2/035143-02.j2] Addr=78DD Value=6C
ROM[roms/Asteroid2/035143-02.j2] Addr=78DE Value=09
ROM[roms/Asteroid2/035143-02.j2] Addr=78DF Value=B2
ROM[roms/Asteroid2/035143-02.j2] Addr=78E0 Value=3B
ROM[roms/Asteroid2/035143-02.j2] Addr=78E1 Value=2E
ROM[roms/Asteroid2/035143-02.j2] Addr=78E2 Value=C1
ROM[roms/Asteroid2/035143-02.j2] Addr=78E3 Value=4C
ROM[roms/Asteroid2/035143-02.j2] Addr=78E4 Value=4C
ROM[roms/Asteroid2/035143-02.j2] Addr=78E5 Value=B6
ROM[roms/Asteroid2/035143-02.j2] Addr=78E6 Value=2B
ROM[roms/Asteroid2/035143-02.j2] Addr=78E7 Value=20
ROM[roms/Asteroid2/035143-02.j2] Addr=78E8 Value=0D
ROM[roms/Asteroid2/035143-02.j2] Addr=78E9 Value=A6
ROM[roms/Asteroid2/035143-02.j2] Addr=78EA Value=C1
ROM[roms/Asteroid2/035143-02.j2] Addr=78EB Value=70
ROM[roms/Asteroid2/035143-02.j2] Addr=78EC Value=48
ROM[roms/Asteroid2/035143-02.j2] Addr=78ED Value=50
ROM[roms/Asteroid2/035143-02.j2] Addr=78EE Value=B6
ROM[roms/Asteroid2/035143-02.j2] Addr=78EF Value=52
ROM[roms/Asteroid2/035143-02.j2] Addr=78F0 Value=3B
ROM[roms/Asteroid2/035143-02.j2] Addr=78F1 Value=D2
ROM[roms/Asteroid2/035143-02.j2] Addr=78F2 Value=90
ROM[roms/Asteroid2/035143-02.j2] Addr=78F3 Value=00
ROM[roms/Asteroid2/035143-02.j2] Addr=78F4 Value=DA
ROM[roms/Asteroid2/035143-02.j2] Addr=78F5 Value=64
ROM[roms/Asteroid2/035143-02.j2] Addr=78F6 Value=90
ROM[roms/Asteroid2/035143-02.j2] Addr=78F7 Value=4C
ROM[roms/Asteroid2/035143-02.j2] Addr=78F8 Value=C9
ROM[roms/Asteroid2/035143-02.j2] Addr=78F9 Value=D8
ROM[roms/Asteroid2/035143-02.j2] Addr=78FA Value=BE
ROM[roms/Asteroid2/035143-02.j2] Addr=78FB Value=0A
ROM[roms/Asteroid2/035143-02.j2] Addr=78FC Value=32
ROM[roms/Asteroid2/035143-02.j2] Addr=78FD Value=42
ROM[roms/Asteroid2/035143-02.j2] Addr=78FE Value=9B
ROM[roms/Asteroid2/035143-02.j2] Addr=78FF Value=C2
ROM[roms/Asteroid2/035143-02.j2] Addr=7900 Value=67
ROM[roms/Asteroid2/035143-02.j2] Addr=7901 Value=68
ROM[roms/Asteroid2/035143-02.j2] Addr=7902 Value=4D
ROM[roms/Asteroid2/035143-02.j2] Addr=7903 Value=AE
ROM[roms/Asteroid2/035143-02.j2] Addr=7904 Value=A1
ROM[roms/Asteroid2/035143-02.j2] Addr=7905 Value=4E
ROM[roms/Asteroid2/035143-02.j2] Addr=7906 Value=48
ROM[roms/Asteroid2/035143-02.j2] Addr=7907 Value=50
ROM[roms/Asteroid2/035143-02.j2] Addr=7908 Value=B6
ROM[roms/Asteroid2/035143-02.j2] Addr=7909 Value=52
ROM[roms/Asteroid2/035143-02.j2] Addr=790A Value=3B
ROM[roms/Asteroid2/035143-02.j2] Addr=790B Value=D2
ROM[roms/Asteroid2/035143-02.j2] Addr=790C Value=90
ROM[roms/Asteroid2/035143-02.j2] Addr=790D Value=00
ROM[roms/Asteroid2/035143-02.j2] Addr=790E Value=BE
ROM[roms/Asteroid2/035143-02.j2] Addr=790F Value=0A
ROM[roms/Asteroid2/035143-02.j2] Addr=7910 Value=B6
ROM[roms/Asteroid2/035143-02.j2] Addr=7911 Value=1E
ROM[roms/Asteroid2/035143-02.j2] Addr=7912 Value=94
ROM[roms/Asteroid2/035143-02.j2] Addr=7913 Value=D2
ROM[roms/Asteroid2/035143-02.j2] Addr=7914 Value=A2
ROM[roms/Asteroid2/035143-02.j2] Addr=7915 Value=92
ROM[roms/Asteroid2/035143-02.j2] Addr=7916 Value=0A
ROM[roms/Asteroid2/035143-02.j2] Addr=7917 Value=2C
ROM[roms/Asteroid2/035143-02.j2] Addr=7918 Value=CA
ROM[roms/Asteroid2/035143-02.j2] Addr=7919 Value=4E
ROM[roms/Asteroid2/035143-02.j2] Addr=791A Value=7A
ROM[roms/Asteroid2/035143-02.j2] Addr=791B Value=65
ROM[roms/Asteroid2/035143-02.j2] Addr=791C Value=BD
ROM[roms/Asteroid2/035143-02.j2] Addr=791D Value=1A
ROM[roms/Asteroid2/035143-02.j2] Addr=791E Value=4C
ROM[roms/Asteroid2/035143-02.j2] Addr=791F Value=12
ROM[roms/Asteroid2/035143-02.j2] Addr=7920 Value=92
ROM[roms/Asteroid2/035143-02.j2] Addr=7921 Value=13
ROM[roms/Asteroid2/035143-02.j2] Addr=7922 Value=18
ROM[roms/Asteroid2/035143-02.j2] Addr=7923 Value=62
ROM[roms/Asteroid2/035143-02.j2] Addr=7924 Value=CA
ROM[roms/Asteroid2/035143-02.j2] Addr=7925 Value=64
ROM[roms/Asteroid2/035143-02.j2] Addr=7926 Value=F2
ROM[roms/Asteroid2/035143-02.j2] Addr=7927 Value=42
ROM[roms/Asteroid2/035143-02.j2] Addr=7928 Value=20
ROM[roms/Asteroid2/035143-02.j2] Addr=7929 Value=6E
ROM[roms/Asteroid2/035143-02.j2] Addr=792A Value=A3
ROM[roms/Asteroid2/035143-02.j2] Addr=792B Value=52
ROM[roms/Asteroid2/035143-02.j2] Addr=792C Value=82
ROM[roms/Asteroid2/035143-02.j2] Addr=792D Value=40
ROM[roms/Asteroid2/035143-02.j2] Addr=792E Value=18
ROM[roms/Asteroid2/035143-02.j2] Addr=792F Value=62
ROM[roms/Asteroid2/035143-02.j2] Addr=7930 Value=CA
ROM[roms/Asteroid2/035143-02.j2] Addr=7931 Value=64
ROM[roms/Asteroid2/035143-02.j2] Addr=7932 Value=F2
ROM[roms/Asteroid2/035143-02.j2] Addr=7933 Value=42
ROM[roms/Asteroid2/035143-02.j2] Addr=7934 Value=18
ROM[roms/Asteroid2/035143-02.j2] Addr=7935 Value=6E
ROM[roms/Asteroid2/035143-02.j2] Addr=7936 Value=A3
ROM[roms/Asteroid2/035143-02.j2] Addr=7937 Value=52
ROM[roms/Asteroid2/035143-02.j2] Addr=7938 Value=80
ROM[roms/Asteroid2/035143-02.j2] Addr=7939 Value=00
ROM[roms/Asteroid2/035143-02.j2] Addr=793A Value=20
ROM[roms/Asteroid2/035143-02.j2] Addr=793B Value=62
ROM[roms/Asteroid2/035143-02.j2] Addr=793C Value=CA
ROM[roms/Asteroid2/035143-02.j2] Addr=793D Value=64
ROM[roms/Asteroid2/035143-02.j2] Addr=793E Value=F2
ROM[roms/Asteroid2/035143-02.j2] Addr=793F Value=64
ROM[roms/Asteroid2/035143-02.j2] Addr=7940 Value=08
ROM[roms/Asteroid2/035143-02.j2] Addr=7941 Value=C2
ROM[roms/Asteroid2/035143-02.j2] Addr=7942 Value=BD
ROM[roms/Asteroid2/035143-02.j2] Addr=7943 Value=1A
ROM[roms/Asteroid2/035143-02.j2] Addr=7944 Value=4C
ROM[roms/Asteroid2/035143-02.j2] Addr=7945 Value=00
ROM[roms/Asteroid2/035143-02.j2] Addr=7946 Value=0B
ROM[roms/Asteroid2/035143-02.j2] Addr=7947 Value=15
ROM[roms/Asteroid2/035143-02.j2] Addr=7948 Value=19
ROM[roms/Asteroid2/035143-02.j2] Addr=7949 Value=31
ROM[roms/Asteroid2/035143-02.j2] Addr=794A Value=41
ROM[roms/Asteroid2/035143-02.j2] Addr=794B Value=57
ROM[roms/Asteroid2/035143-02.j2] Addr=794C Value=73
ROM[roms/Asteroid2/035143-02.j2] Addr=794D Value=7F
ROM[roms/Asteroid2/035143-02.j2] Addr=794E Value=89
ROM[roms/Asteroid2/035143-02.j2] Addr=794F Value=95
ROM[roms/Asteroid2/035143-02.j2] Addr=7950 Value=A1
ROM[roms/Asteroid2/035143-02.j2] Addr=7951 Value=8A
ROM[roms/Asteroid2/035143-02.j2] Addr=7952 Value=5A
ROM[roms/Asteroid2/035143-02.j2] Addr=7953 Value=84
ROM[roms/Asteroid2/035143-02.j2] Addr=7954 Value=12
ROM[roms/Asteroid2/035143-02.j2] Addr=7955 Value=CD
ROM[roms/Asteroid2/035143-02.j2] Addr=7956 Value=82
ROM[roms/Asteroid2/035143-02.j2] Addr=7957 Value=B9
ROM[roms/Asteroid2/035143-02.j2] Addr=7958 Value=E6
ROM[roms/Asteroid2/035143-02.j2] Addr=7959 Value=B2
ROM[roms/Asteroid2/035143-02.j2] Addr=795A Value=40
ROM[roms/Asteroid2/035143-02.j2] Addr=795B Value=74
ROM[roms/Asteroid2/035143-02.j2] Addr=795C Value=F2
ROM[roms/Asteroid2/035143-02.j2] Addr=795D Value=4D
ROM[roms/Asteroid2/035143-02.j2] Addr=795E Value=83
ROM[roms/Asteroid2/035143-02.j2] Addr=795F Value=D4
ROM[roms/Asteroid2/035143-02.j2] Addr=7960 Value=F0
ROM[roms/Asteroid2/035143-02.j2] Addr=7961 Value=B2
ROM[roms/Asteroid2/035143-02.j2] Addr=7962 Value=42
ROM[roms/Asteroid2/035143-02.j2] Addr=7963 Value=B9
ROM[roms/Asteroid2/035143-02.j2] Addr=7964 Value=E6
ROM[roms/Asteroid2/035143-02.j2] Addr=7965 Value=B2
ROM[roms/Asteroid2/035143-02.j2] Addr=7966 Value=42
ROM[roms/Asteroid2/035143-02.j2] Addr=7967 Value=4D
ROM[roms/Asteroid2/035143-02.j2] Addr=7968 Value=F0
ROM[roms/Asteroid2/035143-02.j2] Addr=7969 Value=0E
ROM[roms/Asteroid2/035143-02.j2] Addr=796A Value=64
ROM[roms/Asteroid2/035143-02.j2] Addr=796B Value=0A
ROM[roms/Asteroid2/035143-02.j2] Addr=796C Value=12
ROM[roms/Asteroid2/035143-02.j2] Addr=796D Value=B8
ROM[roms/Asteroid2/035143-02.j2] Addr=796E Value=46
ROM[roms/Asteroid2/035143-02.j2] Addr=796F Value=10
ROM[roms/Asteroid2/035143-02.j2] Addr=7970 Value=62
ROM[roms/Asteroid2/035143-02.j2] Addr=7971 Value=4B
ROM[roms/Asteroid2/035143-02.j2] Addr=7972 Value=60
ROM[roms/Asteroid2/035143-02.j2] Addr=7973 Value=82
ROM[roms/Asteroid2/035143-02.j2] Addr=7974 Value=72
ROM[roms/Asteroid2/035143-02.j2] Addr=7975 Value=B5
ROM[roms/Asteroid2/035143-02.j2] Addr=7976 Value=C0
ROM[roms/Asteroid2/035143-02.j2] Addr=7977 Value=BE
ROM[roms/Asteroid2/035143-02.j2] Addr=7978 Value=A8
ROM[roms/Asteroid2/035143-02.j2] Addr=7979 Value=0A
ROM[roms/Asteroid2/035143-02.j2] Addr=797A Value=64
ROM[roms/Asteroid2/035143-02.j2] Addr=797B Value=C5
ROM[roms/Asteroid2/035143-02.j2] Addr=797C Value=92
ROM[roms/Asteroid2/035143-02.j2] Addr=797D Value=F0
ROM[roms/Asteroid2/035143-02.j2] Addr=797E Value=74
ROM[roms/Asteroid2/035143-02.j2] Addr=797F Value=9D
ROM[roms/Asteroid2/035143-02.j2] Addr=7980 Value=C2
ROM[roms/Asteroid2/035143-02.j2] Addr=7981 Value=6C
ROM[roms/Asteroid2/035143-02.j2] Addr=7982 Value=9A
ROM[roms/Asteroid2/035143-02.j2] Addr=7983 Value=C3
ROM[roms/Asteroid2/035143-02.j2] Addr=7984 Value=4A
ROM[roms/Asteroid2/035143-02.j2] Addr=7985 Value=82
ROM[roms/Asteroid2/035143-02.j2] Addr=7986 Value=6F
ROM[roms/Asteroid2/035143-02.j2] Addr=7987 Value=A4
ROM[roms/Asteroid2/035143-02.j2] Addr=7988 Value=F2
ROM[roms/Asteroid2/035143-02.j2] Addr=7989 Value=BD
ROM[roms/Asteroid2/035143-02.j2] Addr=798A Value=D2
ROM[roms/Asteroid2/035143-02.j2] Addr=798B Value=F0
ROM[roms/Asteroid2/035143-02.j2] Addr=798C Value=6C
ROM[roms/Asteroid2/035143-02.j2] Addr=798D Value=9E
ROM[roms/Asteroid2/035143-02.j2] Addr=798E Value=0A
ROM[roms/Asteroid2/035143-02.j2] Addr=798F Value=C2
ROM[roms/Asteroid2/035143-02.j2] Addr=7990 Value=42
ROM[roms/Asteroid2/035143-02.j2] Addr=7991 Value=A4
ROM[roms/Asteroid2/035143-02.j2] Addr=7992 Value=F2
ROM[roms/Asteroid2/035143-02.j2] Addr=7993 Value=B0
ROM[roms/Asteroid2/035143-02.j2] Addr=7994 Value=74
ROM[roms/Asteroid2/035143-02.j2] Addr=7995 Value=9D
ROM[roms/Asteroid2/035143-02.j2] Addr=7996 Value=C2
ROM[roms/Asteroid2/035143-02.j2] Addr=7997 Value=6C
ROM[roms/Asteroid2/035143-02.j2] Addr=7998 Value=9A
ROM[roms/Asteroid2/035143-02.j2] Addr=7999 Value=C3
ROM[roms/Asteroid2/035143-02.j2] Addr=799A Value=4A
ROM[roms/Asteroid2/035143-02.j2] Addr=799B Value=82
ROM[roms/Asteroid2/035143-02.j2] Addr=799C Value=6F
ROM[roms/Asteroid2/035143-02.j2] Addr=799D Value=A4
ROM[roms/Asteroid2/035143-02.j2] Addr=799E Value=F2
ROM[roms/Asteroid2/035143-02.j2] Addr=799F Value=BD
ROM[roms/Asteroid2/035143-02.j2] Addr=79A0 Value=D2
ROM[roms/Asteroid2/035143-02.j2] Addr=79A1 Value=F0
ROM[roms/Asteroid2/035143-02.j2] Addr=79A2 Value=58
ROM[roms/Asteroid2/035143-02.j2] Addr=79A3 Value=ED
ROM[roms/Asteroid2/035143-02.j2] Addr=79A4 Value=12
ROM[roms/Asteroid2/035143-02.j2] Addr=79A5 Value=B5
ROM[roms/Asteroid2/035143-02.j2] Addr=79A6 Value=E8
ROM[roms/Asteroid2/035143-02.j2] Addr=79A7 Value=29
ROM[roms/Asteroid2/035143-02.j2] Addr=79A8 Value=D2
ROM[roms/Asteroid2/035143-02.j2] Addr=79A9 Value=0D
ROM[roms/Asteroid2/035143-02.j2] Addr=79AA Value=72
ROM[roms/Asteroid2/035143-02.j2] Addr=79AB Value=2C
ROM[roms/Asteroid2/035143-02.j2] Addr=79AC Value=90
ROM[roms/Asteroid2/035143-02.j2] Addr=79AD Value=0C
ROM[roms/Asteroid2/035143-02.j2] Addr=79AE Value=12
ROM[roms/Asteroid2/035143-02.j2] Addr=79AF Value=C6
ROM[roms/Asteroid2/035143-02.j2] Addr=79B0 Value=2C
ROM[roms/Asteroid2/035143-02.j2] Addr=79B1 Value=48
ROM[roms/Asteroid2/035143-02.j2] Addr=79B2 Value=4E
ROM[roms/Asteroid2/035143-02.j2] Addr=79B3 Value=9D
ROM[roms/Asteroid2/035143-02.j2] Addr=79B4 Value=AC
ROM[roms/Asteroid2/035143-02.j2] Addr=79B5 Value=49
ROM[roms/Asteroid2/035143-02.j2] Addr=79B6 Value=F0
ROM[roms/Asteroid2/035143-02.j2] Addr=79B7 Value=48
ROM[roms/Asteroid2/035143-02.j2] Addr=79B8 Value=00
ROM[roms/Asteroid2/035143-02.j2] Addr=79B9 Value=2D
ROM[roms/Asteroid2/035143-02.j2] Addr=79BA Value=28
ROM[roms/Asteroid2/035143-02.j2] Addr=79BB Value=CF
ROM[roms/Asteroid2/035143-02.j2] Addr=79BC Value=52
ROM[roms/Asteroid2/035143-02.j2] Addr=79BD Value=B0
ROM[roms/Asteroid2/035143-02.j2] Addr=79BE Value=6E
ROM[roms/Asteroid2/035143-02.j2] Addr=79BF Value=CD
ROM[roms/Asteroid2/035143-02.j2] Addr=79C0 Value=82
ROM[roms/Asteroid2/035143-02.j2] Addr=79C1 Value=BE
ROM[roms/Asteroid2/035143-02.j2] Addr=79C2 Value=0A
ROM[roms/Asteroid2/035143-02.j2] Addr=79C3 Value=B6
ROM[roms/Asteroid2/035143-02.j2] Addr=79C4 Value=00
ROM[roms/Asteroid2/035143-02.j2] Addr=79C5 Value=53
ROM[roms/Asteroid2/035143-02.j2] Addr=79C6 Value=64
ROM[roms/Asteroid2/035143-02.j2] Addr=79C7 Value=0A
ROM[roms/Asteroid2/035143-02.j2] Addr=79C8 Value=12
ROM[roms/Asteroid2/035143-02.j2] Addr=79C9 Value=0D
ROM[roms/Asteroid2/035143-02.j2] Addr=79CA Value=0A
ROM[roms/Asteroid2/035143-02.j2] Addr=79CB Value=B6
ROM[roms/Asteroid2/035143-02.j2] Addr=79CC Value=1A
ROM[roms/Asteroid2/035143-02.j2] Addr=79CD Value=48
ROM[roms/Asteroid2/035143-02.j2] Addr=79CE Value=00
ROM[roms/Asteroid2/035143-02.j2] Addr=79CF Value=18
ROM[roms/Asteroid2/035143-02.j2] Addr=79D0 Value=68
ROM[roms/Asteroid2/035143-02.j2] Addr=79D1 Value=6A
ROM[roms/Asteroid2/035143-02.j2] Addr=79D2 Value=4E
ROM[roms/Asteroid2/035143-02.j2] Addr=79D3 Value=48
ROM[roms/Asteroid2/035143-02.j2] Addr=79D4 Value=48
ROM[roms/Asteroid2/035143-02.j2] Addr=79D5 Value=0B
ROM[roms/Asteroid2/035143-02.j2] Addr=79D6 Value=A6
ROM[roms/Asteroid2/035143-02.j2] Addr=79D7 Value=CA
ROM[roms/Asteroid2/035143-02.j2] Addr=79D8 Value=72
ROM[roms/Asteroid2/035143-02.j2] Addr=79D9 Value=B5
ROM[roms/Asteroid2/035143-02.j2] Addr=79DA Value=C0
ROM[roms/Asteroid2/035143-02.j2] Addr=79DB Value=18
ROM[roms/Asteroid2/035143-02.j2] Addr=79DC Value=68
ROM[roms/Asteroid2/035143-02.j2] Addr=79DD Value=6A
ROM[roms/Asteroid2/035143-02.j2] Addr=79DE Value=4E
ROM[roms/Asteroid2/035143-02.j2] Addr=79DF Value=48
ROM[roms/Asteroid2/035143-02.j2] Addr=79E0 Value=46
ROM[roms/Asteroid2/035143-02.j2] Addr=79E1 Value=0B
ROM[roms/Asteroid2/035143-02.j2] Addr=79E2 Value=A6
ROM[roms/Asteroid2/035143-02.j2] Addr=79E3 Value=CA
ROM[roms/Asteroid2/035143-02.j2] Addr=79E4 Value=72
ROM[roms/Asteroid2/035143-02.j2] Addr=79E5 Value=B0
ROM[roms/Asteroid2/035143-02.j2] Addr=79E6 Value=00
ROM[roms/Asteroid2/035143-02.j2] Addr=79E7 Value=20
ROM[roms/Asteroid2/035143-02.j2] Addr=79E8 Value=68
ROM[roms/Asteroid2/035143-02.j2] Addr=79E9 Value=6A
ROM[roms/Asteroid2/035143-02.j2] Addr=79EA Value=4E
ROM[roms/Asteroid2/035143-02.j2] Addr=79EB Value=4D
ROM[roms/Asteroid2/035143-02.j2] Addr=79EC Value=C2
ROM[roms/Asteroid2/035143-02.j2] Addr=79ED Value=18
ROM[roms/Asteroid2/035143-02.j2] Addr=79EE Value=5C
ROM[roms/Asteroid2/035143-02.j2] Addr=79EF Value=9E
ROM[roms/Asteroid2/035143-02.j2] Addr=79F0 Value=52
ROM[roms/Asteroid2/035143-02.j2] Addr=79F1 Value=CD
ROM[roms/Asteroid2/035143-02.j2] Addr=79F2 Value=80
ROM[roms/Asteroid2/035143-02.j2] Addr=79F3 Value=0B
ROM[roms/Asteroid2/035143-02.j2] Addr=79F4 Value=11
ROM[roms/Asteroid2/035143-02.j2] Addr=79F5 Value=17
ROM[roms/Asteroid2/035143-02.j2] Addr=79F6 Value=31
ROM[roms/Asteroid2/035143-02.j2] Addr=79F7 Value=45
ROM[roms/Asteroid2/035143-02.j2] Addr=79F8 Value=5F
ROM[roms/Asteroid2/035143-02.j2] Addr=79F9 Value=6B
ROM[roms/Asteroid2/035143-02.j2] Addr=79FA Value=73
ROM[roms/Asteroid2/035143-02.j2] Addr=79FB Value=7D
ROM[roms/Asteroid2/035143-02.j2] Addr=79FC Value=89
ROM[roms/Asteroid2/035143-02.j2] Addr=79FD Value=93
ROM[roms/Asteroid2/035143-02.j2] Addr=79FE Value=B2
ROM[roms/Asteroid2/035143-02.j2] Addr=79FF Value=4E
ROM[roms/Asteroid2/035143-02.j2] Addr=7A00 Value=9D
ROM[roms/Asteroid2/035143-02.j2] Addr=7A01 Value=90
ROM[roms/Asteroid2/035143-02.j2] Addr=7A02 Value=B8
ROM[roms/Asteroid2/035143-02.j2] Addr=7A03 Value=00
ROM[roms/Asteroid2/035143-02.j2] Addr=7A04 Value=76
ROM[roms/Asteroid2/035143-02.j2] Addr=7A05 Value=56
ROM[roms/Asteroid2/035143-02.j2] Addr=7A06 Value=2A
ROM[roms/Asteroid2/035143-02.j2] Addr=7A07 Value=26
ROM[roms/Asteroid2/035143-02.j2] Addr=7A08 Value=B0
ROM[roms/Asteroid2/035143-02.j2] Addr=7A09 Value=40
ROM[roms/Asteroid2/035143-02.j2] Addr=7A0A Value=BE
ROM[roms/Asteroid2/035143-02.j2] Addr=7A0B Value=42
ROM[roms/Asteroid2/035143-02.j2] Addr=7A0C Value=A6
ROM[roms/Asteroid2/035143-02.j2] Addr=7A0D Value=64
ROM[roms/Asteroid2/035143-02.j2] Addr=7A0E Value=C1
ROM[roms/Asteroid2/035143-02.j2] Addr=7A0F Value=5C
ROM[roms/Asteroid2/035143-02.j2] Addr=7A10 Value=48
ROM[roms/Asteroid2/035143-02.j2] Addr=7A11 Value=52
ROM[roms/Asteroid2/035143-02.j2] Addr=7A12 Value=BE
ROM[roms/Asteroid2/035143-02.j2] Addr=7A13 Value=0A
ROM[roms/Asteroid2/035143-02.j2] Addr=7A14 Value=0A
ROM[roms/Asteroid2/035143-02.j2] Addr=7A15 Value=64
ROM[roms/Asteroid2/035143-02.j2] Addr=7A16 Value=C5
ROM[roms/Asteroid2/035143-02.j2] Addr=7A17 Value=92
ROM[roms/Asteroid2/035143-02.j2] Addr=7A18 Value=0C
ROM[roms/Asteroid2/035143-02.j2] Addr=7A19 Value=26
ROM[roms/Asteroid2/035143-02.j2] Addr=7A1A Value=B8
ROM[roms/Asteroid2/035143-02.j2] Addr=7A1B Value=50
ROM[roms/Asteroid2/035143-02.j2] Addr=7A1C Value=6A
ROM[roms/Asteroid2/035143-02.j2] Addr=7A1D Value=7C
ROM[roms/Asteroid2/035143-02.j2] Addr=7A1E Value=0C
ROM[roms/Asteroid2/035143-02.j2] Addr=7A1F Value=52
ROM[roms/Asteroid2/035143-02.j2] Addr=7A20 Value=74
ROM[roms/Asteroid2/035143-02.j2] Addr=7A21 Value=EC
ROM[roms/Asteroid2/035143-02.j2] Addr=7A22 Value=4D
ROM[roms/Asteroid2/035143-02.j2] Addr=7A23 Value=C0
ROM[roms/Asteroid2/035143-02.j2] Addr=7A24 Value=A4
ROM[roms/Asteroid2/035143-02.j2] Addr=7A25 Value=EC
ROM[roms/Asteroid2/035143-02.j2] Addr=7A26 Value=0A
ROM[roms/Asteroid2/035143-02.j2] Addr=7A27 Value=8A
ROM[roms/Asteroid2/035143-02.j2] Addr=7A28 Value=D4
ROM[roms/Asteroid2/035143-02.j2] Addr=7A29 Value=EC
ROM[roms/Asteroid2/035143-02.j2] Addr=7A2A Value=0A
ROM[roms/Asteroid2/035143-02.j2] Addr=7A2B Value=64
ROM[roms/Asteroid2/035143-02.j2] Addr=7A2C Value=C5
ROM[roms/Asteroid2/035143-02.j2] Addr=7A2D Value=92
ROM[roms/Asteroid2/035143-02.j2] Addr=7A2E Value=0D
ROM[roms/Asteroid2/035143-02.j2] Addr=7A2F Value=F2
ROM[roms/Asteroid2/035143-02.j2] Addr=7A30 Value=B8
ROM[roms/Asteroid2/035143-02.j2] Addr=7A31 Value=5A
ROM[roms/Asteroid2/035143-02.j2] Addr=7A32 Value=93
ROM[roms/Asteroid2/035143-02.j2] Addr=7A33 Value=4E
ROM[roms/Asteroid2/035143-02.j2] Addr=7A34 Value=69
ROM[roms/Asteroid2/035143-02.j2] Addr=7A35 Value=60
ROM[roms/Asteroid2/035143-02.j2] Addr=7A36 Value=4D
ROM[roms/Asteroid2/035143-02.j2] Addr=7A37 Value=C0
ROM[roms/Asteroid2/035143-02.j2] Addr=7A38 Value=9D
ROM[roms/Asteroid2/035143-02.j2] Addr=7A39 Value=2C
ROM[roms/Asteroid2/035143-02.j2] Addr=7A3A Value=6C
ROM[roms/Asteroid2/035143-02.j2] Addr=7A3B Value=4A
ROM[roms/Asteroid2/035143-02.j2] Addr=7A3C Value=0D
ROM[roms/Asteroid2/035143-02.j2] Addr=7A3D Value=A6
ROM[roms/Asteroid2/035143-02.j2] Addr=7A3E Value=C1
ROM[roms/Asteroid2/035143-02.j2] Addr=7A3F Value=70
ROM[roms/Asteroid2/035143-02.j2] Addr=7A40 Value=48
ROM[roms/Asteroid2/035143-02.j2] Addr=7A41 Value=68
ROM[roms/Asteroid2/035143-02.j2] Addr=7A42 Value=2D
ROM[roms/Asteroid2/035143-02.j2] Addr=7A43 Value=8A
ROM[roms/Asteroid2/035143-02.j2] Addr=7A44 Value=0D
ROM[roms/Asteroid2/035143-02.j2] Addr=7A45 Value=D2
ROM[roms/Asteroid2/035143-02.j2] Addr=7A46 Value=82
ROM[roms/Asteroid2/035143-02.j2] Addr=7A47 Value=4E
ROM[roms/Asteroid2/035143-02.j2] Addr=7A48 Value=3B
ROM[roms/Asteroid2/035143-02.j2] Addr=7A49 Value=66
ROM[roms/Asteroid2/035143-02.j2] Addr=7A4A Value=91
ROM[roms/Asteroid2/035143-02.j2] Addr=7A4B Value=6C
ROM[roms/Asteroid2/035143-02.j2] Addr=7A4C Value=0C
ROM[roms/Asteroid2/035143-02.j2] Addr=7A4D Value=0A
ROM[roms/Asteroid2/035143-02.j2] Addr=7A4E Value=0C
ROM[roms/Asteroid2/035143-02.j2] Addr=7A4F Value=12
ROM[roms/Asteroid2/035143-02.j2] Addr=7A50 Value=C5
ROM[roms/Asteroid2/035143-02.j2] Addr=7A51 Value=8B
ROM[roms/Asteroid2/035143-02.j2] Addr=7A52 Value=9D
ROM[roms/Asteroid2/035143-02.j2] Addr=7A53 Value=2C
ROM[roms/Asteroid2/035143-02.j2] Addr=7A54 Value=6C
ROM[roms/Asteroid2/035143-02.j2] Addr=7A55 Value=4A
ROM[roms/Asteroid2/035143-02.j2] Addr=7A56 Value=0B
ROM[roms/Asteroid2/035143-02.j2] Addr=7A57 Value=3A
ROM[roms/Asteroid2/035143-02.j2] Addr=7A58 Value=A2
ROM[roms/Asteroid2/035143-02.j2] Addr=7A59 Value=6C
ROM[roms/Asteroid2/035143-02.j2] Addr=7A5A Value=BD
ROM[roms/Asteroid2/035143-02.j2] Addr=7A5B Value=0A
ROM[roms/Asteroid2/035143-02.j2] Addr=7A5C Value=3A
ROM[roms/Asteroid2/035143-02.j2] Addr=7A5D Value=40
ROM[roms/Asteroid2/035143-02.j2] Addr=7A5E Value=A6
ROM[roms/Asteroid2/035143-02.j2] Addr=7A5F Value=60
ROM[roms/Asteroid2/035143-02.j2] Addr=7A60 Value=B9
ROM[roms/Asteroid2/035143-02.j2] Addr=7A61 Value=6C
ROM[roms/Asteroid2/035143-02.j2] Addr=7A62 Value=0D
ROM[roms/Asteroid2/035143-02.j2] Addr=7A63 Value=F0
ROM[roms/Asteroid2/035143-02.j2] Addr=7A64 Value=2D
ROM[roms/Asteroid2/035143-02.j2] Addr=7A65 Value=B1
ROM[roms/Asteroid2/035143-02.j2] Addr=7A66 Value=76
ROM[roms/Asteroid2/035143-02.j2] Addr=7A67 Value=52
ROM[roms/Asteroid2/035143-02.j2] Addr=7A68 Value=5C
ROM[roms/Asteroid2/035143-02.j2] Addr=7A69 Value=C2
ROM[roms/Asteroid2/035143-02.j2] Addr=7A6A Value=C2
ROM[roms/Asteroid2/035143-02.j2] Addr=7A6B Value=6C
ROM[roms/Asteroid2/035143-02.j2] Addr=7A6C Value=8B
ROM[roms/Asteroid2/035143-02.j2] Addr=7A6D Value=64
ROM[roms/Asteroid2/035143-02.j2] Addr=7A6E Value=2A
ROM[roms/Asteroid2/035143-02.j2] Addr=7A6F Value=27
ROM[roms/Asteroid2/035143-02.j2] Addr=7A70 Value=18
ROM[roms/Asteroid2/035143-02.j2] Addr=7A71 Value=54
ROM[roms/Asteroid2/035143-02.j2] Addr=7A72 Value=69
ROM[roms/Asteroid2/035143-02.j2] Addr=7A73 Value=D8
ROM[roms/Asteroid2/035143-02.j2] Addr=7A74 Value=28
ROM[roms/Asteroid2/035143-02.j2] Addr=7A75 Value=48
ROM[roms/Asteroid2/035143-02.j2] Addr=7A76 Value=0B
ROM[roms/Asteroid2/035143-02.j2] Addr=7A77 Value=B2
ROM[roms/Asteroid2/035143-02.j2] Addr=7A78 Value=4A
ROM[roms/Asteroid2/035143-02.j2] Addr=7A79 Value=E6
ROM[roms/Asteroid2/035143-02.j2] Addr=7A7A Value=B8
ROM[roms/Asteroid2/035143-02.j2] Addr=7A7B Value=00
ROM[roms/Asteroid2/035143-02.j2] Addr=7A7C Value=18
ROM[roms/Asteroid2/035143-02.j2] Addr=7A7D Value=54
ROM[roms/Asteroid2/035143-02.j2] Addr=7A7E Value=69
ROM[roms/Asteroid2/035143-02.j2] Addr=7A7F Value=D8
ROM[roms/Asteroid2/035143-02.j2] Addr=7A80 Value=28
ROM[roms/Asteroid2/035143-02.j2] Addr=7A81 Value=46
ROM[roms/Asteroid2/035143-02.j2] Addr=7A82 Value=0B
ROM[roms/Asteroid2/035143-02.j2] Addr=7A83 Value=B2
ROM[roms/Asteroid2/035143-02.j2] Addr=7A84 Value=4A
ROM[roms/Asteroid2/035143-02.j2] Addr=7A85 Value=E7
ROM[roms/Asteroid2/035143-02.j2] Addr=7A86 Value=20
ROM[roms/Asteroid2/035143-02.j2] Addr=7A87 Value=54
ROM[roms/Asteroid2/035143-02.j2] Addr=7A88 Value=69
ROM[roms/Asteroid2/035143-02.j2] Addr=7A89 Value=D8
ROM[roms/Asteroid2/035143-02.j2] Addr=7A8A Value=2D
ROM[roms/Asteroid2/035143-02.j2] Addr=7A8B Value=C2
ROM[roms/Asteroid2/035143-02.j2] Addr=7A8C Value=18
ROM[roms/Asteroid2/035143-02.j2] Addr=7A8D Value=5C
ROM[roms/Asteroid2/035143-02.j2] Addr=7A8E Value=CA
ROM[roms/Asteroid2/035143-02.j2] Addr=7A8F Value=56
ROM[roms/Asteroid2/035143-02.j2] Addr=7A90 Value=98
ROM[roms/Asteroid2/035143-02.j2] Addr=7A91 Value=00
ROM[roms/Asteroid2/035143-02.j2] Addr=7A92 Value=52
ROM[roms/Asteroid2/035143-02.j2] Addr=7A93 Value=A2
ROM[roms/Asteroid2/035143-02.j2] Addr=7A94 Value=02
ROM[roms/Asteroid2/035143-02.j2] Addr=7A95 Value=BD
ROM[roms/Asteroid2/035143-02.j2] Addr=7A96 Value=00
ROM[roms/Asteroid2/035143-02.j2] Addr=7A97 Value=24
ROM[roms/Asteroid2/035143-02.j2] Addr=7A98 Value=0A
ROM[roms/Asteroid2/035143-02.j2] Addr=7A99 Value=B5
ROM[roms/Asteroid2/035143-02.j2] Addr=7A9A Value=7A
ROM[roms/Asteroid2/035143-02.j2] Addr=7A9B Value=29
ROM[roms/Asteroid2/035143-02.j2] Addr=7A9C Value=1F
ROM[roms/Asteroid2/035143-02.j2] Addr=7A9D Value=90
ROM[roms/Asteroid2/035143-02.j2] Addr=7A9E Value=37
ROM[roms/Asteroid2/035143-02.j2] Addr=7A9F Value=F0
ROM[roms/Asteroid2/035143-02.j2] Addr=7AA0 Value=10
ROM[roms/Asteroid2/035143-02.j2] Addr=7AA1 Value=C9
ROM[roms/Asteroid2/035143-02.j2] Addr=7AA2 Value=1B
ROM[roms/Asteroid2/035143-02.j2] Addr=7AA3 Value=B0
ROM[roms/Asteroid2/035143-02.j2] Addr=7AA4 Value=0A
ROM[roms/Asteroid2/035143-02.j2] Addr=7AA5 Value=A8
ROM[roms/Asteroid2/035143-02.j2] Addr=7AA6 Value=A5
ROM[roms/Asteroid2/035143-02.j2] Addr=7AA7 Value=5E
ROM[roms/Asteroid2/035143-02.j2] Addr=7AA8 Value=29
ROM[roms/Asteroid2/035143-02.j2] Addr=7AA9 Value=07
ROM[roms/Asteroid2/035143-02.j2] Addr=7AAA Value=C9
ROM[roms/Asteroid2/035143-02.j2] Addr=7AAB Value=07
ROM[roms/Asteroid2/035143-02.j2] Addr=7AAC Value=98
ROM[roms/Asteroid2/035143-02.j2] Addr=7AAD Value=90
ROM[roms/Asteroid2/035143-02.j2] Addr=7AAE Value=02
ROM[roms/Asteroid2/035143-02.j2] Addr=7AAF Value=E9
ROM[roms/Asteroid2/035143-02.j2] Addr=7AB0 Value=01
ROM[roms/Asteroid2/035143-02.j2] Addr=7AB1 Value=95
ROM[roms/Asteroid2/035143-02.j2] Addr=7AB2 Value=7A
ROM[roms/Asteroid2/035143-02.j2] Addr=7AB3 Value=AD
ROM[roms/Asteroid2/035143-02.j2] Addr=7AB4 Value=06
ROM[roms/Asteroid2/035143-02.j2] Addr=7AB5 Value=20
ROM[roms/Asteroid2/035143-02.j2] Addr=7AB6 Value=29
ROM[roms/Asteroid2/035143-02.j2] Addr=7AB7 Value=80
ROM[roms/Asteroid2/035143-02.j2] Addr=7AB8 Value=F0
ROM[roms/Asteroid2/035143-02.j2] Addr=7AB9 Value=04
ROM[roms/Asteroid2/035143-02.j2] Addr=7ABA Value=A9
ROM[roms/Asteroid2/035143-02.j2] Addr=7ABB Value=F0
ROM[roms/Asteroid2/035143-02.j2] Addr=7ABC Value=85
ROM[roms/Asteroid2/035143-02.j2] Addr=7ABD Value=72
ROM[roms/Asteroid2/035143-02.j2] Addr=7ABE Value=A5
ROM[roms/Asteroid2/035143-02.j2] Addr=7ABF Value=72
ROM[roms/Asteroid2/035143-02.j2] Addr=7AC0 Value=F0
ROM[roms/Asteroid2/035143-02.j2] Addr=7AC1 Value=08
ROM[roms/Asteroid2/035143-02.j2] Addr=7AC2 Value=C6
ROM[roms/Asteroid2/035143-02.j2] Addr=7AC3 Value=72
ROM[roms/Asteroid2/035143-02.j2] Addr=7AC4 Value=A9
ROM[roms/Asteroid2/035143-02.j2] Addr=7AC5 Value=00
ROM[roms/Asteroid2/035143-02.j2] Addr=7AC6 Value=95
ROM[roms/Asteroid2/035143-02.j2] Addr=7AC7 Value=7A
ROM[roms/Asteroid2/035143-02.j2] Addr=7AC8 Value=95
ROM[roms/Asteroid2/035143-02.j2] Addr=7AC9 Value=77
ROM[roms/Asteroid2/035143-02.j2] Addr=7ACA Value=18
ROM[roms/Asteroid2/035143-02.j2] Addr=7ACB Value=B5
ROM[roms/Asteroid2/035143-02.j2] Addr=7ACC Value=77
ROM[roms/Asteroid2/035143-02.j2] Addr=7ACD Value=F0
ROM[roms/Asteroid2/035143-02.j2] Addr=7ACE Value=23
ROM[roms/Asteroid2/035143-02.j2] Addr=7ACF Value=D6
ROM[roms/Asteroid2/035143-02.j2] Addr=7AD0 Value=77
ROM[roms/Asteroid2/035143-02.j2] Addr=7AD1 Value=D0
ROM[roms/Asteroid2/035143-02.j2] Addr=7AD2 Value=1F
ROM[roms/Asteroid2/035143-02.j2] Addr=7AD3 Value=38
ROM[roms/Asteroid2/035143-02.j2] Addr=7AD4 Value=B0
ROM[roms/Asteroid2/035143-02.j2] Addr=7AD5 Value=1C
ROM[roms/Asteroid2/035143-02.j2] Addr=7AD6 Value=C9
ROM[roms/Asteroid2/035143-02.j2] Addr=7AD7 Value=1B
ROM[roms/Asteroid2/035143-02.j2] Addr=7AD8 Value=B0
ROM[roms/Asteroid2/035143-02.j2] Addr=7AD9 Value=09
ROM[roms/Asteroid2/035143-02.j2] Addr=7ADA Value=B5
ROM[roms/Asteroid2/035143-02.j2] Addr=7ADB Value=7A
ROM[roms/Asteroid2/035143-02.j2] Addr=7ADC Value=69
ROM[roms/Asteroid2/035143-02.j2] Addr=7ADD Value=20
ROM[roms/Asteroid2/035143-02.j2] Addr=7ADE Value=90
ROM[roms/Asteroid2/035143-02.j2] Addr=7ADF Value=D1
ROM[roms/Asteroid2/035143-02.j2] Addr=7AE0 Value=F0
ROM[roms/Asteroid2/035143-02.j2] Addr=7AE1 Value=01
ROM[roms/Asteroid2/035143-02.j2] Addr=7AE2 Value=18
ROM[roms/Asteroid2/035143-02.j2] Addr=7AE3 Value=A9
ROM[roms/Asteroid2/035143-02.j2] Addr=7AE4 Value=1F
ROM[roms/Asteroid2/035143-02.j2] Addr=7AE5 Value=B0
ROM[roms/Asteroid2/035143-02.j2] Addr=7AE6 Value=CA
ROM[roms/Asteroid2/035143-02.j2] Addr=7AE7 Value=95
ROM[roms/Asteroid2/035143-02.j2] Addr=7AE8 Value=7A
ROM[roms/Asteroid2/035143-02.j2] Addr=7AE9 Value=B5
ROM[roms/Asteroid2/035143-02.j2] Addr=7AEA Value=77
ROM[roms/Asteroid2/035143-02.j2] Addr=7AEB Value=F0
ROM[roms/Asteroid2/035143-02.j2] Addr=7AEC Value=01
ROM[roms/Asteroid2/035143-02.j2] Addr=7AED Value=38
ROM[roms/Asteroid2/035143-02.j2] Addr=7AEE Value=A9
ROM[roms/Asteroid2/035143-02.j2] Addr=7AEF Value=78
ROM[roms/Asteroid2/035143-02.j2] Addr=7AF0 Value=95
ROM[roms/Asteroid2/035143-02.j2] Addr=7AF1 Value=77
ROM[roms/Asteroid2/035143-02.j2] Addr=7AF2 Value=90
ROM[roms/Asteroid2/035143-02.j2] Addr=7AF3 Value=23
ROM[roms/Asteroid2/035143-02.j2] Addr=7AF4 Value=A9
ROM[roms/Asteroid2/035143-02.j2] Addr=7AF5 Value=00
ROM[roms/Asteroid2/035143-02.j2] Addr=7AF6 Value=E0
ROM[roms/Asteroid2/035143-02.j2] Addr=7AF7 Value=01
ROM[roms/Asteroid2/035143-02.j2] Addr=7AF8 Value=90
ROM[roms/Asteroid2/035143-02.j2] Addr=7AF9 Value=16
ROM[roms/Asteroid2/035143-02.j2] Addr=7AFA Value=F0
ROM[roms/Asteroid2/035143-02.j2] Addr=7AFB Value=0C
ROM[roms/Asteroid2/035143-02.j2] Addr=7AFC Value=A5
ROM[roms/Asteroid2/035143-02.j2] Addr=7AFD Value=71
ROM[roms/Asteroid2/035143-02.j2] Addr=7AFE Value=29
ROM[roms/Asteroid2/035143-02.j2] Addr=7AFF Value=0C
ROM[roms/Asteroid2/035143-02.j2] Addr=7B00 Value=4A
ROM[roms/Asteroid2/035143-02.j2] Addr=7B01 Value=4A
ROM[roms/Asteroid2/035143-02.j2] Addr=7B02 Value=F0
ROM[roms/Asteroid2/035143-02.j2] Addr=7B03 Value=0C
ROM[roms/Asteroid2/035143-02.j2] Addr=7B04 Value=69
ROM[roms/Asteroid2/035143-02.j2] Addr=7B05 Value=02
ROM[roms/Asteroid2/035143-02.j2] Addr=7B06 Value=D0
ROM[roms/Asteroid2/035143-02.j2] Addr=7B07 Value=08
ROM[roms/Asteroid2/035143-02.j2] Addr=7B08 Value=A5
ROM[roms/Asteroid2/035143-02.j2] Addr=7B09 Value=71
ROM[roms/Asteroid2/035143-02.j2] Addr=7B0A Value=29
ROM[roms/Asteroid2/035143-02.j2] Addr=7B0B Value=10
ROM[roms/Asteroid2/035143-02.j2] Addr=7B0C Value=F0
ROM[roms/Asteroid2/035143-02.j2] Addr=7B0D Value=02
ROM[roms/Asteroid2/035143-02.j2] Addr=7B0E Value=A9
ROM[roms/Asteroid2/035143-02.j2] Addr=7B0F Value=01
ROM[roms/Asteroid2/035143-02.j2] Addr=7B10 Value=38
ROM[roms/Asteroid2/035143-02.j2] Addr=7B11 Value=65
ROM[roms/Asteroid2/035143-02.j2] Addr=7B12 Value=73
ROM[roms/Asteroid2/035143-02.j2] Addr=7B13 Value=85
ROM[roms/Asteroid2/035143-02.j2] Addr=7B14 Value=73
ROM[roms/Asteroid2/035143-02.j2] Addr=7B15 Value=F6
ROM[roms/Asteroid2/035143-02.j2] Addr=7B16 Value=74
ROM[roms/Asteroid2/035143-02.j2] Addr=7B17 Value=CA
ROM[roms/Asteroid2/035143-02.j2] Addr=7B18 Value=30
ROM[roms/Asteroid2/035143-02.j2] Addr=7B19 Value=03
ROM[roms/Asteroid2/035143-02.j2] Addr=7B1A Value=4C
ROM[roms/Asteroid2/035143-02.j2] Addr=7B1B Value=95
ROM[roms/Asteroid2/035143-02.j2] Addr=7B1C Value=7A
ROM[roms/Asteroid2/035143-02.j2] Addr=7B1D Value=A5
ROM[roms/Asteroid2/035143-02.j2] Addr=7B1E Value=71
ROM[roms/Asteroid2/035143-02.j2] Addr=7B1F Value=29
ROM[roms/Asteroid2/035143-02.j2] Addr=7B20 Value=03
ROM[roms/Asteroid2/035143-02.j2] Addr=7B21 Value=A8
ROM[roms/Asteroid2/035143-02.j2] Addr=7B22 Value=F0
ROM[roms/Asteroid2/035143-02.j2] Addr=7B23 Value=12
ROM[roms/Asteroid2/035143-02.j2] Addr=7B24 Value=4A
ROM[roms/Asteroid2/035143-02.j2] Addr=7B25 Value=69
ROM[roms/Asteroid2/035143-02.j2] Addr=7B26 Value=00
ROM[roms/Asteroid2/035143-02.j2] Addr=7B27 Value=49
ROM[roms/Asteroid2/035143-02.j2] Addr=7B28 Value=FF
ROM[roms/Asteroid2/035143-02.j2] Addr=7B29 Value=38
ROM[roms/Asteroid2/035143-02.j2] Addr=7B2A Value=65
ROM[roms/Asteroid2/035143-02.j2] Addr=7B2B Value=73
ROM[roms/Asteroid2/035143-02.j2] Addr=7B2C Value=90
ROM[roms/Asteroid2/035143-02.j2] Addr=7B2D Value=0A
ROM[roms/Asteroid2/035143-02.j2] Addr=7B2E Value=C0
ROM[roms/Asteroid2/035143-02.j2] Addr=7B2F Value=02
ROM[roms/Asteroid2/035143-02.j2] Addr=7B30 Value=B0
ROM[roms/Asteroid2/035143-02.j2] Addr=7B31 Value=02
ROM[roms/Asteroid2/035143-02.j2] Addr=7B32 Value=E6
ROM[roms/Asteroid2/035143-02.j2] Addr=7B33 Value=70
ROM[roms/Asteroid2/035143-02.j2] Addr=7B34 Value=E6
ROM[roms/Asteroid2/035143-02.j2] Addr=7B35 Value=70
ROM[roms/Asteroid2/035143-02.j2] Addr=7B36 Value=85
ROM[roms/Asteroid2/035143-02.j2] Addr=7B37 Value=73
ROM[roms/Asteroid2/035143-02.j2] Addr=7B38 Value=A5
ROM[roms/Asteroid2/035143-02.j2] Addr=7B39 Value=5E
ROM[roms/Asteroid2/035143-02.j2] Addr=7B3A Value=4A
ROM[roms/Asteroid2/035143-02.j2] Addr=7B3B Value=B0
ROM[roms/Asteroid2/035143-02.j2] Addr=7B3C Value=27
ROM[roms/Asteroid2/035143-02.j2] Addr=7B3D Value=A0
ROM[roms/Asteroid2/035143-02.j2] Addr=7B3E Value=00
ROM[roms/Asteroid2/035143-02.j2] Addr=7B3F Value=A2
ROM[roms/Asteroid2/035143-02.j2] Addr=7B40 Value=02
ROM[roms/Asteroid2/035143-02.j2] Addr=7B41 Value=B5
ROM[roms/Asteroid2/035143-02.j2] Addr=7B42 Value=74
ROM[roms/Asteroid2/035143-02.j2] Addr=7B43 Value=F0
ROM[roms/Asteroid2/035143-02.j2] Addr=7B44 Value=09
ROM[roms/Asteroid2/035143-02.j2] Addr=7B45 Value=C9
ROM[roms/Asteroid2/035143-02.j2] Addr=7B46 Value=10
ROM[roms/Asteroid2/035143-02.j2] Addr=7B47 Value=90
ROM[roms/Asteroid2/035143-02.j2] Addr=7B48 Value=05
ROM[roms/Asteroid2/035143-02.j2] Addr=7B49 Value=69
ROM[roms/Asteroid2/035143-02.j2] Addr=7B4A Value=EF
ROM[roms/Asteroid2/035143-02.j2] Addr=7B4B Value=C8
ROM[roms/Asteroid2/035143-02.j2] Addr=7B4C Value=95
ROM[roms/Asteroid2/035143-02.j2] Addr=7B4D Value=74
ROM[roms/Asteroid2/035143-02.j2] Addr=7B4E Value=CA
ROM[roms/Asteroid2/035143-02.j2] Addr=7B4F Value=10
ROM[roms/Asteroid2/035143-02.j2] Addr=7B50 Value=F0
ROM[roms/Asteroid2/035143-02.j2] Addr=7B51 Value=98
ROM[roms/Asteroid2/035143-02.j2] Addr=7B52 Value=D0
ROM[roms/Asteroid2/035143-02.j2] Addr=7B53 Value=10
ROM[roms/Asteroid2/035143-02.j2] Addr=7B54 Value=A2
ROM[roms/Asteroid2/035143-02.j2] Addr=7B55 Value=02
ROM[roms/Asteroid2/035143-02.j2] Addr=7B56 Value=B5
ROM[roms/Asteroid2/035143-02.j2] Addr=7B57 Value=74
ROM[roms/Asteroid2/035143-02.j2] Addr=7B58 Value=F0
ROM[roms/Asteroid2/035143-02.j2] Addr=7B59 Value=07
ROM[roms/Asteroid2/035143-02.j2] Addr=7B5A Value=18
ROM[roms/Asteroid2/035143-02.j2] Addr=7B5B Value=69
ROM[roms/Asteroid2/035143-02.j2] Addr=7B5C Value=EF
ROM[roms/Asteroid2/035143-02.j2] Addr=7B5D Value=95
ROM[roms/Asteroid2/035143-02.j2] Addr=7B5E Value=74
ROM[roms/Asteroid2/035143-02.j2] Addr=7B5F Value=30
ROM[roms/Asteroid2/035143-02.j2] Addr=7B60 Value=03
ROM[roms/Asteroid2/035143-02.j2] Addr=7B61 Value=CA
ROM[roms/Asteroid2/035143-02.j2] Addr=7B62 Value=10
ROM[roms/Asteroid2/035143-02.j2] Addr=7B63 Value=F2
ROM[roms/Asteroid2/035143-02.j2] Addr=7B64 Value=60
ROM[roms/Asteroid2/035143-02.j2] Addr=7B65 Value=48
ROM[roms/Asteroid2/035143-02.j2] Addr=7B66 Value=98
ROM[roms/Asteroid2/035143-02.j2] Addr=7B67 Value=48
ROM[roms/Asteroid2/035143-02.j2] Addr=7B68 Value=8A
ROM[roms/Asteroid2/035143-02.j2] Addr=7B69 Value=48
ROM[roms/Asteroid2/035143-02.j2] Addr=7B6A Value=D8
ROM[roms/Asteroid2/035143-02.j2] Addr=7B6B Value=AD
ROM[roms/Asteroid2/035143-02.j2] Addr=7B6C Value=FF
ROM[roms/Asteroid2/035143-02.j2] Addr=7B6D Value=01
ROM[roms/Asteroid2/035143-02.j2] Addr=7B6E Value=0D
ROM[roms/Asteroid2/035143-02.j2] Addr=7B6F Value=D0
ROM[roms/Asteroid2/035143-02.j2] Addr=7B70 Value=01
ROM[roms/Asteroid2/035143-02.j2] Addr=7B71 Value=D0
ROM[roms/Asteroid2/035143-02.j2] Addr=7B72 Value=FE
ROM[roms/Asteroid2/035143-02.j2] Addr=7B73 Value=E6
ROM[roms/Asteroid2/035143-02.j2] Addr=7B74 Value=5E
ROM[roms/Asteroid2/035143-02.j2] Addr=7B75 Value=A5
ROM[roms/Asteroid2/035143-02.j2] Addr=7B76 Value=5E
ROM[roms/Asteroid2/035143-02.j2] Addr=7B77 Value=29
ROM[roms/Asteroid2/035143-02.j2] Addr=7B78 Value=03
ROM[roms/Asteroid2/035143-02.j2] Addr=7B79 Value=D0
ROM[roms/Asteroid2/035143-02.j2] Addr=7B7A Value=08
ROM[roms/Asteroid2/035143-02.j2] Addr=7B7B Value=E6
ROM[roms/Asteroid2/035143-02.j2] Addr=7B7C Value=5B
ROM[roms/Asteroid2/035143-02.j2] Addr=7B7D Value=A5
ROM[roms/Asteroid2/035143-02.j2] Addr=7B7E Value=5B
ROM[roms/Asteroid2/035143-02.j2] Addr=7B7F Value=C9
ROM[roms/Asteroid2/035143-02.j2] Addr=7B80 Value=04
ROM[roms/Asteroid2/035143-02.j2] Addr=7B81 Value=B0
ROM[roms/Asteroid2/035143-02.j2] Addr=7B82 Value=FE
ROM[roms/Asteroid2/035143-02.j2] Addr=7B83 Value=20
ROM[roms/Asteroid2/035143-02.j2] Addr=7B84 Value=93
ROM[roms/Asteroid2/035143-02.j2] Addr=7B85 Value=7A
ROM[roms/Asteroid2/035143-02.j2] Addr=7B86 Value=A5
ROM[roms/Asteroid2/035143-02.j2] Addr=7B87 Value=6F
ROM[roms/Asteroid2/035143-02.j2] Addr=7B88 Value=29
ROM[roms/Asteroid2/035143-02.j2] Addr=7B89 Value=C7
ROM[roms/Asteroid2/035143-02.j2] Addr=7B8A Value=24
ROM[roms/Asteroid2/035143-02.j2] Addr=7B8B Value=74
ROM[roms/Asteroid2/035143-02.j2] Addr=7B8C Value=10
ROM[roms/Asteroid2/035143-02.j2] Addr=7B8D Value=02
ROM[roms/Asteroid2/035143-02.j2] Addr=7B8E Value=09
ROM[roms/Asteroid2/035143-02.j2] Addr=7B8F Value=08
ROM[roms/Asteroid2/035143-02.j2] Addr=7B90 Value=24
ROM[roms/Asteroid2/035143-02.j2] Addr=7B91 Value=75
ROM[roms/Asteroid2/035143-02.j2] Addr=7B92 Value=10
ROM[roms/Asteroid2/035143-02.j2] Addr=7B93 Value=02
ROM[roms/Asteroid2/035143-02.j2] Addr=7B94 Value=09
ROM[roms/Asteroid2/035143-02.j2] Addr=7B95 Value=10
ROM[roms/Asteroid2/035143-02.j2] Addr=7B96 Value=24
ROM[roms/Asteroid2/035143-02.j2] Addr=7B97 Value=76
ROM[roms/Asteroid2/035143-02.j2] Addr=7B98 Value=10
ROM[roms/Asteroid2/035143-02.j2] Addr=7B99 Value=02
ROM[roms/Asteroid2/035143-02.j2] Addr=7B9A Value=09
ROM[roms/Asteroid2/035143-02.j2] Addr=7B9B Value=20
ROM[roms/Asteroid2/035143-02.j2] Addr=7B9C Value=85
ROM[roms/Asteroid2/035143-02.j2] Addr=7B9D Value=6F
ROM[roms/Asteroid2/035143-02.j2] Addr=7B9E Value=8D
ROM[roms/Asteroid2/035143-02.j2] Addr=7B9F Value=00
ROM[roms/Asteroid2/035143-02.j2] Addr=7BA0 Value=32
ROM[roms/Asteroid2/035143-02.j2] Addr=7BA1 Value=A5
ROM[roms/Asteroid2/035143-02.j2] Addr=7BA2 Value=72
ROM[roms/Asteroid2/035143-02.j2] Addr=7BA3 Value=F0
ROM[roms/Asteroid2/035143-02.j2] Addr=7BA4 Value=04
ROM[roms/Asteroid2/035143-02.j2] Addr=7BA5 Value=A9
ROM[roms/Asteroid2/035143-02.j2] Addr=7BA6 Value=80
ROM[roms/Asteroid2/035143-02.j2] Addr=7BA7 Value=D0
ROM[roms/Asteroid2/035143-02.j2] Addr=7BA8 Value=0E
ROM[roms/Asteroid2/035143-02.j2] Addr=7BA9 Value=A5
ROM[roms/Asteroid2/035143-02.j2] Addr=7BAA Value=68
ROM[roms/Asteroid2/035143-02.j2] Addr=7BAB Value=F0
ROM[roms/Asteroid2/035143-02.j2] Addr=7BAC Value=0A
ROM[roms/Asteroid2/035143-02.j2] Addr=7BAD Value=A5
ROM[roms/Asteroid2/035143-02.j2] Addr=7BAE Value=5C
ROM[roms/Asteroid2/035143-02.j2] Addr=7BAF Value=6A
ROM[roms/Asteroid2/035143-02.j2] Addr=7BB0 Value=90
ROM[roms/Asteroid2/035143-02.j2] Addr=7BB1 Value=02
ROM[roms/Asteroid2/035143-02.j2] Addr=7BB2 Value=C6
ROM[roms/Asteroid2/035143-02.j2] Addr=7BB3 Value=68
ROM[roms/Asteroid2/035143-02.j2] Addr=7BB4 Value=6A
ROM[roms/Asteroid2/035143-02.j2] Addr=7BB5 Value=6A
ROM[roms/Asteroid2/035143-02.j2] Addr=7BB6 Value=6A
ROM[roms/Asteroid2/035143-02.j2] Addr=7BB7 Value=8D
ROM[roms/Asteroid2/035143-02.j2] Addr=7BB8 Value=05
ROM[roms/Asteroid2/035143-02.j2] Addr=7BB9 Value=3C
ROM[roms/Asteroid2/035143-02.j2] Addr=7BBA Value=68
ROM[roms/Asteroid2/035143-02.j2] Addr=7BBB Value=AA
ROM[roms/Asteroid2/035143-02.j2] Addr=7BBC Value=68
ROM[roms/Asteroid2/035143-02.j2] Addr=7BBD Value=A8
ROM[roms/Asteroid2/035143-02.j2] Addr=7BBE Value=68
ROM[roms/Asteroid2/035143-02.j2] Addr=7BBF Value=40
ROM[roms/Asteroid2/035143-02.j2] Addr=7BC0 Value=A9
ROM[roms/Asteroid2/035143-02.j2] Addr=7BC1 Value=B0
ROM[roms/Asteroid2/035143-02.j2] Addr=7BC2 Value=A0
ROM[roms/Asteroid2/035143-02.j2] Addr=7BC3 Value=00
ROM[roms/Asteroid2/035143-02.j2] Addr=7BC4 Value=91
ROM[roms/Asteroid2/035143-02.j2] Addr=7BC5 Value=02
ROM[roms/Asteroid2/035143-02.j2] Addr=7BC6 Value=C8
ROM[roms/Asteroid2/035143-02.j2] Addr=7BC7 Value=91
ROM[roms/Asteroid2/035143-02.j2] Addr=7BC8 Value=02
ROM[roms/Asteroid2/035143-02.j2] Addr=7BC9 Value=D0
ROM[roms/Asteroid2/035143-02.j2] Addr=7BCA Value=6E
ROM[roms/Asteroid2/035143-02.j2] Addr=7BCB Value=90
ROM[roms/Asteroid2/035143-02.j2] Addr=7BCC Value=04
ROM[roms/Asteroid2/035143-02.j2] Addr=7BCD Value=29
ROM[roms/Asteroid2/035143-02.j2] Addr=7BCE Value=0F
ROM[roms/Asteroid2/035143-02.j2] Addr=7BCF Value=F0
ROM[roms/Asteroid2/035143-02.j2] Addr=7BD0 Value=05
ROM[roms/Asteroid2/035143-02.j2] Addr=7BD1 Value=29
ROM[roms/Asteroid2/035143-02.j2] Addr=7BD2 Value=0F
ROM[roms/Asteroid2/035143-02.j2] Addr=7BD3 Value=18
ROM[roms/Asteroid2/035143-02.j2] Addr=7BD4 Value=69
ROM[roms/Asteroid2/035143-02.j2] Addr=7BD5 Value=01
ROM[roms/Asteroid2/035143-02.j2] Addr=7BD6 Value=08
ROM[roms/Asteroid2/035143-02.j2] Addr=7BD7 Value=0A
ROM[roms/Asteroid2/035143-02.j2] Addr=7BD8 Value=A0
ROM[roms/Asteroid2/035143-02.j2] Addr=7BD9 Value=00
ROM[roms/Asteroid2/035143-02.j2] Addr=7BDA Value=AA
ROM[roms/Asteroid2/035143-02.j2] Addr=7BDB Value=BD
ROM[roms/Asteroid2/035143-02.j2] Addr=7BDC Value=D4
ROM[roms/Asteroid2/035143-02.j2] Addr=7BDD Value=56
ROM[roms/Asteroid2/035143-02.j2] Addr=7BDE Value=91
ROM[roms/Asteroid2/035143-02.j2] Addr=7BDF Value=02
ROM[roms/Asteroid2/035143-02.j2] Addr=7BE0 Value=BD
ROM[roms/Asteroid2/035143-02.j2] Addr=7BE1 Value=D5
ROM[roms/Asteroid2/035143-02.j2] Addr=7BE2 Value=56
ROM[roms/Asteroid2/035143-02.j2] Addr=7BE3 Value=C8
ROM[roms/Asteroid2/035143-02.j2] Addr=7BE4 Value=91
ROM[roms/Asteroid2/035143-02.j2] Addr=7BE5 Value=02
ROM[roms/Asteroid2/035143-02.j2] Addr=7BE6 Value=20
ROM[roms/Asteroid2/035143-02.j2] Addr=7BE7 Value=39
ROM[roms/Asteroid2/035143-02.j2] Addr=7BE8 Value=7C
ROM[roms/Asteroid2/035143-02.j2] Addr=7BE9 Value=28
ROM[roms/Asteroid2/035143-02.j2] Addr=7BEA Value=60
ROM[roms/Asteroid2/035143-02.j2] Addr=7BEB Value=4A
ROM[roms/Asteroid2/035143-02.j2] Addr=7BEC Value=29
ROM[roms/Asteroid2/035143-02.j2] Addr=7BED Value=0F
ROM[roms/Asteroid2/035143-02.j2] Addr=7BEE Value=09
ROM[roms/Asteroid2/035143-02.j2] Addr=7BEF Value=E0
ROM[roms/Asteroid2/035143-02.j2] Addr=7BF0 Value=A0
ROM[roms/Asteroid2/035143-02.j2] Addr=7BF1 Value=01
ROM[roms/Asteroid2/035143-02.j2] Addr=7BF2 Value=91
ROM[roms/Asteroid2/035143-02.j2] Addr=7BF3 Value=02
ROM[roms/Asteroid2/035143-02.j2] Addr=7BF4 Value=88
ROM[roms/Asteroid2/035143-02.j2] Addr=7BF5 Value=8A
ROM[roms/Asteroid2/035143-02.j2] Addr=7BF6 Value=6A
ROM[roms/Asteroid2/035143-02.j2] Addr=7BF7 Value=91
ROM[roms/Asteroid2/035143-02.j2] Addr=7BF8 Value=02
ROM[roms/Asteroid2/035143-02.j2] Addr=7BF9 Value=C8
ROM[roms/Asteroid2/035143-02.j2] Addr=7BFA Value=D0
ROM[roms/Asteroid2/035143-02.j2] Addr=7BFB Value=3D
ROM[roms/Asteroid2/035143-02.j2] Addr=7BFC Value=4A
ROM[roms/Asteroid2/035143-02.j2] Addr=7BFD Value=29
ROM[roms/Asteroid2/035143-02.j2] Addr=7BFE Value=0F
ROM[roms/Asteroid2/035143-02.j2] Addr=7BFF Value=09
ROM[roms/Asteroid2/035143-02.j2] Addr=7C00 Value=C0
ROM[roms/Asteroid2/035143-02.j2] Addr=7C01 Value=D0
ROM[roms/Asteroid2/035143-02.j2] Addr=7C02 Value=ED
ROM[roms/Asteroid2/035143-02.j2] Addr=7C03 Value=A0
ROM[roms/Asteroid2/035143-02.j2] Addr=7C04 Value=00
ROM[roms/Asteroid2/035143-02.j2] Addr=7C05 Value=84
ROM[roms/Asteroid2/035143-02.j2] Addr=7C06 Value=05
ROM[roms/Asteroid2/035143-02.j2] Addr=7C07 Value=84
ROM[roms/Asteroid2/035143-02.j2] Addr=7C08 Value=07
ROM[roms/Asteroid2/035143-02.j2] Addr=7C09 Value=0A
ROM[roms/Asteroid2/035143-02.j2] Addr=7C0A Value=26
ROM[roms/Asteroid2/035143-02.j2] Addr=7C0B Value=05
ROM[roms/Asteroid2/035143-02.j2] Addr=7C0C Value=0A
ROM[roms/Asteroid2/035143-02.j2] Addr=7C0D Value=26
ROM[roms/Asteroid2/035143-02.j2] Addr=7C0E Value=05
ROM[roms/Asteroid2/035143-02.j2] Addr=7C0F Value=85
ROM[roms/Asteroid2/035143-02.j2] Addr=7C10 Value=04
ROM[roms/Asteroid2/035143-02.j2] Addr=7C11 Value=8A
ROM[roms/Asteroid2/035143-02.j2] Addr=7C12 Value=0A
ROM[roms/Asteroid2/035143-02.j2] Addr=7C13 Value=26
ROM[roms/Asteroid2/035143-02.j2] Addr=7C14 Value=07
ROM[roms/Asteroid2/035143-02.j2] Addr=7C15 Value=0A
ROM[roms/Asteroid2/035143-02.j2] Addr=7C16 Value=26
ROM[roms/Asteroid2/035143-02.j2] Addr=7C17 Value=07
ROM[roms/Asteroid2/035143-02.j2] Addr=7C18 Value=85
ROM[roms/Asteroid2/035143-02.j2] Addr=7C19 Value=06
ROM[roms/Asteroid2/035143-02.j2] Addr=7C1A Value=A2
ROM[roms/Asteroid2/035143-02.j2] Addr=7C1B Value=04
ROM[roms/Asteroid2/035143-02.j2] Addr=7C1C Value=B5
ROM[roms/Asteroid2/035143-02.j2] Addr=7C1D Value=02
ROM[roms/Asteroid2/035143-02.j2] Addr=7C1E Value=A0
ROM[roms/Asteroid2/035143-02.j2] Addr=7C1F Value=00
ROM[roms/Asteroid2/035143-02.j2] Addr=7C20 Value=91
ROM[roms/Asteroid2/035143-02.j2] Addr=7C21 Value=02
ROM[roms/Asteroid2/035143-02.j2] Addr=7C22 Value=B5
ROM[roms/Asteroid2/035143-02.j2] Addr=7C23 Value=03
ROM[roms/Asteroid2/035143-02.j2] Addr=7C24 Value=29
ROM[roms/Asteroid2/035143-02.j2] Addr=7C25 Value=0F
ROM[roms/Asteroid2/035143-02.j2] Addr=7C26 Value=09
ROM[roms/Asteroid2/035143-02.j2] Addr=7C27 Value=A0
ROM[roms/Asteroid2/035143-02.j2] Addr=7C28 Value=C8
ROM[roms/Asteroid2/035143-02.j2] Addr=7C29 Value=91
ROM[roms/Asteroid2/035143-02.j2] Addr=7C2A Value=02
ROM[roms/Asteroid2/035143-02.j2] Addr=7C2B Value=B5
ROM[roms/Asteroid2/035143-02.j2] Addr=7C2C Value=00
ROM[roms/Asteroid2/035143-02.j2] Addr=7C2D Value=C8
ROM[roms/Asteroid2/035143-02.j2] Addr=7C2E Value=91
ROM[roms/Asteroid2/035143-02.j2] Addr=7C2F Value=02
ROM[roms/Asteroid2/035143-02.j2] Addr=7C30 Value=B5
ROM[roms/Asteroid2/035143-02.j2] Addr=7C31 Value=01
ROM[roms/Asteroid2/035143-02.j2] Addr=7C32 Value=29
ROM[roms/Asteroid2/035143-02.j2] Addr=7C33 Value=0F
ROM[roms/Asteroid2/035143-02.j2] Addr=7C34 Value=05
ROM[roms/Asteroid2/035143-02.j2] Addr=7C35 Value=00
ROM[roms/Asteroid2/035143-02.j2] Addr=7C36 Value=C8
ROM[roms/Asteroid2/035143-02.j2] Addr=7C37 Value=91
ROM[roms/Asteroid2/035143-02.j2] Addr=7C38 Value=02
ROM[roms/Asteroid2/035143-02.j2] Addr=7C39 Value=98
ROM[roms/Asteroid2/035143-02.j2] Addr=7C3A Value=38
ROM[roms/Asteroid2/035143-02.j2] Addr=7C3B Value=65
ROM[roms/Asteroid2/035143-02.j2] Addr=7C3C Value=02
ROM[roms/Asteroid2/035143-02.j2] Addr=7C3D Value=85
ROM[roms/Asteroid2/035143-02.j2] Addr=7C3E Value=02
ROM[roms/Asteroid2/035143-02.j2] Addr=7C3F Value=90
ROM[roms/Asteroid2/035143-02.j2] Addr=7C40 Value=02
ROM[roms/Asteroid2/035143-02.j2] Addr=7C41 Value=E6
ROM[roms/Asteroid2/035143-02.j2] Addr=7C42 Value=03
ROM[roms/Asteroid2/035143-02.j2] Addr=7C43 Value=60
ROM[roms/Asteroid2/035143-02.j2] Addr=7C44 Value=A9
ROM[roms/Asteroid2/035143-02.j2] Addr=7C45 Value=D0
ROM[roms/Asteroid2/035143-02.j2] Addr=7C46 Value=4C
ROM[roms/Asteroid2/035143-02.j2] Addr=7C47 Value=C2
ROM[roms/Asteroid2/035143-02.j2] Addr=7C48 Value=7B
ROM[roms/Asteroid2/035143-02.j2] Addr=7C49 Value=A5
ROM[roms/Asteroid2/035143-02.j2] Addr=7C4A Value=05
ROM[roms/Asteroid2/035143-02.j2] Addr=7C4B Value=C9
ROM[roms/Asteroid2/035143-02.j2] Addr=7C4C Value=80
ROM[roms/Asteroid2/035143-02.j2] Addr=7C4D Value=90
ROM[roms/Asteroid2/035143-02.j2] Addr=7C4E Value=11
ROM[roms/Asteroid2/035143-02.j2] Addr=7C4F Value=49
ROM[roms/Asteroid2/035143-02.j2] Addr=7C50 Value=FF
ROM[roms/Asteroid2/035143-02.j2] Addr=7C51 Value=85
ROM[roms/Asteroid2/035143-02.j2] Addr=7C52 Value=05
ROM[roms/Asteroid2/035143-02.j2] Addr=7C53 Value=A5
ROM[roms/Asteroid2/035143-02.j2] Addr=7C54 Value=04
ROM[roms/Asteroid2/035143-02.j2] Addr=7C55 Value=49
ROM[roms/Asteroid2/035143-02.j2] Addr=7C56 Value=FF
ROM[roms/Asteroid2/035143-02.j2] Addr=7C57 Value=69
ROM[roms/Asteroid2/035143-02.j2] Addr=7C58 Value=00
ROM[roms/Asteroid2/035143-02.j2] Addr=7C59 Value=85
ROM[roms/Asteroid2/035143-02.j2] Addr=7C5A Value=04
ROM[roms/Asteroid2/035143-02.j2] Addr=7C5B Value=90
ROM[roms/Asteroid2/035143-02.j2] Addr=7C5C Value=02
ROM[roms/Asteroid2/035143-02.j2] Addr=7C5D Value=E6
ROM[roms/Asteroid2/035143-02.j2] Addr=7C5E Value=05
ROM[roms/Asteroid2/035143-02.j2] Addr=7C5F Value=38
ROM[roms/Asteroid2/035143-02.j2] Addr=7C60 Value=26
ROM[roms/Asteroid2/035143-02.j2] Addr=7C61 Value=08
ROM[roms/Asteroid2/035143-02.j2] Addr=7C62 Value=A5
ROM[roms/Asteroid2/035143-02.j2] Addr=7C63 Value=07
ROM[roms/Asteroid2/035143-02.j2] Addr=7C64 Value=C9
ROM[roms/Asteroid2/035143-02.j2] Addr=7C65 Value=80
ROM[roms/Asteroid2/035143-02.j2] Addr=7C66 Value=90
ROM[roms/Asteroid2/035143-02.j2] Addr=7C67 Value=11
ROM[roms/Asteroid2/035143-02.j2] Addr=7C68 Value=49
ROM[roms/Asteroid2/035143-02.j2] Addr=7C69 Value=FF
ROM[roms/Asteroid2/035143-02.j2] Addr=7C6A Value=85
ROM[roms/Asteroid2/035143-02.j2] Addr=7C6B Value=07
ROM[roms/Asteroid2/035143-02.j2] Addr=7C6C Value=A5
ROM[roms/Asteroid2/035143-02.j2] Addr=7C6D Value=06
ROM[roms/Asteroid2/035143-02.j2] Addr=7C6E Value=49
ROM[roms/Asteroid2/035143-02.j2] Addr=7C6F Value=FF
ROM[roms/Asteroid2/035143-02.j2] Addr=7C70 Value=69
ROM[roms/Asteroid2/035143-02.j2] Addr=7C71 Value=00
ROM[roms/Asteroid2/035143-02.j2] Addr=7C72 Value=85
ROM[roms/Asteroid2/035143-02.j2] Addr=7C73 Value=06
ROM[roms/Asteroid2/035143-02.j2] Addr=7C74 Value=90
ROM[roms/Asteroid2/035143-02.j2] Addr=7C75 Value=02
ROM[roms/Asteroid2/035143-02.j2] Addr=7C76 Value=E6
ROM[roms/Asteroid2/035143-02.j2] Addr=7C77 Value=07
ROM[roms/Asteroid2/035143-02.j2] Addr=7C78 Value=38
ROM[roms/Asteroid2/035143-02.j2] Addr=7C79 Value=26
ROM[roms/Asteroid2/035143-02.j2] Addr=7C7A Value=08
ROM[roms/Asteroid2/035143-02.j2] Addr=7C7B Value=A5
ROM[roms/Asteroid2/035143-02.j2] Addr=7C7C Value=05
ROM[roms/Asteroid2/035143-02.j2] Addr=7C7D Value=05
ROM[roms/Asteroid2/035143-02.j2] Addr=7C7E Value=07
ROM[roms/Asteroid2/035143-02.j2] Addr=7C7F Value=F0
ROM[roms/Asteroid2/035143-02.j2] Addr=7C80 Value=0A
ROM[roms/Asteroid2/035143-02.j2] Addr=7C81 Value=A2
ROM[roms/Asteroid2/035143-02.j2] Addr=7C82 Value=00
ROM[roms/Asteroid2/035143-02.j2] Addr=7C83 Value=C9
ROM[roms/Asteroid2/035143-02.j2] Addr=7C84 Value=02
ROM[roms/Asteroid2/035143-02.j2] Addr=7C85 Value=B0
ROM[roms/Asteroid2/035143-02.j2] Addr=7C86 Value=24
ROM[roms/Asteroid2/035143-02.j2] Addr=7C87 Value=A0
ROM[roms/Asteroid2/035143-02.j2] Addr=7C88 Value=01
ROM[roms/Asteroid2/035143-02.j2] Addr=7C89 Value=D0
ROM[roms/Asteroid2/035143-02.j2] Addr=7C8A Value=10
ROM[roms/Asteroid2/035143-02.j2] Addr=7C8B Value=A0
ROM[roms/Asteroid2/035143-02.j2] Addr=7C8C Value=02
ROM[roms/Asteroid2/035143-02.j2] Addr=7C8D Value=A2
ROM[roms/Asteroid2/035143-02.j2] Addr=7C8E Value=09
ROM[roms/Asteroid2/035143-02.j2] Addr=7C8F Value=A5
ROM[roms/Asteroid2/035143-02.j2] Addr=7C90 Value=04
ROM[roms/Asteroid2/035143-02.j2] Addr=7C91 Value=05
ROM[roms/Asteroid2/035143-02.j2] Addr=7C92 Value=06
ROM[roms/Asteroid2/035143-02.j2] Addr=7C93 Value=F0
ROM[roms/Asteroid2/035143-02.j2] Addr=7C94 Value=16
ROM[roms/Asteroid2/035143-02.j2] Addr=7C95 Value=30
ROM[roms/Asteroid2/035143-02.j2] Addr=7C96 Value=04
ROM[roms/Asteroid2/035143-02.j2] Addr=7C97 Value=C8
ROM[roms/Asteroid2/035143-02.j2] Addr=7C98 Value=0A
ROM[roms/Asteroid2/035143-02.j2] Addr=7C99 Value=10
ROM[roms/Asteroid2/035143-02.j2] Addr=7C9A Value=FC
ROM[roms/Asteroid2/035143-02.j2] Addr=7C9B Value=98
ROM[roms/Asteroid2/035143-02.j2] Addr=7C9C Value=AA
ROM[roms/Asteroid2/035143-02.j2] Addr=7C9D Value=A5
ROM[roms/Asteroid2/035143-02.j2] Addr=7C9E Value=05
ROM[roms/Asteroid2/035143-02.j2] Addr=7C9F Value=06
ROM[roms/Asteroid2/035143-02.j2] Addr=7CA0 Value=04
ROM[roms/Asteroid2/035143-02.j2] Addr=7CA1 Value=2A
ROM[roms/Asteroid2/035143-02.j2] Addr=7CA2 Value=06
ROM[roms/Asteroid2/035143-02.j2] Addr=7CA3 Value=06
ROM[roms/Asteroid2/035143-02.j2] Addr=7CA4 Value=26
ROM[roms/Asteroid2/035143-02.j2] Addr=7CA5 Value=07
ROM[roms/Asteroid2/035143-02.j2] Addr=7CA6 Value=88
ROM[roms/Asteroid2/035143-02.j2] Addr=7CA7 Value=D0
ROM[roms/Asteroid2/035143-02.j2] Addr=7CA8 Value=F6
ROM[roms/Asteroid2/035143-02.j2] Addr=7CA9 Value=85
ROM[roms/Asteroid2/035143-02.j2] Addr=7CAA Value=05
ROM[roms/Asteroid2/035143-02.j2] Addr=7CAB Value=8A
ROM[roms/Asteroid2/035143-02.j2] Addr=7CAC Value=38
ROM[roms/Asteroid2/035143-02.j2] Addr=7CAD Value=E9
ROM[roms/Asteroid2/035143-02.j2] Addr=7CAE Value=0A
ROM[roms/Asteroid2/035143-02.j2] Addr=7CAF Value=49
ROM[roms/Asteroid2/035143-02.j2] Addr=7CB0 Value=FF
ROM[roms/Asteroid2/035143-02.j2] Addr=7CB1 Value=0A
ROM[roms/Asteroid2/035143-02.j2] Addr=7CB2 Value=66
ROM[roms/Asteroid2/035143-02.j2] Addr=7CB3 Value=08
ROM[roms/Asteroid2/035143-02.j2] Addr=7CB4 Value=2A
ROM[roms/Asteroid2/035143-02.j2] Addr=7CB5 Value=66
ROM[roms/Asteroid2/035143-02.j2] Addr=7CB6 Value=08
ROM[roms/Asteroid2/035143-02.j2] Addr=7CB7 Value=2A
ROM[roms/Asteroid2/035143-02.j2] Addr=7CB8 Value=0A
ROM[roms/Asteroid2/035143-02.j2] Addr=7CB9 Value=85
ROM[roms/Asteroid2/035143-02.j2] Addr=7CBA Value=08
ROM[roms/Asteroid2/035143-02.j2] Addr=7CBB Value=A0
ROM[roms/Asteroid2/035143-02.j2] Addr=7CBC Value=00
ROM[roms/Asteroid2/035143-02.j2] Addr=7CBD Value=A5
ROM[roms/Asteroid2/035143-02.j2] Addr=7CBE Value=06
ROM[roms/Asteroid2/035143-02.j2] Addr=7CBF Value=91
ROM[roms/Asteroid2/035143-02.j2] Addr=7CC0 Value=02
ROM[roms/Asteroid2/035143-02.j2] Addr=7CC1 Value=A5
ROM[roms/Asteroid2/035143-02.j2] Addr=7CC2 Value=08
ROM[roms/Asteroid2/035143-02.j2] Addr=7CC3 Value=29
ROM[roms/Asteroid2/035143-02.j2] Addr=7CC4 Value=F4
ROM[roms/Asteroid2/035143-02.j2] Addr=7CC5 Value=05
ROM[roms/Asteroid2/035143-02.j2] Addr=7CC6 Value=07
ROM[roms/Asteroid2/035143-02.j2] Addr=7CC7 Value=C8
ROM[roms/Asteroid2/035143-02.j2] Addr=7CC8 Value=91
ROM[roms/Asteroid2/035143-02.j2] Addr=7CC9 Value=02
ROM[roms/Asteroid2/035143-02.j2] Addr=7CCA Value=A5
ROM[roms/Asteroid2/035143-02.j2] Addr=7CCB Value=04
ROM[roms/Asteroid2/035143-02.j2] Addr=7CCC Value=C8
ROM[roms/Asteroid2/035143-02.j2] Addr=7CCD Value=91
ROM[roms/Asteroid2/035143-02.j2] Addr=7CCE Value=02
ROM[roms/Asteroid2/035143-02.j2] Addr=7CCF Value=A5
ROM[roms/Asteroid2/035143-02.j2] Addr=7CD0 Value=08
ROM[roms/Asteroid2/035143-02.j2] Addr=7CD1 Value=29
ROM[roms/Asteroid2/035143-02.j2] Addr=7CD2 Value=02
ROM[roms/Asteroid2/035143-02.j2] Addr=7CD3 Value=0A
ROM[roms/Asteroid2/035143-02.j2] Addr=7CD4 Value=05
ROM[roms/Asteroid2/035143-02.j2] Addr=7CD5 Value=01
ROM[roms/Asteroid2/035143-02.j2] Addr=7CD6 Value=05
ROM[roms/Asteroid2/035143-02.j2] Addr=7CD7 Value=05
ROM[roms/Asteroid2/035143-02.j2] Addr=7CD8 Value=C8
ROM[roms/Asteroid2/035143-02.j2] Addr=7CD9 Value=91
ROM[roms/Asteroid2/035143-02.j2] Addr=7CDA Value=02
ROM[roms/Asteroid2/035143-02.j2] Addr=7CDB Value=4C
ROM[roms/Asteroid2/035143-02.j2] Addr=7CDC Value=39
ROM[roms/Asteroid2/035143-02.j2] Addr=7CDD Value=7C
ROM[roms/Asteroid2/035143-02.j2] Addr=7CDE Value=A2
ROM[roms/Asteroid2/035143-02.j2] Addr=7CDF Value=00
ROM[roms/Asteroid2/035143-02.j2] Addr=7CE0 Value=A0
ROM[roms/Asteroid2/035143-02.j2] Addr=7CE1 Value=01
ROM[roms/Asteroid2/035143-02.j2] Addr=7CE2 Value=91
ROM[roms/Asteroid2/035143-02.j2] Addr=7CE3 Value=02
ROM[roms/Asteroid2/035143-02.j2] Addr=7CE4 Value=88
ROM[roms/Asteroid2/035143-02.j2] Addr=7CE5 Value=98
ROM[roms/Asteroid2/035143-02.j2] Addr=7CE6 Value=91
ROM[roms/Asteroid2/035143-02.j2] Addr=7CE7 Value=02
ROM[roms/Asteroid2/035143-02.j2] Addr=7CE8 Value=C8
ROM[roms/Asteroid2/035143-02.j2] Addr=7CE9 Value=C8
ROM[roms/Asteroid2/035143-02.j2] Addr=7CEA Value=91
ROM[roms/Asteroid2/035143-02.j2] Addr=7CEB Value=02
ROM[roms/Asteroid2/035143-02.j2] Addr=7CEC Value=C8
ROM[roms/Asteroid2/035143-02.j2] Addr=7CED Value=8A
ROM[roms/Asteroid2/035143-02.j2] Addr=7CEE Value=91
ROM[roms/Asteroid2/035143-02.j2] Addr=7CEF Value=02
ROM[roms/Asteroid2/035143-02.j2] Addr=7CF0 Value=4C
ROM[roms/Asteroid2/035143-02.j2] Addr=7CF1 Value=39
ROM[roms/Asteroid2/035143-02.j2] Addr=7CF2 Value=7C
ROM[roms/Asteroid2/035143-02.j2] Addr=7CF3 Value=A2
ROM[roms/Asteroid2/035143-02.j2] Addr=7CF4 Value=FE
ROM[roms/Asteroid2/035143-02.j2] Addr=7CF5 Value=9A
ROM[roms/Asteroid2/035143-02.j2] Addr=7CF6 Value=D8
ROM[roms/Asteroid2/035143-02.j2] Addr=7CF7 Value=A9
ROM[roms/Asteroid2/035143-02.j2] Addr=7CF8 Value=00
ROM[roms/Asteroid2/035143-02.j2] Addr=7CF9 Value=AA
ROM[roms/Asteroid2/035143-02.j2] Addr=7CFA Value=CA
ROM[roms/Asteroid2/035143-02.j2] Addr=7CFB Value=9D
ROM[roms/Asteroid2/035143-02.j2] Addr=7CFC Value=00
ROM[roms/Asteroid2/035143-02.j2] Addr=7CFD Value=03
ROM[roms/Asteroid2/035143-02.j2] Addr=7CFE Value=9D
ROM[roms/Asteroid2/035143-02.j2] Addr=7CFF Value=00
ROM[roms/Asteroid2/035143-02.j2] Addr=7D00 Value=02
ROM[roms/Asteroid2/035143-02.j2] Addr=7D01 Value=9D
ROM[roms/Asteroid2/035143-02.j2] Addr=7D02 Value=00
ROM[roms/Asteroid2/035143-02.j2] Addr=7D03 Value=01
ROM[roms/Asteroid2/035143-02.j2] Addr=7D04 Value=95
ROM[roms/Asteroid2/035143-02.j2] Addr=7D05 Value=00
ROM[roms/Asteroid2/035143-02.j2] Addr=7D06 Value=D0
ROM[roms/Asteroid2/035143-02.j2] Addr=7D07 Value=F2
ROM[roms/Asteroid2/035143-02.j2] Addr=7D08 Value=AC
ROM[roms/Asteroid2/035143-02.j2] Addr=7D09 Value=07
ROM[roms/Asteroid2/035143-02.j2] Addr=7D0A Value=20
ROM[roms/Asteroid2/035143-02.j2] Addr=7D0B Value=30
ROM[roms/Asteroid2/035143-02.j2] Addr=7D0C Value=43
ROM[roms/Asteroid2/035143-02.j2] Addr=7D0D Value=E8
ROM[roms/Asteroid2/035143-02.j2] Addr=7D0E Value=8E
ROM[roms/Asteroid2/035143-02.j2] Addr=7D0F Value=00
ROM[roms/Asteroid2/035143-02.j2] Addr=7D10 Value=40
ROM[roms/Asteroid2/035143-02.j2] Addr=7D11 Value=A9
ROM[roms/Asteroid2/035143-02.j2] Addr=7D12 Value=E2
ROM[roms/Asteroid2/035143-02.j2] Addr=7D13 Value=8D
ROM[roms/Asteroid2/035143-02.j2] Addr=7D14 Value=01
ROM[roms/Asteroid2/035143-02.j2] Addr=7D15 Value=40
ROM[roms/Asteroid2/035143-02.j2] Addr=7D16 Value=A9
ROM[roms/Asteroid2/035143-02.j2] Addr=7D17 Value=B0
ROM[roms/Asteroid2/035143-02.j2] Addr=7D18 Value=8D
ROM[roms/Asteroid2/035143-02.j2] Addr=7D19 Value=03
ROM[roms/Asteroid2/035143-02.j2] Addr=7D1A Value=40
ROM[roms/Asteroid2/035143-02.j2] Addr=7D1B Value=85
ROM[roms/Asteroid2/035143-02.j2] Addr=7D1C Value=32
ROM[roms/Asteroid2/035143-02.j2] Addr=7D1D Value=85
ROM[roms/Asteroid2/035143-02.j2] Addr=7D1E Value=33
ROM[roms/Asteroid2/035143-02.j2] Addr=7D1F Value=A9
ROM[roms/Asteroid2/035143-02.j2] Addr=7D20 Value=03
ROM[roms/Asteroid2/035143-02.j2] Addr=7D21 Value=85
ROM[roms/Asteroid2/035143-02.j2] Addr=7D22 Value=6F
ROM[roms/Asteroid2/035143-02.j2] Addr=7D23 Value=8D
ROM[roms/Asteroid2/035143-02.j2] Addr=7D24 Value=00
ROM[roms/Asteroid2/035143-02.j2] Addr=7D25 Value=32
ROM[roms/Asteroid2/035143-02.j2] Addr=7D26 Value=2D
ROM[roms/Asteroid2/035143-02.j2] Addr=7D27 Value=00
ROM[roms/Asteroid2/035143-02.j2] Addr=7D28 Value=28
ROM[roms/Asteroid2/035143-02.j2] Addr=7D29 Value=85
ROM[roms/Asteroid2/035143-02.j2] Addr=7D2A Value=71
ROM[roms/Asteroid2/035143-02.j2] Addr=7D2B Value=AD
ROM[roms/Asteroid2/035143-02.j2] Addr=7D2C Value=01
ROM[roms/Asteroid2/035143-02.j2] Addr=7D2D Value=28
ROM[roms/Asteroid2/035143-02.j2] Addr=7D2E Value=29
ROM[roms/Asteroid2/035143-02.j2] Addr=7D2F Value=03
ROM[roms/Asteroid2/035143-02.j2] Addr=7D30 Value=0A
ROM[roms/Asteroid2/035143-02.j2] Addr=7D31 Value=0A
ROM[roms/Asteroid2/035143-02.j2] Addr=7D32 Value=05
ROM[roms/Asteroid2/035143-02.j2] Addr=7D33 Value=71
ROM[roms/Asteroid2/035143-02.j2] Addr=7D34 Value=85
ROM[roms/Asteroid2/035143-02.j2] Addr=7D35 Value=71
ROM[roms/Asteroid2/035143-02.j2] Addr=7D36 Value=AD
ROM[roms/Asteroid2/035143-02.j2] Addr=7D37 Value=02
ROM[roms/Asteroid2/035143-02.j2] Addr=7D38 Value=28
ROM[roms/Asteroid2/035143-02.j2] Addr=7D39 Value=29
ROM[roms/Asteroid2/035143-02.j2] Addr=7D3A Value=02
ROM[roms/Asteroid2/035143-02.j2] Addr=7D3B Value=0A
ROM[roms/Asteroid2/035143-02.j2] Addr=7D3C Value=0A
ROM[roms/Asteroid2/035143-02.j2] Addr=7D3D Value=0A
ROM[roms/Asteroid2/035143-02.j2] Addr=7D3E Value=05
ROM[roms/Asteroid2/035143-02.j2] Addr=7D3F Value=71
ROM[roms/Asteroid2/035143-02.j2] Addr=7D40 Value=85
ROM[roms/Asteroid2/035143-02.j2] Addr=7D41 Value=71
ROM[roms/Asteroid2/035143-02.j2] Addr=7D42 Value=4C
ROM[roms/Asteroid2/035143-02.j2] Addr=7D43 Value=03
ROM[roms/Asteroid2/035143-02.j2] Addr=7D44 Value=68
ROM[roms/Asteroid2/035143-02.j2] Addr=7D45 Value=A0
ROM[roms/Asteroid2/035143-02.j2] Addr=7D46 Value=00
ROM[roms/Asteroid2/035143-02.j2] Addr=7D47 Value=91
ROM[roms/Asteroid2/035143-02.j2] Addr=7D48 Value=02
ROM[roms/Asteroid2/035143-02.j2] Addr=7D49 Value=C8
ROM[roms/Asteroid2/035143-02.j2] Addr=7D4A Value=8A
ROM[roms/Asteroid2/035143-02.j2] Addr=7D4B Value=91
ROM[roms/Asteroid2/035143-02.j2] Addr=7D4C Value=02
ROM[roms/Asteroid2/035143-02.j2] Addr=7D4D Value=4C
ROM[roms/Asteroid2/035143-02.j2] Addr=7D4E Value=39
ROM[roms/Asteroid2/035143-02.j2] Addr=7D4F Value=7C
ROM[roms/Asteroid2/035143-02.j2] Addr=7D50 Value=9D
ROM[roms/Asteroid2/035143-02.j2] Addr=7D51 Value=00
ROM[roms/Asteroid2/035143-02.j2] Addr=7D52 Value=40
ROM[roms/Asteroid2/035143-02.j2] Addr=7D53 Value=9D
ROM[roms/Asteroid2/035143-02.j2] Addr=7D54 Value=00
ROM[roms/Asteroid2/035143-02.j2] Addr=7D55 Value=41
ROM[roms/Asteroid2/035143-02.j2] Addr=7D56 Value=9D
ROM[roms/Asteroid2/035143-02.j2] Addr=7D57 Value=00
ROM[roms/Asteroid2/035143-02.j2] Addr=7D58 Value=42
ROM[roms/Asteroid2/035143-02.j2] Addr=7D59 Value=9D
ROM[roms/Asteroid2/035143-02.j2] Addr=7D5A Value=00
ROM[roms/Asteroid2/035143-02.j2] Addr=7D5B Value=43
ROM[roms/Asteroid2/035143-02.j2] Addr=7D5C Value=9D
ROM[roms/Asteroid2/035143-02.j2] Addr=7D5D Value=00
ROM[roms/Asteroid2/035143-02.j2] Addr=7D5E Value=44
ROM[roms/Asteroid2/035143-02.j2] Addr=7D5F Value=9D
ROM[roms/Asteroid2/035143-02.j2] Addr=7D60 Value=00
ROM[roms/Asteroid2/035143-02.j2] Addr=7D61 Value=45
ROM[roms/Asteroid2/035143-02.j2] Addr=7D62 Value=9D
ROM[roms/Asteroid2/035143-02.j2] Addr=7D63 Value=00
ROM[roms/Asteroid2/035143-02.j2] Addr=7D64 Value=46
ROM[roms/Asteroid2/035143-02.j2] Addr=7D65 Value=9D
ROM[roms/Asteroid2/035143-02.j2] Addr=7D66 Value=00
ROM[roms/Asteroid2/035143-02.j2] Addr=7D67 Value=47
ROM[roms/Asteroid2/035143-02.j2] Addr=7D68 Value=E8
ROM[roms/Asteroid2/035143-02.j2] Addr=7D69 Value=D0
ROM[roms/Asteroid2/035143-02.j2] Addr=7D6A Value=E5
ROM[roms/Asteroid2/035143-02.j2] Addr=7D6B Value=8D
ROM[roms/Asteroid2/035143-02.j2] Addr=7D6C Value=00
ROM[roms/Asteroid2/035143-02.j2] Addr=7D6D Value=34
ROM[roms/Asteroid2/035143-02.j2] Addr=7D6E Value=A2
ROM[roms/Asteroid2/035143-02.j2] Addr=7D6F Value=00
ROM[roms/Asteroid2/035143-02.j2] Addr=7D70 Value=B5
ROM[roms/Asteroid2/035143-02.j2] Addr=7D71 Value=00
ROM[roms/Asteroid2/035143-02.j2] Addr=7D72 Value=D0
ROM[roms/Asteroid2/035143-02.j2] Addr=7D73 Value=47
ROM[roms/Asteroid2/035143-02.j2] Addr=7D74 Value=A9
ROM[roms/Asteroid2/035143-02.j2] Addr=7D75 Value=11
ROM[roms/Asteroid2/035143-02.j2] Addr=7D76 Value=95
ROM[roms/Asteroid2/035143-02.j2] Addr=7D77 Value=00
ROM[roms/Asteroid2/035143-02.j2] Addr=7D78 Value=A8
ROM[roms/Asteroid2/035143-02.j2] Addr=7D79 Value=55
ROM[roms/Asteroid2/035143-02.j2] Addr=7D7A Value=00
ROM[roms/Asteroid2/035143-02.j2] Addr=7D7B Value=D0
ROM[roms/Asteroid2/035143-02.j2] Addr=7D7C Value=3E
ROM[roms/Asteroid2/035143-02.j2] Addr=7D7D Value=98
ROM[roms/Asteroid2/035143-02.j2] Addr=7D7E Value=0A
ROM[roms/Asteroid2/035143-02.j2] Addr=7D7F Value=90
ROM[roms/Asteroid2/035143-02.j2] Addr=7D80 Value=F5
ROM[roms/Asteroid2/035143-02.j2] Addr=7D81 Value=E8
ROM[roms/Asteroid2/035143-02.j2] Addr=7D82 Value=D0
ROM[roms/Asteroid2/035143-02.j2] Addr=7D83 Value=EC
ROM[roms/Asteroid2/035143-02.j2] Addr=7D84 Value=8D
ROM[roms/Asteroid2/035143-02.j2] Addr=7D85 Value=00
ROM[roms/Asteroid2/035143-02.j2] Addr=7D86 Value=34
ROM[roms/Asteroid2/035143-02.j2] Addr=7D87 Value=8A
ROM[roms/Asteroid2/035143-02.j2] Addr=7D88 Value=85
ROM[roms/Asteroid2/035143-02.j2] Addr=7D89 Value=00
ROM[roms/Asteroid2/035143-02.j2] Addr=7D8A Value=2A
ROM[roms/Asteroid2/035143-02.j2] Addr=7D8B Value=85
ROM[roms/Asteroid2/035143-02.j2] Addr=7D8C Value=01
ROM[roms/Asteroid2/035143-02.j2] Addr=7D8D Value=A0
ROM[roms/Asteroid2/035143-02.j2] Addr=7D8E Value=00
ROM[roms/Asteroid2/035143-02.j2] Addr=7D8F Value=A2
ROM[roms/Asteroid2/035143-02.j2] Addr=7D90 Value=11
ROM[roms/Asteroid2/035143-02.j2] Addr=7D91 Value=B1
ROM[roms/Asteroid2/035143-02.j2] Addr=7D92 Value=00
ROM[roms/Asteroid2/035143-02.j2] Addr=7D93 Value=D0
ROM[roms/Asteroid2/035143-02.j2] Addr=7D94 Value=2A
ROM[roms/Asteroid2/035143-02.j2] Addr=7D95 Value=8A
ROM[roms/Asteroid2/035143-02.j2] Addr=7D96 Value=91
ROM[roms/Asteroid2/035143-02.j2] Addr=7D97 Value=00
ROM[roms/Asteroid2/035143-02.j2] Addr=7D98 Value=51
ROM[roms/Asteroid2/035143-02.j2] Addr=7D99 Value=00
ROM[roms/Asteroid2/035143-02.j2] Addr=7D9A Value=D0
ROM[roms/Asteroid2/035143-02.j2] Addr=7D9B Value=23
ROM[roms/Asteroid2/035143-02.j2] Addr=7D9C Value=8A
ROM[roms/Asteroid2/035143-02.j2] Addr=7D9D Value=0A
ROM[roms/Asteroid2/035143-02.j2] Addr=7D9E Value=AA
ROM[roms/Asteroid2/035143-02.j2] Addr=7D9F Value=90
ROM[roms/Asteroid2/035143-02.j2] Addr=7DA0 Value=F4
ROM[roms/Asteroid2/035143-02.j2] Addr=7DA1 Value=C8
ROM[roms/Asteroid2/035143-02.j2] Addr=7DA2 Value=D0
ROM[roms/Asteroid2/035143-02.j2] Addr=7DA3 Value=EB
ROM[roms/Asteroid2/035143-02.j2] Addr=7DA4 Value=8D
ROM[roms/Asteroid2/035143-02.j2] Addr=7DA5 Value=00
ROM[roms/Asteroid2/035143-02.j2] Addr=7DA6 Value=34
ROM[roms/Asteroid2/035143-02.j2] Addr=7DA7 Value=E6
ROM[roms/Asteroid2/035143-02.j2] Addr=7DA8 Value=01
ROM[roms/Asteroid2/035143-02.j2] Addr=7DA9 Value=A6
ROM[roms/Asteroid2/035143-02.j2] Addr=7DAA Value=01
ROM[roms/Asteroid2/035143-02.j2] Addr=7DAB Value=E0
ROM[roms/Asteroid2/035143-02.j2] Addr=7DAC Value=04
ROM[roms/Asteroid2/035143-02.j2] Addr=7DAD Value=90
ROM[roms/Asteroid2/035143-02.j2] Addr=7DAE Value=E0
ROM[roms/Asteroid2/035143-02.j2] Addr=7DAF Value=A9
ROM[roms/Asteroid2/035143-02.j2] Addr=7DB0 Value=40
ROM[roms/Asteroid2/035143-02.j2] Addr=7DB1 Value=E0
ROM[roms/Asteroid2/035143-02.j2] Addr=7DB2 Value=40
ROM[roms/Asteroid2/035143-02.j2] Addr=7DB3 Value=90
ROM[roms/Asteroid2/035143-02.j2] Addr=7DB4 Value=D6
ROM[roms/Asteroid2/035143-02.j2] Addr=7DB5 Value=E0
ROM[roms/Asteroid2/035143-02.j2] Addr=7DB6 Value=48
ROM[roms/Asteroid2/035143-02.j2] Addr=7DB7 Value=90
ROM[roms/Asteroid2/035143-02.j2] Addr=7DB8 Value=D6
ROM[roms/Asteroid2/035143-02.j2] Addr=7DB9 Value=B0
ROM[roms/Asteroid2/035143-02.j2] Addr=7DBA Value=69
ROM[roms/Asteroid2/035143-02.j2] Addr=7DBB Value=A0
ROM[roms/Asteroid2/035143-02.j2] Addr=7DBC Value=00
ROM[roms/Asteroid2/035143-02.j2] Addr=7DBD Value=F0
ROM[roms/Asteroid2/035143-02.j2] Addr=7DBE Value=0E
ROM[roms/Asteroid2/035143-02.j2] Addr=7DBF Value=A0
ROM[roms/Asteroid2/035143-02.j2] Addr=7DC0 Value=00
ROM[roms/Asteroid2/035143-02.j2] Addr=7DC1 Value=A6
ROM[roms/Asteroid2/035143-02.j2] Addr=7DC2 Value=01
ROM[roms/Asteroid2/035143-02.j2] Addr=7DC3 Value=E0
ROM[roms/Asteroid2/035143-02.j2] Addr=7DC4 Value=04
ROM[roms/Asteroid2/035143-02.j2] Addr=7DC5 Value=90
ROM[roms/Asteroid2/035143-02.j2] Addr=7DC6 Value=06
ROM[roms/Asteroid2/035143-02.j2] Addr=7DC7 Value=C8
ROM[roms/Asteroid2/035143-02.j2] Addr=7DC8 Value=E0
ROM[roms/Asteroid2/035143-02.j2] Addr=7DC9 Value=44
ROM[roms/Asteroid2/035143-02.j2] Addr=7DCA Value=90
ROM[roms/Asteroid2/035143-02.j2] Addr=7DCB Value=01
ROM[roms/Asteroid2/035143-02.j2] Addr=7DCC Value=C8
ROM[roms/Asteroid2/035143-02.j2] Addr=7DCD Value=C9
ROM[roms/Asteroid2/035143-02.j2] Addr=7DCE Value=10
ROM[roms/Asteroid2/035143-02.j2] Addr=7DCF Value=2A
ROM[roms/Asteroid2/035143-02.j2] Addr=7DD0 Value=29
ROM[roms/Asteroid2/035143-02.j2] Addr=7DD1 Value=1F
ROM[roms/Asteroid2/035143-02.j2] Addr=7DD2 Value=C9
ROM[roms/Asteroid2/035143-02.j2] Addr=7DD3 Value=02
ROM[roms/Asteroid2/035143-02.j2] Addr=7DD4 Value=2A
ROM[roms/Asteroid2/035143-02.j2] Addr=7DD5 Value=29
ROM[roms/Asteroid2/035143-02.j2] Addr=7DD6 Value=03
ROM[roms/Asteroid2/035143-02.j2] Addr=7DD7 Value=88
ROM[roms/Asteroid2/035143-02.j2] Addr=7DD8 Value=30
ROM[roms/Asteroid2/035143-02.j2] Addr=7DD9 Value=04
ROM[roms/Asteroid2/035143-02.j2] Addr=7DDA Value=0A
ROM[roms/Asteroid2/035143-02.j2] Addr=7DDB Value=0A
ROM[roms/Asteroid2/035143-02.j2] Addr=7DDC Value=90
ROM[roms/Asteroid2/035143-02.j2] Addr=7DDD Value=F9
ROM[roms/Asteroid2/035143-02.j2] Addr=7DDE Value=4A
ROM[roms/Asteroid2/035143-02.j2] Addr=7DDF Value=A2
ROM[roms/Asteroid2/035143-02.j2] Addr=7DE0 Value=14
ROM[roms/Asteroid2/035143-02.j2] Addr=7DE1 Value=90
ROM[roms/Asteroid2/035143-02.j2] Addr=7DE2 Value=02
ROM[roms/Asteroid2/035143-02.j2] Addr=7DE3 Value=A2
ROM[roms/Asteroid2/035143-02.j2] Addr=7DE4 Value=1D
ROM[roms/Asteroid2/035143-02.j2] Addr=7DE5 Value=8E
ROM[roms/Asteroid2/035143-02.j2] Addr=7DE6 Value=00
ROM[roms/Asteroid2/035143-02.j2] Addr=7DE7 Value=3A
ROM[roms/Asteroid2/035143-02.j2] Addr=7DE8 Value=A2
ROM[roms/Asteroid2/035143-02.j2] Addr=7DE9 Value=00
ROM[roms/Asteroid2/035143-02.j2] Addr=7DEA Value=A0
ROM[roms/Asteroid2/035143-02.j2] Addr=7DEB Value=08
ROM[roms/Asteroid2/035143-02.j2] Addr=7DEC Value=2C
ROM[roms/Asteroid2/035143-02.j2] Addr=7DED Value=01
ROM[roms/Asteroid2/035143-02.j2] Addr=7DEE Value=20
ROM[roms/Asteroid2/035143-02.j2] Addr=7DEF Value=10
ROM[roms/Asteroid2/035143-02.j2] Addr=7DF0 Value=FB
ROM[roms/Asteroid2/035143-02.j2] Addr=7DF1 Value=2C
ROM[roms/Asteroid2/035143-02.j2] Addr=7DF2 Value=01
ROM[roms/Asteroid2/035143-02.j2] Addr=7DF3 Value=20
ROM[roms/Asteroid2/035143-02.j2] Addr=7DF4 Value=30
ROM[roms/Asteroid2/035143-02.j2] Addr=7DF5 Value=FB
ROM[roms/Asteroid2/035143-02.j2] Addr=7DF6 Value=CA
ROM[roms/Asteroid2/035143-02.j2] Addr=7DF7 Value=8D
ROM[roms/Asteroid2/035143-02.j2] Addr=7DF8 Value=00
ROM[roms/Asteroid2/035143-02.j2] Addr=7DF9 Value=34
ROM[roms/Asteroid2/035143-02.j2] Addr=7DFA Value=D0
ROM[roms/Asteroid2/035143-02.j2] Addr=7DFB Value=F0
ROM[roms/Asteroid2/035143-02.j2] Addr=7DFC Value=88
ROM[roms/Asteroid2/035143-02.j2] Addr=7DFD Value=D0
ROM[roms/Asteroid2/035143-02.j2] Addr=7DFE Value=ED
ROM[roms/Asteroid2/035143-02.j2] Addr=7DFF Value=8E
ROM[roms/Asteroid2/035143-02.j2] Addr=7E00 Value=00
ROM[roms/Asteroid2/035143-02.j2] Addr=7E01 Value=3A
ROM[roms/Asteroid2/035143-02.j2] Addr=7E02 Value=A0
ROM[roms/Asteroid2/035143-02.j2] Addr=7E03 Value=08
ROM[roms/Asteroid2/035143-02.j2] Addr=7E04 Value=2C
ROM[roms/Asteroid2/035143-02.j2] Addr=7E05 Value=01
ROM[roms/Asteroid2/035143-02.j2] Addr=7E06 Value=20
ROM[roms/Asteroid2/035143-02.j2] Addr=7E07 Value=10
ROM[roms/Asteroid2/035143-02.j2] Addr=7E08 Value=FB
ROM[roms/Asteroid2/035143-02.j2] Addr=7E09 Value=2C
ROM[roms/Asteroid2/035143-02.j2] Addr=7E0A Value=01
ROM[roms/Asteroid2/035143-02.j2] Addr=7E0B Value=20
ROM[roms/Asteroid2/035143-02.j2] Addr=7E0C Value=30
ROM[roms/Asteroid2/035143-02.j2] Addr=7E0D Value=FB
ROM[roms/Asteroid2/035143-02.j2] Addr=7E0E Value=CA
ROM[roms/Asteroid2/035143-02.j2] Addr=7E0F Value=8D
ROM[roms/Asteroid2/035143-02.j2] Addr=7E10 Value=00
ROM[roms/Asteroid2/035143-02.j2] Addr=7E11 Value=34
ROM[roms/Asteroid2/035143-02.j2] Addr=7E12 Value=D0
ROM[roms/Asteroid2/035143-02.j2] Addr=7E13 Value=F0
ROM[roms/Asteroid2/035143-02.j2] Addr=7E14 Value=88
ROM[roms/Asteroid2/035143-02.j2] Addr=7E15 Value=D0
ROM[roms/Asteroid2/035143-02.j2] Addr=7E16 Value=ED
ROM[roms/Asteroid2/035143-02.j2] Addr=7E17 Value=AA
ROM[roms/Asteroid2/035143-02.j2] Addr=7E18 Value=D0
ROM[roms/Asteroid2/035143-02.j2] Addr=7E19 Value=C4
ROM[roms/Asteroid2/035143-02.j2] Addr=7E1A Value=8D
ROM[roms/Asteroid2/035143-02.j2] Addr=7E1B Value=00
ROM[roms/Asteroid2/035143-02.j2] Addr=7E1C Value=34
ROM[roms/Asteroid2/035143-02.j2] Addr=7E1D Value=AD
ROM[roms/Asteroid2/035143-02.j2] Addr=7E1E Value=07
ROM[roms/Asteroid2/035143-02.j2] Addr=7E1F Value=20
ROM[roms/Asteroid2/035143-02.j2] Addr=7E20 Value=30
ROM[roms/Asteroid2/035143-02.j2] Addr=7E21 Value=F8
ROM[roms/Asteroid2/035143-02.j2] Addr=7E22 Value=10
ROM[roms/Asteroid2/035143-02.j2] Addr=7E23 Value=FE
ROM[roms/Asteroid2/035143-02.j2] Addr=7E24 Value=A9
ROM[roms/Asteroid2/035143-02.j2] Addr=7E25 Value=00
ROM[roms/Asteroid2/035143-02.j2] Addr=7E26 Value=A8
ROM[roms/Asteroid2/035143-02.j2] Addr=7E27 Value=AA
ROM[roms/Asteroid2/035143-02.j2] Addr=7E28 Value=85
ROM[roms/Asteroid2/035143-02.j2] Addr=7E29 Value=08
ROM[roms/Asteroid2/035143-02.j2] Addr=7E2A Value=A9
ROM[roms/Asteroid2/035143-02.j2] Addr=7E2B Value=50
ROM[roms/Asteroid2/035143-02.j2] Addr=7E2C Value=85
ROM[roms/Asteroid2/035143-02.j2] Addr=7E2D Value=09
ROM[roms/Asteroid2/035143-02.j2] Addr=7E2E Value=A9
ROM[roms/Asteroid2/035143-02.j2] Addr=7E2F Value=04
ROM[roms/Asteroid2/035143-02.j2] Addr=7E30 Value=85
ROM[roms/Asteroid2/035143-02.j2] Addr=7E31 Value=0B
ROM[roms/Asteroid2/035143-02.j2] Addr=7E32 Value=A9
ROM[roms/Asteroid2/035143-02.j2] Addr=7E33 Value=FF
ROM[roms/Asteroid2/035143-02.j2] Addr=7E34 Value=51
ROM[roms/Asteroid2/035143-02.j2] Addr=7E35 Value=08
ROM[roms/Asteroid2/035143-02.j2] Addr=7E36 Value=C8
ROM[roms/Asteroid2/035143-02.j2] Addr=7E37 Value=D0
ROM[roms/Asteroid2/035143-02.j2] Addr=7E38 Value=FB
ROM[roms/Asteroid2/035143-02.j2] Addr=7E39 Value=E6
ROM[roms/Asteroid2/035143-02.j2] Addr=7E3A Value=09
ROM[roms/Asteroid2/035143-02.j2] Addr=7E3B Value=C6
ROM[roms/Asteroid2/035143-02.j2] Addr=7E3C Value=0B
ROM[roms/Asteroid2/035143-02.j2] Addr=7E3D Value=D0
ROM[roms/Asteroid2/035143-02.j2] Addr=7E3E Value=F5
ROM[roms/Asteroid2/035143-02.j2] Addr=7E3F Value=95
ROM[roms/Asteroid2/035143-02.j2] Addr=7E40 Value=0D
ROM[roms/Asteroid2/035143-02.j2] Addr=7E41 Value=E8
ROM[roms/Asteroid2/035143-02.j2] Addr=7E42 Value=8D
ROM[roms/Asteroid2/035143-02.j2] Addr=7E43 Value=00
ROM[roms/Asteroid2/035143-02.j2] Addr=7E44 Value=34
ROM[roms/Asteroid2/035143-02.j2] Addr=7E45 Value=A5
ROM[roms/Asteroid2/035143-02.j2] Addr=7E46 Value=09
ROM[roms/Asteroid2/035143-02.j2] Addr=7E47 Value=C9
ROM[roms/Asteroid2/035143-02.j2] Addr=7E48 Value=58
ROM[roms/Asteroid2/035143-02.j2] Addr=7E49 Value=90
ROM[roms/Asteroid2/035143-02.j2] Addr=7E4A Value=E1
ROM[roms/Asteroid2/035143-02.j2] Addr=7E4B Value=D0
ROM[roms/Asteroid2/035143-02.j2] Addr=7E4C Value=02
ROM[roms/Asteroid2/035143-02.j2] Addr=7E4D Value=A9
ROM[roms/Asteroid2/035143-02.j2] Addr=7E4E Value=68
ROM[roms/Asteroid2/035143-02.j2] Addr=7E4F Value=C9
ROM[roms/Asteroid2/035143-02.j2] Addr=7E50 Value=80
ROM[roms/Asteroid2/035143-02.j2] Addr=7E51 Value=90
ROM[roms/Asteroid2/035143-02.j2] Addr=7E52 Value=D9
ROM[roms/Asteroid2/035143-02.j2] Addr=7E53 Value=8D
ROM[roms/Asteroid2/035143-02.j2] Addr=7E54 Value=00
ROM[roms/Asteroid2/035143-02.j2] Addr=7E55 Value=03
ROM[roms/Asteroid2/035143-02.j2] Addr=7E56 Value=A2
ROM[roms/Asteroid2/035143-02.j2] Addr=7E57 Value=04
ROM[roms/Asteroid2/035143-02.j2] Addr=7E58 Value=8E
ROM[roms/Asteroid2/035143-02.j2] Addr=7E59 Value=00
ROM[roms/Asteroid2/035143-02.j2] Addr=7E5A Value=32
ROM[roms/Asteroid2/035143-02.j2] Addr=7E5B Value=86
ROM[roms/Asteroid2/035143-02.j2] Addr=7E5C Value=15
ROM[roms/Asteroid2/035143-02.j2] Addr=7E5D Value=A2
ROM[roms/Asteroid2/035143-02.j2] Addr=7E5E Value=00
ROM[roms/Asteroid2/035143-02.j2] Addr=7E5F Value=CD
ROM[roms/Asteroid2/035143-02.j2] Addr=7E60 Value=00
ROM[roms/Asteroid2/035143-02.j2] Addr=7E61 Value=02
ROM[roms/Asteroid2/035143-02.j2] Addr=7E62 Value=F0
ROM[roms/Asteroid2/035143-02.j2] Addr=7E63 Value=01
ROM[roms/Asteroid2/035143-02.j2] Addr=7E64 Value=E8
ROM[roms/Asteroid2/035143-02.j2] Addr=7E65 Value=AD
ROM[roms/Asteroid2/035143-02.j2] Addr=7E66 Value=00
ROM[roms/Asteroid2/035143-02.j2] Addr=7E67 Value=03
ROM[roms/Asteroid2/035143-02.j2] Addr=7E68 Value=C9
ROM[roms/Asteroid2/035143-02.j2] Addr=7E69 Value=88
ROM[roms/Asteroid2/035143-02.j2] Addr=7E6A Value=F0
ROM[roms/Asteroid2/035143-02.j2] Addr=7E6B Value=01
ROM[roms/Asteroid2/035143-02.j2] Addr=7E6C Value=E8
ROM[roms/Asteroid2/035143-02.j2] Addr=7E6D Value=86
ROM[roms/Asteroid2/035143-02.j2] Addr=7E6E Value=16
ROM[roms/Asteroid2/035143-02.j2] Addr=7E6F Value=A9
ROM[roms/Asteroid2/035143-02.j2] Addr=7E70 Value=10
ROM[roms/Asteroid2/035143-02.j2] Addr=7E71 Value=85
ROM[roms/Asteroid2/035143-02.j2] Addr=7E72 Value=00
ROM[roms/Asteroid2/035143-02.j2] Addr=7E73 Value=A2
ROM[roms/Asteroid2/035143-02.j2] Addr=7E74 Value=24
ROM[roms/Asteroid2/035143-02.j2] Addr=7E75 Value=AD
ROM[roms/Asteroid2/035143-02.j2] Addr=7E76 Value=01
ROM[roms/Asteroid2/035143-02.j2] Addr=7E77 Value=20
ROM[roms/Asteroid2/035143-02.j2] Addr=7E78 Value=10
ROM[roms/Asteroid2/035143-02.j2] Addr=7E79 Value=FB
ROM[roms/Asteroid2/035143-02.j2] Addr=7E7A Value=AD
ROM[roms/Asteroid2/035143-02.j2] Addr=7E7B Value=01
ROM[roms/Asteroid2/035143-02.j2] Addr=7E7C Value=20
ROM[roms/Asteroid2/035143-02.j2] Addr=7E7D Value=30
ROM[roms/Asteroid2/035143-02.j2] Addr=7E7E Value=FB
ROM[roms/Asteroid2/035143-02.j2] Addr=7E7F Value=CA
ROM[roms/Asteroid2/035143-02.j2] Addr=7E80 Value=10
ROM[roms/Asteroid2/035143-02.j2] Addr=7E81 Value=F3
ROM[roms/Asteroid2/035143-02.j2] Addr=7E82 Value=2C
ROM[roms/Asteroid2/035143-02.j2] Addr=7E83 Value=02
ROM[roms/Asteroid2/035143-02.j2] Addr=7E84 Value=20
ROM[roms/Asteroid2/035143-02.j2] Addr=7E85 Value=30
ROM[roms/Asteroid2/035143-02.j2] Addr=7E86 Value=FB
ROM[roms/Asteroid2/035143-02.j2] Addr=7E87 Value=8D
ROM[roms/Asteroid2/035143-02.j2] Addr=7E88 Value=00
ROM[roms/Asteroid2/035143-02.j2] Addr=7E89 Value=34
ROM[roms/Asteroid2/035143-02.j2] Addr=7E8A Value=A9
ROM[roms/Asteroid2/035143-02.j2] Addr=7E8B Value=00
ROM[roms/Asteroid2/035143-02.j2] Addr=7E8C Value=85
ROM[roms/Asteroid2/035143-02.j2] Addr=7E8D Value=02
ROM[roms/Asteroid2/035143-02.j2] Addr=7E8E Value=A9
ROM[roms/Asteroid2/035143-02.j2] Addr=7E8F Value=40
ROM[roms/Asteroid2/035143-02.j2] Addr=7E90 Value=85
ROM[roms/Asteroid2/035143-02.j2] Addr=7E91 Value=03
ROM[roms/Asteroid2/035143-02.j2] Addr=7E92 Value=AD
ROM[roms/Asteroid2/035143-02.j2] Addr=7E93 Value=05
ROM[roms/Asteroid2/035143-02.j2] Addr=7E94 Value=20
ROM[roms/Asteroid2/035143-02.j2] Addr=7E95 Value=10
ROM[roms/Asteroid2/035143-02.j2] Addr=7E96 Value=5B
ROM[roms/Asteroid2/035143-02.j2] Addr=7E97 Value=A6
ROM[roms/Asteroid2/035143-02.j2] Addr=7E98 Value=15
ROM[roms/Asteroid2/035143-02.j2] Addr=7E99 Value=AD
ROM[roms/Asteroid2/035143-02.j2] Addr=7E9A Value=03
ROM[roms/Asteroid2/035143-02.j2] Addr=7E9B Value=20
ROM[roms/Asteroid2/035143-02.j2] Addr=7E9C Value=10
ROM[roms/Asteroid2/035143-02.j2] Addr=7E9D Value=0A
ROM[roms/Asteroid2/035143-02.j2] Addr=7E9E Value=4D
ROM[roms/Asteroid2/035143-02.j2] Addr=7E9F Value=09
ROM[roms/Asteroid2/035143-02.j2] Addr=7EA0 Value=00
ROM[roms/Asteroid2/035143-02.j2] Addr=7EA1 Value=10
ROM[roms/Asteroid2/035143-02.j2] Addr=7EA2 Value=05
ROM[roms/Asteroid2/035143-02.j2] Addr=7EA3 Value=CA
ROM[roms/Asteroid2/035143-02.j2] Addr=7EA4 Value=F0
ROM[roms/Asteroid2/035143-02.j2] Addr=7EA5 Value=02
ROM[roms/Asteroid2/035143-02.j2] Addr=7EA6 Value=86
ROM[roms/Asteroid2/035143-02.j2] Addr=7EA7 Value=15
ROM[roms/Asteroid2/035143-02.j2] Addr=7EA8 Value=BC
ROM[roms/Asteroid2/035143-02.j2] Addr=7EA9 Value=BB
ROM[roms/Asteroid2/035143-02.j2] Addr=7EAA Value=7E
ROM[roms/Asteroid2/035143-02.j2] Addr=7EAB Value=A9
ROM[roms/Asteroid2/035143-02.j2] Addr=7EAC Value=B0
ROM[roms/Asteroid2/035143-02.j2] Addr=7EAD Value=91
ROM[roms/Asteroid2/035143-02.j2] Addr=7EAE Value=02
ROM[roms/Asteroid2/035143-02.j2] Addr=7EAF Value=88
ROM[roms/Asteroid2/035143-02.j2] Addr=7EB0 Value=88
ROM[roms/Asteroid2/035143-02.j2] Addr=7EB1 Value=B9
ROM[roms/Asteroid2/035143-02.j2] Addr=7EB2 Value=C0
ROM[roms/Asteroid2/035143-02.j2] Addr=7EB3 Value=7E
ROM[roms/Asteroid2/035143-02.j2] Addr=7EB4 Value=91
ROM[roms/Asteroid2/035143-02.j2] Addr=7EB5 Value=02
ROM[roms/Asteroid2/035143-02.j2] Addr=7EB6 Value=88
ROM[roms/Asteroid2/035143-02.j2] Addr=7EB7 Value=10
ROM[roms/Asteroid2/035143-02.j2] Addr=7EB8 Value=F8
ROM[roms/Asteroid2/035143-02.j2] Addr=7EB9 Value=4C
ROM[roms/Asteroid2/035143-02.j2] Addr=7EBA Value=9D
ROM[roms/Asteroid2/035143-02.j2] Addr=7EBB Value=7F
ROM[roms/Asteroid2/035143-02.j2] Addr=7EBC Value=33
ROM[roms/Asteroid2/035143-02.j2] Addr=7EBD Value=1D
ROM[roms/Asteroid2/035143-02.j2] Addr=7EBE Value=17
ROM[roms/Asteroid2/035143-02.j2] Addr=7EBF Value=0D
ROM[roms/Asteroid2/035143-02.j2] Addr=7EC0 Value=80
ROM[roms/Asteroid2/035143-02.j2] Addr=7EC1 Value=A0
ROM[roms/Asteroid2/035143-02.j2] Addr=7EC2 Value=00
ROM[roms/Asteroid2/035143-02.j2] Addr=7EC3 Value=00
ROM[roms/Asteroid2/035143-02.j2] Addr=7EC4 Value=00
ROM[roms/Asteroid2/035143-02.j2] Addr=7EC5 Value=70
ROM[roms/Asteroid2/035143-02.j2] Addr=7EC6 Value=00
ROM[roms/Asteroid2/035143-02.j2] Addr=7EC7 Value=00
ROM[roms/Asteroid2/035143-02.j2] Addr=7EC8 Value=FF
ROM[roms/Asteroid2/035143-02.j2] Addr=7EC9 Value=92
ROM[roms/Asteroid2/035143-02.j2] Addr=7ECA Value=FF
ROM[roms/Asteroid2/035143-02.j2] Addr=7ECB Value=73
ROM[roms/Asteroid2/035143-02.j2] Addr=7ECC Value=D0
ROM[roms/Asteroid2/035143-02.j2] Addr=7ECD Value=A1
ROM[roms/Asteroid2/035143-02.j2] Addr=7ECE Value=30
ROM[roms/Asteroid2/035143-02.j2] Addr=7ECF Value=02
ROM[roms/Asteroid2/035143-02.j2] Addr=7ED0 Value=00
ROM[roms/Asteroid2/035143-02.j2] Addr=7ED1 Value=70
ROM[roms/Asteroid2/035143-02.j2] Addr=7ED2 Value=00
ROM[roms/Asteroid2/035143-02.j2] Addr=7ED3 Value=00
ROM[roms/Asteroid2/035143-02.j2] Addr=7ED4 Value=7F
ROM[roms/Asteroid2/035143-02.j2] Addr=7ED5 Value=FB
ROM[roms/Asteroid2/035143-02.j2] Addr=7ED6 Value=0D
ROM[roms/Asteroid2/035143-02.j2] Addr=7ED7 Value=E0
ROM[roms/Asteroid2/035143-02.j2] Addr=7ED8 Value=00
ROM[roms/Asteroid2/035143-02.j2] Addr=7ED9 Value=B0
ROM[roms/Asteroid2/035143-02.j2] Addr=7EDA Value=7E
ROM[roms/Asteroid2/035143-02.j2] Addr=7EDB Value=FA
ROM[roms/Asteroid2/035143-02.j2] Addr=7EDC Value=11
ROM[roms/Asteroid2/035143-02.j2] Addr=7EDD Value=C0
ROM[roms/Asteroid2/035143-02.j2] Addr=7EDE Value=78
ROM[roms/Asteroid2/035143-02.j2] Addr=7EDF Value=FE
ROM[roms/Asteroid2/035143-02.j2] Addr=7EE0 Value=00
ROM[roms/Asteroid2/035143-02.j2] Addr=7EE1 Value=B0
ROM[roms/Asteroid2/035143-02.j2] Addr=7EE2 Value=13
ROM[roms/Asteroid2/035143-02.j2] Addr=7EE3 Value=C0
ROM[roms/Asteroid2/035143-02.j2] Addr=7EE4 Value=00
ROM[roms/Asteroid2/035143-02.j2] Addr=7EE5 Value=D0
ROM[roms/Asteroid2/035143-02.j2] Addr=7EE6 Value=15
ROM[roms/Asteroid2/035143-02.j2] Addr=7EE7 Value=C0
ROM[roms/Asteroid2/035143-02.j2] Addr=7EE8 Value=00
ROM[roms/Asteroid2/035143-02.j2] Addr=7EE9 Value=D0
ROM[roms/Asteroid2/035143-02.j2] Addr=7EEA Value=17
ROM[roms/Asteroid2/035143-02.j2] Addr=7EEB Value=C0
ROM[roms/Asteroid2/035143-02.j2] Addr=7EEC Value=00
ROM[roms/Asteroid2/035143-02.j2] Addr=7EED Value=D0
ROM[roms/Asteroid2/035143-02.j2] Addr=7EEE Value=7A
ROM[roms/Asteroid2/035143-02.j2] Addr=7EEF Value=F8
ROM[roms/Asteroid2/035143-02.j2] Addr=7EF0 Value=00
ROM[roms/Asteroid2/035143-02.j2] Addr=7EF1 Value=D0
ROM[roms/Asteroid2/035143-02.j2] Addr=7EF2 Value=A9
ROM[roms/Asteroid2/035143-02.j2] Addr=7EF3 Value=50
ROM[roms/Asteroid2/035143-02.j2] Addr=7EF4 Value=A2
ROM[roms/Asteroid2/035143-02.j2] Addr=7EF5 Value=00
ROM[roms/Asteroid2/035143-02.j2] Addr=7EF6 Value=20
ROM[roms/Asteroid2/035143-02.j2] Addr=7EF7 Value=FC
ROM[roms/Asteroid2/035143-02.j2] Addr=7EF8 Value=7B
ROM[roms/Asteroid2/035143-02.j2] Addr=7EF9 Value=A9
ROM[roms/Asteroid2/035143-02.j2] Addr=7EFA Value=69
ROM[roms/Asteroid2/035143-02.j2] Addr=7EFB Value=A2
ROM[roms/Asteroid2/035143-02.j2] Addr=7EFC Value=93
ROM[roms/Asteroid2/035143-02.j2] Addr=7EFD Value=20
ROM[roms/Asteroid2/035143-02.j2] Addr=7EFE Value=03
ROM[roms/Asteroid2/035143-02.j2] Addr=7EFF Value=7C
ROM[roms/Asteroid2/035143-02.j2] Addr=7F00 Value=A9
ROM[roms/Asteroid2/035143-02.j2] Addr=7F01 Value=30
ROM[roms/Asteroid2/035143-02.j2] Addr=7F02 Value=20
ROM[roms/Asteroid2/035143-02.j2] Addr=7F03 Value=DE
ROM[roms/Asteroid2/035143-02.j2] Addr=7F04 Value=7C
ROM[roms/Asteroid2/035143-02.j2] Addr=7F05 Value=A2
ROM[roms/Asteroid2/035143-02.j2] Addr=7F06 Value=03
ROM[roms/Asteroid2/035143-02.j2] Addr=7F07 Value=BD
ROM[roms/Asteroid2/035143-02.j2] Addr=7F08 Value=00
ROM[roms/Asteroid2/035143-02.j2] Addr=7F09 Value=28
ROM[roms/Asteroid2/035143-02.j2] Addr=7F0A Value=29
ROM[roms/Asteroid2/035143-02.j2] Addr=7F0B Value=01
ROM[roms/Asteroid2/035143-02.j2] Addr=7F0C Value=86
ROM[roms/Asteroid2/035143-02.j2] Addr=7F0D Value=0B
ROM[roms/Asteroid2/035143-02.j2] Addr=7F0E Value=20
ROM[roms/Asteroid2/035143-02.j2] Addr=7F0F Value=D1
ROM[roms/Asteroid2/035143-02.j2] Addr=7F10 Value=7B
ROM[roms/Asteroid2/035143-02.j2] Addr=7F11 Value=A6
ROM[roms/Asteroid2/035143-02.j2] Addr=7F12 Value=0B
ROM[roms/Asteroid2/035143-02.j2] Addr=7F13 Value=BD
ROM[roms/Asteroid2/035143-02.j2] Addr=7F14 Value=00
ROM[roms/Asteroid2/035143-02.j2] Addr=7F15 Value=28
ROM[roms/Asteroid2/035143-02.j2] Addr=7F16 Value=29
ROM[roms/Asteroid2/035143-02.j2] Addr=7F17 Value=02
ROM[roms/Asteroid2/035143-02.j2] Addr=7F18 Value=4A
ROM[roms/Asteroid2/035143-02.j2] Addr=7F19 Value=20
ROM[roms/Asteroid2/035143-02.j2] Addr=7F1A Value=D1
ROM[roms/Asteroid2/035143-02.j2] Addr=7F1B Value=7B
ROM[roms/Asteroid2/035143-02.j2] Addr=7F1C Value=A6
ROM[roms/Asteroid2/035143-02.j2] Addr=7F1D Value=0B
ROM[roms/Asteroid2/035143-02.j2] Addr=7F1E Value=CA
ROM[roms/Asteroid2/035143-02.j2] Addr=7F1F Value=10
ROM[roms/Asteroid2/035143-02.j2] Addr=7F20 Value=E6
ROM[roms/Asteroid2/035143-02.j2] Addr=7F21 Value=A9
ROM[roms/Asteroid2/035143-02.j2] Addr=7F22 Value=7A
ROM[roms/Asteroid2/035143-02.j2] Addr=7F23 Value=A2
ROM[roms/Asteroid2/035143-02.j2] Addr=7F24 Value=9D
ROM[roms/Asteroid2/035143-02.j2] Addr=7F25 Value=20
ROM[roms/Asteroid2/035143-02.j2] Addr=7F26 Value=03
ROM[roms/Asteroid2/035143-02.j2] Addr=7F27 Value=7C
ROM[roms/Asteroid2/035143-02.j2] Addr=7F28 Value=A9
ROM[roms/Asteroid2/035143-02.j2] Addr=7F29 Value=10
ROM[roms/Asteroid2/035143-02.j2] Addr=7F2A Value=20
ROM[roms/Asteroid2/035143-02.j2] Addr=7F2B Value=DE
ROM[roms/Asteroid2/035143-02.j2] Addr=7F2C Value=7C
ROM[roms/Asteroid2/035143-02.j2] Addr=7F2D Value=AD
ROM[roms/Asteroid2/035143-02.j2] Addr=7F2E Value=02
ROM[roms/Asteroid2/035143-02.j2] Addr=7F2F Value=28
ROM[roms/Asteroid2/035143-02.j2] Addr=7F30 Value=29
ROM[roms/Asteroid2/035143-02.j2] Addr=7F31 Value=02
ROM[roms/Asteroid2/035143-02.j2] Addr=7F32 Value=4A
ROM[roms/Asteroid2/035143-02.j2] Addr=7F33 Value=69
ROM[roms/Asteroid2/035143-02.j2] Addr=7F34 Value=01
ROM[roms/Asteroid2/035143-02.j2] Addr=7F35 Value=20
ROM[roms/Asteroid2/035143-02.j2] Addr=7F36 Value=D1
ROM[roms/Asteroid2/035143-02.j2] Addr=7F37 Value=7B
ROM[roms/Asteroid2/035143-02.j2] Addr=7F38 Value=AD
ROM[roms/Asteroid2/035143-02.j2] Addr=7F39 Value=01
ROM[roms/Asteroid2/035143-02.j2] Addr=7F3A Value=28
ROM[roms/Asteroid2/035143-02.j2] Addr=7F3B Value=29
ROM[roms/Asteroid2/035143-02.j2] Addr=7F3C Value=03
ROM[roms/Asteroid2/035143-02.j2] Addr=7F3D Value=AA
ROM[roms/Asteroid2/035143-02.j2] Addr=7F3E Value=BD
ROM[roms/Asteroid2/035143-02.j2] Addr=7F3F Value=F5
ROM[roms/Asteroid2/035143-02.j2] Addr=7F40 Value=7F
ROM[roms/Asteroid2/035143-02.j2] Addr=7F41 Value=20
ROM[roms/Asteroid2/035143-02.j2] Addr=7F42 Value=D1
ROM[roms/Asteroid2/035143-02.j2] Addr=7F43 Value=7B
ROM[roms/Asteroid2/035143-02.j2] Addr=7F44 Value=A5
ROM[roms/Asteroid2/035143-02.j2] Addr=7F45 Value=16
ROM[roms/Asteroid2/035143-02.j2] Addr=7F46 Value=F0
ROM[roms/Asteroid2/035143-02.j2] Addr=7F47 Value=07
ROM[roms/Asteroid2/035143-02.j2] Addr=7F48 Value=A2
ROM[roms/Asteroid2/035143-02.j2] Addr=7F49 Value=88
ROM[roms/Asteroid2/035143-02.j2] Addr=7F4A Value=A9
ROM[roms/Asteroid2/035143-02.j2] Addr=7F4B Value=50
ROM[roms/Asteroid2/035143-02.j2] Addr=7F4C Value=20
ROM[roms/Asteroid2/035143-02.j2] Addr=7F4D Value=FC
ROM[roms/Asteroid2/035143-02.j2] Addr=7F4E Value=7B
ROM[roms/Asteroid2/035143-02.j2] Addr=7F4F Value=A2
ROM[roms/Asteroid2/035143-02.j2] Addr=7F50 Value=96
ROM[roms/Asteroid2/035143-02.j2] Addr=7F51 Value=8E
ROM[roms/Asteroid2/035143-02.j2] Addr=7F52 Value=0C
ROM[roms/Asteroid2/035143-02.j2] Addr=7F53 Value=00
ROM[roms/Asteroid2/035143-02.j2] Addr=7F54 Value=A2
ROM[roms/Asteroid2/035143-02.j2] Addr=7F55 Value=07
ROM[roms/Asteroid2/035143-02.j2] Addr=7F56 Value=B5
ROM[roms/Asteroid2/035143-02.j2] Addr=7F57 Value=0D
ROM[roms/Asteroid2/035143-02.j2] Addr=7F58 Value=F0
ROM[roms/Asteroid2/035143-02.j2] Addr=7F59 Value=37
ROM[roms/Asteroid2/035143-02.j2] Addr=7F5A Value=48
ROM[roms/Asteroid2/035143-02.j2] Addr=7F5B Value=8E
ROM[roms/Asteroid2/035143-02.j2] Addr=7F5C Value=0B
ROM[roms/Asteroid2/035143-02.j2] Addr=7F5D Value=00
ROM[roms/Asteroid2/035143-02.j2] Addr=7F5E Value=AE
ROM[roms/Asteroid2/035143-02.j2] Addr=7F5F Value=0C
ROM[roms/Asteroid2/035143-02.j2] Addr=7F60 Value=00
ROM[roms/Asteroid2/035143-02.j2] Addr=7F61 Value=8A
ROM[roms/Asteroid2/035143-02.j2] Addr=7F62 Value=38
ROM[roms/Asteroid2/035143-02.j2] Addr=7F63 Value=E9
ROM[roms/Asteroid2/035143-02.j2] Addr=7F64 Value=08
ROM[roms/Asteroid2/035143-02.j2] Addr=7F65 Value=8D
ROM[roms/Asteroid2/035143-02.j2] Addr=7F66 Value=0C
ROM[roms/Asteroid2/035143-02.j2] Addr=7F67 Value=00
ROM[roms/Asteroid2/035143-02.j2] Addr=7F68 Value=A9
ROM[roms/Asteroid2/035143-02.j2] Addr=7F69 Value=20
ROM[roms/Asteroid2/035143-02.j2] Addr=7F6A Value=20
ROM[roms/Asteroid2/035143-02.j2] Addr=7F6B Value=03
ROM[roms/Asteroid2/035143-02.j2] Addr=7F6C Value=7C
ROM[roms/Asteroid2/035143-02.j2] Addr=7F6D Value=A9
ROM[roms/Asteroid2/035143-02.j2] Addr=7F6E Value=70
ROM[roms/Asteroid2/035143-02.j2] Addr=7F6F Value=20
ROM[roms/Asteroid2/035143-02.j2] Addr=7F70 Value=DE
ROM[roms/Asteroid2/035143-02.j2] Addr=7F71 Value=7C
ROM[roms/Asteroid2/035143-02.j2] Addr=7F72 Value=AD
ROM[roms/Asteroid2/035143-02.j2] Addr=7F73 Value=0B
ROM[roms/Asteroid2/035143-02.j2] Addr=7F74 Value=00
ROM[roms/Asteroid2/035143-02.j2] Addr=7F75 Value=20
ROM[roms/Asteroid2/035143-02.j2] Addr=7F76 Value=D1
ROM[roms/Asteroid2/035143-02.j2] Addr=7F77 Value=7B
ROM[roms/Asteroid2/035143-02.j2] Addr=7F78 Value=AD
ROM[roms/Asteroid2/035143-02.j2] Addr=7F79 Value=D4
ROM[roms/Asteroid2/035143-02.j2] Addr=7F7A Value=56
ROM[roms/Asteroid2/035143-02.j2] Addr=7F7B Value=AE
ROM[roms/Asteroid2/035143-02.j2] Addr=7F7C Value=D5
ROM[roms/Asteroid2/035143-02.j2] Addr=7F7D Value=56
ROM[roms/Asteroid2/035143-02.j2] Addr=7F7E Value=20
ROM[roms/Asteroid2/035143-02.j2] Addr=7F7F Value=45
ROM[roms/Asteroid2/035143-02.j2] Addr=7F80 Value=7D
ROM[roms/Asteroid2/035143-02.j2] Addr=7F81 Value=68
ROM[roms/Asteroid2/035143-02.j2] Addr=7F82 Value=48
ROM[roms/Asteroid2/035143-02.j2] Addr=7F83 Value=4A
ROM[roms/Asteroid2/035143-02.j2] Addr=7F84 Value=4A
ROM[roms/Asteroid2/035143-02.j2] Addr=7F85 Value=4A
ROM[roms/Asteroid2/035143-02.j2] Addr=7F86 Value=4A
ROM[roms/Asteroid2/035143-02.j2] Addr=7F87 Value=20
ROM[roms/Asteroid2/035143-02.j2] Addr=7F88 Value=D1
ROM[roms/Asteroid2/035143-02.j2] Addr=7F89 Value=7B
ROM[roms/Asteroid2/035143-02.j2] Addr=7F8A Value=68
ROM[roms/Asteroid2/035143-02.j2] Addr=7F8B Value=20
ROM[roms/Asteroid2/035143-02.j2] Addr=7F8C Value=D1
ROM[roms/Asteroid2/035143-02.j2] Addr=7F8D Value=7B
ROM[roms/Asteroid2/035143-02.j2] Addr=7F8E Value=AE
ROM[roms/Asteroid2/035143-02.j2] Addr=7F8F Value=0B
ROM[roms/Asteroid2/035143-02.j2] Addr=7F90 Value=00
ROM[roms/Asteroid2/035143-02.j2] Addr=7F91 Value=CA
ROM[roms/Asteroid2/035143-02.j2] Addr=7F92 Value=10
ROM[roms/Asteroid2/035143-02.j2] Addr=7F93 Value=C2
ROM[roms/Asteroid2/035143-02.j2] Addr=7F94 Value=A9
ROM[roms/Asteroid2/035143-02.j2] Addr=7F95 Value=7F
ROM[roms/Asteroid2/035143-02.j2] Addr=7F96 Value=AA
ROM[roms/Asteroid2/035143-02.j2] Addr=7F97 Value=20
ROM[roms/Asteroid2/035143-02.j2] Addr=7F98 Value=03
ROM[roms/Asteroid2/035143-02.j2] Addr=7F99 Value=7C
ROM[roms/Asteroid2/035143-02.j2] Addr=7F9A Value=20
ROM[roms/Asteroid2/035143-02.j2] Addr=7F9B Value=C0
ROM[roms/Asteroid2/035143-02.j2] Addr=7F9C Value=7B
ROM[roms/Asteroid2/035143-02.j2] Addr=7F9D Value=A9
ROM[roms/Asteroid2/035143-02.j2] Addr=7F9E Value=00
ROM[roms/Asteroid2/035143-02.j2] Addr=7F9F Value=A2
ROM[roms/Asteroid2/035143-02.j2] Addr=7FA0 Value=04
ROM[roms/Asteroid2/035143-02.j2] Addr=7FA1 Value=3E
ROM[roms/Asteroid2/035143-02.j2] Addr=7FA2 Value=03
ROM[roms/Asteroid2/035143-02.j2] Addr=7FA3 Value=20
ROM[roms/Asteroid2/035143-02.j2] Addr=7FA4 Value=6A
ROM[roms/Asteroid2/035143-02.j2] Addr=7FA5 Value=CA
ROM[roms/Asteroid2/035143-02.j2] Addr=7FA6 Value=10
ROM[roms/Asteroid2/035143-02.j2] Addr=7FA7 Value=F9
ROM[roms/Asteroid2/035143-02.j2] Addr=7FA8 Value=A8
ROM[roms/Asteroid2/035143-02.j2] Addr=7FA9 Value=A2
ROM[roms/Asteroid2/035143-02.j2] Addr=7FAA Value=07
ROM[roms/Asteroid2/035143-02.j2] Addr=7FAB Value=3E
ROM[roms/Asteroid2/035143-02.j2] Addr=7FAC Value=00
ROM[roms/Asteroid2/035143-02.j2] Addr=7FAD Value=24
ROM[roms/Asteroid2/035143-02.j2] Addr=7FAE Value=2A
ROM[roms/Asteroid2/035143-02.j2] Addr=7FAF Value=CA
ROM[roms/Asteroid2/035143-02.j2] Addr=7FB0 Value=10
ROM[roms/Asteroid2/035143-02.j2] Addr=7FB1 Value=F9
ROM[roms/Asteroid2/035143-02.j2] Addr=7FB2 Value=AA
ROM[roms/Asteroid2/035143-02.j2] Addr=7FB3 Value=45
ROM[roms/Asteroid2/035143-02.j2] Addr=7FB4 Value=08
ROM[roms/Asteroid2/035143-02.j2] Addr=7FB5 Value=86
ROM[roms/Asteroid2/035143-02.j2] Addr=7FB6 Value=08
ROM[roms/Asteroid2/035143-02.j2] Addr=7FB7 Value=08
ROM[roms/Asteroid2/035143-02.j2] Addr=7FB8 Value=A9
ROM[roms/Asteroid2/035143-02.j2] Addr=7FB9 Value=04
ROM[roms/Asteroid2/035143-02.j2] Addr=7FBA Value=8D
ROM[roms/Asteroid2/035143-02.j2] Addr=7FBB Value=00
ROM[roms/Asteroid2/035143-02.j2] Addr=7FBC Value=32
ROM[roms/Asteroid2/035143-02.j2] Addr=7FBD Value=2E
ROM[roms/Asteroid2/035143-02.j2] Addr=7FBE Value=03
ROM[roms/Asteroid2/035143-02.j2] Addr=7FBF Value=20
ROM[roms/Asteroid2/035143-02.j2] Addr=7FC0 Value=2A
ROM[roms/Asteroid2/035143-02.j2] Addr=7FC1 Value=2E
ROM[roms/Asteroid2/035143-02.j2] Addr=7FC2 Value=04
ROM[roms/Asteroid2/035143-02.j2] Addr=7FC3 Value=20
ROM[roms/Asteroid2/035143-02.j2] Addr=7FC4 Value=2A
ROM[roms/Asteroid2/035143-02.j2] Addr=7FC5 Value=2E
ROM[roms/Asteroid2/035143-02.j2] Addr=7FC6 Value=07
ROM[roms/Asteroid2/035143-02.j2] Addr=7FC7 Value=24
ROM[roms/Asteroid2/035143-02.j2] Addr=7FC8 Value=2A
ROM[roms/Asteroid2/035143-02.j2] Addr=7FC9 Value=2E
ROM[roms/Asteroid2/035143-02.j2] Addr=7FCA Value=06
ROM[roms/Asteroid2/035143-02.j2] Addr=7FCB Value=24
ROM[roms/Asteroid2/035143-02.j2] Addr=7FCC Value=2A
ROM[roms/Asteroid2/035143-02.j2] Addr=7FCD Value=2E
ROM[roms/Asteroid2/035143-02.j2] Addr=7FCE Value=05
ROM[roms/Asteroid2/035143-02.j2] Addr=7FCF Value=24
ROM[roms/Asteroid2/035143-02.j2] Addr=7FD0 Value=2A
ROM[roms/Asteroid2/035143-02.j2] Addr=7FD1 Value=AA
ROM[roms/Asteroid2/035143-02.j2] Addr=7FD2 Value=28
ROM[roms/Asteroid2/035143-02.j2] Addr=7FD3 Value=D0
ROM[roms/Asteroid2/035143-02.j2] Addr=7FD4 Value=09
ROM[roms/Asteroid2/035143-02.j2] Addr=7FD5 Value=45
ROM[roms/Asteroid2/035143-02.j2] Addr=7FD6 Value=0A
ROM[roms/Asteroid2/035143-02.j2] Addr=7FD7 Value=D0
ROM[roms/Asteroid2/035143-02.j2] Addr=7FD8 Value=05
ROM[roms/Asteroid2/035143-02.j2] Addr=7FD9 Value=98
ROM[roms/Asteroid2/035143-02.j2] Addr=7FDA Value=45
ROM[roms/Asteroid2/035143-02.j2] Addr=7FDB Value=09
ROM[roms/Asteroid2/035143-02.j2] Addr=7FDC Value=F0
ROM[roms/Asteroid2/035143-02.j2] Addr=7FDD Value=02
ROM[roms/Asteroid2/035143-02.j2] Addr=7FDE Value=A9
ROM[roms/Asteroid2/035143-02.j2] Addr=7FDF Value=80
ROM[roms/Asteroid2/035143-02.j2] Addr=7FE0 Value=8D
ROM[roms/Asteroid2/035143-02.j2] Addr=7FE1 Value=05
ROM[roms/Asteroid2/035143-02.j2] Addr=7FE2 Value=3C
ROM[roms/Asteroid2/035143-02.j2] Addr=7FE3 Value=8D
ROM[roms/Asteroid2/035143-02.j2] Addr=7FE4 Value=00
ROM[roms/Asteroid2/035143-02.j2] Addr=7FE5 Value=32
ROM[roms/Asteroid2/035143-02.j2] Addr=7FE6 Value=8D
ROM[roms/Asteroid2/035143-02.j2] Addr=7FE7 Value=00
ROM[roms/Asteroid2/035143-02.j2] Addr=7FE8 Value=30
ROM[roms/Asteroid2/035143-02.j2] Addr=7FE9 Value=86
ROM[roms/Asteroid2/035143-02.j2] Addr=7FEA Value=0A
ROM[roms/Asteroid2/035143-02.j2] Addr=7FEB Value=84
ROM[roms/Asteroid2/035143-02.j2] Addr=7FEC Value=09
ROM[roms/Asteroid2/035143-02.j2] Addr=7FED Value=AD
ROM[roms/Asteroid2/035143-02.j2] Addr=7FEE Value=07
ROM[roms/Asteroid2/035143-02.j2] Addr=7FEF Value=20
ROM[roms/Asteroid2/035143-02.j2] Addr=7FF0 Value=10
ROM[roms/Asteroid2/035143-02.j2] Addr=7FF1 Value=FE
ROM[roms/Asteroid2/035143-02.j2] Addr=7FF2 Value=4C
ROM[roms/Asteroid2/035143-02.j2] Addr=7FF3 Value=73
ROM[roms/Asteroid2/035143-02.j2] Addr=7FF4 Value=7E
ROM[roms/Asteroid2/035143-02.j2] Addr=7FF5 Value=01
ROM[roms/Asteroid2/035143-02.j2] Addr=7FF6 Value=04
ROM[roms/Asteroid2/035143-02.j2] Addr=7FF7 Value=05
ROM[roms/Asteroid2/035143-02.j2] Addr=7FF8 Value=06
ROM[roms/Asteroid2/035143-02.j2] Addr=7FF9 Value=4E
ROM[roms/Asteroid2/035143-02.j2] Addr=7FFA Value=65
ROM[roms/Asteroid2/035143-02.j2] Addr=7FFB Value=7B
ROM[roms/Asteroid2/035143-02.j2] Addr=7FFC Value=F3
ROM[roms/Asteroid2/035143-02.j2] Addr=7FFD Value=7C
ROM[roms/Asteroid2/035143-02.j2] Addr=7FFE Value=F3
ROM[roms/Asteroid2/035143-02.j2] Addr=7FFF Value=7C
ROM[roms/Asteroid2/035127-02.np3] Addr=5000 Value=80
ROM[roms/Asteroid2/035127-02.np3] Addr=5001 Value=A0
ROM[roms/Asteroid2/035127-02.np3] Addr=5002 Value=00
ROM[roms/Asteroid2/035127-02.np3] Addr=5003 Value=00
ROM[roms/Asteroid2/035127-02.np3] Addr=5004 Value=00
ROM[roms/Asteroid2/035127-02.np3] Addr=5005 Value=70
ROM[roms/Asteroid2/035127-02.np3] Addr=5006 Value=00
ROM[roms/Asteroid2/035127-02.np3] Addr=5007 Value=00
ROM[roms/Asteroid2/035127-02.np3] Addr=5008 Value=00
ROM[roms/Asteroid2/035127-02.np3] Addr=5009 Value=90
ROM[roms/Asteroid2/035127-02.np3] Addr=500A Value=FF
ROM[roms/Asteroid2/035127-02.np3] Addr=500B Value=73
ROM[roms/Asteroid2/035127-02.np3] Addr=500C Value=FF
ROM[roms/Asteroid2/035127-02.np3] Addr=500D Value=92
ROM[roms/Asteroid2/035127-02.np3] Addr=500E Value=00
ROM[roms/Asteroid2/035127-02.np3] Addr=500F Value=70
ROM[roms/Asteroid2/035127-02.np3] Addr=5010 Value=00
ROM[roms/Asteroid2/035127-02.np3] Addr=5011 Value=90
ROM[roms/Asteroid2/035127-02.np3] Addr=5012 Value=FF
ROM[roms/Asteroid2/035127-02.np3] Addr=5013 Value=77
ROM[roms/Asteroid2/035127-02.np3] Addr=5014 Value=FF
ROM[roms/Asteroid2/035127-02.np3] Addr=5015 Value=96
ROM[roms/Asteroid2/035127-02.np3] Addr=5016 Value=00
ROM[roms/Asteroid2/035127-02.np3] Addr=5017 Value=70
ROM[roms/Asteroid2/035127-02.np3] Addr=5018 Value=FF
ROM[roms/Asteroid2/035127-02.np3] Addr=5019 Value=92
ROM[roms/Asteroid2/035127-02.np3] Addr=501A Value=FF
ROM[roms/Asteroid2/035127-02.np3] Addr=501B Value=72
ROM[roms/Asteroid2/035127-02.np3] Addr=501C Value=00
ROM[roms/Asteroid2/035127-02.np3] Addr=501D Value=86
ROM[roms/Asteroid2/035127-02.np3] Addr=501E Value=00
ROM[roms/Asteroid2/035127-02.np3] Addr=501F Value=72
ROM[roms/Asteroid2/035127-02.np3] Addr=5020 Value=FE
ROM[roms/Asteroid2/035127-02.np3] Addr=5021 Value=87
ROM[roms/Asteroid2/035127-02.np3] Addr=5022 Value=FE
ROM[roms/Asteroid2/035127-02.np3] Addr=5023 Value=77
ROM[roms/Asteroid2/035127-02.np3] Addr=5024 Value=00
ROM[roms/Asteroid2/035127-02.np3] Addr=5025 Value=92
ROM[roms/Asteroid2/035127-02.np3] Addr=5026 Value=00
ROM[roms/Asteroid2/035127-02.np3] Addr=5027 Value=76
ROM[roms/Asteroid2/035127-02.np3] Addr=5028 Value=FE
ROM[roms/Asteroid2/035127-02.np3] Addr=5029 Value=81
ROM[roms/Asteroid2/035127-02.np3] Addr=502A Value=00
ROM[roms/Asteroid2/035127-02.np3] Addr=502B Value=72
ROM[roms/Asteroid2/035127-02.np3] Addr=502C Value=FF
ROM[roms/Asteroid2/035127-02.np3] Addr=502D Value=96
ROM[roms/Asteroid2/035127-02.np3] Addr=502E Value=FF
ROM[roms/Asteroid2/035127-02.np3] Addr=502F Value=72
ROM[roms/Asteroid2/035127-02.np3] Addr=5030 Value=7F
ROM[roms/Asteroid2/035127-02.np3] Addr=5031 Value=A3
ROM[roms/Asteroid2/035127-02.np3] Addr=5032 Value=FF
ROM[roms/Asteroid2/035127-02.np3] Addr=5033 Value=03
ROM[roms/Asteroid2/035127-02.np3] Addr=5034 Value=00
ROM[roms/Asteroid2/035127-02.np3] Addr=5035 Value=70
ROM[roms/Asteroid2/035127-02.np3] Addr=5036 Value=00
ROM[roms/Asteroid2/035127-02.np3] Addr=5037 Value=00
ROM[roms/Asteroid2/035127-02.np3] Addr=5038 Value=FF
ROM[roms/Asteroid2/035127-02.np3] Addr=5039 Value=96
ROM[roms/Asteroid2/035127-02.np3] Addr=503A Value=FF
ROM[roms/Asteroid2/035127-02.np3] Addr=503B Value=76
ROM[roms/Asteroid2/035127-02.np3] Addr=503C Value=FE
ROM[roms/Asteroid2/035127-02.np3] Addr=503D Value=81
ROM[roms/Asteroid2/035127-02.np3] Addr=503E Value=00
ROM[roms/Asteroid2/035127-02.np3] Addr=503F Value=76
ROM[roms/Asteroid2/035127-02.np3] Addr=5040 Value=00
ROM[roms/Asteroid2/035127-02.np3] Addr=5041 Value=92
ROM[roms/Asteroid2/035127-02.np3] Addr=5042 Value=00
ROM[roms/Asteroid2/035127-02.np3] Addr=5043 Value=72
ROM[roms/Asteroid2/035127-02.np3] Addr=5044 Value=FE
ROM[roms/Asteroid2/035127-02.np3] Addr=5045 Value=87
ROM[roms/Asteroid2/035127-02.np3] Addr=5046 Value=FE
ROM[roms/Asteroid2/035127-02.np3] Addr=5047 Value=73
ROM[roms/Asteroid2/035127-02.np3] Addr=5048 Value=00
ROM[roms/Asteroid2/035127-02.np3] Addr=5049 Value=86
ROM[roms/Asteroid2/035127-02.np3] Addr=504A Value=00
ROM[roms/Asteroid2/035127-02.np3] Addr=504B Value=76
ROM[roms/Asteroid2/035127-02.np3] Addr=504C Value=FF
ROM[roms/Asteroid2/035127-02.np3] Addr=504D Value=92
ROM[roms/Asteroid2/035127-02.np3] Addr=504E Value=FF
ROM[roms/Asteroid2/035127-02.np3] Addr=504F Value=76
ROM[roms/Asteroid2/035127-02.np3] Addr=5050 Value=FC
ROM[roms/Asteroid2/035127-02.np3] Addr=5051 Value=A1
ROM[roms/Asteroid2/035127-02.np3] Addr=5052 Value=F4
ROM[roms/Asteroid2/035127-02.np3] Addr=5053 Value=01
ROM[roms/Asteroid2/035127-02.np3] Addr=5054 Value=00
ROM[roms/Asteroid2/035127-02.np3] Addr=5055 Value=70
ROM[roms/Asteroid2/035127-02.np3] Addr=5056 Value=00
ROM[roms/Asteroid2/035127-02.np3] Addr=5057 Value=00
ROM[roms/Asteroid2/035127-02.np3] Addr=5058 Value=DB
ROM[roms/Asteroid2/035127-02.np3] Addr=5059 Value=F0
ROM[roms/Asteroid2/035127-02.np3] Addr=505A Value=00
ROM[roms/Asteroid2/035127-02.np3] Addr=505B Value=F9
ROM[roms/Asteroid2/035127-02.np3] Addr=505C Value=CF
ROM[roms/Asteroid2/035127-02.np3] Addr=505D Value=F0
ROM[roms/Asteroid2/035127-02.np3] Addr=505E Value=00
ROM[roms/Asteroid2/035127-02.np3] Addr=505F Value=F9
ROM[roms/Asteroid2/035127-02.np3] Addr=5060 Value=BB
ROM[roms/Asteroid2/035127-02.np3] Addr=5061 Value=F0
ROM[roms/Asteroid2/035127-02.np3] Addr=5062 Value=00
ROM[roms/Asteroid2/035127-02.np3] Addr=5063 Value=F9
ROM[roms/Asteroid2/035127-02.np3] Addr=5064 Value=AF
ROM[roms/Asteroid2/035127-02.np3] Addr=5065 Value=F0
ROM[roms/Asteroid2/035127-02.np3] Addr=5066 Value=00
ROM[roms/Asteroid2/035127-02.np3] Addr=5067 Value=F9
ROM[roms/Asteroid2/035127-02.np3] Addr=5068 Value=9B
ROM[roms/Asteroid2/035127-02.np3] Addr=5069 Value=F0
ROM[roms/Asteroid2/035127-02.np3] Addr=506A Value=00
ROM[roms/Asteroid2/035127-02.np3] Addr=506B Value=F9
ROM[roms/Asteroid2/035127-02.np3] Addr=506C Value=8F
ROM[roms/Asteroid2/035127-02.np3] Addr=506D Value=F0
ROM[roms/Asteroid2/035127-02.np3] Addr=506E Value=00
ROM[roms/Asteroid2/035127-02.np3] Addr=506F Value=F9
ROM[roms/Asteroid2/035127-02.np3] Addr=5070 Value=7B
ROM[roms/Asteroid2/035127-02.np3] Addr=5071 Value=F0
ROM[roms/Asteroid2/035127-02.np3] Addr=5072 Value=00
ROM[roms/Asteroid2/035127-02.np3] Addr=5073 Value=F9
ROM[roms/Asteroid2/035127-02.np3] Addr=5074 Value=6F
ROM[roms/Asteroid2/035127-02.np3] Addr=5075 Value=F0
ROM[roms/Asteroid2/035127-02.np3] Addr=5076 Value=00
ROM[roms/Asteroid2/035127-02.np3] Addr=5077 Value=F9
ROM[roms/Asteroid2/035127-02.np3] Addr=5078 Value=5B
ROM[roms/Asteroid2/035127-02.np3] Addr=5079 Value=F0
ROM[roms/Asteroid2/035127-02.np3] Addr=507A Value=00
ROM[roms/Asteroid2/035127-02.np3] Addr=507B Value=F9
ROM[roms/Asteroid2/035127-02.np3] Addr=507C Value=4F
ROM[roms/Asteroid2/035127-02.np3] Addr=507D Value=F0
ROM[roms/Asteroid2/035127-02.np3] Addr=507E Value=00
ROM[roms/Asteroid2/035127-02.np3] Addr=507F Value=F9
ROM[roms/Asteroid2/035127-02.np3] Addr=5080 Value=3B
ROM[roms/Asteroid2/035127-02.np3] Addr=5081 Value=F0
ROM[roms/Asteroid2/035127-02.np3] Addr=5082 Value=00
ROM[roms/Asteroid2/035127-02.np3] Addr=5083 Value=F9
ROM[roms/Asteroid2/035127-02.np3] Addr=5084 Value=2F
ROM[roms/Asteroid2/035127-02.np3] Addr=5085 Value=F0
ROM[roms/Asteroid2/035127-02.np3] Addr=5086 Value=7C
ROM[roms/Asteroid2/035127-02.np3] Addr=5087 Value=D0
ROM[roms/Asteroid2/035127-02.np3] Addr=5088 Value=E4
ROM[roms/Asteroid2/035127-02.np3] Addr=5089 Value=A0
ROM[roms/Asteroid2/035127-02.np3] Addr=508A Value=5E
ROM[roms/Asteroid2/035127-02.np3] Addr=508B Value=11
ROM[roms/Asteroid2/035127-02.np3] Addr=508C Value=00
ROM[roms/Asteroid2/035127-02.np3] Addr=508D Value=70
ROM[roms/Asteroid2/035127-02.np3] Addr=508E Value=00
ROM[roms/Asteroid2/035127-02.np3] Addr=508F Value=00
ROM[roms/Asteroid2/035127-02.np3] Addr=5090 Value=80
ROM[roms/Asteroid2/035127-02.np3] Addr=5091 Value=CA
ROM[roms/Asteroid2/035127-02.np3] Addr=5092 Value=78
ROM[roms/Asteroid2/035127-02.np3] Addr=5093 Value=CA
ROM[roms/Asteroid2/035127-02.np3] Addr=5094 Value=D8
ROM[roms/Asteroid2/035127-02.np3] Addr=5095 Value=CA
ROM[roms/Asteroid2/035127-02.np3] Addr=5096 Value=C7
ROM[roms/Asteroid2/035127-02.np3] Addr=5097 Value=CA
ROM[roms/Asteroid2/035127-02.np3] Addr=5098 Value=2C
ROM[roms/Asteroid2/035127-02.np3] Addr=5099 Value=CB
ROM[roms/Asteroid2/035127-02.np3] Addr=509A Value=9B
ROM[roms/Asteroid2/035127-02.np3] Addr=509B Value=CA
ROM[roms/Asteroid2/035127-02.np3] Addr=509C Value=F3
ROM[roms/Asteroid2/035127-02.np3] Addr=509D Value=CA
ROM[roms/Asteroid2/035127-02.np3] Addr=509E Value=F3
ROM[roms/Asteroid2/035127-02.np3] Addr=509F Value=CA
ROM[roms/Asteroid2/035127-02.np3] Addr=50A0 Value=DD
ROM[roms/Asteroid2/035127-02.np3] Addr=50A1 Value=CA
ROM[roms/Asteroid2/035127-02.np3] Addr=50A2 Value=F3
ROM[roms/Asteroid2/035127-02.np3] Addr=50A3 Value=EA
ROM[roms/Asteroid2/035127-02.np3] Addr=50A4 Value=80
ROM[roms/Asteroid2/035127-02.np3] Addr=50A5 Value=A0
ROM[roms/Asteroid2/035127-02.np3] Addr=50A6 Value=90
ROM[roms/Asteroid2/035127-02.np3] Addr=50A7 Value=01
ROM[roms/Asteroid2/035127-02.np3] Addr=50A8 Value=00
ROM[roms/Asteroid2/035127-02.np3] Addr=50A9 Value=70
ROM[roms/Asteroid2/035127-02.np3] Addr=50AA Value=00
ROM[roms/Asteroid2/035127-02.np3] Addr=50AB Value=00
ROM[roms/Asteroid2/035127-02.np3] Addr=50AC Value=73
ROM[roms/Asteroid2/035127-02.np3] Addr=50AD Value=F5
ROM[roms/Asteroid2/035127-02.np3] Addr=50AE Value=73
ROM[roms/Asteroid2/035127-02.np3] Addr=50AF Value=F1
ROM[roms/Asteroid2/035127-02.np3] Addr=50B0 Value=78
ROM[roms/Asteroid2/035127-02.np3] Addr=50B1 Value=F1
ROM[roms/Asteroid2/035127-02.np3] Addr=50B2 Value=77
ROM[roms/Asteroid2/035127-02.np3] Addr=50B3 Value=F1
ROM[roms/Asteroid2/035127-02.np3] Addr=50B4 Value=77
ROM[roms/Asteroid2/035127-02.np3] Addr=50B5 Value=F5
ROM[roms/Asteroid2/035127-02.np3] Addr=50B6 Value=78
ROM[roms/Asteroid2/035127-02.np3] Addr=50B7 Value=F5
ROM[roms/Asteroid2/035127-02.np3] Addr=50B8 Value=80
ROM[roms/Asteroid2/035127-02.np3] Addr=50B9 Value=31
ROM[roms/Asteroid2/035127-02.np3] Addr=50BA Value=00
ROM[roms/Asteroid2/035127-02.np3] Addr=50BB Value=02
ROM[roms/Asteroid2/035127-02.np3] Addr=50BC Value=75
ROM[roms/Asteroid2/035127-02.np3] Addr=50BD Value=F8
ROM[roms/Asteroid2/035127-02.np3] Addr=50BE Value=70
ROM[roms/Asteroid2/035127-02.np3] Addr=50BF Value=FD
ROM[roms/Asteroid2/035127-02.np3] Addr=50C0 Value=71
ROM[roms/Asteroid2/035127-02.np3] Addr=50C1 Value=F8
ROM[roms/Asteroid2/035127-02.np3] Addr=50C2 Value=02
ROM[roms/Asteroid2/035127-02.np3] Addr=50C3 Value=FD
ROM[roms/Asteroid2/035127-02.np3] Addr=50C4 Value=2E
ROM[roms/Asteroid2/035127-02.np3] Addr=50C5 Value=CB
ROM[roms/Asteroid2/035127-02.np3] Addr=50C6 Value=63
ROM[roms/Asteroid2/035127-02.np3] Addr=50C7 Value=CB
ROM[roms/Asteroid2/035127-02.np3] Addr=50C8 Value=56
ROM[roms/Asteroid2/035127-02.np3] Addr=50C9 Value=CB
ROM[roms/Asteroid2/035127-02.np3] Addr=50CA Value=63
ROM[roms/Asteroid2/035127-02.np3] Addr=50CB Value=CB
ROM[roms/Asteroid2/035127-02.np3] Addr=50CC Value=2C
ROM[roms/Asteroid2/035127-02.np3] Addr=50CD Value=CB
ROM[roms/Asteroid2/035127-02.np3] Addr=50CE Value=78
ROM[roms/Asteroid2/035127-02.np3] Addr=50CF Value=CA
ROM[roms/Asteroid2/035127-02.np3] Addr=50D0 Value=02
ROM[roms/Asteroid2/035127-02.np3] Addr=50D1 Value=CB
ROM[roms/Asteroid2/035127-02.np3] Addr=50D2 Value=78
ROM[roms/Asteroid2/035127-02.np3] Addr=50D3 Value=CA
ROM[roms/Asteroid2/035127-02.np3] Addr=50D4 Value=F3
ROM[roms/Asteroid2/035127-02.np3] Addr=50D5 Value=CA
ROM[roms/Asteroid2/035127-02.np3] Addr=50D6 Value=BA
ROM[roms/Asteroid2/035127-02.np3] Addr=50D7 Value=CA
ROM[roms/Asteroid2/035127-02.np3] Addr=50D8 Value=2C
ROM[roms/Asteroid2/035127-02.np3] Addr=50D9 Value=CB
ROM[roms/Asteroid2/035127-02.np3] Addr=50DA Value=BA
ROM[roms/Asteroid2/035127-02.np3] Addr=50DB Value=CA
ROM[roms/Asteroid2/035127-02.np3] Addr=50DC Value=D8
ROM[roms/Asteroid2/035127-02.np3] Addr=50DD Value=CA
ROM[roms/Asteroid2/035127-02.np3] Addr=50DE Value=8D
ROM[roms/Asteroid2/035127-02.np3] Addr=50DF Value=EA
ROM[roms/Asteroid2/035127-02.np3] Addr=50E0 Value=C6
ROM[roms/Asteroid2/035127-02.np3] Addr=50E1 Value=FF
ROM[roms/Asteroid2/035127-02.np3] Addr=50E2 Value=C1
ROM[roms/Asteroid2/035127-02.np3] Addr=50E3 Value=FE
ROM[roms/Asteroid2/035127-02.np3] Addr=50E4 Value=C3
ROM[roms/Asteroid2/035127-02.np3] Addr=50E5 Value=F1
ROM[roms/Asteroid2/035127-02.np3] Addr=50E6 Value=CD
ROM[roms/Asteroid2/035127-02.np3] Addr=50E7 Value=F1
ROM[roms/Asteroid2/035127-02.np3] Addr=50E8 Value=C7
ROM[roms/Asteroid2/035127-02.np3] Addr=50E9 Value=F1
ROM[roms/Asteroid2/035127-02.np3] Addr=50EA Value=C1
ROM[roms/Asteroid2/035127-02.np3] Addr=50EB Value=FD
ROM[roms/Asteroid2/035127-02.np3] Addr=50EC Value=D8
ROM[roms/Asteroid2/035127-02.np3] Addr=50ED Value=1E
ROM[roms/Asteroid2/035127-02.np3] Addr=50EE Value=32
ROM[roms/Asteroid2/035127-02.np3] Addr=50EF Value=EC
ROM[roms/Asteroid2/035127-02.np3] Addr=50F0 Value=00
ROM[roms/Asteroid2/035127-02.np3] Addr=50F1 Value=C4
ROM[roms/Asteroid2/035127-02.np3] Addr=50F2 Value=3C
ROM[roms/Asteroid2/035127-02.np3] Addr=50F3 Value=14
ROM[roms/Asteroid2/035127-02.np3] Addr=50F4 Value=0A
ROM[roms/Asteroid2/035127-02.np3] Addr=50F5 Value=46
ROM[roms/Asteroid2/035127-02.np3] Addr=50F6 Value=D8
ROM[roms/Asteroid2/035127-02.np3] Addr=50F7 Value=D8
ROM[roms/Asteroid2/035127-02.np3] Addr=50F8 Value=D0
ROM[roms/Asteroid2/035127-02.np3] Addr=50F9 Value=C8
ROM[roms/Asteroid2/035127-02.np3] Addr=50FA Value=B5
ROM[roms/Asteroid2/035127-02.np3] Addr=50FB Value=C8
ROM[roms/Asteroid2/035127-02.np3] Addr=50FC Value=96
ROM[roms/Asteroid2/035127-02.np3] Addr=50FD Value=C8
ROM[roms/Asteroid2/035127-02.np3] Addr=50FE Value=80
ROM[roms/Asteroid2/035127-02.np3] Addr=50FF Value=C8
ROM[roms/Asteroid2/035127-02.np3] Addr=5100 Value=0D
ROM[roms/Asteroid2/035127-02.np3] Addr=5101 Value=F8
ROM[roms/Asteroid2/035127-02.np3] Addr=5102 Value=78
ROM[roms/Asteroid2/035127-02.np3] Addr=5103 Value=F8
ROM[roms/Asteroid2/035127-02.np3] Addr=5104 Value=0D
ROM[roms/Asteroid2/035127-02.np3] Addr=5105 Value=FD
ROM[roms/Asteroid2/035127-02.np3] Addr=5106 Value=78
ROM[roms/Asteroid2/035127-02.np3] Addr=5107 Value=F8
ROM[roms/Asteroid2/035127-02.np3] Addr=5108 Value=09
ROM[roms/Asteroid2/035127-02.np3] Addr=5109 Value=FD
ROM[roms/Asteroid2/035127-02.np3] Addr=510A Value=78
ROM[roms/Asteroid2/035127-02.np3] Addr=510B Value=F8
ROM[roms/Asteroid2/035127-02.np3] Addr=510C Value=0B
ROM[roms/Asteroid2/035127-02.np3] Addr=510D Value=F1
ROM[roms/Asteroid2/035127-02.np3] Addr=510E Value=78
ROM[roms/Asteroid2/035127-02.np3] Addr=510F Value=F8
ROM[roms/Asteroid2/035127-02.np3] Addr=5110 Value=0A
ROM[roms/Asteroid2/035127-02.np3] Addr=5111 Value=F5
ROM[roms/Asteroid2/035127-02.np3] Addr=5112 Value=78
ROM[roms/Asteroid2/035127-02.np3] Addr=5113 Value=F8
ROM[roms/Asteroid2/035127-02.np3] Addr=5114 Value=08
ROM[roms/Asteroid2/035127-02.np3] Addr=5115 Value=F9
ROM[roms/Asteroid2/035127-02.np3] Addr=5116 Value=78
ROM[roms/Asteroid2/035127-02.np3] Addr=5117 Value=F8
ROM[roms/Asteroid2/035127-02.np3] Addr=5118 Value=09
ROM[roms/Asteroid2/035127-02.np3] Addr=5119 Value=F3
ROM[roms/Asteroid2/035127-02.np3] Addr=511A Value=78
ROM[roms/Asteroid2/035127-02.np3] Addr=511B Value=F8
ROM[roms/Asteroid2/035127-02.np3] Addr=511C Value=0D
ROM[roms/Asteroid2/035127-02.np3] Addr=511D Value=F3
ROM[roms/Asteroid2/035127-02.np3] Addr=511E Value=78
ROM[roms/Asteroid2/035127-02.np3] Addr=511F Value=F8
ROM[roms/Asteroid2/035127-02.np3] Addr=5120 Value=80
ROM[roms/Asteroid2/035127-02.np3] Addr=5121 Value=54
ROM[roms/Asteroid2/035127-02.np3] Addr=5122 Value=00
ROM[roms/Asteroid2/035127-02.np3] Addr=5123 Value=06
ROM[roms/Asteroid2/035127-02.np3] Addr=5124 Value=78
ROM[roms/Asteroid2/035127-02.np3] Addr=5125 Value=F8
ROM[roms/Asteroid2/035127-02.np3] Addr=5126 Value=0F
ROM[roms/Asteroid2/035127-02.np3] Addr=5127 Value=F1
ROM[roms/Asteroid2/035127-02.np3] Addr=5128 Value=78
ROM[roms/Asteroid2/035127-02.np3] Addr=5129 Value=F8
ROM[roms/Asteroid2/035127-02.np3] Addr=512A Value=00
ROM[roms/Asteroid2/035127-02.np3] Addr=512B Value=D0
ROM[roms/Asteroid2/035127-02.np3] Addr=512C Value=00
ROM[roms/Asteroid2/035127-02.np3] Addr=512D Value=30
ROM[roms/Asteroid2/035127-02.np3] Addr=512E Value=80
ROM[roms/Asteroid2/035127-02.np3] Addr=512F Value=07
ROM[roms/Asteroid2/035127-02.np3] Addr=5130 Value=78
ROM[roms/Asteroid2/035127-02.np3] Addr=5131 Value=F8
ROM[roms/Asteroid2/035127-02.np3] Addr=5132 Value=80
ROM[roms/Asteroid2/035127-02.np3] Addr=5133 Value=37
ROM[roms/Asteroid2/035127-02.np3] Addr=5134 Value=80
ROM[roms/Asteroid2/035127-02.np3] Addr=5135 Value=07
ROM[roms/Asteroid2/035127-02.np3] Addr=5136 Value=78
ROM[roms/Asteroid2/035127-02.np3] Addr=5137 Value=F8
ROM[roms/Asteroid2/035127-02.np3] Addr=5138 Value=80
ROM[roms/Asteroid2/035127-02.np3] Addr=5139 Value=37
ROM[roms/Asteroid2/035127-02.np3] Addr=513A Value=80
ROM[roms/Asteroid2/035127-02.np3] Addr=513B Value=03
ROM[roms/Asteroid2/035127-02.np3] Addr=513C Value=78
ROM[roms/Asteroid2/035127-02.np3] Addr=513D Value=F8
ROM[roms/Asteroid2/035127-02.np3] Addr=513E Value=E0
ROM[roms/Asteroid2/035127-02.np3] Addr=513F Value=40
ROM[roms/Asteroid2/035127-02.np3] Addr=5140 Value=A0
ROM[roms/Asteroid2/035127-02.np3] Addr=5141 Value=02
ROM[roms/Asteroid2/035127-02.np3] Addr=5142 Value=78
ROM[roms/Asteroid2/035127-02.np3] Addr=5143 Value=F8
ROM[roms/Asteroid2/035127-02.np3] Addr=5144 Value=C0
ROM[roms/Asteroid2/035127-02.np3] Addr=5145 Value=35
ROM[roms/Asteroid2/035127-02.np3] Addr=5146 Value=80
ROM[roms/Asteroid2/035127-02.np3] Addr=5147 Value=03
ROM[roms/Asteroid2/035127-02.np3] Addr=5148 Value=78
ROM[roms/Asteroid2/035127-02.np3] Addr=5149 Value=F8
ROM[roms/Asteroid2/035127-02.np3] Addr=514A Value=80
ROM[roms/Asteroid2/035127-02.np3] Addr=514B Value=33
ROM[roms/Asteroid2/035127-02.np3] Addr=514C Value=00
ROM[roms/Asteroid2/035127-02.np3] Addr=514D Value=00
ROM[roms/Asteroid2/035127-02.np3] Addr=514E Value=78
ROM[roms/Asteroid2/035127-02.np3] Addr=514F Value=F8
ROM[roms/Asteroid2/035127-02.np3] Addr=5150 Value=A0
ROM[roms/Asteroid2/035127-02.np3] Addr=5151 Value=42
ROM[roms/Asteroid2/035127-02.np3] Addr=5152 Value=E0
ROM[roms/Asteroid2/035127-02.np3] Addr=5153 Value=00
ROM[roms/Asteroid2/035127-02.np3] Addr=5154 Value=78
ROM[roms/Asteroid2/035127-02.np3] Addr=5155 Value=F8
ROM[roms/Asteroid2/035127-02.np3] Addr=5156 Value=A0
ROM[roms/Asteroid2/035127-02.np3] Addr=5157 Value=42
ROM[roms/Asteroid2/035127-02.np3] Addr=5158 Value=E0
ROM[roms/Asteroid2/035127-02.np3] Addr=5159 Value=04
ROM[roms/Asteroid2/035127-02.np3] Addr=515A Value=78
ROM[roms/Asteroid2/035127-02.np3] Addr=515B Value=F8
ROM[roms/Asteroid2/035127-02.np3] Addr=515C Value=E0
ROM[roms/Asteroid2/035127-02.np3] Addr=515D Value=44
ROM[roms/Asteroid2/035127-02.np3] Addr=515E Value=80
ROM[roms/Asteroid2/035127-02.np3] Addr=515F Value=07
ROM[roms/Asteroid2/035127-02.np3] Addr=5160 Value=78
ROM[roms/Asteroid2/035127-02.np3] Addr=5161 Value=F8
ROM[roms/Asteroid2/035127-02.np3] Addr=5162 Value=E0
ROM[roms/Asteroid2/035127-02.np3] Addr=5163 Value=40
ROM[roms/Asteroid2/035127-02.np3] Addr=5164 Value=A0
ROM[roms/Asteroid2/035127-02.np3] Addr=5165 Value=06
ROM[roms/Asteroid2/035127-02.np3] Addr=5166 Value=78
ROM[roms/Asteroid2/035127-02.np3] Addr=5167 Value=F8
ROM[roms/Asteroid2/035127-02.np3] Addr=5168 Value=00
ROM[roms/Asteroid2/035127-02.np3] Addr=5169 Value=D0
ROM[roms/Asteroid2/035127-02.np3] Addr=516A Value=07
ROM[roms/Asteroid2/035127-02.np3] Addr=516B Value=F8
ROM[roms/Asteroid2/035127-02.np3] Addr=516C Value=78
ROM[roms/Asteroid2/035127-02.np3] Addr=516D Value=F8
ROM[roms/Asteroid2/035127-02.np3] Addr=516E Value=07
ROM[roms/Asteroid2/035127-02.np3] Addr=516F Value=FF
ROM[roms/Asteroid2/035127-02.np3] Addr=5170 Value=78
ROM[roms/Asteroid2/035127-02.np3] Addr=5171 Value=F8
ROM[roms/Asteroid2/035127-02.np3] Addr=5172 Value=03
ROM[roms/Asteroid2/035127-02.np3] Addr=5173 Value=FF
ROM[roms/Asteroid2/035127-02.np3] Addr=5174 Value=78
ROM[roms/Asteroid2/035127-02.np3] Addr=5175 Value=F8
ROM[roms/Asteroid2/035127-02.np3] Addr=5176 Value=C0
ROM[roms/Asteroid2/035127-02.np3] Addr=5177 Value=40
ROM[roms/Asteroid2/035127-02.np3] Addr=5178 Value=40
ROM[roms/Asteroid2/035127-02.np3] Addr=5179 Value=02
ROM[roms/Asteroid2/035127-02.np3] Addr=517A Value=78
ROM[roms/Asteroid2/035127-02.np3] Addr=517B Value=F8
ROM[roms/Asteroid2/035127-02.np3] Addr=517C Value=80
ROM[roms/Asteroid2/035127-02.np3] Addr=517D Value=35
ROM[roms/Asteroid2/035127-02.np3] Addr=517E Value=00
ROM[roms/Asteroid2/035127-02.np3] Addr=517F Value=03
ROM[roms/Asteroid2/035127-02.np3] Addr=5180 Value=78
ROM[roms/Asteroid2/035127-02.np3] Addr=5181 Value=F8
ROM[roms/Asteroid2/035127-02.np3] Addr=5182 Value=00
ROM[roms/Asteroid2/035127-02.np3] Addr=5183 Value=FB
ROM[roms/Asteroid2/035127-02.np3] Addr=5184 Value=78
ROM[roms/Asteroid2/035127-02.np3] Addr=5185 Value=F8
ROM[roms/Asteroid2/035127-02.np3] Addr=5186 Value=40
ROM[roms/Asteroid2/035127-02.np3] Addr=5187 Value=42
ROM[roms/Asteroid2/035127-02.np3] Addr=5188 Value=C0
ROM[roms/Asteroid2/035127-02.np3] Addr=5189 Value=00
ROM[roms/Asteroid2/035127-02.np3] Addr=518A Value=78
ROM[roms/Asteroid2/035127-02.np3] Addr=518B Value=F8
ROM[roms/Asteroid2/035127-02.np3] Addr=518C Value=40
ROM[roms/Asteroid2/035127-02.np3] Addr=518D Value=42
ROM[roms/Asteroid2/035127-02.np3] Addr=518E Value=C0
ROM[roms/Asteroid2/035127-02.np3] Addr=518F Value=04
ROM[roms/Asteroid2/035127-02.np3] Addr=5190 Value=78
ROM[roms/Asteroid2/035127-02.np3] Addr=5191 Value=F8
ROM[roms/Asteroid2/035127-02.np3] Addr=5192 Value=C0
ROM[roms/Asteroid2/035127-02.np3] Addr=5193 Value=44
ROM[roms/Asteroid2/035127-02.np3] Addr=5194 Value=00
ROM[roms/Asteroid2/035127-02.np3] Addr=5195 Value=07
ROM[roms/Asteroid2/035127-02.np3] Addr=5196 Value=78
ROM[roms/Asteroid2/035127-02.np3] Addr=5197 Value=F8
ROM[roms/Asteroid2/035127-02.np3] Addr=5198 Value=C0
ROM[roms/Asteroid2/035127-02.np3] Addr=5199 Value=40
ROM[roms/Asteroid2/035127-02.np3] Addr=519A Value=40
ROM[roms/Asteroid2/035127-02.np3] Addr=519B Value=06
ROM[roms/Asteroid2/035127-02.np3] Addr=519C Value=78
ROM[roms/Asteroid2/035127-02.np3] Addr=519D Value=F8
ROM[roms/Asteroid2/035127-02.np3] Addr=519E Value=00
ROM[roms/Asteroid2/035127-02.np3] Addr=519F Value=D0
ROM[roms/Asteroid2/035127-02.np3] Addr=51A0 Value=00
ROM[roms/Asteroid2/035127-02.np3] Addr=51A1 Value=30
ROM[roms/Asteroid2/035127-02.np3] Addr=51A2 Value=80
ROM[roms/Asteroid2/035127-02.np3] Addr=51A3 Value=06
ROM[roms/Asteroid2/035127-02.np3] Addr=51A4 Value=78
ROM[roms/Asteroid2/035127-02.np3] Addr=51A5 Value=F8
ROM[roms/Asteroid2/035127-02.np3] Addr=51A6 Value=80
ROM[roms/Asteroid2/035127-02.np3] Addr=51A7 Value=36
ROM[roms/Asteroid2/035127-02.np3] Addr=51A8 Value=80
ROM[roms/Asteroid2/035127-02.np3] Addr=51A9 Value=06
ROM[roms/Asteroid2/035127-02.np3] Addr=51AA Value=78
ROM[roms/Asteroid2/035127-02.np3] Addr=51AB Value=F8
ROM[roms/Asteroid2/035127-02.np3] Addr=51AC Value=80
ROM[roms/Asteroid2/035127-02.np3] Addr=51AD Value=36
ROM[roms/Asteroid2/035127-02.np3] Addr=51AE Value=80
ROM[roms/Asteroid2/035127-02.np3] Addr=51AF Value=02
ROM[roms/Asteroid2/035127-02.np3] Addr=51B0 Value=78
ROM[roms/Asteroid2/035127-02.np3] Addr=51B1 Value=F8
ROM[roms/Asteroid2/035127-02.np3] Addr=51B2 Value=40
ROM[roms/Asteroid2/035127-02.np3] Addr=51B3 Value=31
ROM[roms/Asteroid2/035127-02.np3] Addr=51B4 Value=C0
ROM[roms/Asteroid2/035127-02.np3] Addr=51B5 Value=03
ROM[roms/Asteroid2/035127-02.np3] Addr=51B6 Value=78
ROM[roms/Asteroid2/035127-02.np3] Addr=51B7 Value=F8
ROM[roms/Asteroid2/035127-02.np3] Addr=51B8 Value=40
ROM[roms/Asteroid2/035127-02.np3] Addr=51B9 Value=35
ROM[roms/Asteroid2/035127-02.np3] Addr=51BA Value=80
ROM[roms/Asteroid2/035127-02.np3] Addr=51BB Value=02
ROM[roms/Asteroid2/035127-02.np3] Addr=51BC Value=78
ROM[roms/Asteroid2/035127-02.np3] Addr=51BD Value=F8
ROM[roms/Asteroid2/035127-02.np3] Addr=51BE Value=80
ROM[roms/Asteroid2/035127-02.np3] Addr=51BF Value=32
ROM[roms/Asteroid2/035127-02.np3] Addr=51C0 Value=00
ROM[roms/Asteroid2/035127-02.np3] Addr=51C1 Value=00
ROM[roms/Asteroid2/035127-02.np3] Addr=51C2 Value=78
ROM[roms/Asteroid2/035127-02.np3] Addr=51C3 Value=F8
ROM[roms/Asteroid2/035127-02.np3] Addr=51C4 Value=C0
ROM[roms/Asteroid2/035127-02.np3] Addr=51C5 Value=33
ROM[roms/Asteroid2/035127-02.np3] Addr=51C6 Value=40
ROM[roms/Asteroid2/035127-02.np3] Addr=51C7 Value=01
ROM[roms/Asteroid2/035127-02.np3] Addr=51C8 Value=78
ROM[roms/Asteroid2/035127-02.np3] Addr=51C9 Value=F8
ROM[roms/Asteroid2/035127-02.np3] Addr=51CA Value=C0
ROM[roms/Asteroid2/035127-02.np3] Addr=51CB Value=33
ROM[roms/Asteroid2/035127-02.np3] Addr=51CC Value=40
ROM[roms/Asteroid2/035127-02.np3] Addr=51CD Value=05
ROM[roms/Asteroid2/035127-02.np3] Addr=51CE Value=78
ROM[roms/Asteroid2/035127-02.np3] Addr=51CF Value=F8
ROM[roms/Asteroid2/035127-02.np3] Addr=51D0 Value=A0
ROM[roms/Asteroid2/035127-02.np3] Addr=51D1 Value=44
ROM[roms/Asteroid2/035127-02.np3] Addr=51D2 Value=80
ROM[roms/Asteroid2/035127-02.np3] Addr=51D3 Value=06
ROM[roms/Asteroid2/035127-02.np3] Addr=51D4 Value=78
ROM[roms/Asteroid2/035127-02.np3] Addr=51D5 Value=F8
ROM[roms/Asteroid2/035127-02.np3] Addr=51D6 Value=40
ROM[roms/Asteroid2/035127-02.np3] Addr=51D7 Value=31
ROM[roms/Asteroid2/035127-02.np3] Addr=51D8 Value=C0
ROM[roms/Asteroid2/035127-02.np3] Addr=51D9 Value=07
ROM[roms/Asteroid2/035127-02.np3] Addr=51DA Value=78
ROM[roms/Asteroid2/035127-02.np3] Addr=51DB Value=F8
ROM[roms/Asteroid2/035127-02.np3] Addr=51DC Value=00
ROM[roms/Asteroid2/035127-02.np3] Addr=51DD Value=D0
ROM[roms/Asteroid2/035127-02.np3] Addr=51DE Value=F3
ROM[roms/Asteroid2/035127-02.np3] Addr=51DF Value=C8
ROM[roms/Asteroid2/035127-02.np3] Addr=51E0 Value=FF
ROM[roms/Asteroid2/035127-02.np3] Addr=51E1 Value=C8
ROM[roms/Asteroid2/035127-02.np3] Addr=51E2 Value=0D
ROM[roms/Asteroid2/035127-02.np3] Addr=51E3 Value=C9
ROM[roms/Asteroid2/035127-02.np3] Addr=51E4 Value=1A
ROM[roms/Asteroid2/035127-02.np3] Addr=51E5 Value=C9
ROM[roms/Asteroid2/035127-02.np3] Addr=51E6 Value=08
ROM[roms/Asteroid2/035127-02.np3] Addr=51E7 Value=F9
ROM[roms/Asteroid2/035127-02.np3] Addr=51E8 Value=79
ROM[roms/Asteroid2/035127-02.np3] Addr=51E9 Value=F9
ROM[roms/Asteroid2/035127-02.np3] Addr=51EA Value=79
ROM[roms/Asteroid2/035127-02.np3] Addr=51EB Value=FD
ROM[roms/Asteroid2/035127-02.np3] Addr=51EC Value=7D
ROM[roms/Asteroid2/035127-02.np3] Addr=51ED Value=F6
ROM[roms/Asteroid2/035127-02.np3] Addr=51EE Value=79
ROM[roms/Asteroid2/035127-02.np3] Addr=51EF Value=F6
ROM[roms/Asteroid2/035127-02.np3] Addr=51F0 Value=8F
ROM[roms/Asteroid2/035127-02.np3] Addr=51F1 Value=F6
ROM[roms/Asteroid2/035127-02.np3] Addr=51F2 Value=8F
ROM[roms/Asteroid2/035127-02.np3] Addr=51F3 Value=F0
ROM[roms/Asteroid2/035127-02.np3] Addr=51F4 Value=7D
ROM[roms/Asteroid2/035127-02.np3] Addr=51F5 Value=F9
ROM[roms/Asteroid2/035127-02.np3] Addr=51F6 Value=78
ROM[roms/Asteroid2/035127-02.np3] Addr=51F7 Value=FA
ROM[roms/Asteroid2/035127-02.np3] Addr=51F8 Value=79
ROM[roms/Asteroid2/035127-02.np3] Addr=51F9 Value=F9
ROM[roms/Asteroid2/035127-02.np3] Addr=51FA Value=79
ROM[roms/Asteroid2/035127-02.np3] Addr=51FB Value=FD
ROM[roms/Asteroid2/035127-02.np3] Addr=51FC Value=00
ROM[roms/Asteroid2/035127-02.np3] Addr=51FD Value=D0
ROM[roms/Asteroid2/035127-02.np3] Addr=51FE Value=0A
ROM[roms/Asteroid2/035127-02.np3] Addr=51FF Value=F1
ROM[roms/Asteroid2/035127-02.np3] Addr=5200 Value=7A
ROM[roms/Asteroid2/035127-02.np3] Addr=5201 Value=F1
ROM[roms/Asteroid2/035127-02.np3] Addr=5202 Value=7D
ROM[roms/Asteroid2/035127-02.np3] Addr=5203 Value=F9
ROM[roms/Asteroid2/035127-02.np3] Addr=5204 Value=7E
ROM[roms/Asteroid2/035127-02.np3] Addr=5205 Value=F5
ROM[roms/Asteroid2/035127-02.np3] Addr=5206 Value=7E
ROM[roms/Asteroid2/035127-02.np3] Addr=5207 Value=F1
ROM[roms/Asteroid2/035127-02.np3] Addr=5208 Value=7D
ROM[roms/Asteroid2/035127-02.np3] Addr=5209 Value=FD
ROM[roms/Asteroid2/035127-02.np3] Addr=520A Value=79
ROM[roms/Asteroid2/035127-02.np3] Addr=520B Value=F6
ROM[roms/Asteroid2/035127-02.np3] Addr=520C Value=7D
ROM[roms/Asteroid2/035127-02.np3] Addr=520D Value=F6
ROM[roms/Asteroid2/035127-02.np3] Addr=520E Value=79
ROM[roms/Asteroid2/035127-02.np3] Addr=520F Value=FD
ROM[roms/Asteroid2/035127-02.np3] Addr=5210 Value=79
ROM[roms/Asteroid2/035127-02.np3] Addr=5211 Value=F1
ROM[roms/Asteroid2/035127-02.np3] Addr=5212 Value=8B
ROM[roms/Asteroid2/035127-02.np3] Addr=5213 Value=F5
ROM[roms/Asteroid2/035127-02.np3] Addr=5214 Value=8A
ROM[roms/Asteroid2/035127-02.np3] Addr=5215 Value=F3
ROM[roms/Asteroid2/035127-02.np3] Addr=5216 Value=7D
ROM[roms/Asteroid2/035127-02.np3] Addr=5217 Value=F9
ROM[roms/Asteroid2/035127-02.np3] Addr=5218 Value=00
ROM[roms/Asteroid2/035127-02.np3] Addr=5219 Value=D0
ROM[roms/Asteroid2/035127-02.np3] Addr=521A Value=0D
ROM[roms/Asteroid2/035127-02.np3] Addr=521B Value=F8
ROM[roms/Asteroid2/035127-02.np3] Addr=521C Value=7E
ROM[roms/Asteroid2/035127-02.np3] Addr=521D Value=F5
ROM[roms/Asteroid2/035127-02.np3] Addr=521E Value=7A
ROM[roms/Asteroid2/035127-02.np3] Addr=521F Value=F7
ROM[roms/Asteroid2/035127-02.np3] Addr=5220 Value=7A
ROM[roms/Asteroid2/035127-02.np3] Addr=5221 Value=F3
ROM[roms/Asteroid2/035127-02.np3] Addr=5222 Value=78
ROM[roms/Asteroid2/035127-02.np3] Addr=5223 Value=F7
ROM[roms/Asteroid2/035127-02.np3] Addr=5224 Value=79
ROM[roms/Asteroid2/035127-02.np3] Addr=5225 Value=F8
ROM[roms/Asteroid2/035127-02.np3] Addr=5226 Value=7A
ROM[roms/Asteroid2/035127-02.np3] Addr=5227 Value=F3
ROM[roms/Asteroid2/035127-02.np3] Addr=5228 Value=78
ROM[roms/Asteroid2/035127-02.np3] Addr=5229 Value=F9
ROM[roms/Asteroid2/035127-02.np3] Addr=522A Value=7E
ROM[roms/Asteroid2/035127-02.np3] Addr=522B Value=F3
ROM[roms/Asteroid2/035127-02.np3] Addr=522C Value=7F
ROM[roms/Asteroid2/035127-02.np3] Addr=522D Value=F0
ROM[roms/Asteroid2/035127-02.np3] Addr=522E Value=7F
ROM[roms/Asteroid2/035127-02.np3] Addr=522F Value=F7
ROM[roms/Asteroid2/035127-02.np3] Addr=5230 Value=7A
ROM[roms/Asteroid2/035127-02.np3] Addr=5231 Value=F5
ROM[roms/Asteroid2/035127-02.np3] Addr=5232 Value=00
ROM[roms/Asteroid2/035127-02.np3] Addr=5233 Value=D0
ROM[roms/Asteroid2/035127-02.np3] Addr=5234 Value=09
ROM[roms/Asteroid2/035127-02.np3] Addr=5235 Value=F0
ROM[roms/Asteroid2/035127-02.np3] Addr=5236 Value=7B
ROM[roms/Asteroid2/035127-02.np3] Addr=5237 Value=F1
ROM[roms/Asteroid2/035127-02.np3] Addr=5238 Value=68
ROM[roms/Asteroid2/035127-02.np3] Addr=5239 Value=F1
ROM[roms/Asteroid2/035127-02.np3] Addr=523A Value=7F
ROM[roms/Asteroid2/035127-02.np3] Addr=523B Value=F2
ROM[roms/Asteroid2/035127-02.np3] Addr=523C Value=7F
ROM[roms/Asteroid2/035127-02.np3] Addr=523D Value=F0
ROM[roms/Asteroid2/035127-02.np3] Addr=523E Value=69
ROM[roms/Asteroid2/035127-02.np3] Addr=523F Value=F6
ROM[roms/Asteroid2/035127-02.np3] Addr=5240 Value=7F
ROM[roms/Asteroid2/035127-02.np3] Addr=5241 Value=F0
ROM[roms/Asteroid2/035127-02.np3] Addr=5242 Value=78
ROM[roms/Asteroid2/035127-02.np3] Addr=5243 Value=F7
ROM[roms/Asteroid2/035127-02.np3] Addr=5244 Value=7A
ROM[roms/Asteroid2/035127-02.np3] Addr=5245 Value=F7
ROM[roms/Asteroid2/035127-02.np3] Addr=5246 Value=7B
ROM[roms/Asteroid2/035127-02.np3] Addr=5247 Value=F1
ROM[roms/Asteroid2/035127-02.np3] Addr=5248 Value=69
ROM[roms/Asteroid2/035127-02.np3] Addr=5249 Value=F5
ROM[roms/Asteroid2/035127-02.np3] Addr=524A Value=69
ROM[roms/Asteroid2/035127-02.np3] Addr=524B Value=F9
ROM[roms/Asteroid2/035127-02.np3] Addr=524C Value=7F
ROM[roms/Asteroid2/035127-02.np3] Addr=524D Value=F2
ROM[roms/Asteroid2/035127-02.np3] Addr=524E Value=00
ROM[roms/Asteroid2/035127-02.np3] Addr=524F Value=D0
ROM[roms/Asteroid2/035127-02.np3] Addr=5250 Value=29
ROM[roms/Asteroid2/035127-02.np3] Addr=5251 Value=C9
ROM[roms/Asteroid2/035127-02.np3] Addr=5252 Value=0E
ROM[roms/Asteroid2/035127-02.np3] Addr=5253 Value=F1
ROM[roms/Asteroid2/035127-02.np3] Addr=5254 Value=CA
ROM[roms/Asteroid2/035127-02.np3] Addr=5255 Value=F8
ROM[roms/Asteroid2/035127-02.np3] Addr=5256 Value=0B
ROM[roms/Asteroid2/035127-02.np3] Addr=5257 Value=F6
ROM[roms/Asteroid2/035127-02.np3] Addr=5258 Value=00
ROM[roms/Asteroid2/035127-02.np3] Addr=5259 Value=60
ROM[roms/Asteroid2/035127-02.np3] Addr=525A Value=80
ROM[roms/Asteroid2/035127-02.np3] Addr=525B Value=D6
ROM[roms/Asteroid2/035127-02.np3] Addr=525C Value=DB
ROM[roms/Asteroid2/035127-02.np3] Addr=525D Value=F6
ROM[roms/Asteroid2/035127-02.np3] Addr=525E Value=CA
ROM[roms/Asteroid2/035127-02.np3] Addr=525F Value=F8
ROM[roms/Asteroid2/035127-02.np3] Addr=5260 Value=DB
ROM[roms/Asteroid2/035127-02.np3] Addr=5261 Value=F2
ROM[roms/Asteroid2/035127-02.np3] Addr=5262 Value=DF
ROM[roms/Asteroid2/035127-02.np3] Addr=5263 Value=F2
ROM[roms/Asteroid2/035127-02.np3] Addr=5264 Value=CD
ROM[roms/Asteroid2/035127-02.np3] Addr=5265 Value=F2
ROM[roms/Asteroid2/035127-02.np3] Addr=5266 Value=CD
ROM[roms/Asteroid2/035127-02.np3] Addr=5267 Value=F8
ROM[roms/Asteroid2/035127-02.np3] Addr=5268 Value=CD
ROM[roms/Asteroid2/035127-02.np3] Addr=5269 Value=F6
ROM[roms/Asteroid2/035127-02.np3] Addr=526A Value=DF
ROM[roms/Asteroid2/035127-02.np3] Addr=526B Value=F6
ROM[roms/Asteroid2/035127-02.np3] Addr=526C Value=00
ROM[roms/Asteroid2/035127-02.np3] Addr=526D Value=D0
ROM[roms/Asteroid2/035127-02.np3] Addr=526E Value=90
ROM[roms/Asteroid2/035127-02.np3] Addr=526F Value=52
ROM[roms/Asteroid2/035127-02.np3] Addr=5270 Value=A8
ROM[roms/Asteroid2/035127-02.np3] Addr=5271 Value=52
ROM[roms/Asteroid2/035127-02.np3] Addr=5272 Value=CC
ROM[roms/Asteroid2/035127-02.np3] Addr=5273 Value=52
ROM[roms/Asteroid2/035127-02.np3] Addr=5274 Value=F0
ROM[roms/Asteroid2/035127-02.np3] Addr=5275 Value=52
ROM[roms/Asteroid2/035127-02.np3] Addr=5276 Value=14
ROM[roms/Asteroid2/035127-02.np3] Addr=5277 Value=53
ROM[roms/Asteroid2/035127-02.np3] Addr=5278 Value=36
ROM[roms/Asteroid2/035127-02.np3] Addr=5279 Value=53
ROM[roms/Asteroid2/035127-02.np3] Addr=527A Value=5A
ROM[roms/Asteroid2/035127-02.np3] Addr=527B Value=53
ROM[roms/Asteroid2/035127-02.np3] Addr=527C Value=7E
ROM[roms/Asteroid2/035127-02.np3] Addr=527D Value=53
ROM[roms/Asteroid2/035127-02.np3] Addr=527E Value=A2
ROM[roms/Asteroid2/035127-02.np3] Addr=527F Value=53
ROM[roms/Asteroid2/035127-02.np3] Addr=5280 Value=C6
ROM[roms/Asteroid2/035127-02.np3] Addr=5281 Value=53
ROM[roms/Asteroid2/035127-02.np3] Addr=5282 Value=EA
ROM[roms/Asteroid2/035127-02.np3] Addr=5283 Value=53
ROM[roms/Asteroid2/035127-02.np3] Addr=5284 Value=0E
ROM[roms/Asteroid2/035127-02.np3] Addr=5285 Value=54
ROM[roms/Asteroid2/035127-02.np3] Addr=5286 Value=32
ROM[roms/Asteroid2/035127-02.np3] Addr=5287 Value=54
ROM[roms/Asteroid2/035127-02.np3] Addr=5288 Value=56
ROM[roms/Asteroid2/035127-02.np3] Addr=5289 Value=54
ROM[roms/Asteroid2/035127-02.np3] Addr=528A Value=7A
ROM[roms/Asteroid2/035127-02.np3] Addr=528B Value=54
ROM[roms/Asteroid2/035127-02.np3] Addr=528C Value=9E
ROM[roms/Asteroid2/035127-02.np3] Addr=528D Value=54
ROM[roms/Asteroid2/035127-02.np3] Addr=528E Value=C2
ROM[roms/Asteroid2/035127-02.np3] Addr=528F Value=54
ROM[roms/Asteroid2/035127-02.np3] Addr=5290 Value=0F
ROM[roms/Asteroid2/035127-02.np3] Addr=5291 Value=F6
ROM[roms/Asteroid2/035127-02.np3] Addr=5292 Value=C8
ROM[roms/Asteroid2/035127-02.np3] Addr=5293 Value=FA
ROM[roms/Asteroid2/035127-02.np3] Addr=5294 Value=BD
ROM[roms/Asteroid2/035127-02.np3] Addr=5295 Value=F9
ROM[roms/Asteroid2/035127-02.np3] Addr=5296 Value=00
ROM[roms/Asteroid2/035127-02.np3] Addr=5297 Value=65
ROM[roms/Asteroid2/035127-02.np3] Addr=5298 Value=00
ROM[roms/Asteroid2/035127-02.np3] Addr=5299 Value=C3
ROM[roms/Asteroid2/035127-02.np3] Addr=529A Value=00
ROM[roms/Asteroid2/035127-02.np3] Addr=529B Value=65
ROM[roms/Asteroid2/035127-02.np3] Addr=529C Value=00
ROM[roms/Asteroid2/035127-02.np3] Addr=529D Value=C7
ROM[roms/Asteroid2/035127-02.np3] Addr=529E Value=B9
ROM[roms/Asteroid2/035127-02.np3] Addr=529F Value=F9
ROM[roms/Asteroid2/035127-02.np3] Addr=52A0 Value=00
ROM[roms/Asteroid2/035127-02.np3] Addr=52A1 Value=D0
ROM[roms/Asteroid2/035127-02.np3] Addr=52A2 Value=CE
ROM[roms/Asteroid2/035127-02.np3] Addr=52A3 Value=F9
ROM[roms/Asteroid2/035127-02.np3] Addr=52A4 Value=CA
ROM[roms/Asteroid2/035127-02.np3] Addr=52A5 Value=F9
ROM[roms/Asteroid2/035127-02.np3] Addr=52A6 Value=00
ROM[roms/Asteroid2/035127-02.np3] Addr=52A7 Value=D0
ROM[roms/Asteroid2/035127-02.np3] Addr=52A8 Value=40
ROM[roms/Asteroid2/035127-02.np3] Addr=52A9 Value=46
ROM[roms/Asteroid2/035127-02.np3] Addr=52AA Value=C0
ROM[roms/Asteroid2/035127-02.np3] Addr=52AB Value=06
ROM[roms/Asteroid2/035127-02.np3] Addr=52AC Value=00
ROM[roms/Asteroid2/035127-02.np3] Addr=52AD Value=52
ROM[roms/Asteroid2/035127-02.np3] Addr=52AE Value=30
ROM[roms/Asteroid2/035127-02.np3] Addr=52AF Value=C4
ROM[roms/Asteroid2/035127-02.np3] Addr=52B0 Value=C0
ROM[roms/Asteroid2/035127-02.np3] Addr=52B1 Value=41
ROM[roms/Asteroid2/035127-02.np3] Addr=52B2 Value=20
ROM[roms/Asteroid2/035127-02.np3] Addr=52B3 Value=C6
ROM[roms/Asteroid2/035127-02.np3] Addr=52B4 Value=B0
ROM[roms/Asteroid2/035127-02.np3] Addr=52B5 Value=64
ROM[roms/Asteroid2/035127-02.np3] Addr=52B6 Value=18
ROM[roms/Asteroid2/035127-02.np3] Addr=52B7 Value=C3
ROM[roms/Asteroid2/035127-02.np3] Addr=52B8 Value=48
ROM[roms/Asteroid2/035127-02.np3] Addr=52B9 Value=65
ROM[roms/Asteroid2/035127-02.np3] Addr=52BA Value=E0
ROM[roms/Asteroid2/035127-02.np3] Addr=52BB Value=C6
ROM[roms/Asteroid2/035127-02.np3] Addr=52BC Value=20
ROM[roms/Asteroid2/035127-02.np3] Addr=52BD Value=42
ROM[roms/Asteroid2/035127-02.np3] Addr=52BE Value=C0
ROM[roms/Asteroid2/035127-02.np3] Addr=52BF Value=C1
ROM[roms/Asteroid2/035127-02.np3] Addr=52C0 Value=00
ROM[roms/Asteroid2/035127-02.np3] Addr=52C1 Value=D0
ROM[roms/Asteroid2/035127-02.np3] Addr=52C2 Value=D0
ROM[roms/Asteroid2/035127-02.np3] Addr=52C3 Value=50
ROM[roms/Asteroid2/035127-02.np3] Addr=52C4 Value=10
ROM[roms/Asteroid2/035127-02.np3] Addr=52C5 Value=C6
ROM[roms/Asteroid2/035127-02.np3] Addr=52C6 Value=60
ROM[roms/Asteroid2/035127-02.np3] Addr=52C7 Value=42
ROM[roms/Asteroid2/035127-02.np3] Addr=52C8 Value=C0
ROM[roms/Asteroid2/035127-02.np3] Addr=52C9 Value=C3
ROM[roms/Asteroid2/035127-02.np3] Addr=52CA Value=00
ROM[roms/Asteroid2/035127-02.np3] Addr=52CB Value=D0
ROM[roms/Asteroid2/035127-02.np3] Addr=52CC Value=80
ROM[roms/Asteroid2/035127-02.np3] Addr=52CD Value=46
ROM[roms/Asteroid2/035127-02.np3] Addr=52CE Value=80
ROM[roms/Asteroid2/035127-02.np3] Addr=52CF Value=06
ROM[roms/Asteroid2/035127-02.np3] Addr=52D0 Value=E0
ROM[roms/Asteroid2/035127-02.np3] Addr=52D1 Value=43
ROM[roms/Asteroid2/035127-02.np3] Addr=52D2 Value=C0
ROM[roms/Asteroid2/035127-02.np3] Addr=52D3 Value=C4
ROM[roms/Asteroid2/035127-02.np3] Addr=52D4 Value=A0
ROM[roms/Asteroid2/035127-02.np3] Addr=52D5 Value=41
ROM[roms/Asteroid2/035127-02.np3] Addr=52D6 Value=60
ROM[roms/Asteroid2/035127-02.np3] Addr=52D7 Value=C6
ROM[roms/Asteroid2/035127-02.np3] Addr=52D8 Value=68
ROM[roms/Asteroid2/035127-02.np3] Addr=52D9 Value=64
ROM[roms/Asteroid2/035127-02.np3] Addr=52DA Value=20
ROM[roms/Asteroid2/035127-02.np3] Addr=52DB Value=C3
ROM[roms/Asteroid2/035127-02.np3] Addr=52DC Value=90
ROM[roms/Asteroid2/035127-02.np3] Addr=52DD Value=65
ROM[roms/Asteroid2/035127-02.np3] Addr=52DE Value=C0
ROM[roms/Asteroid2/035127-02.np3] Addr=52DF Value=C6
ROM[roms/Asteroid2/035127-02.np3] Addr=52E0 Value=60
ROM[roms/Asteroid2/035127-02.np3] Addr=52E1 Value=42
ROM[roms/Asteroid2/035127-02.np3] Addr=52E2 Value=A0
ROM[roms/Asteroid2/035127-02.np3] Addr=52E3 Value=C1
ROM[roms/Asteroid2/035127-02.np3] Addr=52E4 Value=00
ROM[roms/Asteroid2/035127-02.np3] Addr=52E5 Value=D0
ROM[roms/Asteroid2/035127-02.np3] Addr=52E6 Value=90
ROM[roms/Asteroid2/035127-02.np3] Addr=52E7 Value=50
ROM[roms/Asteroid2/035127-02.np3] Addr=52E8 Value=30
ROM[roms/Asteroid2/035127-02.np3] Addr=52E9 Value=C6
ROM[roms/Asteroid2/035127-02.np3] Addr=52EA Value=C0
ROM[roms/Asteroid2/035127-02.np3] Addr=52EB Value=42
ROM[roms/Asteroid2/035127-02.np3] Addr=52EC Value=80
ROM[roms/Asteroid2/035127-02.np3] Addr=52ED Value=C3
ROM[roms/Asteroid2/035127-02.np3] Addr=52EE Value=00
ROM[roms/Asteroid2/035127-02.np3] Addr=52EF Value=D0
ROM[roms/Asteroid2/035127-02.np3] Addr=52F0 Value=C0
ROM[roms/Asteroid2/035127-02.np3] Addr=52F1 Value=46
ROM[roms/Asteroid2/035127-02.np3] Addr=52F2 Value=40
ROM[roms/Asteroid2/035127-02.np3] Addr=52F3 Value=06
ROM[roms/Asteroid2/035127-02.np3] Addr=52F4 Value=E0
ROM[roms/Asteroid2/035127-02.np3] Addr=52F5 Value=43
ROM[roms/Asteroid2/035127-02.np3] Addr=52F6 Value=20
ROM[roms/Asteroid2/035127-02.np3] Addr=52F7 Value=C5
ROM[roms/Asteroid2/035127-02.np3] Addr=52F8 Value=60
ROM[roms/Asteroid2/035127-02.np3] Addr=52F9 Value=41
ROM[roms/Asteroid2/035127-02.np3] Addr=52FA Value=80
ROM[roms/Asteroid2/035127-02.np3] Addr=52FB Value=C6
ROM[roms/Asteroid2/035127-02.np3] Addr=52FC Value=18
ROM[roms/Asteroid2/035127-02.np3] Addr=52FD Value=64
ROM[roms/Asteroid2/035127-02.np3] Addr=52FE Value=28
ROM[roms/Asteroid2/035127-02.np3] Addr=52FF Value=C3
ROM[roms/Asteroid2/035127-02.np3] Addr=5300 Value=D0
ROM[roms/Asteroid2/035127-02.np3] Addr=5301 Value=65
ROM[roms/Asteroid2/035127-02.np3] Addr=5302 Value=98
ROM[roms/Asteroid2/035127-02.np3] Addr=5303 Value=C6
ROM[roms/Asteroid2/035127-02.np3] Addr=5304 Value=80
ROM[roms/Asteroid2/035127-02.np3] Addr=5305 Value=42
ROM[roms/Asteroid2/035127-02.np3] Addr=5306 Value=60
ROM[roms/Asteroid2/035127-02.np3] Addr=5307 Value=C1
ROM[roms/Asteroid2/035127-02.np3] Addr=5308 Value=00
ROM[roms/Asteroid2/035127-02.np3] Addr=5309 Value=D0
ROM[roms/Asteroid2/035127-02.np3] Addr=530A Value=60
ROM[roms/Asteroid2/035127-02.np3] Addr=530B Value=50
ROM[roms/Asteroid2/035127-02.np3] Addr=530C Value=30
ROM[roms/Asteroid2/035127-02.np3] Addr=530D Value=C6
ROM[roms/Asteroid2/035127-02.np3] Addr=530E Value=20
ROM[roms/Asteroid2/035127-02.np3] Addr=530F Value=43
ROM[roms/Asteroid2/035127-02.np3] Addr=5310 Value=40
ROM[roms/Asteroid2/035127-02.np3] Addr=5311 Value=C3
ROM[roms/Asteroid2/035127-02.np3] Addr=5312 Value=00
ROM[roms/Asteroid2/035127-02.np3] Addr=5313 Value=D0
ROM[roms/Asteroid2/035127-02.np3] Addr=5314 Value=0E
ROM[roms/Asteroid2/035127-02.np3] Addr=5315 Value=F7
ROM[roms/Asteroid2/035127-02.np3] Addr=5316 Value=C0
ROM[roms/Asteroid2/035127-02.np3] Addr=5317 Value=43
ROM[roms/Asteroid2/035127-02.np3] Addr=5318 Value=80
ROM[roms/Asteroid2/035127-02.np3] Addr=5319 Value=C5
ROM[roms/Asteroid2/035127-02.np3] Addr=531A Value=20
ROM[roms/Asteroid2/035127-02.np3] Addr=531B Value=41
ROM[roms/Asteroid2/035127-02.np3] Addr=531C Value=A0
ROM[roms/Asteroid2/035127-02.np3] Addr=531D Value=C6
ROM[roms/Asteroid2/035127-02.np3] Addr=531E Value=38
ROM[roms/Asteroid2/035127-02.np3] Addr=531F Value=60
ROM[roms/Asteroid2/035127-02.np3] Addr=5320 Value=28
ROM[roms/Asteroid2/035127-02.np3] Addr=5321 Value=C3
ROM[roms/Asteroid2/035127-02.np3] Addr=5322 Value=10
ROM[roms/Asteroid2/035127-02.np3] Addr=5323 Value=66
ROM[roms/Asteroid2/035127-02.np3] Addr=5324 Value=60
ROM[roms/Asteroid2/035127-02.np3] Addr=5325 Value=C6
ROM[roms/Asteroid2/035127-02.np3] Addr=5326 Value=A0
ROM[roms/Asteroid2/035127-02.np3] Addr=5327 Value=42
ROM[roms/Asteroid2/035127-02.np3] Addr=5328 Value=20
ROM[roms/Asteroid2/035127-02.np3] Addr=5329 Value=C1
ROM[roms/Asteroid2/035127-02.np3] Addr=532A Value=00
ROM[roms/Asteroid2/035127-02.np3] Addr=532B Value=D0
ROM[roms/Asteroid2/035127-02.np3] Addr=532C Value=30
ROM[roms/Asteroid2/035127-02.np3] Addr=532D Value=50
ROM[roms/Asteroid2/035127-02.np3] Addr=532E Value=40
ROM[roms/Asteroid2/035127-02.np3] Addr=532F Value=C6
ROM[roms/Asteroid2/035127-02.np3] Addr=5330 Value=60
ROM[roms/Asteroid2/035127-02.np3] Addr=5331 Value=43
ROM[roms/Asteroid2/035127-02.np3] Addr=5332 Value=E0
ROM[roms/Asteroid2/035127-02.np3] Addr=5333 Value=C2
ROM[roms/Asteroid2/035127-02.np3] Addr=5334 Value=00
ROM[roms/Asteroid2/035127-02.np3] Addr=5335 Value=D0
ROM[roms/Asteroid2/035127-02.np3] Addr=5336 Value=20
ROM[roms/Asteroid2/035127-02.np3] Addr=5337 Value=47
ROM[roms/Asteroid2/035127-02.np3] Addr=5338 Value=C0
ROM[roms/Asteroid2/035127-02.np3] Addr=5339 Value=05
ROM[roms/Asteroid2/035127-02.np3] Addr=533A Value=80
ROM[roms/Asteroid2/035127-02.np3] Addr=533B Value=43
ROM[roms/Asteroid2/035127-02.np3] Addr=533C Value=E0
ROM[roms/Asteroid2/035127-02.np3] Addr=533D Value=C5
ROM[roms/Asteroid2/035127-02.np3] Addr=533E Value=E0
ROM[roms/Asteroid2/035127-02.np3] Addr=533F Value=40
ROM[roms/Asteroid2/035127-02.np3] Addr=5340 Value=C0
ROM[roms/Asteroid2/035127-02.np3] Addr=5341 Value=C6
ROM[roms/Asteroid2/035127-02.np3] Addr=5342 Value=88
ROM[roms/Asteroid2/035127-02.np3] Addr=5343 Value=60
ROM[roms/Asteroid2/035127-02.np3] Addr=5344 Value=20
ROM[roms/Asteroid2/035127-02.np3] Addr=5345 Value=C3
ROM[roms/Asteroid2/035127-02.np3] Addr=5346 Value=48
ROM[roms/Asteroid2/035127-02.np3] Addr=5347 Value=66
ROM[roms/Asteroid2/035127-02.np3] Addr=5348 Value=30
ROM[roms/Asteroid2/035127-02.np3] Addr=5349 Value=C6
ROM[roms/Asteroid2/035127-02.np3] Addr=534A Value=C0
ROM[roms/Asteroid2/035127-02.np3] Addr=534B Value=42
ROM[roms/Asteroid2/035127-02.np3] Addr=534C Value=E0
ROM[roms/Asteroid2/035127-02.np3] Addr=534D Value=C0
ROM[roms/Asteroid2/035127-02.np3] Addr=534E Value=00
ROM[roms/Asteroid2/035127-02.np3] Addr=534F Value=D0
ROM[roms/Asteroid2/035127-02.np3] Addr=5350 Value=10
ROM[roms/Asteroid2/035127-02.np3] Addr=5351 Value=54
ROM[roms/Asteroid2/035127-02.np3] Addr=5352 Value=40
ROM[roms/Asteroid2/035127-02.np3] Addr=5353 Value=C6
ROM[roms/Asteroid2/035127-02.np3] Addr=5354 Value=A0
ROM[roms/Asteroid2/035127-02.np3] Addr=5355 Value=43
ROM[roms/Asteroid2/035127-02.np3] Addr=5356 Value=A0
ROM[roms/Asteroid2/035127-02.np3] Addr=5357 Value=C2
ROM[roms/Asteroid2/035127-02.np3] Addr=5358 Value=00
ROM[roms/Asteroid2/035127-02.np3] Addr=5359 Value=D0
ROM[roms/Asteroid2/035127-02.np3] Addr=535A Value=60
ROM[roms/Asteroid2/035127-02.np3] Addr=535B Value=47
ROM[roms/Asteroid2/035127-02.np3] Addr=535C Value=60
ROM[roms/Asteroid2/035127-02.np3] Addr=535D Value=05
ROM[roms/Asteroid2/035127-02.np3] Addr=535E Value=60
ROM[roms/Asteroid2/035127-02.np3] Addr=535F Value=43
ROM[roms/Asteroid2/035127-02.np3] Addr=5360 Value=40
ROM[roms/Asteroid2/035127-02.np3] Addr=5361 Value=C6
ROM[roms/Asteroid2/035127-02.np3] Addr=5362 Value=80
ROM[roms/Asteroid2/035127-02.np3] Addr=5363 Value=40
ROM[roms/Asteroid2/035127-02.np3] Addr=5364 Value=C0
ROM[roms/Asteroid2/035127-02.np3] Addr=5365 Value=C6
ROM[roms/Asteroid2/035127-02.np3] Addr=5366 Value=D8
ROM[roms/Asteroid2/035127-02.np3] Addr=5367 Value=60
ROM[roms/Asteroid2/035127-02.np3] Addr=5368 Value=10
ROM[roms/Asteroid2/035127-02.np3] Addr=5369 Value=C3
ROM[roms/Asteroid2/035127-02.np3] Addr=536A Value=80
ROM[roms/Asteroid2/035127-02.np3] Addr=536B Value=66
ROM[roms/Asteroid2/035127-02.np3] Addr=536C Value=F0
ROM[roms/Asteroid2/035127-02.np3] Addr=536D Value=C5
ROM[roms/Asteroid2/035127-02.np3] Addr=536E Value=C0
ROM[roms/Asteroid2/035127-02.np3] Addr=536F Value=42
ROM[roms/Asteroid2/035127-02.np3] Addr=5370 Value=80
ROM[roms/Asteroid2/035127-02.np3] Addr=5371 Value=C0
ROM[roms/Asteroid2/035127-02.np3] Addr=5372 Value=00
ROM[roms/Asteroid2/035127-02.np3] Addr=5373 Value=D0
ROM[roms/Asteroid2/035127-02.np3] Addr=5374 Value=40
ROM[roms/Asteroid2/035127-02.np3] Addr=5375 Value=54
ROM[roms/Asteroid2/035127-02.np3] Addr=5376 Value=30
ROM[roms/Asteroid2/035127-02.np3] Addr=5377 Value=C6
ROM[roms/Asteroid2/035127-02.np3] Addr=5378 Value=E0
ROM[roms/Asteroid2/035127-02.np3] Addr=5379 Value=43
ROM[roms/Asteroid2/035127-02.np3] Addr=537A Value=40
ROM[roms/Asteroid2/035127-02.np3] Addr=537B Value=C2
ROM[roms/Asteroid2/035127-02.np3] Addr=537C Value=00
ROM[roms/Asteroid2/035127-02.np3] Addr=537D Value=D0
ROM[roms/Asteroid2/035127-02.np3] Addr=537E Value=80
ROM[roms/Asteroid2/035127-02.np3] Addr=537F Value=47
ROM[roms/Asteroid2/035127-02.np3] Addr=5380 Value=00
ROM[roms/Asteroid2/035127-02.np3] Addr=5381 Value=05
ROM[roms/Asteroid2/035127-02.np3] Addr=5382 Value=20
ROM[roms/Asteroid2/035127-02.np3] Addr=5383 Value=43
ROM[roms/Asteroid2/035127-02.np3] Addr=5384 Value=80
ROM[roms/Asteroid2/035127-02.np3] Addr=5385 Value=C6
ROM[roms/Asteroid2/035127-02.np3] Addr=5386 Value=40
ROM[roms/Asteroid2/035127-02.np3] Addr=5387 Value=40
ROM[roms/Asteroid2/035127-02.np3] Addr=5388 Value=E0
ROM[roms/Asteroid2/035127-02.np3] Addr=5389 Value=C6
ROM[roms/Asteroid2/035127-02.np3] Addr=538A Value=20
ROM[roms/Asteroid2/035127-02.np3] Addr=538B Value=61
ROM[roms/Asteroid2/035127-02.np3] Addr=538C Value=F8
ROM[roms/Asteroid2/035127-02.np3] Addr=538D Value=C2
ROM[roms/Asteroid2/035127-02.np3] Addr=538E Value=B0
ROM[roms/Asteroid2/035127-02.np3] Addr=538F Value=66
ROM[roms/Asteroid2/035127-02.np3] Addr=5390 Value=B0
ROM[roms/Asteroid2/035127-02.np3] Addr=5391 Value=C5
ROM[roms/Asteroid2/035127-02.np3] Addr=5392 Value=E0
ROM[roms/Asteroid2/035127-02.np3] Addr=5393 Value=42
ROM[roms/Asteroid2/035127-02.np3] Addr=5394 Value=40
ROM[roms/Asteroid2/035127-02.np3] Addr=5395 Value=C0
ROM[roms/Asteroid2/035127-02.np3] Addr=5396 Value=00
ROM[roms/Asteroid2/035127-02.np3] Addr=5397 Value=D0
ROM[roms/Asteroid2/035127-02.np3] Addr=5398 Value=80
ROM[roms/Asteroid2/035127-02.np3] Addr=5399 Value=54
ROM[roms/Asteroid2/035127-02.np3] Addr=539A Value=30
ROM[roms/Asteroid2/035127-02.np3] Addr=539B Value=C6
ROM[roms/Asteroid2/035127-02.np3] Addr=539C Value=10
ROM[roms/Asteroid2/035127-02.np3] Addr=539D Value=52
ROM[roms/Asteroid2/035127-02.np3] Addr=539E Value=F0
ROM[roms/Asteroid2/035127-02.np3] Addr=539F Value=C0
ROM[roms/Asteroid2/035127-02.np3] Addr=53A0 Value=00
ROM[roms/Asteroid2/035127-02.np3] Addr=53A1 Value=D0
ROM[roms/Asteroid2/035127-02.np3] Addr=53A2 Value=80
ROM[roms/Asteroid2/035127-02.np3] Addr=53A3 Value=47
ROM[roms/Asteroid2/035127-02.np3] Addr=53A4 Value=C0
ROM[roms/Asteroid2/035127-02.np3] Addr=53A5 Value=04
ROM[roms/Asteroid2/035127-02.np3] Addr=53A6 Value=E0
ROM[roms/Asteroid2/035127-02.np3] Addr=53A7 Value=42
ROM[roms/Asteroid2/035127-02.np3] Addr=53A8 Value=E0
ROM[roms/Asteroid2/035127-02.np3] Addr=53A9 Value=C6
ROM[roms/Asteroid2/035127-02.np3] Addr=53AA Value=00
ROM[roms/Asteroid2/035127-02.np3] Addr=53AB Value=40
ROM[roms/Asteroid2/035127-02.np3] Addr=53AC Value=E0
ROM[roms/Asteroid2/035127-02.np3] Addr=53AD Value=C6
ROM[roms/Asteroid2/035127-02.np3] Addr=53AE Value=68
ROM[roms/Asteroid2/035127-02.np3] Addr=53AF Value=61
ROM[roms/Asteroid2/035127-02.np3] Addr=53B0 Value=D8
ROM[roms/Asteroid2/035127-02.np3] Addr=53B1 Value=C2
ROM[roms/Asteroid2/035127-02.np3] Addr=53B2 Value=D8
ROM[roms/Asteroid2/035127-02.np3] Addr=53B3 Value=66
ROM[roms/Asteroid2/035127-02.np3] Addr=53B4 Value=68
ROM[roms/Asteroid2/035127-02.np3] Addr=53B5 Value=C5
ROM[roms/Asteroid2/035127-02.np3] Addr=53B6 Value=E0
ROM[roms/Asteroid2/035127-02.np3] Addr=53B7 Value=42
ROM[roms/Asteroid2/035127-02.np3] Addr=53B8 Value=00
ROM[roms/Asteroid2/035127-02.np3] Addr=53B9 Value=C0
ROM[roms/Asteroid2/035127-02.np3] Addr=53BA Value=00
ROM[roms/Asteroid2/035127-02.np3] Addr=53BB Value=D0
ROM[roms/Asteroid2/035127-02.np3] Addr=53BC Value=B0
ROM[roms/Asteroid2/035127-02.np3] Addr=53BD Value=54
ROM[roms/Asteroid2/035127-02.np3] Addr=53BE Value=20
ROM[roms/Asteroid2/035127-02.np3] Addr=53BF Value=C6
ROM[roms/Asteroid2/035127-02.np3] Addr=53C0 Value=20
ROM[roms/Asteroid2/035127-02.np3] Addr=53C1 Value=52
ROM[roms/Asteroid2/035127-02.np3] Addr=53C2 Value=B0
ROM[roms/Asteroid2/035127-02.np3] Addr=53C3 Value=C0
ROM[roms/Asteroid2/035127-02.np3] Addr=53C4 Value=00
ROM[roms/Asteroid2/035127-02.np3] Addr=53C5 Value=D0
ROM[roms/Asteroid2/035127-02.np3] Addr=53C6 Value=A0
ROM[roms/Asteroid2/035127-02.np3] Addr=53C7 Value=47
ROM[roms/Asteroid2/035127-02.np3] Addr=53C8 Value=60
ROM[roms/Asteroid2/035127-02.np3] Addr=53C9 Value=04
ROM[roms/Asteroid2/035127-02.np3] Addr=53CA Value=80
ROM[roms/Asteroid2/035127-02.np3] Addr=53CB Value=42
ROM[roms/Asteroid2/035127-02.np3] Addr=53CC Value=20
ROM[roms/Asteroid2/035127-02.np3] Addr=53CD Value=C7
ROM[roms/Asteroid2/035127-02.np3] Addr=53CE Value=40
ROM[roms/Asteroid2/035127-02.np3] Addr=53CF Value=44
ROM[roms/Asteroid2/035127-02.np3] Addr=53D0 Value=E0
ROM[roms/Asteroid2/035127-02.np3] Addr=53D1 Value=C6
ROM[roms/Asteroid2/035127-02.np3] Addr=53D2 Value=B0
ROM[roms/Asteroid2/035127-02.np3] Addr=53D3 Value=61
ROM[roms/Asteroid2/035127-02.np3] Addr=53D4 Value=B0
ROM[roms/Asteroid2/035127-02.np3] Addr=53D5 Value=C2
ROM[roms/Asteroid2/035127-02.np3] Addr=53D6 Value=F8
ROM[roms/Asteroid2/035127-02.np3] Addr=53D7 Value=66
ROM[roms/Asteroid2/035127-02.np3] Addr=53D8 Value=20
ROM[roms/Asteroid2/035127-02.np3] Addr=53D9 Value=C5
ROM[roms/Asteroid2/035127-02.np3] Addr=53DA Value=E0
ROM[roms/Asteroid2/035127-02.np3] Addr=53DB Value=42
ROM[roms/Asteroid2/035127-02.np3] Addr=53DC Value=40
ROM[roms/Asteroid2/035127-02.np3] Addr=53DD Value=C4
ROM[roms/Asteroid2/035127-02.np3] Addr=53DE Value=00
ROM[roms/Asteroid2/035127-02.np3] Addr=53DF Value=D0
ROM[roms/Asteroid2/035127-02.np3] Addr=53E0 Value=F0
ROM[roms/Asteroid2/035127-02.np3] Addr=53E1 Value=54
ROM[roms/Asteroid2/035127-02.np3] Addr=53E2 Value=10
ROM[roms/Asteroid2/035127-02.np3] Addr=53E3 Value=C6
ROM[roms/Asteroid2/035127-02.np3] Addr=53E4 Value=30
ROM[roms/Asteroid2/035127-02.np3] Addr=53E5 Value=52
ROM[roms/Asteroid2/035127-02.np3] Addr=53E6 Value=80
ROM[roms/Asteroid2/035127-02.np3] Addr=53E7 Value=C0
ROM[roms/Asteroid2/035127-02.np3] Addr=53E8 Value=00
ROM[roms/Asteroid2/035127-02.np3] Addr=53E9 Value=D0
ROM[roms/Asteroid2/035127-02.np3] Addr=53EA Value=A0
ROM[roms/Asteroid2/035127-02.np3] Addr=53EB Value=47
ROM[roms/Asteroid2/035127-02.np3] Addr=53EC Value=00
ROM[roms/Asteroid2/035127-02.np3] Addr=53ED Value=00
ROM[roms/Asteroid2/035127-02.np3] Addr=53EE Value=40
ROM[roms/Asteroid2/035127-02.np3] Addr=53EF Value=42
ROM[roms/Asteroid2/035127-02.np3] Addr=53F0 Value=60
ROM[roms/Asteroid2/035127-02.np3] Addr=53F1 Value=C7
ROM[roms/Asteroid2/035127-02.np3] Addr=53F2 Value=80
ROM[roms/Asteroid2/035127-02.np3] Addr=53F3 Value=44
ROM[roms/Asteroid2/035127-02.np3] Addr=53F4 Value=C0
ROM[roms/Asteroid2/035127-02.np3] Addr=53F5 Value=C6
ROM[roms/Asteroid2/035127-02.np3] Addr=53F6 Value=F0
ROM[roms/Asteroid2/035127-02.np3] Addr=53F7 Value=61
ROM[roms/Asteroid2/035127-02.np3] Addr=53F8 Value=80
ROM[roms/Asteroid2/035127-02.np3] Addr=53F9 Value=C2
ROM[roms/Asteroid2/035127-02.np3] Addr=53FA Value=10
ROM[roms/Asteroid2/035127-02.np3] Addr=53FB Value=67
ROM[roms/Asteroid2/035127-02.np3] Addr=53FC Value=D8
ROM[roms/Asteroid2/035127-02.np3] Addr=53FD Value=C4
ROM[roms/Asteroid2/035127-02.np3] Addr=53FE Value=C0
ROM[roms/Asteroid2/035127-02.np3] Addr=53FF Value=42
ROM[roms/Asteroid2/035127-02.np3] Addr=5400 Value=80
ROM[roms/Asteroid2/035127-02.np3] Addr=5401 Value=C4
ROM[roms/Asteroid2/035127-02.np3] Addr=5402 Value=00
ROM[roms/Asteroid2/035127-02.np3] Addr=5403 Value=D0
ROM[roms/Asteroid2/035127-02.np3] Addr=5404 Value=40
ROM[roms/Asteroid2/035127-02.np3] Addr=5405 Value=46
ROM[roms/Asteroid2/035127-02.np3] Addr=5406 Value=E0
ROM[roms/Asteroid2/035127-02.np3] Addr=5407 Value=C7
ROM[roms/Asteroid2/035127-02.np3] Addr=5408 Value=30
ROM[roms/Asteroid2/035127-02.np3] Addr=5409 Value=52
ROM[roms/Asteroid2/035127-02.np3] Addr=540A Value=40
ROM[roms/Asteroid2/035127-02.np3] Addr=540B Value=C0
ROM[roms/Asteroid2/035127-02.np3] Addr=540C Value=00
ROM[roms/Asteroid2/035127-02.np3] Addr=540D Value=D0
ROM[roms/Asteroid2/035127-02.np3] Addr=540E Value=A0
ROM[roms/Asteroid2/035127-02.np3] Addr=540F Value=47
ROM[roms/Asteroid2/035127-02.np3] Addr=5410 Value=60
ROM[roms/Asteroid2/035127-02.np3] Addr=5411 Value=00
ROM[roms/Asteroid2/035127-02.np3] Addr=5412 Value=E0
ROM[roms/Asteroid2/035127-02.np3] Addr=5413 Value=41
ROM[roms/Asteroid2/035127-02.np3] Addr=5414 Value=80
ROM[roms/Asteroid2/035127-02.np3] Addr=5415 Value=C7
ROM[roms/Asteroid2/035127-02.np3] Addr=5416 Value=E0
ROM[roms/Asteroid2/035127-02.np3] Addr=5417 Value=44
ROM[roms/Asteroid2/035127-02.np3] Addr=5418 Value=C0
ROM[roms/Asteroid2/035127-02.np3] Addr=5419 Value=C6
ROM[roms/Asteroid2/035127-02.np3] Addr=541A Value=30
ROM[roms/Asteroid2/035127-02.np3] Addr=541B Value=62
ROM[roms/Asteroid2/035127-02.np3] Addr=541C Value=48
ROM[roms/Asteroid2/035127-02.np3] Addr=541D Value=C2
ROM[roms/Asteroid2/035127-02.np3] Addr=541E Value=20
ROM[roms/Asteroid2/035127-02.np3] Addr=541F Value=67
ROM[roms/Asteroid2/035127-02.np3] Addr=5420 Value=88
ROM[roms/Asteroid2/035127-02.np3] Addr=5421 Value=C4
ROM[roms/Asteroid2/035127-02.np3] Addr=5422 Value=C0
ROM[roms/Asteroid2/035127-02.np3] Addr=5423 Value=42
ROM[roms/Asteroid2/035127-02.np3] Addr=5424 Value=E0
ROM[roms/Asteroid2/035127-02.np3] Addr=5425 Value=C4
ROM[roms/Asteroid2/035127-02.np3] Addr=5426 Value=00
ROM[roms/Asteroid2/035127-02.np3] Addr=5427 Value=D0
ROM[roms/Asteroid2/035127-02.np3] Addr=5428 Value=A0
ROM[roms/Asteroid2/035127-02.np3] Addr=5429 Value=46
ROM[roms/Asteroid2/035127-02.np3] Addr=542A Value=A0
ROM[roms/Asteroid2/035127-02.np3] Addr=542B Value=C7
ROM[roms/Asteroid2/035127-02.np3] Addr=542C Value=40
ROM[roms/Asteroid2/035127-02.np3] Addr=542D Value=52
ROM[roms/Asteroid2/035127-02.np3] Addr=542E Value=10
ROM[roms/Asteroid2/035127-02.np3] Addr=542F Value=C0
ROM[roms/Asteroid2/035127-02.np3] Addr=5430 Value=00
ROM[roms/Asteroid2/035127-02.np3] Addr=5431 Value=D0
ROM[roms/Asteroid2/035127-02.np3] Addr=5432 Value=80
ROM[roms/Asteroid2/035127-02.np3] Addr=5433 Value=47
ROM[roms/Asteroid2/035127-02.np3] Addr=5434 Value=C0
ROM[roms/Asteroid2/035127-02.np3] Addr=5435 Value=00
ROM[roms/Asteroid2/035127-02.np3] Addr=5436 Value=80
ROM[roms/Asteroid2/035127-02.np3] Addr=5437 Value=41
ROM[roms/Asteroid2/035127-02.np3] Addr=5438 Value=C0
ROM[roms/Asteroid2/035127-02.np3] Addr=5439 Value=C7
ROM[roms/Asteroid2/035127-02.np3] Addr=543A Value=20
ROM[roms/Asteroid2/035127-02.np3] Addr=543B Value=45
ROM[roms/Asteroid2/035127-02.np3] Addr=543C Value=A0
ROM[roms/Asteroid2/035127-02.np3] Addr=543D Value=C6
ROM[roms/Asteroid2/035127-02.np3] Addr=543E Value=60
ROM[roms/Asteroid2/035127-02.np3] Addr=543F Value=62
ROM[roms/Asteroid2/035127-02.np3] Addr=5440 Value=10
ROM[roms/Asteroid2/035127-02.np3] Addr=5441 Value=C2
ROM[roms/Asteroid2/035127-02.np3] Addr=5442 Value=28
ROM[roms/Asteroid2/035127-02.np3] Addr=5443 Value=67
ROM[roms/Asteroid2/035127-02.np3] Addr=5444 Value=38
ROM[roms/Asteroid2/035127-02.np3] Addr=5445 Value=C4
ROM[roms/Asteroid2/035127-02.np3] Addr=5446 Value=A0
ROM[roms/Asteroid2/035127-02.np3] Addr=5447 Value=42
ROM[roms/Asteroid2/035127-02.np3] Addr=5448 Value=20
ROM[roms/Asteroid2/035127-02.np3] Addr=5449 Value=C5
ROM[roms/Asteroid2/035127-02.np3] Addr=544A Value=00
ROM[roms/Asteroid2/035127-02.np3] Addr=544B Value=D0
ROM[roms/Asteroid2/035127-02.np3] Addr=544C Value=E0
ROM[roms/Asteroid2/035127-02.np3] Addr=544D Value=46
ROM[roms/Asteroid2/035127-02.np3] Addr=544E Value=60
ROM[roms/Asteroid2/035127-02.np3] Addr=544F Value=C7
ROM[roms/Asteroid2/035127-02.np3] Addr=5450 Value=40
ROM[roms/Asteroid2/035127-02.np3] Addr=5451 Value=52
ROM[roms/Asteroid2/035127-02.np3] Addr=5452 Value=30
ROM[roms/Asteroid2/035127-02.np3] Addr=5453 Value=C4
ROM[roms/Asteroid2/035127-02.np3] Addr=5454 Value=00
ROM[roms/Asteroid2/035127-02.np3] Addr=5455 Value=D0
ROM[roms/Asteroid2/035127-02.np3] Addr=5456 Value=80
ROM[roms/Asteroid2/035127-02.np3] Addr=5457 Value=47
ROM[roms/Asteroid2/035127-02.np3] Addr=5458 Value=00
ROM[roms/Asteroid2/035127-02.np3] Addr=5459 Value=01
ROM[roms/Asteroid2/035127-02.np3] Addr=545A Value=20
ROM[roms/Asteroid2/035127-02.np3] Addr=545B Value=41
ROM[roms/Asteroid2/035127-02.np3] Addr=545C Value=E0
ROM[roms/Asteroid2/035127-02.np3] Addr=545D Value=C7
ROM[roms/Asteroid2/035127-02.np3] Addr=545E Value=60
ROM[roms/Asteroid2/035127-02.np3] Addr=545F Value=45
ROM[roms/Asteroid2/035127-02.np3] Addr=5460 Value=80
ROM[roms/Asteroid2/035127-02.np3] Addr=5461 Value=C6
ROM[roms/Asteroid2/035127-02.np3] Addr=5462 Value=98
ROM[roms/Asteroid2/035127-02.np3] Addr=5463 Value=62
ROM[roms/Asteroid2/035127-02.np3] Addr=5464 Value=D0
ROM[roms/Asteroid2/035127-02.np3] Addr=5465 Value=C1
ROM[roms/Asteroid2/035127-02.np3] Addr=5466 Value=28
ROM[roms/Asteroid2/035127-02.np3] Addr=5467 Value=67
ROM[roms/Asteroid2/035127-02.np3] Addr=5468 Value=18
ROM[roms/Asteroid2/035127-02.np3] Addr=5469 Value=C0
ROM[roms/Asteroid2/035127-02.np3] Addr=546A Value=80
ROM[roms/Asteroid2/035127-02.np3] Addr=546B Value=42
ROM[roms/Asteroid2/035127-02.np3] Addr=546C Value=60
ROM[roms/Asteroid2/035127-02.np3] Addr=546D Value=C5
ROM[roms/Asteroid2/035127-02.np3] Addr=546E Value=00
ROM[roms/Asteroid2/035127-02.np3] Addr=546F Value=D0
ROM[roms/Asteroid2/035127-02.np3] Addr=5470 Value=40
ROM[roms/Asteroid2/035127-02.np3] Addr=5471 Value=47
ROM[roms/Asteroid2/035127-02.np3] Addr=5472 Value=20
ROM[roms/Asteroid2/035127-02.np3] Addr=5473 Value=C7
ROM[roms/Asteroid2/035127-02.np3] Addr=5474 Value=30
ROM[roms/Asteroid2/035127-02.np3] Addr=5475 Value=52
ROM[roms/Asteroid2/035127-02.np3] Addr=5476 Value=60
ROM[roms/Asteroid2/035127-02.np3] Addr=5477 Value=C4
ROM[roms/Asteroid2/035127-02.np3] Addr=5478 Value=00
ROM[roms/Asteroid2/035127-02.np3] Addr=5479 Value=D0
ROM[roms/Asteroid2/035127-02.np3] Addr=547A Value=60
ROM[roms/Asteroid2/035127-02.np3] Addr=547B Value=47
ROM[roms/Asteroid2/035127-02.np3] Addr=547C Value=60
ROM[roms/Asteroid2/035127-02.np3] Addr=547D Value=01
ROM[roms/Asteroid2/035127-02.np3] Addr=547E Value=C0
ROM[roms/Asteroid2/035127-02.np3] Addr=547F Value=40
ROM[roms/Asteroid2/035127-02.np3] Addr=5480 Value=E0
ROM[roms/Asteroid2/035127-02.np3] Addr=5481 Value=C7
ROM[roms/Asteroid2/035127-02.np3] Addr=5482 Value=A0
ROM[roms/Asteroid2/035127-02.np3] Addr=5483 Value=45
ROM[roms/Asteroid2/035127-02.np3] Addr=5484 Value=60
ROM[roms/Asteroid2/035127-02.np3] Addr=5485 Value=C6
ROM[roms/Asteroid2/035127-02.np3] Addr=5486 Value=C0
ROM[roms/Asteroid2/035127-02.np3] Addr=5487 Value=62
ROM[roms/Asteroid2/035127-02.np3] Addr=5488 Value=90
ROM[roms/Asteroid2/035127-02.np3] Addr=5489 Value=C1
ROM[roms/Asteroid2/035127-02.np3] Addr=548A Value=20
ROM[roms/Asteroid2/035127-02.np3] Addr=548B Value=67
ROM[roms/Asteroid2/035127-02.np3] Addr=548C Value=68
ROM[roms/Asteroid2/035127-02.np3] Addr=548D Value=C0
ROM[roms/Asteroid2/035127-02.np3] Addr=548E Value=60
ROM[roms/Asteroid2/035127-02.np3] Addr=548F Value=42
ROM[roms/Asteroid2/035127-02.np3] Addr=5490 Value=A0
ROM[roms/Asteroid2/035127-02.np3] Addr=5491 Value=C5
ROM[roms/Asteroid2/035127-02.np3] Addr=5492 Value=00
ROM[roms/Asteroid2/035127-02.np3] Addr=5493 Value=D0
ROM[roms/Asteroid2/035127-02.np3] Addr=5494 Value=80
ROM[roms/Asteroid2/035127-02.np3] Addr=5495 Value=47
ROM[roms/Asteroid2/035127-02.np3] Addr=5496 Value=C0
ROM[roms/Asteroid2/035127-02.np3] Addr=5497 Value=C6
ROM[roms/Asteroid2/035127-02.np3] Addr=5498 Value=30
ROM[roms/Asteroid2/035127-02.np3] Addr=5499 Value=52
ROM[roms/Asteroid2/035127-02.np3] Addr=549A Value=90
ROM[roms/Asteroid2/035127-02.np3] Addr=549B Value=C4
ROM[roms/Asteroid2/035127-02.np3] Addr=549C Value=00
ROM[roms/Asteroid2/035127-02.np3] Addr=549D Value=D0
ROM[roms/Asteroid2/035127-02.np3] Addr=549E Value=20
ROM[roms/Asteroid2/035127-02.np3] Addr=549F Value=47
ROM[roms/Asteroid2/035127-02.np3] Addr=54A0 Value=C0
ROM[roms/Asteroid2/035127-02.np3] Addr=54A1 Value=01
ROM[roms/Asteroid2/035127-02.np3] Addr=54A2 Value=30
ROM[roms/Asteroid2/035127-02.np3] Addr=54A3 Value=50
ROM[roms/Asteroid2/035127-02.np3] Addr=54A4 Value=00
ROM[roms/Asteroid2/035127-02.np3] Addr=54A5 Value=C6
ROM[roms/Asteroid2/035127-02.np3] Addr=54A6 Value=C0
ROM[roms/Asteroid2/035127-02.np3] Addr=54A7 Value=45
ROM[roms/Asteroid2/035127-02.np3] Addr=54A8 Value=20
ROM[roms/Asteroid2/035127-02.np3] Addr=54A9 Value=C6
ROM[roms/Asteroid2/035127-02.np3] Addr=54AA Value=E0
ROM[roms/Asteroid2/035127-02.np3] Addr=54AB Value=62
ROM[roms/Asteroid2/035127-02.np3] Addr=54AC Value=48
ROM[roms/Asteroid2/035127-02.np3] Addr=54AD Value=C1
ROM[roms/Asteroid2/035127-02.np3] Addr=54AE Value=18
ROM[roms/Asteroid2/035127-02.np3] Addr=54AF Value=67
ROM[roms/Asteroid2/035127-02.np3] Addr=54B0 Value=B0
ROM[roms/Asteroid2/035127-02.np3] Addr=54B1 Value=C0
ROM[roms/Asteroid2/035127-02.np3] Addr=54B2 Value=20
ROM[roms/Asteroid2/035127-02.np3] Addr=54B3 Value=42
ROM[roms/Asteroid2/035127-02.np3] Addr=54B4 Value=C0
ROM[roms/Asteroid2/035127-02.np3] Addr=54B5 Value=C5
ROM[roms/Asteroid2/035127-02.np3] Addr=54B6 Value=00
ROM[roms/Asteroid2/035127-02.np3] Addr=54B7 Value=D0
ROM[roms/Asteroid2/035127-02.np3] Addr=54B8 Value=C0
ROM[roms/Asteroid2/035127-02.np3] Addr=54B9 Value=47
ROM[roms/Asteroid2/035127-02.np3] Addr=54BA Value=60
ROM[roms/Asteroid2/035127-02.np3] Addr=54BB Value=C6
ROM[roms/Asteroid2/035127-02.np3] Addr=54BC Value=10
ROM[roms/Asteroid2/035127-02.np3] Addr=54BD Value=52
ROM[roms/Asteroid2/035127-02.np3] Addr=54BE Value=D0
ROM[roms/Asteroid2/035127-02.np3] Addr=54BF Value=C4
ROM[roms/Asteroid2/035127-02.np3] Addr=54C0 Value=00
ROM[roms/Asteroid2/035127-02.np3] Addr=54C1 Value=D0
ROM[roms/Asteroid2/035127-02.np3] Addr=54C2 Value=0A
ROM[roms/Asteroid2/035127-02.np3] Addr=54C3 Value=F7
ROM[roms/Asteroid2/035127-02.np3] Addr=54C4 Value=CE
ROM[roms/Asteroid2/035127-02.np3] Addr=54C5 Value=F8
ROM[roms/Asteroid2/035127-02.np3] Addr=54C6 Value=CD
ROM[roms/Asteroid2/035127-02.np3] Addr=54C7 Value=FD
ROM[roms/Asteroid2/035127-02.np3] Addr=54C8 Value=00
ROM[roms/Asteroid2/035127-02.np3] Addr=54C9 Value=63
ROM[roms/Asteroid2/035127-02.np3] Addr=54CA Value=00
ROM[roms/Asteroid2/035127-02.np3] Addr=54CB Value=C1
ROM[roms/Asteroid2/035127-02.np3] Addr=54CC Value=00
ROM[roms/Asteroid2/035127-02.np3] Addr=54CD Value=67
ROM[roms/Asteroid2/035127-02.np3] Addr=54CE Value=00
ROM[roms/Asteroid2/035127-02.np3] Addr=54CF Value=C1
ROM[roms/Asteroid2/035127-02.np3] Addr=54D0 Value=CD
ROM[roms/Asteroid2/035127-02.np3] Addr=54D1 Value=F9
ROM[roms/Asteroid2/035127-02.np3] Addr=54D2 Value=00
ROM[roms/Asteroid2/035127-02.np3] Addr=54D3 Value=D0
ROM[roms/Asteroid2/035127-02.np3] Addr=54D4 Value=CD
ROM[roms/Asteroid2/035127-02.np3] Addr=54D5 Value=FE
ROM[roms/Asteroid2/035127-02.np3] Addr=54D6 Value=CD
ROM[roms/Asteroid2/035127-02.np3] Addr=54D7 Value=FA
ROM[roms/Asteroid2/035127-02.np3] Addr=54D8 Value=00
ROM[roms/Asteroid2/035127-02.np3] Addr=54D9 Value=D0
ROM[roms/Asteroid2/035127-02.np3] Addr=54DA Value=0E
ROM[roms/Asteroid2/035127-02.np3] Addr=54DB Value=F7
ROM[roms/Asteroid2/035127-02.np3] Addr=54DC Value=7A
ROM[roms/Asteroid2/035127-02.np3] Addr=54DD Value=F8
ROM[roms/Asteroid2/035127-02.np3] Addr=54DE Value=79
ROM[roms/Asteroid2/035127-02.np3] Addr=54DF Value=FD
ROM[roms/Asteroid2/035127-02.np3] Addr=54E0 Value=00
ROM[roms/Asteroid2/035127-02.np3] Addr=54E1 Value=63
ROM[roms/Asteroid2/035127-02.np3] Addr=54E2 Value=00
ROM[roms/Asteroid2/035127-02.np3] Addr=54E3 Value=75
ROM[roms/Asteroid2/035127-02.np3] Addr=54E4 Value=00
ROM[roms/Asteroid2/035127-02.np3] Addr=54E5 Value=67
ROM[roms/Asteroid2/035127-02.np3] Addr=54E6 Value=00
ROM[roms/Asteroid2/035127-02.np3] Addr=54E7 Value=75
ROM[roms/Asteroid2/035127-02.np3] Addr=54E8 Value=79
ROM[roms/Asteroid2/035127-02.np3] Addr=54E9 Value=F9
ROM[roms/Asteroid2/035127-02.np3] Addr=54EA Value=C0
ROM[roms/Asteroid2/035127-02.np3] Addr=54EB Value=60
ROM[roms/Asteroid2/035127-02.np3] Addr=54EC Value=80
ROM[roms/Asteroid2/035127-02.np3] Addr=54ED Value=02
ROM[roms/Asteroid2/035127-02.np3] Addr=54EE Value=9F
ROM[roms/Asteroid2/035127-02.np3] Addr=54EF Value=D0
ROM[roms/Asteroid2/035127-02.np3] Addr=54F0 Value=70
ROM[roms/Asteroid2/035127-02.np3] Addr=54F1 Value=FA
ROM[roms/Asteroid2/035127-02.np3] Addr=54F2 Value=72
ROM[roms/Asteroid2/035127-02.np3] Addr=54F3 Value=F2
ROM[roms/Asteroid2/035127-02.np3] Addr=54F4 Value=72
ROM[roms/Asteroid2/035127-02.np3] Addr=54F5 Value=F6
ROM[roms/Asteroid2/035127-02.np3] Addr=54F6 Value=70
ROM[roms/Asteroid2/035127-02.np3] Addr=54F7 Value=FE
ROM[roms/Asteroid2/035127-02.np3] Addr=54F8 Value=06
ROM[roms/Asteroid2/035127-02.np3] Addr=54F9 Value=F9
ROM[roms/Asteroid2/035127-02.np3] Addr=54FA Value=72
ROM[roms/Asteroid2/035127-02.np3] Addr=54FB Value=F8
ROM[roms/Asteroid2/035127-02.np3] Addr=54FC Value=02
ROM[roms/Asteroid2/035127-02.np3] Addr=54FD Value=F6
ROM[roms/Asteroid2/035127-02.np3] Addr=54FE Value=00
ROM[roms/Asteroid2/035127-02.np3] Addr=54FF Value=D0
ROM[roms/Asteroid2/035127-02.np3] Addr=5500 Value=70
ROM[roms/Asteroid2/035127-02.np3] Addr=5501 Value=FB
ROM[roms/Asteroid2/035127-02.np3] Addr=5502 Value=73
ROM[roms/Asteroid2/035127-02.np3] Addr=5503 Value=F0
ROM[roms/Asteroid2/035127-02.np3] Addr=5504 Value=71
ROM[roms/Asteroid2/035127-02.np3] Addr=5505 Value=F5
ROM[roms/Asteroid2/035127-02.np3] Addr=5506 Value=70
ROM[roms/Asteroid2/035127-02.np3] Addr=5507 Value=F5
ROM[roms/Asteroid2/035127-02.np3] Addr=5508 Value=75
ROM[roms/Asteroid2/035127-02.np3] Addr=5509 Value=F5
ROM[roms/Asteroid2/035127-02.np3] Addr=550A Value=77
ROM[roms/Asteroid2/035127-02.np3] Addr=550B Value=F0
ROM[roms/Asteroid2/035127-02.np3] Addr=550C Value=03
ROM[roms/Asteroid2/035127-02.np3] Addr=550D Value=F0
ROM[roms/Asteroid2/035127-02.np3] Addr=550E Value=71
ROM[roms/Asteroid2/035127-02.np3] Addr=550F Value=F5
ROM[roms/Asteroid2/035127-02.np3] Addr=5510 Value=70
ROM[roms/Asteroid2/035127-02.np3] Addr=5511 Value=F5
ROM[roms/Asteroid2/035127-02.np3] Addr=5512 Value=75
ROM[roms/Asteroid2/035127-02.np3] Addr=5513 Value=F5
ROM[roms/Asteroid2/035127-02.np3] Addr=5514 Value=77
ROM[roms/Asteroid2/035127-02.np3] Addr=5515 Value=F0
ROM[roms/Asteroid2/035127-02.np3] Addr=5516 Value=03
ROM[roms/Asteroid2/035127-02.np3] Addr=5517 Value=F8
ROM[roms/Asteroid2/035127-02.np3] Addr=5518 Value=00
ROM[roms/Asteroid2/035127-02.np3] Addr=5519 Value=D0
ROM[roms/Asteroid2/035127-02.np3] Addr=551A Value=70
ROM[roms/Asteroid2/035127-02.np3] Addr=551B Value=FB
ROM[roms/Asteroid2/035127-02.np3] Addr=551C Value=72
ROM[roms/Asteroid2/035127-02.np3] Addr=551D Value=F8
ROM[roms/Asteroid2/035127-02.np3] Addr=551E Value=06
ROM[roms/Asteroid2/035127-02.np3] Addr=551F Value=FF
ROM[roms/Asteroid2/035127-02.np3] Addr=5520 Value=72
ROM[roms/Asteroid2/035127-02.np3] Addr=5521 Value=F8
ROM[roms/Asteroid2/035127-02.np3] Addr=5522 Value=02
ROM[roms/Asteroid2/035127-02.np3] Addr=5523 Value=F0
ROM[roms/Asteroid2/035127-02.np3] Addr=5524 Value=00
ROM[roms/Asteroid2/035127-02.np3] Addr=5525 Value=D0
ROM[roms/Asteroid2/035127-02.np3] Addr=5526 Value=70
ROM[roms/Asteroid2/035127-02.np3] Addr=5527 Value=FB
ROM[roms/Asteroid2/035127-02.np3] Addr=5528 Value=72
ROM[roms/Asteroid2/035127-02.np3] Addr=5529 Value=F0
ROM[roms/Asteroid2/035127-02.np3] Addr=552A Value=72
ROM[roms/Asteroid2/035127-02.np3] Addr=552B Value=F6
ROM[roms/Asteroid2/035127-02.np3] Addr=552C Value=70
ROM[roms/Asteroid2/035127-02.np3] Addr=552D Value=F6
ROM[roms/Asteroid2/035127-02.np3] Addr=552E Value=76
ROM[roms/Asteroid2/035127-02.np3] Addr=552F Value=F6
ROM[roms/Asteroid2/035127-02.np3] Addr=5530 Value=76
ROM[roms/Asteroid2/035127-02.np3] Addr=5531 Value=F0
ROM[roms/Asteroid2/035127-02.np3] Addr=5532 Value=03
ROM[roms/Asteroid2/035127-02.np3] Addr=5533 Value=F8
ROM[roms/Asteroid2/035127-02.np3] Addr=5534 Value=00
ROM[roms/Asteroid2/035127-02.np3] Addr=5535 Value=D0
ROM[roms/Asteroid2/035127-02.np3] Addr=5536 Value=70
ROM[roms/Asteroid2/035127-02.np3] Addr=5537 Value=FB
ROM[roms/Asteroid2/035127-02.np3] Addr=5538 Value=72
ROM[roms/Asteroid2/035127-02.np3] Addr=5539 Value=F8
ROM[roms/Asteroid2/035127-02.np3] Addr=553A Value=05
ROM[roms/Asteroid2/035127-02.np3] Addr=553B Value=F7
ROM[roms/Asteroid2/035127-02.np3] Addr=553C Value=77
ROM[roms/Asteroid2/035127-02.np3] Addr=553D Value=F0
ROM[roms/Asteroid2/035127-02.np3] Addr=553E Value=00
ROM[roms/Asteroid2/035127-02.np3] Addr=553F Value=F7
ROM[roms/Asteroid2/035127-02.np3] Addr=5540 Value=72
ROM[roms/Asteroid2/035127-02.np3] Addr=5541 Value=F8
ROM[roms/Asteroid2/035127-02.np3] Addr=5542 Value=02
ROM[roms/Asteroid2/035127-02.np3] Addr=5543 Value=F0
ROM[roms/Asteroid2/035127-02.np3] Addr=5544 Value=00
ROM[roms/Asteroid2/035127-02.np3] Addr=5545 Value=D0
ROM[roms/Asteroid2/035127-02.np3] Addr=5546 Value=70
ROM[roms/Asteroid2/035127-02.np3] Addr=5547 Value=FB
ROM[roms/Asteroid2/035127-02.np3] Addr=5548 Value=72
ROM[roms/Asteroid2/035127-02.np3] Addr=5549 Value=F8
ROM[roms/Asteroid2/035127-02.np3] Addr=554A Value=05
ROM[roms/Asteroid2/035127-02.np3] Addr=554B Value=F7
ROM[roms/Asteroid2/035127-02.np3] Addr=554C Value=77
ROM[roms/Asteroid2/035127-02.np3] Addr=554D Value=F0
ROM[roms/Asteroid2/035127-02.np3] Addr=554E Value=00
ROM[roms/Asteroid2/035127-02.np3] Addr=554F Value=F7
ROM[roms/Asteroid2/035127-02.np3] Addr=5550 Value=03
ROM[roms/Asteroid2/035127-02.np3] Addr=5551 Value=F8
ROM[roms/Asteroid2/035127-02.np3] Addr=5552 Value=00
ROM[roms/Asteroid2/035127-02.np3] Addr=5553 Value=D0
ROM[roms/Asteroid2/035127-02.np3] Addr=5554 Value=70
ROM[roms/Asteroid2/035127-02.np3] Addr=5555 Value=FB
ROM[roms/Asteroid2/035127-02.np3] Addr=5556 Value=72
ROM[roms/Asteroid2/035127-02.np3] Addr=5557 Value=F8
ROM[roms/Asteroid2/035127-02.np3] Addr=5558 Value=70
ROM[roms/Asteroid2/035127-02.np3] Addr=5559 Value=F6
ROM[roms/Asteroid2/035127-02.np3] Addr=555A Value=06
ROM[roms/Asteroid2/035127-02.np3] Addr=555B Value=F6
ROM[roms/Asteroid2/035127-02.np3] Addr=555C Value=72
ROM[roms/Asteroid2/035127-02.np3] Addr=555D Value=F0
ROM[roms/Asteroid2/035127-02.np3] Addr=555E Value=70
ROM[roms/Asteroid2/035127-02.np3] Addr=555F Value=F6
ROM[roms/Asteroid2/035127-02.np3] Addr=5560 Value=76
ROM[roms/Asteroid2/035127-02.np3] Addr=5561 Value=F8
ROM[roms/Asteroid2/035127-02.np3] Addr=5562 Value=03
ROM[roms/Asteroid2/035127-02.np3] Addr=5563 Value=F8
ROM[roms/Asteroid2/035127-02.np3] Addr=5564 Value=00
ROM[roms/Asteroid2/035127-02.np3] Addr=5565 Value=D0
ROM[roms/Asteroid2/035127-02.np3] Addr=5566 Value=70
ROM[roms/Asteroid2/035127-02.np3] Addr=5567 Value=FB
ROM[roms/Asteroid2/035127-02.np3] Addr=5568 Value=00
ROM[roms/Asteroid2/035127-02.np3] Addr=5569 Value=F7
ROM[roms/Asteroid2/035127-02.np3] Addr=556A Value=72
ROM[roms/Asteroid2/035127-02.np3] Addr=556B Value=F8
ROM[roms/Asteroid2/035127-02.np3] Addr=556C Value=00
ROM[roms/Asteroid2/035127-02.np3] Addr=556D Value=F3
ROM[roms/Asteroid2/035127-02.np3] Addr=556E Value=70
ROM[roms/Asteroid2/035127-02.np3] Addr=556F Value=FF
ROM[roms/Asteroid2/035127-02.np3] Addr=5570 Value=02
ROM[roms/Asteroid2/035127-02.np3] Addr=5571 Value=F0
ROM[roms/Asteroid2/035127-02.np3] Addr=5572 Value=00
ROM[roms/Asteroid2/035127-02.np3] Addr=5573 Value=D0
ROM[roms/Asteroid2/035127-02.np3] Addr=5574 Value=72
ROM[roms/Asteroid2/035127-02.np3] Addr=5575 Value=F8
ROM[roms/Asteroid2/035127-02.np3] Addr=5576 Value=06
ROM[roms/Asteroid2/035127-02.np3] Addr=5577 Value=F0
ROM[roms/Asteroid2/035127-02.np3] Addr=5578 Value=70
ROM[roms/Asteroid2/035127-02.np3] Addr=5579 Value=FB
ROM[roms/Asteroid2/035127-02.np3] Addr=557A Value=02
ROM[roms/Asteroid2/035127-02.np3] Addr=557B Value=F0
ROM[roms/Asteroid2/035127-02.np3] Addr=557C Value=76
ROM[roms/Asteroid2/035127-02.np3] Addr=557D Value=F8
ROM[roms/Asteroid2/035127-02.np3] Addr=557E Value=03
ROM[roms/Asteroid2/035127-02.np3] Addr=557F Value=FF
ROM[roms/Asteroid2/035127-02.np3] Addr=5580 Value=00
ROM[roms/Asteroid2/035127-02.np3] Addr=5581 Value=D0
ROM[roms/Asteroid2/035127-02.np3] Addr=5582 Value=00
ROM[roms/Asteroid2/035127-02.np3] Addr=5583 Value=F2
ROM[roms/Asteroid2/035127-02.np3] Addr=5584 Value=72
ROM[roms/Asteroid2/035127-02.np3] Addr=5585 Value=F6
ROM[roms/Asteroid2/035127-02.np3] Addr=5586 Value=72
ROM[roms/Asteroid2/035127-02.np3] Addr=5587 Value=F0
ROM[roms/Asteroid2/035127-02.np3] Addr=5588 Value=70
ROM[roms/Asteroid2/035127-02.np3] Addr=5589 Value=FB
ROM[roms/Asteroid2/035127-02.np3] Addr=558A Value=01
ROM[roms/Asteroid2/035127-02.np3] Addr=558B Value=FF
ROM[roms/Asteroid2/035127-02.np3] Addr=558C Value=00
ROM[roms/Asteroid2/035127-02.np3] Addr=558D Value=D0
ROM[roms/Asteroid2/035127-02.np3] Addr=558E Value=70
ROM[roms/Asteroid2/035127-02.np3] Addr=558F Value=FB
ROM[roms/Asteroid2/035127-02.np3] Addr=5590 Value=03
ROM[roms/Asteroid2/035127-02.np3] Addr=5591 Value=F0
ROM[roms/Asteroid2/035127-02.np3] Addr=5592 Value=77
ROM[roms/Asteroid2/035127-02.np3] Addr=5593 Value=F7
ROM[roms/Asteroid2/035127-02.np3] Addr=5594 Value=73
ROM[roms/Asteroid2/035127-02.np3] Addr=5595 Value=F7
ROM[roms/Asteroid2/035127-02.np3] Addr=5596 Value=03
ROM[roms/Asteroid2/035127-02.np3] Addr=5597 Value=F0
ROM[roms/Asteroid2/035127-02.np3] Addr=5598 Value=00
ROM[roms/Asteroid2/035127-02.np3] Addr=5599 Value=D0
ROM[roms/Asteroid2/035127-02.np3] Addr=559A Value=00
ROM[roms/Asteroid2/035127-02.np3] Addr=559B Value=FB
ROM[roms/Asteroid2/035127-02.np3] Addr=559C Value=70
ROM[roms/Asteroid2/035127-02.np3] Addr=559D Value=FF
ROM[roms/Asteroid2/035127-02.np3] Addr=559E Value=72
ROM[roms/Asteroid2/035127-02.np3] Addr=559F Value=F8
ROM[roms/Asteroid2/035127-02.np3] Addr=55A0 Value=02
ROM[roms/Asteroid2/035127-02.np3] Addr=55A1 Value=F0
ROM[roms/Asteroid2/035127-02.np3] Addr=55A2 Value=00
ROM[roms/Asteroid2/035127-02.np3] Addr=55A3 Value=D0
ROM[roms/Asteroid2/035127-02.np3] Addr=55A4 Value=70
ROM[roms/Asteroid2/035127-02.np3] Addr=55A5 Value=FB
ROM[roms/Asteroid2/035127-02.np3] Addr=55A6 Value=72
ROM[roms/Asteroid2/035127-02.np3] Addr=55A7 Value=F6
ROM[roms/Asteroid2/035127-02.np3] Addr=55A8 Value=72
ROM[roms/Asteroid2/035127-02.np3] Addr=55A9 Value=F2
ROM[roms/Asteroid2/035127-02.np3] Addr=55AA Value=70
ROM[roms/Asteroid2/035127-02.np3] Addr=55AB Value=FF
ROM[roms/Asteroid2/035127-02.np3] Addr=55AC Value=02
ROM[roms/Asteroid2/035127-02.np3] Addr=55AD Value=F0
ROM[roms/Asteroid2/035127-02.np3] Addr=55AE Value=00
ROM[roms/Asteroid2/035127-02.np3] Addr=55AF Value=D0
ROM[roms/Asteroid2/035127-02.np3] Addr=55B0 Value=70
ROM[roms/Asteroid2/035127-02.np3] Addr=55B1 Value=FB
ROM[roms/Asteroid2/035127-02.np3] Addr=55B2 Value=72
ROM[roms/Asteroid2/035127-02.np3] Addr=55B3 Value=FF
ROM[roms/Asteroid2/035127-02.np3] Addr=55B4 Value=70
ROM[roms/Asteroid2/035127-02.np3] Addr=55B5 Value=FB
ROM[roms/Asteroid2/035127-02.np3] Addr=55B6 Value=01
ROM[roms/Asteroid2/035127-02.np3] Addr=55B7 Value=FF
ROM[roms/Asteroid2/035127-02.np3] Addr=55B8 Value=00
ROM[roms/Asteroid2/035127-02.np3] Addr=55B9 Value=D0
ROM[roms/Asteroid2/035127-02.np3] Addr=55BA Value=70
ROM[roms/Asteroid2/035127-02.np3] Addr=55BB Value=FB
ROM[roms/Asteroid2/035127-02.np3] Addr=55BC Value=72
ROM[roms/Asteroid2/035127-02.np3] Addr=55BD Value=F8
ROM[roms/Asteroid2/035127-02.np3] Addr=55BE Value=70
ROM[roms/Asteroid2/035127-02.np3] Addr=55BF Value=FF
ROM[roms/Asteroid2/035127-02.np3] Addr=55C0 Value=76
ROM[roms/Asteroid2/035127-02.np3] Addr=55C1 Value=F8
ROM[roms/Asteroid2/035127-02.np3] Addr=55C2 Value=03
ROM[roms/Asteroid2/035127-02.np3] Addr=55C3 Value=F8
ROM[roms/Asteroid2/035127-02.np3] Addr=55C4 Value=00
ROM[roms/Asteroid2/035127-02.np3] Addr=55C5 Value=D0
ROM[roms/Asteroid2/035127-02.np3] Addr=55C6 Value=70
ROM[roms/Asteroid2/035127-02.np3] Addr=55C7 Value=FB
ROM[roms/Asteroid2/035127-02.np3] Addr=55C8 Value=72
ROM[roms/Asteroid2/035127-02.np3] Addr=55C9 Value=F8
ROM[roms/Asteroid2/035127-02.np3] Addr=55CA Value=70
ROM[roms/Asteroid2/035127-02.np3] Addr=55CB Value=F7
ROM[roms/Asteroid2/035127-02.np3] Addr=55CC Value=76
ROM[roms/Asteroid2/035127-02.np3] Addr=55CD Value=F8
ROM[roms/Asteroid2/035127-02.np3] Addr=55CE Value=03
ROM[roms/Asteroid2/035127-02.np3] Addr=55CF Value=F7
ROM[roms/Asteroid2/035127-02.np3] Addr=55D0 Value=03
ROM[roms/Asteroid2/035127-02.np3] Addr=55D1 Value=F0
ROM[roms/Asteroid2/035127-02.np3] Addr=55D2 Value=00
ROM[roms/Asteroid2/035127-02.np3] Addr=55D3 Value=D0
ROM[roms/Asteroid2/035127-02.np3] Addr=55D4 Value=70
ROM[roms/Asteroid2/035127-02.np3] Addr=55D5 Value=FB
ROM[roms/Asteroid2/035127-02.np3] Addr=55D6 Value=72
ROM[roms/Asteroid2/035127-02.np3] Addr=55D7 Value=F8
ROM[roms/Asteroid2/035127-02.np3] Addr=55D8 Value=70
ROM[roms/Asteroid2/035127-02.np3] Addr=55D9 Value=FE
ROM[roms/Asteroid2/035127-02.np3] Addr=55DA Value=76
ROM[roms/Asteroid2/035127-02.np3] Addr=55DB Value=F6
ROM[roms/Asteroid2/035127-02.np3] Addr=55DC Value=76
ROM[roms/Asteroid2/035127-02.np3] Addr=55DD Value=F0
ROM[roms/Asteroid2/035127-02.np3] Addr=55DE Value=02
ROM[roms/Asteroid2/035127-02.np3] Addr=55DF Value=F2
ROM[roms/Asteroid2/035127-02.np3] Addr=55E0 Value=72
ROM[roms/Asteroid2/035127-02.np3] Addr=55E1 Value=F6
ROM[roms/Asteroid2/035127-02.np3] Addr=55E2 Value=02
ROM[roms/Asteroid2/035127-02.np3] Addr=55E3 Value=F0
ROM[roms/Asteroid2/035127-02.np3] Addr=55E4 Value=00
ROM[roms/Asteroid2/035127-02.np3] Addr=55E5 Value=D0
ROM[roms/Asteroid2/035127-02.np3] Addr=55E6 Value=70
ROM[roms/Asteroid2/035127-02.np3] Addr=55E7 Value=FB
ROM[roms/Asteroid2/035127-02.np3] Addr=55E8 Value=72
ROM[roms/Asteroid2/035127-02.np3] Addr=55E9 Value=F8
ROM[roms/Asteroid2/035127-02.np3] Addr=55EA Value=70
ROM[roms/Asteroid2/035127-02.np3] Addr=55EB Value=F7
ROM[roms/Asteroid2/035127-02.np3] Addr=55EC Value=76
ROM[roms/Asteroid2/035127-02.np3] Addr=55ED Value=F8
ROM[roms/Asteroid2/035127-02.np3] Addr=55EE Value=01
ROM[roms/Asteroid2/035127-02.np3] Addr=55EF Value=F0
ROM[roms/Asteroid2/035127-02.np3] Addr=55F0 Value=73
ROM[roms/Asteroid2/035127-02.np3] Addr=55F1 Value=F7
ROM[roms/Asteroid2/035127-02.np3] Addr=55F2 Value=02
ROM[roms/Asteroid2/035127-02.np3] Addr=55F3 Value=F0
ROM[roms/Asteroid2/035127-02.np3] Addr=55F4 Value=00
ROM[roms/Asteroid2/035127-02.np3] Addr=55F5 Value=D0
ROM[roms/Asteroid2/035127-02.np3] Addr=55F6 Value=72
ROM[roms/Asteroid2/035127-02.np3] Addr=55F7 Value=F8
ROM[roms/Asteroid2/035127-02.np3] Addr=55F8 Value=70
ROM[roms/Asteroid2/035127-02.np3] Addr=55F9 Value=F3
ROM[roms/Asteroid2/035127-02.np3] Addr=55FA Value=76
ROM[roms/Asteroid2/035127-02.np3] Addr=55FB Value=F8
ROM[roms/Asteroid2/035127-02.np3] Addr=55FC Value=70
ROM[roms/Asteroid2/035127-02.np3] Addr=55FD Value=F3
ROM[roms/Asteroid2/035127-02.np3] Addr=55FE Value=72
ROM[roms/Asteroid2/035127-02.np3] Addr=55FF Value=F8
ROM[roms/Asteroid2/035127-02.np3] Addr=5600 Value=01
ROM[roms/Asteroid2/035127-02.np3] Addr=5601 Value=FF
ROM[roms/Asteroid2/035127-02.np3] Addr=5602 Value=00
ROM[roms/Asteroid2/035127-02.np3] Addr=5603 Value=D0
ROM[roms/Asteroid2/035127-02.np3] Addr=5604 Value=02
ROM[roms/Asteroid2/035127-02.np3] Addr=5605 Value=F0
ROM[roms/Asteroid2/035127-02.np3] Addr=5606 Value=70
ROM[roms/Asteroid2/035127-02.np3] Addr=5607 Value=FB
ROM[roms/Asteroid2/035127-02.np3] Addr=5608 Value=06
ROM[roms/Asteroid2/035127-02.np3] Addr=5609 Value=F0
ROM[roms/Asteroid2/035127-02.np3] Addr=560A Value=72
ROM[roms/Asteroid2/035127-02.np3] Addr=560B Value=F8
ROM[roms/Asteroid2/035127-02.np3] Addr=560C Value=01
ROM[roms/Asteroid2/035127-02.np3] Addr=560D Value=FF
ROM[roms/Asteroid2/035127-02.np3] Addr=560E Value=00
ROM[roms/Asteroid2/035127-02.np3] Addr=560F Value=D0
ROM[roms/Asteroid2/035127-02.np3] Addr=5610 Value=00
ROM[roms/Asteroid2/035127-02.np3] Addr=5611 Value=FB
ROM[roms/Asteroid2/035127-02.np3] Addr=5612 Value=70
ROM[roms/Asteroid2/035127-02.np3] Addr=5613 Value=FF
ROM[roms/Asteroid2/035127-02.np3] Addr=5614 Value=72
ROM[roms/Asteroid2/035127-02.np3] Addr=5615 Value=F8
ROM[roms/Asteroid2/035127-02.np3] Addr=5616 Value=70
ROM[roms/Asteroid2/035127-02.np3] Addr=5617 Value=FB
ROM[roms/Asteroid2/035127-02.np3] Addr=5618 Value=01
ROM[roms/Asteroid2/035127-02.np3] Addr=5619 Value=FF
ROM[roms/Asteroid2/035127-02.np3] Addr=561A Value=00
ROM[roms/Asteroid2/035127-02.np3] Addr=561B Value=D0
ROM[roms/Asteroid2/035127-02.np3] Addr=561C Value=00
ROM[roms/Asteroid2/035127-02.np3] Addr=561D Value=FB
ROM[roms/Asteroid2/035127-02.np3] Addr=561E Value=71
ROM[roms/Asteroid2/035127-02.np3] Addr=561F Value=FF
ROM[roms/Asteroid2/035127-02.np3] Addr=5620 Value=71
ROM[roms/Asteroid2/035127-02.np3] Addr=5621 Value=FB
ROM[roms/Asteroid2/035127-02.np3] Addr=5622 Value=01
ROM[roms/Asteroid2/035127-02.np3] Addr=5623 Value=FF
ROM[roms/Asteroid2/035127-02.np3] Addr=5624 Value=00
ROM[roms/Asteroid2/035127-02.np3] Addr=5625 Value=D0
ROM[roms/Asteroid2/035127-02.np3] Addr=5626 Value=00
ROM[roms/Asteroid2/035127-02.np3] Addr=5627 Value=FB
ROM[roms/Asteroid2/035127-02.np3] Addr=5628 Value=70
ROM[roms/Asteroid2/035127-02.np3] Addr=5629 Value=FF
ROM[roms/Asteroid2/035127-02.np3] Addr=562A Value=72
ROM[roms/Asteroid2/035127-02.np3] Addr=562B Value=F2
ROM[roms/Asteroid2/035127-02.np3] Addr=562C Value=72
ROM[roms/Asteroid2/035127-02.np3] Addr=562D Value=F6
ROM[roms/Asteroid2/035127-02.np3] Addr=562E Value=70
ROM[roms/Asteroid2/035127-02.np3] Addr=562F Value=FB
ROM[roms/Asteroid2/035127-02.np3] Addr=5630 Value=01
ROM[roms/Asteroid2/035127-02.np3] Addr=5631 Value=FF
ROM[roms/Asteroid2/035127-02.np3] Addr=5632 Value=00
ROM[roms/Asteroid2/035127-02.np3] Addr=5633 Value=D0
ROM[roms/Asteroid2/035127-02.np3] Addr=5634 Value=72
ROM[roms/Asteroid2/035127-02.np3] Addr=5635 Value=FB
ROM[roms/Asteroid2/035127-02.np3] Addr=5636 Value=06
ROM[roms/Asteroid2/035127-02.np3] Addr=5637 Value=F8
ROM[roms/Asteroid2/035127-02.np3] Addr=5638 Value=72
ROM[roms/Asteroid2/035127-02.np3] Addr=5639 Value=FF
ROM[roms/Asteroid2/035127-02.np3] Addr=563A Value=02
ROM[roms/Asteroid2/035127-02.np3] Addr=563B Value=F0
ROM[roms/Asteroid2/035127-02.np3] Addr=563C Value=00
ROM[roms/Asteroid2/035127-02.np3] Addr=563D Value=D0
ROM[roms/Asteroid2/035127-02.np3] Addr=563E Value=02
ROM[roms/Asteroid2/035127-02.np3] Addr=563F Value=F0
ROM[roms/Asteroid2/035127-02.np3] Addr=5640 Value=70
ROM[roms/Asteroid2/035127-02.np3] Addr=5641 Value=FA
ROM[roms/Asteroid2/035127-02.np3] Addr=5642 Value=76
ROM[roms/Asteroid2/035127-02.np3] Addr=5643 Value=F2
ROM[roms/Asteroid2/035127-02.np3] Addr=5644 Value=02
ROM[roms/Asteroid2/035127-02.np3] Addr=5645 Value=F8
ROM[roms/Asteroid2/035127-02.np3] Addr=5646 Value=76
ROM[roms/Asteroid2/035127-02.np3] Addr=5647 Value=F6
ROM[roms/Asteroid2/035127-02.np3] Addr=5648 Value=02
ROM[roms/Asteroid2/035127-02.np3] Addr=5649 Value=FE
ROM[roms/Asteroid2/035127-02.np3] Addr=564A Value=00
ROM[roms/Asteroid2/035127-02.np3] Addr=564B Value=D0
ROM[roms/Asteroid2/035127-02.np3] Addr=564C Value=00
ROM[roms/Asteroid2/035127-02.np3] Addr=564D Value=FB
ROM[roms/Asteroid2/035127-02.np3] Addr=564E Value=72
ROM[roms/Asteroid2/035127-02.np3] Addr=564F Value=F8
ROM[roms/Asteroid2/035127-02.np3] Addr=5650 Value=76
ROM[roms/Asteroid2/035127-02.np3] Addr=5651 Value=FF
ROM[roms/Asteroid2/035127-02.np3] Addr=5652 Value=72
ROM[roms/Asteroid2/035127-02.np3] Addr=5653 Value=F8
ROM[roms/Asteroid2/035127-02.np3] Addr=5654 Value=02
ROM[roms/Asteroid2/035127-02.np3] Addr=5655 Value=F0
ROM[roms/Asteroid2/035127-02.np3] Addr=5656 Value=00
ROM[roms/Asteroid2/035127-02.np3] Addr=5657 Value=D0
ROM[roms/Asteroid2/035127-02.np3] Addr=5658 Value=03
ROM[roms/Asteroid2/035127-02.np3] Addr=5659 Value=F8
ROM[roms/Asteroid2/035127-02.np3] Addr=565A Value=00
ROM[roms/Asteroid2/035127-02.np3] Addr=565B Value=D0
ROM[roms/Asteroid2/035127-02.np3] Addr=565C Value=02
ROM[roms/Asteroid2/035127-02.np3] Addr=565D Value=F0
ROM[roms/Asteroid2/035127-02.np3] Addr=565E Value=70
ROM[roms/Asteroid2/035127-02.np3] Addr=565F Value=FB
ROM[roms/Asteroid2/035127-02.np3] Addr=5660 Value=02
ROM[roms/Asteroid2/035127-02.np3] Addr=5661 Value=FF
ROM[roms/Asteroid2/035127-02.np3] Addr=5662 Value=00
ROM[roms/Asteroid2/035127-02.np3] Addr=5663 Value=D0
ROM[roms/Asteroid2/035127-02.np3] Addr=5664 Value=00
ROM[roms/Asteroid2/035127-02.np3] Addr=5665 Value=FB
ROM[roms/Asteroid2/035127-02.np3] Addr=5666 Value=72
ROM[roms/Asteroid2/035127-02.np3] Addr=5667 Value=F8
ROM[roms/Asteroid2/035127-02.np3] Addr=5668 Value=70
ROM[roms/Asteroid2/035127-02.np3] Addr=5669 Value=F7
ROM[roms/Asteroid2/035127-02.np3] Addr=566A Value=76
ROM[roms/Asteroid2/035127-02.np3] Addr=566B Value=F8
ROM[roms/Asteroid2/035127-02.np3] Addr=566C Value=70
ROM[roms/Asteroid2/035127-02.np3] Addr=566D Value=F7
ROM[roms/Asteroid2/035127-02.np3] Addr=566E Value=72
ROM[roms/Asteroid2/035127-02.np3] Addr=566F Value=F8
ROM[roms/Asteroid2/035127-02.np3] Addr=5670 Value=02
ROM[roms/Asteroid2/035127-02.np3] Addr=5671 Value=F0
ROM[roms/Asteroid2/035127-02.np3] Addr=5672 Value=00
ROM[roms/Asteroid2/035127-02.np3] Addr=5673 Value=D0
ROM[roms/Asteroid2/035127-02.np3] Addr=5674 Value=72
ROM[roms/Asteroid2/035127-02.np3] Addr=5675 Value=F8
ROM[roms/Asteroid2/035127-02.np3] Addr=5676 Value=70
ROM[roms/Asteroid2/035127-02.np3] Addr=5677 Value=FB
ROM[roms/Asteroid2/035127-02.np3] Addr=5678 Value=76
ROM[roms/Asteroid2/035127-02.np3] Addr=5679 Value=F8
ROM[roms/Asteroid2/035127-02.np3] Addr=567A Value=00
ROM[roms/Asteroid2/035127-02.np3] Addr=567B Value=F7
ROM[roms/Asteroid2/035127-02.np3] Addr=567C Value=72
ROM[roms/Asteroid2/035127-02.np3] Addr=567D Value=F8
ROM[roms/Asteroid2/035127-02.np3] Addr=567E Value=02
ROM[roms/Asteroid2/035127-02.np3] Addr=567F Value=F7
ROM[roms/Asteroid2/035127-02.np3] Addr=5680 Value=00
ROM[roms/Asteroid2/035127-02.np3] Addr=5681 Value=D0
ROM[roms/Asteroid2/035127-02.np3] Addr=5682 Value=00
ROM[roms/Asteroid2/035127-02.np3] Addr=5683 Value=FB
ROM[roms/Asteroid2/035127-02.np3] Addr=5684 Value=70
ROM[roms/Asteroid2/035127-02.np3] Addr=5685 Value=F7
ROM[roms/Asteroid2/035127-02.np3] Addr=5686 Value=72
ROM[roms/Asteroid2/035127-02.np3] Addr=5687 Value=F8
ROM[roms/Asteroid2/035127-02.np3] Addr=5688 Value=00
ROM[roms/Asteroid2/035127-02.np3] Addr=5689 Value=F3
ROM[roms/Asteroid2/035127-02.np3] Addr=568A Value=70
ROM[roms/Asteroid2/035127-02.np3] Addr=568B Value=FF
ROM[roms/Asteroid2/035127-02.np3] Addr=568C Value=02
ROM[roms/Asteroid2/035127-02.np3] Addr=568D Value=F0
ROM[roms/Asteroid2/035127-02.np3] Addr=568E Value=00
ROM[roms/Asteroid2/035127-02.np3] Addr=568F Value=D0
ROM[roms/Asteroid2/035127-02.np3] Addr=5690 Value=72
ROM[roms/Asteroid2/035127-02.np3] Addr=5691 Value=F8
ROM[roms/Asteroid2/035127-02.np3] Addr=5692 Value=70
ROM[roms/Asteroid2/035127-02.np3] Addr=5693 Value=F3
ROM[roms/Asteroid2/035127-02.np3] Addr=5694 Value=76
ROM[roms/Asteroid2/035127-02.np3] Addr=5695 Value=F8
ROM[roms/Asteroid2/035127-02.np3] Addr=5696 Value=70
ROM[roms/Asteroid2/035127-02.np3] Addr=5697 Value=F3
ROM[roms/Asteroid2/035127-02.np3] Addr=5698 Value=72
ROM[roms/Asteroid2/035127-02.np3] Addr=5699 Value=F8
ROM[roms/Asteroid2/035127-02.np3] Addr=569A Value=01
ROM[roms/Asteroid2/035127-02.np3] Addr=569B Value=FF
ROM[roms/Asteroid2/035127-02.np3] Addr=569C Value=00
ROM[roms/Asteroid2/035127-02.np3] Addr=569D Value=D0
ROM[roms/Asteroid2/035127-02.np3] Addr=569E Value=00
ROM[roms/Asteroid2/035127-02.np3] Addr=569F Value=F3
ROM[roms/Asteroid2/035127-02.np3] Addr=56A0 Value=72
ROM[roms/Asteroid2/035127-02.np3] Addr=56A1 Value=F8
ROM[roms/Asteroid2/035127-02.np3] Addr=56A2 Value=70
ROM[roms/Asteroid2/035127-02.np3] Addr=56A3 Value=F7
ROM[roms/Asteroid2/035127-02.np3] Addr=56A4 Value=76
ROM[roms/Asteroid2/035127-02.np3] Addr=56A5 Value=F8
ROM[roms/Asteroid2/035127-02.np3] Addr=56A6 Value=70
ROM[roms/Asteroid2/035127-02.np3] Addr=56A7 Value=FB
ROM[roms/Asteroid2/035127-02.np3] Addr=56A8 Value=03
ROM[roms/Asteroid2/035127-02.np3] Addr=56A9 Value=FF
ROM[roms/Asteroid2/035127-02.np3] Addr=56AA Value=00
ROM[roms/Asteroid2/035127-02.np3] Addr=56AB Value=D0
ROM[roms/Asteroid2/035127-02.np3] Addr=56AC Value=00
ROM[roms/Asteroid2/035127-02.np3] Addr=56AD Value=FB
ROM[roms/Asteroid2/035127-02.np3] Addr=56AE Value=72
ROM[roms/Asteroid2/035127-02.np3] Addr=56AF Value=F8
ROM[roms/Asteroid2/035127-02.np3] Addr=56B0 Value=70
ROM[roms/Asteroid2/035127-02.np3] Addr=56B1 Value=FF
ROM[roms/Asteroid2/035127-02.np3] Addr=56B2 Value=02
ROM[roms/Asteroid2/035127-02.np3] Addr=56B3 Value=F0
ROM[roms/Asteroid2/035127-02.np3] Addr=56B4 Value=00
ROM[roms/Asteroid2/035127-02.np3] Addr=56B5 Value=D0
ROM[roms/Asteroid2/035127-02.np3] Addr=56B6 Value=72
ROM[roms/Asteroid2/035127-02.np3] Addr=56B7 Value=F8
ROM[roms/Asteroid2/035127-02.np3] Addr=56B8 Value=70
ROM[roms/Asteroid2/035127-02.np3] Addr=56B9 Value=FB
ROM[roms/Asteroid2/035127-02.np3] Addr=56BA Value=76
ROM[roms/Asteroid2/035127-02.np3] Addr=56BB Value=F8
ROM[roms/Asteroid2/035127-02.np3] Addr=56BC Value=70
ROM[roms/Asteroid2/035127-02.np3] Addr=56BD Value=FF
ROM[roms/Asteroid2/035127-02.np3] Addr=56BE Value=00
ROM[roms/Asteroid2/035127-02.np3] Addr=56BF Value=F3
ROM[roms/Asteroid2/035127-02.np3] Addr=56C0 Value=72
ROM[roms/Asteroid2/035127-02.np3] Addr=56C1 Value=F8
ROM[roms/Asteroid2/035127-02.np3] Addr=56C2 Value=02
ROM[roms/Asteroid2/035127-02.np3] Addr=56C3 Value=F7
ROM[roms/Asteroid2/035127-02.np3] Addr=56C4 Value=00
ROM[roms/Asteroid2/035127-02.np3] Addr=56C5 Value=D0
ROM[roms/Asteroid2/035127-02.np3] Addr=56C6 Value=02
ROM[roms/Asteroid2/035127-02.np3] Addr=56C7 Value=F8
ROM[roms/Asteroid2/035127-02.np3] Addr=56C8 Value=70
ROM[roms/Asteroid2/035127-02.np3] Addr=56C9 Value=FB
ROM[roms/Asteroid2/035127-02.np3] Addr=56CA Value=76
ROM[roms/Asteroid2/035127-02.np3] Addr=56CB Value=F8
ROM[roms/Asteroid2/035127-02.np3] Addr=56CC Value=70
ROM[roms/Asteroid2/035127-02.np3] Addr=56CD Value=F7
ROM[roms/Asteroid2/035127-02.np3] Addr=56CE Value=72
ROM[roms/Asteroid2/035127-02.np3] Addr=56CF Value=F8
ROM[roms/Asteroid2/035127-02.np3] Addr=56D0 Value=02
ROM[roms/Asteroid2/035127-02.np3] Addr=56D1 Value=F7
ROM[roms/Asteroid2/035127-02.np3] Addr=56D2 Value=00
ROM[roms/Asteroid2/035127-02.np3] Addr=56D3 Value=D0
ROM[roms/Asteroid2/035127-02.np3] Addr=56D4 Value=2C
ROM[roms/Asteroid2/035127-02.np3] Addr=56D5 Value=CB
ROM[roms/Asteroid2/035127-02.np3] Addr=56D6 Value=DD
ROM[roms/Asteroid2/035127-02.np3] Addr=56D7 Value=CA
ROM[roms/Asteroid2/035127-02.np3] Addr=56D8 Value=2E
ROM[roms/Asteroid2/035127-02.np3] Addr=56D9 Value=CB
ROM[roms/Asteroid2/035127-02.np3] Addr=56DA Value=32
ROM[roms/Asteroid2/035127-02.np3] Addr=56DB Value=CB
ROM[roms/Asteroid2/035127-02.np3] Addr=56DC Value=3A
ROM[roms/Asteroid2/035127-02.np3] Addr=56DD Value=CB
ROM[roms/Asteroid2/035127-02.np3] Addr=56DE Value=41
ROM[roms/Asteroid2/035127-02.np3] Addr=56DF Value=CB
ROM[roms/Asteroid2/035127-02.np3] Addr=56E0 Value=48
ROM[roms/Asteroid2/035127-02.np3] Addr=56E1 Value=CB
ROM[roms/Asteroid2/035127-02.np3] Addr=56E2 Value=4F
ROM[roms/Asteroid2/035127-02.np3] Addr=56E3 Value=CB
ROM[roms/Asteroid2/035127-02.np3] Addr=56E4 Value=56
ROM[roms/Asteroid2/035127-02.np3] Addr=56E5 Value=CB
ROM[roms/Asteroid2/035127-02.np3] Addr=56E6 Value=5B
ROM[roms/Asteroid2/035127-02.np3] Addr=56E7 Value=CB
ROM[roms/Asteroid2/035127-02.np3] Addr=56E8 Value=63
ROM[roms/Asteroid2/035127-02.np3] Addr=56E9 Value=CB
ROM[roms/Asteroid2/035127-02.np3] Addr=56EA Value=78
ROM[roms/Asteroid2/035127-02.np3] Addr=56EB Value=CA
ROM[roms/Asteroid2/035127-02.np3] Addr=56EC Value=80
ROM[roms/Asteroid2/035127-02.np3] Addr=56ED Value=CA
ROM[roms/Asteroid2/035127-02.np3] Addr=56EE Value=8D
ROM[roms/Asteroid2/035127-02.np3] Addr=56EF Value=CA
ROM[roms/Asteroid2/035127-02.np3] Addr=56F0 Value=93
ROM[roms/Asteroid2/035127-02.np3] Addr=56F1 Value=CA
ROM[roms/Asteroid2/035127-02.np3] Addr=56F2 Value=9B
ROM[roms/Asteroid2/035127-02.np3] Addr=56F3 Value=CA
ROM[roms/Asteroid2/035127-02.np3] Addr=56F4 Value=A3
ROM[roms/Asteroid2/035127-02.np3] Addr=56F5 Value=CA
ROM[roms/Asteroid2/035127-02.np3] Addr=56F6 Value=AA
ROM[roms/Asteroid2/035127-02.np3] Addr=56F7 Value=CA
ROM[roms/Asteroid2/035127-02.np3] Addr=56F8 Value=B3
ROM[roms/Asteroid2/035127-02.np3] Addr=56F9 Value=CA
ROM[roms/Asteroid2/035127-02.np3] Addr=56FA Value=BA
ROM[roms/Asteroid2/035127-02.np3] Addr=56FB Value=CA
ROM[roms/Asteroid2/035127-02.np3] Addr=56FC Value=C1
ROM[roms/Asteroid2/035127-02.np3] Addr=56FD Value=CA
ROM[roms/Asteroid2/035127-02.np3] Addr=56FE Value=C7
ROM[roms/Asteroid2/035127-02.np3] Addr=56FF Value=CA
ROM[roms/Asteroid2/035127-02.np3] Addr=5700 Value=CD
ROM[roms/Asteroid2/035127-02.np3] Addr=5701 Value=CA
ROM[roms/Asteroid2/035127-02.np3] Addr=5702 Value=D2
ROM[roms/Asteroid2/035127-02.np3] Addr=5703 Value=CA
ROM[roms/Asteroid2/035127-02.np3] Addr=5704 Value=D8
ROM[roms/Asteroid2/035127-02.np3] Addr=5705 Value=CA
ROM[roms/Asteroid2/035127-02.np3] Addr=5706 Value=DD
ROM[roms/Asteroid2/035127-02.np3] Addr=5707 Value=CA
ROM[roms/Asteroid2/035127-02.np3] Addr=5708 Value=E3
ROM[roms/Asteroid2/035127-02.np3] Addr=5709 Value=CA
ROM[roms/Asteroid2/035127-02.np3] Addr=570A Value=EA
ROM[roms/Asteroid2/035127-02.np3] Addr=570B Value=CA
ROM[roms/Asteroid2/035127-02.np3] Addr=570C Value=F3
ROM[roms/Asteroid2/035127-02.np3] Addr=570D Value=CA
ROM[roms/Asteroid2/035127-02.np3] Addr=570E Value=FB
ROM[roms/Asteroid2/035127-02.np3] Addr=570F Value=CA
ROM[roms/Asteroid2/035127-02.np3] Addr=5710 Value=02
ROM[roms/Asteroid2/035127-02.np3] Addr=5711 Value=CB
ROM[roms/Asteroid2/035127-02.np3] Addr=5712 Value=08
ROM[roms/Asteroid2/035127-02.np3] Addr=5713 Value=CB
ROM[roms/Asteroid2/035127-02.np3] Addr=5714 Value=0E
ROM[roms/Asteroid2/035127-02.np3] Addr=5715 Value=CB
ROM[roms/Asteroid2/035127-02.np3] Addr=5716 Value=13
ROM[roms/Asteroid2/035127-02.np3] Addr=5717 Value=CB
ROM[roms/Asteroid2/035127-02.np3] Addr=5718 Value=1A
ROM[roms/Asteroid2/035127-02.np3] Addr=5719 Value=CB
ROM[roms/Asteroid2/035127-02.np3] Addr=571A Value=1F
ROM[roms/Asteroid2/035127-02.np3] Addr=571B Value=CB
ROM[roms/Asteroid2/035127-02.np3] Addr=571C Value=26
ROM[roms/Asteroid2/035127-02.np3] Addr=571D Value=CB
ROM[roms/Asteroid2/035127-02.np3] Addr=571E Value=0B
ROM[roms/Asteroid2/035127-02.np3] Addr=571F Value=13
ROM[roms/Asteroid2/035127-02.np3] Addr=5720 Value=19
ROM[roms/Asteroid2/035127-02.np3] Addr=5721 Value=2F
ROM[roms/Asteroid2/035127-02.np3] Addr=5722 Value=41
ROM[roms/Asteroid2/035127-02.np3] Addr=5723 Value=55
ROM[roms/Asteroid2/035127-02.np3] Addr=5724 Value=6F
ROM[roms/Asteroid2/035127-02.np3] Addr=5725 Value=77
ROM[roms/Asteroid2/035127-02.np3] Addr=5726 Value=7D
ROM[roms/Asteroid2/035127-02.np3] Addr=5727 Value=87
ROM[roms/Asteroid2/035127-02.np3] Addr=5728 Value=91
ROM[roms/Asteroid2/035127-02.np3] Addr=5729 Value=63
ROM[roms/Asteroid2/035127-02.np3] Addr=572A Value=56
ROM[roms/Asteroid2/035127-02.np3] Addr=572B Value=60
ROM[roms/Asteroid2/035127-02.np3] Addr=572C Value=6E
ROM[roms/Asteroid2/035127-02.np3] Addr=572D Value=3C
ROM[roms/Asteroid2/035127-02.np3] Addr=572E Value=EC
ROM[roms/Asteroid2/035127-02.np3] Addr=572F Value=4D
ROM[roms/Asteroid2/035127-02.np3] Addr=5730 Value=C0
ROM[roms/Asteroid2/035127-02.np3] Addr=5731 Value=A4
ROM[roms/Asteroid2/035127-02.np3] Addr=5732 Value=0A
ROM[roms/Asteroid2/035127-02.np3] Addr=5733 Value=EA
ROM[roms/Asteroid2/035127-02.np3] Addr=5734 Value=6C
ROM[roms/Asteroid2/035127-02.np3] Addr=5735 Value=08
ROM[roms/Asteroid2/035127-02.np3] Addr=5736 Value=00
ROM[roms/Asteroid2/035127-02.np3] Addr=5737 Value=EC
ROM[roms/Asteroid2/035127-02.np3] Addr=5738 Value=F2
ROM[roms/Asteroid2/035127-02.np3] Addr=5739 Value=B0
ROM[roms/Asteroid2/035127-02.np3] Addr=573A Value=6E
ROM[roms/Asteroid2/035127-02.np3] Addr=573B Value=3C
ROM[roms/Asteroid2/035127-02.np3] Addr=573C Value=EC
ROM[roms/Asteroid2/035127-02.np3] Addr=573D Value=48
ROM[roms/Asteroid2/035127-02.np3] Addr=573E Value=5A
ROM[roms/Asteroid2/035127-02.np3] Addr=573F Value=B8
ROM[roms/Asteroid2/035127-02.np3] Addr=5740 Value=66
ROM[roms/Asteroid2/035127-02.np3] Addr=5741 Value=92
ROM[roms/Asteroid2/035127-02.np3] Addr=5742 Value=42
ROM[roms/Asteroid2/035127-02.np3] Addr=5743 Value=9A
ROM[roms/Asteroid2/035127-02.np3] Addr=5744 Value=82
ROM[roms/Asteroid2/035127-02.np3] Addr=5745 Value=C3
ROM[roms/Asteroid2/035127-02.np3] Addr=5746 Value=12
ROM[roms/Asteroid2/035127-02.np3] Addr=5747 Value=0E
ROM[roms/Asteroid2/035127-02.np3] Addr=5748 Value=12
ROM[roms/Asteroid2/035127-02.np3] Addr=5749 Value=90
ROM[roms/Asteroid2/035127-02.np3] Addr=574A Value=4C
ROM[roms/Asteroid2/035127-02.np3] Addr=574B Value=4D
ROM[roms/Asteroid2/035127-02.np3] Addr=574C Value=F1
ROM[roms/Asteroid2/035127-02.np3] Addr=574D Value=A4
ROM[roms/Asteroid2/035127-02.np3] Addr=574E Value=12
ROM[roms/Asteroid2/035127-02.np3] Addr=574F Value=2D
ROM[roms/Asteroid2/035127-02.np3] Addr=5750 Value=D2
ROM[roms/Asteroid2/035127-02.np3] Addr=5751 Value=0A
ROM[roms/Asteroid2/035127-02.np3] Addr=5752 Value=64
ROM[roms/Asteroid2/035127-02.np3] Addr=5753 Value=C2
ROM[roms/Asteroid2/035127-02.np3] Addr=5754 Value=6C
ROM[roms/Asteroid2/035127-02.np3] Addr=5755 Value=0F
ROM[roms/Asteroid2/035127-02.np3] Addr=5756 Value=66
ROM[roms/Asteroid2/035127-02.np3] Addr=5757 Value=CD
ROM[roms/Asteroid2/035127-02.np3] Addr=5758 Value=82
ROM[roms/Asteroid2/035127-02.np3] Addr=5759 Value=6C
ROM[roms/Asteroid2/035127-02.np3] Addr=575A Value=9A
ROM[roms/Asteroid2/035127-02.np3] Addr=575B Value=C3
ROM[roms/Asteroid2/035127-02.np3] Addr=575C Value=4A
ROM[roms/Asteroid2/035127-02.np3] Addr=575D Value=85
ROM[roms/Asteroid2/035127-02.np3] Addr=575E Value=C0
ROM[roms/Asteroid2/035127-02.np3] Addr=575F Value=A6
ROM[roms/Asteroid2/035127-02.np3] Addr=5760 Value=6E
ROM[roms/Asteroid2/035127-02.np3] Addr=5761 Value=60
ROM[roms/Asteroid2/035127-02.np3] Addr=5762 Value=6C
ROM[roms/Asteroid2/035127-02.np3] Addr=5763 Value=9E
ROM[roms/Asteroid2/035127-02.np3] Addr=5764 Value=0A
ROM[roms/Asteroid2/035127-02.np3] Addr=5765 Value=C2
ROM[roms/Asteroid2/035127-02.np3] Addr=5766 Value=42
ROM[roms/Asteroid2/035127-02.np3] Addr=5767 Value=C4
ROM[roms/Asteroid2/035127-02.np3] Addr=5768 Value=C2
ROM[roms/Asteroid2/035127-02.np3] Addr=5769 Value=BA
ROM[roms/Asteroid2/035127-02.np3] Addr=576A Value=60
ROM[roms/Asteroid2/035127-02.np3] Addr=576B Value=49
ROM[roms/Asteroid2/035127-02.np3] Addr=576C Value=F0
ROM[roms/Asteroid2/035127-02.np3] Addr=576D Value=0C
ROM[roms/Asteroid2/035127-02.np3] Addr=576E Value=12
ROM[roms/Asteroid2/035127-02.np3] Addr=576F Value=C6
ROM[roms/Asteroid2/035127-02.np3] Addr=5770 Value=12
ROM[roms/Asteroid2/035127-02.np3] Addr=5771 Value=B0
ROM[roms/Asteroid2/035127-02.np3] Addr=5772 Value=00
ROM[roms/Asteroid2/035127-02.np3] Addr=5773 Value=A6
ROM[roms/Asteroid2/035127-02.np3] Addr=5774 Value=6E
ROM[roms/Asteroid2/035127-02.np3] Addr=5775 Value=60
ROM[roms/Asteroid2/035127-02.np3] Addr=5776 Value=58
ROM[roms/Asteroid2/035127-02.np3] Addr=5777 Value=ED
ROM[roms/Asteroid2/035127-02.np3] Addr=5778 Value=12
ROM[roms/Asteroid2/035127-02.np3] Addr=5779 Value=B5
ROM[roms/Asteroid2/035127-02.np3] Addr=577A Value=E8
ROM[roms/Asteroid2/035127-02.np3] Addr=577B Value=29
ROM[roms/Asteroid2/035127-02.np3] Addr=577C Value=D2
ROM[roms/Asteroid2/035127-02.np3] Addr=577D Value=0E
ROM[roms/Asteroid2/035127-02.np3] Addr=577E Value=D8
ROM[roms/Asteroid2/035127-02.np3] Addr=577F Value=4C
ROM[roms/Asteroid2/035127-02.np3] Addr=5780 Value=82
ROM[roms/Asteroid2/035127-02.np3] Addr=5781 Value=82
ROM[roms/Asteroid2/035127-02.np3] Addr=5782 Value=70
ROM[roms/Asteroid2/035127-02.np3] Addr=5783 Value=C2
ROM[roms/Asteroid2/035127-02.np3] Addr=5784 Value=6C
ROM[roms/Asteroid2/035127-02.np3] Addr=5785 Value=0B
ROM[roms/Asteroid2/035127-02.np3] Addr=5786 Value=6E
ROM[roms/Asteroid2/035127-02.np3] Addr=5787 Value=09
ROM[roms/Asteroid2/035127-02.np3] Addr=5788 Value=E6
ROM[roms/Asteroid2/035127-02.np3] Addr=5789 Value=B5
ROM[roms/Asteroid2/035127-02.np3] Addr=578A Value=92
ROM[roms/Asteroid2/035127-02.np3] Addr=578B Value=3E
ROM[roms/Asteroid2/035127-02.np3] Addr=578C Value=00
ROM[roms/Asteroid2/035127-02.np3] Addr=578D Value=A6
ROM[roms/Asteroid2/035127-02.np3] Addr=578E Value=6E
ROM[roms/Asteroid2/035127-02.np3] Addr=578F Value=60
ROM[roms/Asteroid2/035127-02.np3] Addr=5790 Value=6E
ROM[roms/Asteroid2/035127-02.np3] Addr=5791 Value=C1
ROM[roms/Asteroid2/035127-02.np3] Addr=5792 Value=6C
ROM[roms/Asteroid2/035127-02.np3] Addr=5793 Value=C0
ROM[roms/Asteroid2/035127-02.np3] Addr=5794 Value=00
ROM[roms/Asteroid2/035127-02.np3] Addr=5795 Value=59
ROM[roms/Asteroid2/035127-02.np3] Addr=5796 Value=62
ROM[roms/Asteroid2/035127-02.np3] Addr=5797 Value=48
ROM[roms/Asteroid2/035127-02.np3] Addr=5798 Value=66
ROM[roms/Asteroid2/035127-02.np3] Addr=5799 Value=D2
ROM[roms/Asteroid2/035127-02.np3] Addr=579A Value=6D
ROM[roms/Asteroid2/035127-02.np3] Addr=579B Value=18
ROM[roms/Asteroid2/035127-02.np3] Addr=579C Value=4E
ROM[roms/Asteroid2/035127-02.np3] Addr=579D Value=9B
ROM[roms/Asteroid2/035127-02.np3] Addr=579E Value=64
ROM[roms/Asteroid2/035127-02.np3] Addr=579F Value=09
ROM[roms/Asteroid2/035127-02.np3] Addr=57A0 Value=02
ROM[roms/Asteroid2/035127-02.np3] Addr=57A1 Value=A4
ROM[roms/Asteroid2/035127-02.np3] Addr=57A2 Value=0A
ROM[roms/Asteroid2/035127-02.np3] Addr=57A3 Value=ED
ROM[roms/Asteroid2/035127-02.np3] Addr=57A4 Value=C0
ROM[roms/Asteroid2/035127-02.np3] Addr=57A5 Value=18
ROM[roms/Asteroid2/035127-02.np3] Addr=57A6 Value=4E
ROM[roms/Asteroid2/035127-02.np3] Addr=57A7 Value=9B
ROM[roms/Asteroid2/035127-02.np3] Addr=57A8 Value=64
ROM[roms/Asteroid2/035127-02.np3] Addr=57A9 Value=08
ROM[roms/Asteroid2/035127-02.np3] Addr=57AA Value=C2
ROM[roms/Asteroid2/035127-02.np3] Addr=57AB Value=A4
ROM[roms/Asteroid2/035127-02.np3] Addr=57AC Value=0A
ROM[roms/Asteroid2/035127-02.np3] Addr=57AD Value=E8
ROM[roms/Asteroid2/035127-02.np3] Addr=57AE Value=00
ROM[roms/Asteroid2/035127-02.np3] Addr=57AF Value=20
ROM[roms/Asteroid2/035127-02.np3] Addr=57B0 Value=4E
ROM[roms/Asteroid2/035127-02.np3] Addr=57B1 Value=9B
ROM[roms/Asteroid2/035127-02.np3] Addr=57B2 Value=64
ROM[roms/Asteroid2/035127-02.np3] Addr=57B3 Value=B8
ROM[roms/Asteroid2/035127-02.np3] Addr=57B4 Value=46
ROM[roms/Asteroid2/035127-02.np3] Addr=57B5 Value=0D
ROM[roms/Asteroid2/035127-02.np3] Addr=57B6 Value=20
ROM[roms/Asteroid2/035127-02.np3] Addr=57B7 Value=2F
ROM[roms/Asteroid2/035127-02.np3] Addr=57B8 Value=40
ROM[roms/Asteroid2/035127-02.np3] Addr=57B9 Value=00
ROM[roms/Asteroid2/035127-02.np3] Addr=57BA Value=03
ROM[roms/Asteroid2/035127-02.np3] Addr=57BB Value=06
ROM[roms/Asteroid2/035127-02.np3] Addr=57BC Value=09
ROM[roms/Asteroid2/035127-02.np3] Addr=57BD Value=0C
ROM[roms/Asteroid2/035127-02.np3] Addr=57BE Value=10
ROM[roms/Asteroid2/035127-02.np3] Addr=57BF Value=13
ROM[roms/Asteroid2/035127-02.np3] Addr=57C0 Value=16
ROM[roms/Asteroid2/035127-02.np3] Addr=57C1 Value=19
ROM[roms/Asteroid2/035127-02.np3] Addr=57C2 Value=1C
ROM[roms/Asteroid2/035127-02.np3] Addr=57C3 Value=1F
ROM[roms/Asteroid2/035127-02.np3] Addr=57C4 Value=22
ROM[roms/Asteroid2/035127-02.np3] Addr=57C5 Value=25
ROM[roms/Asteroid2/035127-02.np3] Addr=57C6 Value=28
ROM[roms/Asteroid2/035127-02.np3] Addr=57C7 Value=2B
ROM[roms/Asteroid2/035127-02.np3] Addr=57C8 Value=2E
ROM[roms/Asteroid2/035127-02.np3] Addr=57C9 Value=31
ROM[roms/Asteroid2/035127-02.np3] Addr=57CA Value=33
ROM[roms/Asteroid2/035127-02.np3] Addr=57CB Value=36
ROM[roms/Asteroid2/035127-02.np3] Addr=57CC Value=39
ROM[roms/Asteroid2/035127-02.np3] Addr=57CD Value=3C
ROM[roms/Asteroid2/035127-02.np3] Addr=57CE Value=3F
ROM[roms/Asteroid2/035127-02.np3] Addr=57CF Value=41
ROM[roms/Asteroid2/035127-02.np3] Addr=57D0 Value=44
ROM[roms/Asteroid2/035127-02.np3] Addr=57D1 Value=47
ROM[roms/Asteroid2/035127-02.np3] Addr=57D2 Value=49
ROM[roms/Asteroid2/035127-02.np3] Addr=57D3 Value=4C
ROM[roms/Asteroid2/035127-02.np3] Addr=57D4 Value=4E
ROM[roms/Asteroid2/035127-02.np3] Addr=57D5 Value=51
ROM[roms/Asteroid2/035127-02.np3] Addr=57D6 Value=53
ROM[roms/Asteroid2/035127-02.np3] Addr=57D7 Value=55
ROM[roms/Asteroid2/035127-02.np3] Addr=57D8 Value=58
ROM[roms/Asteroid2/035127-02.np3] Addr=57D9 Value=5A
ROM[roms/Asteroid2/035127-02.np3] Addr=57DA Value=5C
ROM[roms/Asteroid2/035127-02.np3] Addr=57DB Value=5E
ROM[roms/Asteroid2/035127-02.np3] Addr=57DC Value=60
ROM[roms/Asteroid2/035127-02.np3] Addr=57DD Value=62
ROM[roms/Asteroid2/035127-02.np3] Addr=57DE Value=64
ROM[roms/Asteroid2/035127-02.np3] Addr=57DF Value=66
ROM[roms/Asteroid2/035127-02.np3] Addr=57E0 Value=68
ROM[roms/Asteroid2/035127-02.np3] Addr=57E1 Value=6A
ROM[roms/Asteroid2/035127-02.np3] Addr=57E2 Value=6B
ROM[roms/Asteroid2/035127-02.np3] Addr=57E3 Value=6D
ROM[roms/Asteroid2/035127-02.np3] Addr=57E4 Value=6F
ROM[roms/Asteroid2/035127-02.np3] Addr=57E5 Value=70
ROM[roms/Asteroid2/035127-02.np3] Addr=57E6 Value=71
ROM[roms/Asteroid2/035127-02.np3] Addr=57E7 Value=73
ROM[roms/Asteroid2/035127-02.np3] Addr=57E8 Value=74
ROM[roms/Asteroid2/035127-02.np3] Addr=57E9 Value=75
ROM[roms/Asteroid2/035127-02.np3] Addr=57EA Value=76
ROM[roms/Asteroid2/035127-02.np3] Addr=57EB Value=78
ROM[roms/Asteroid2/035127-02.np3] Addr=57EC Value=79
ROM[roms/Asteroid2/035127-02.np3] Addr=57ED Value=7A
ROM[roms/Asteroid2/035127-02.np3] Addr=57EE Value=7A
ROM[roms/Asteroid2/035127-02.np3] Addr=57EF Value=7B
ROM[roms/Asteroid2/035127-02.np3] Addr=57F0 Value=7C
ROM[roms/Asteroid2/035127-02.np3] Addr=57F1 Value=7D
ROM[roms/Asteroid2/035127-02.np3] Addr=57F2 Value=7D
ROM[roms/Asteroid2/035127-02.np3] Addr=57F3 Value=7E
ROM[roms/Asteroid2/035127-02.np3] Addr=57F4 Value=7E
ROM[roms/Asteroid2/035127-02.np3] Addr=57F5 Value=7E
ROM[roms/Asteroid2/035127-02.np3] Addr=57F6 Value=7F
ROM[roms/Asteroid2/035127-02.np3] Addr=57F7 Value=7F
ROM[roms/Asteroid2/035127-02.np3] Addr=57F8 Value=7F
ROM[roms/Asteroid2/035127-02.np3] Addr=57F9 Value=7F
ROM[roms/Asteroid2/035127-02.np3] Addr=57FA Value=00
ROM[roms/Asteroid2/035127-02.np3] Addr=57FB Value=00
ROM[roms/Asteroid2/035127-02.np3] Addr=57FC Value=00
ROM[roms/Asteroid2/035127-02.np3] Addr=57FD Value=00
ROM[roms/Asteroid2/035127-02.np3] Addr=57FE Value=00
ROM[roms/Asteroid2/035127-02.np3] Addr=57FF Value=00
TAG Addr=0000 Dir=03 Tag=00
TAG Addr=0001 Dir=03 Tag=00
TAG Addr=0002 Dir=03 Tag=00
TAG Addr=0003 Dir=03 Tag=00
TAG Addr=0004 Dir=03 Tag=00
TAG Addr=0005 Dir=03 Tag=00
TAG Addr=0006 Dir=03 Tag=00
TAG Addr=0007 Dir=03 Tag=00
TAG Addr=0008 Dir=03 Tag=00
TAG Addr=0009 Dir=03 Tag=00
TAG Addr=000A Dir=03 Tag=00
TAG Addr=000B Dir=03 Tag=00
TAG Addr=000C Dir=03 Tag=00
TAG Addr=000D Dir=03 Tag=00
TAG Addr=000E Dir=03 Tag=00
TAG Addr=000F Dir=03 Tag=00
TAG Addr=0010 Dir=03 Tag=00
TAG Addr=0011 Dir=03 Tag=00
TAG Addr=0012 Dir=03 Tag=00
TAG Addr=0013 Dir=03 Tag=00
TAG Addr=0014 Dir=03 Tag=00
TAG Addr=0015 Dir=03 Tag=00
TAG Addr=0016 Dir=03 Tag=00
TAG Addr=0017 Dir=03 Tag=00
TAG Addr=0018 Dir=03 Tag=00
TAG Addr=0019 Dir=03 Tag=00
TAG Addr=001A Dir=03 Tag=00
TAG Addr=001B Dir=03 Tag=00
TAG Addr=001C Dir=03 Tag=00
TAG Addr=001D Dir=03 Tag=00
TAG Addr=001E Dir=03 Tag=00
TAG Addr=001F Dir=03 Tag=00
TAG Addr=0020 Dir=03 Tag=00
TAG Addr=0021 Dir=03 Tag=00
TAG Addr=0022 Dir=03 Tag=00
TAG Addr=0023 Dir=03 Tag=00
TAG Addr=0024 Dir=03 Tag=00
TAG Addr=0025 Dir=03 Tag=00
TAG Addr=0026 Dir=03 Tag=00
TAG Addr=0027 Dir=03 Tag=00
TAG Addr=0028 Dir=03 Tag=00
TAG Addr=0029 Dir=03 Tag=00
TAG Addr=002A Dir=03 Tag=00
TAG Addr=002B Dir=03 Tag=00
TAG Addr=002C Dir=03 Tag=00
TAG Addr=002D Dir=03 Tag=00
TAG Addr=002E Dir=03 Tag=00
TAG Addr=002F Dir=03 Tag=00
TAG Addr=0030 Dir=03 Tag=00
TAG Addr=0031 Dir=03 Tag=00
TAG Addr=0032 Dir=03 Tag=00
TAG Addr=0033 Dir=03 Tag=00
TAG Addr=0034 Dir=03 Tag=00
TAG Addr=0035 Dir=03 Tag=00
TAG Addr=0036 Dir=03 Tag=00
TAG Addr=0037 Dir=03 Tag=00
TAG Addr=0038 Dir=03 Tag=00
TAG Addr=0039 Dir=03 Tag=00
TAG Addr=003A Dir=03 Tag=00
TAG Addr=003B Dir=03 Tag=00
TAG Addr=003C Dir=03 Tag=00
TAG Addr=003D Dir=03 Tag=00
TAG Addr=003E Dir=03 Tag=00
TAG Addr=003F Dir=03 Tag=00
TAG Addr=0040 Dir=03 Tag=00
TAG Addr=0041 Dir=03 Tag=00
TAG Addr=0042 Dir=03 Tag=00
TAG Addr=0043 Dir=03 Tag=00
TAG Addr=0044 Dir=03 Tag=00
TAG Addr=0045 Dir=03 Tag=00
TAG Addr=0046 Dir=03 Tag=00
TAG Addr=0047 Dir=03 Tag=00
TAG Addr=0048 Dir=03 Tag=00
TAG Addr=0049 Dir=03 Tag=00
TAG Addr=004A Dir=03 Tag=00
TAG Addr=004B Dir=03 Tag=00
TAG Addr=004C Dir=03 Tag=00
TAG Addr=004D Dir=03 Tag=00
TAG Addr=004E Dir=03 Tag=00
TAG Addr=004F Dir=03 Tag=00
TAG Addr=0050 Dir=03 Tag=00
TAG Addr=0051 Dir=03 Tag=00
TAG Addr=0052 Dir=03 Tag=00
TAG Addr=0053 Dir=03 Tag=00
TAG Addr=0054 Dir=03 Tag=00
TAG Addr=0055 Dir=03 Tag=00
TAG Addr=0056 Dir=03 Tag=00
TAG Addr=0057 Dir=03 Tag=00
TAG Addr=0058 Dir=03 Tag=00
TAG Addr=0059 Dir=03 Tag=00
TAG Addr=005A Dir=03 Tag=00
TAG Addr=005B Dir=03 Tag=00
TAG Addr=005C Dir=03 Tag=00
TAG Addr=005D Dir=03 Tag=00
TAG Addr=005E Dir=03 Tag=00
TAG Addr=005F Dir=03 Tag=00
TAG Addr=0060 Dir=03 Tag=00
TAG Addr=0061 Dir=03 Tag=00
TAG Addr=0062 Dir=03 Tag=00
TAG Addr=0063 Dir=03 Tag=00
TAG Addr=0064 Dir=03 Tag=00
TAG Addr=0065 Dir=03 Tag=00
TAG Addr=0066 Dir=03 Tag=00
TAG Addr=0067 Dir=03 Tag=00
TAG Addr=0068 Dir=03 Tag=00
TAG Addr=0069 Dir=03 Tag=00
TAG Addr=006A Dir=03 Tag=00
TAG Addr=006B Dir=03 Tag=00
TAG Addr=006C Dir=03 Tag=00
TAG Addr=006D Dir=03 Tag=00
TAG Addr=006E Dir=03 Tag=00
TAG Addr=006F Dir=03 Tag=00
TAG Addr=0070 Dir=03 Tag=00
TAG Addr=0071 Dir=03 Tag=00
TAG Addr=0072 Dir=03 Tag=00
TAG Addr=0073 Dir=03 Tag=00
TAG Addr=0074 Dir=03 Tag=00
TAG Addr=0075 Dir=03 Tag=00
TAG Addr=0076 Dir=03 Tag=00
TAG Addr=0077 Dir=03 Tag=00
TAG Addr=0078 Dir=03 Tag=00
TAG Addr=0079 Dir=03 Tag=00
TAG Addr=007A Dir=03 Tag=00
TAG Addr=007B Dir=03 Tag=00
TAG Addr=007C Dir=03 Tag=00
TAG Addr=007D Dir=03 Tag=00
TAG Addr=007E Dir=03 Tag=00
TAG Addr=007F Dir=03 Tag=00
TAG Addr=0080 Dir=03 Tag=00
TAG Addr=0081 Dir=03 Tag=00
TAG Addr=0082 Dir=03 Tag=00
TAG Addr=0083 Dir=03 Tag=00
TAG Addr=0084 Dir=03 Tag=00
TAG Addr=0085 Dir=03 Tag=00
TAG Addr=0086 Dir=03 Tag=00
TAG Addr=0087 Dir=03 Tag=00
TAG Addr=0088 Dir=03 Tag=00
TAG Addr=0089 Dir=03 Tag=00
TAG Addr=008A Dir=03 Tag=00
TAG Addr=008B Dir=03 Tag=00
TAG Addr=008C Dir=03 Tag=00
TAG Addr=008D Dir=03 Tag=00
TAG Addr=008E Dir=03 Tag=00
TAG Addr=008F Dir=03 Tag=00
TAG Addr=0090 Dir=03 Tag=00
TAG Addr=0091 Dir=03 Tag=00
TAG Addr=0092 Dir=03 Tag=00
TAG Addr=0093 Dir=03 Tag=00
TAG Addr=0094 Dir=03 Tag=00
TAG Addr=0095 Dir=03 Tag=00
TAG Addr=0096 Dir=03 Tag=00
TAG Addr=0097 Dir=03 Tag=00
TAG Addr=0098 Dir=03 Tag=00
TAG Addr=0099 Dir=03 Tag=00
TAG Addr=009A Dir=03 Tag=00
TAG Addr=009B Dir=03 Tag=00
TAG Addr=009C Dir=03 Tag=00
TAG Addr=009D Dir=03 Tag=00
TAG Addr=009E Dir=03 Tag=00
TAG Addr=009F Dir=03 Tag=00
TAG Addr=00A0 Dir=03 Tag=00
TAG Addr=00A1 Dir=03 Tag=00
TAG Addr=00A2 Dir=03 Tag=00
TAG Addr=00A3 Dir=03 Tag=00
TAG Addr=00A4 Dir=03 Tag=00
TAG Addr=00A5 Dir=03 Tag=00
TAG Addr=00A6 Dir=03 Tag=00
TAG Addr=00A7 Dir=03 Tag=00
TAG Addr=00A8 Dir=03 Tag=00
TAG Addr=00A9 Dir=03 Tag=00
TAG Addr=00AA Dir=03 Tag=00
TAG Addr=00AB Dir=03 Tag=00
TAG Addr=00AC Dir=03 Tag=00
TAG Addr=00AD Dir=03 Tag=00
TAG Addr=00AE Dir=03 Tag=00
TAG Addr=00AF Dir=03 Tag=00
TAG Addr=00B0 Dir=03 Tag=00
TAG Addr=00B1 Dir=03 Tag=00
TAG Addr=00B2 Dir=03 Tag=00
TAG Addr=00B3 Dir=03 Tag=00
TAG Addr=00B4 Dir=03 Tag=00
TAG Addr=00B5 Dir=03 Tag=00
TAG Addr=00B6 Dir=03 Tag=00
TAG Addr=00B7 Dir=03 Tag=00
TAG Addr=00B8 Dir=03 Tag=00
TAG Addr=00B9 Dir=03 Tag=00
TAG Addr=00BA Dir=03 Tag=00
TAG Addr=00BB Dir=03 Tag=00
TAG Addr=00BC Dir=03 Tag=00
TAG Addr=00BD Dir=03 Tag=00
TAG Addr=00BE Dir=03 Tag=00
TAG Addr=00BF Dir=03 Tag=00
TAG Addr=00C0 Dir=03 Tag=00
TAG Addr=00C1 Dir=03 Tag=00
TAG Addr=00C2 Dir=03 Tag=00
TAG Addr=00C3 Dir=03 Tag=00
TAG Addr=00C4 Dir=03 Tag=00
TAG Addr=00C5 Dir=03 Tag=00
TAG Addr=00C6 Dir=03 Tag=00
TAG Addr=00C7 Dir=03 Tag=00
TAG Addr=00C8 Dir=03 Tag=00
TAG Addr=00C9 Dir=03 Tag=00
TAG Addr=00CA Dir=03 Tag=00
TAG Addr=00CB Dir=03 Tag=00
TAG Addr=00CC Dir=03 Tag=00
TAG Addr=00CD Dir=03 Tag=00
TAG Addr=00CE Dir=03 Tag=00
TAG Addr=00CF Dir=03 Tag=00
TAG Addr=00D0 Dir=03 Tag=00
TAG Addr=00D1 Dir=03 Tag=00
TAG Addr=00D2 Dir=03 Tag=00
TAG Addr=00D3 Dir=03 Tag=00
TAG Addr=00D4 Dir=03 Tag=00
TAG Addr=00D5 Dir=03 Tag=00
TAG Addr=00D6 Dir=03 Tag=00
TAG Addr=00D7 Dir=03 Tag=00
TAG Addr=00D8 Dir=03 Tag=00
TAG Addr=00D9 Dir=03 Tag=00
TAG Addr=00DA Dir=03 Tag=00
TAG Addr=00DB Dir=03 Tag=00
TAG Addr=00DC Dir=03 Tag=00
TAG Addr=00DD Dir=03 Tag=00
TAG Addr=00DE Dir=03 Tag=00
TAG Addr=00DF Dir=03 Tag=00
TAG Addr=00E0 Dir=03 Tag=00
TAG Addr=00E1 Dir=03 Tag=00
TAG Addr=00E2 Dir=03 Tag=00
TAG Addr=00E3 Dir=03 Tag=00
TAG Addr=00E4 Dir=03 Tag=00
TAG Addr=00E5 Dir=03 Tag=00
TAG Addr=00E6 Dir=03 Tag=00
TAG Addr=00E7 Dir=03 Tag=00
TAG Addr=00E8 Dir=03 Tag=00
TAG Addr=00E9 Dir=03 Tag=00
TAG Addr=00EA Dir=03 Tag=00
TAG Addr=00EB Dir=03 Tag=00
TAG Addr=00EC Dir=03 Tag=00
TAG Addr=00ED Dir=03 Tag=00
TAG Addr=00EE Dir=03 Tag=00
TAG Addr=00EF Dir=03 Tag=00
TAG Addr=00F0 Dir=03 Tag=00
TAG Addr=00F1 Dir=03 Tag=00
TAG Addr=00F2 Dir=03 Tag=00
TAG Addr=00F3 Dir=03 Tag=00
TAG Addr=00F4 Dir=03 Tag=00
TAG Addr=00F5 Dir=03 Tag=00
TAG Addr=00F6 Dir=03 Tag=00
TAG Addr=00F7 Dir=03 Tag=00
TAG Addr=00F8 Dir=03 Tag=00
TAG Addr=00F9 Dir=03 Tag=00
TAG Addr=00FA Dir=03 Tag=00
TAG Addr=00FB Dir=03 Tag=00
TAG Addr=00FC Dir=03 Tag=00
TAG Addr=00FD Dir=03 Tag=00
TAG Addr=00FE Dir=03 Tag=00
TAG Addr=00FF Dir=03 Tag=00
TAG Addr=0100 Dir=03 Tag=00
TAG Addr=0101 Dir=03 Tag=00
TAG Addr=0102 Dir=03 Tag=00
TAG Addr=0103 Dir=03 Tag=00
TAG Addr=0104 Dir=03 Tag=00
TAG Addr=0105 Dir=03 Tag=00
TAG Addr=0106 Dir=03 Tag=00
TAG Addr=0107 Dir=03 Tag=00
TAG Addr=0108 Dir=03 Tag=00
TAG Addr=0109 Dir=03 Tag=00
TAG Addr=010A Dir=03 Tag=00
TAG Addr=010B Dir=03 Tag=00
TAG Addr=010C Dir=03 Tag=00
TAG Addr=010D Dir=03 Tag=00
TAG Addr=010E Dir=03 Tag=00
TAG Addr=010F Dir=03 Tag=00
TAG Addr=0110 Dir=03 Tag=00
TAG Addr=0111 Dir=03 Tag=00
TAG Addr=0112 Dir=03 Tag=00
TAG Addr=0113 Dir=03 Tag=00
TAG Addr=0114 Dir=03 Tag=00
TAG Addr=0115 Dir=03 Tag=00
TAG Addr=0116 Dir=03 Tag=00
TAG Addr=0117 Dir=03 Tag=00
TAG Addr=0118 Dir=03 Tag=00
TAG Addr=0119 Dir=03 Tag=00
TAG Addr=011A Dir=03 Tag=00
TAG Addr=011B Dir=03 Tag=00
TAG Addr=011C Dir=03 Tag=00
TAG Addr=011D Dir=03 Tag=00
TAG Addr=011E Dir=03 Tag=00
TAG Addr=011F Dir=03 Tag=00
TAG Addr=0120 Dir=03 Tag=00
TAG Addr=0121 Dir=03 Tag=00
TAG Addr=0122 Dir=03 Tag=00
TAG Addr=0123 Dir=03 Tag=00
TAG Addr=0124 Dir=03 Tag=00
TAG Addr=0125 Dir=03 Tag=00
TAG Addr=0126 Dir=03 Tag=00
TAG Addr=0127 Dir=03 Tag=00
TAG Addr=0128 Dir=03 Tag=00
TAG Addr=0129 Dir=03 Tag=00
TAG Addr=012A Dir=03 Tag=00
TAG Addr=012B Dir=03 Tag=00
TAG Addr=012C Dir=03 Tag=00
TAG Addr=012D Dir=03 Tag=00
TAG Addr=012E Dir=03 Tag=00
TAG Addr=012F Dir=03 Tag=00
TAG Addr=0130 Dir=03 Tag=00
TAG Addr=0131 Dir=03 Tag=00
TAG Addr=0132 Dir=03 Tag=00
TAG Addr=0133 Dir=03 Tag=00
TAG Addr=0134 Dir=03 Tag=00
TAG Addr=0135 Dir=03 Tag=00
TAG Addr=0136 Dir=03 Tag=00
TAG Addr=0137 Dir=03 Tag=00
TAG Addr=0138 Dir=03 Tag=00
TAG Addr=0139 Dir=03 Tag=00
TAG Addr=013A Dir=03 Tag=00
TAG Addr=013B Dir=03 Tag=00
TAG Addr=013C Dir=03 Tag=00
TAG Addr=013D Dir=03 Tag=00
TAG Addr=013E Dir=03 Tag=00
TAG Addr=013F Dir=03 Tag=00
TAG Addr=0140 Dir=03 Tag=00
TAG Addr=0141 Dir=03 Tag=00
TAG Addr=0142 Dir=03 Tag=00
TAG Addr=0143 Dir=03 Tag=00
TAG Addr=0144 Dir=03 Tag=00
TAG Addr=0145 Dir=03 Tag=00
TAG Addr=0146 Dir=03 Tag=00
TAG Addr=0147 Dir=03 Tag=00
TAG Addr=0148 Dir=03 Tag=00
TAG Addr=0149 Dir=03 Tag=00
TAG Addr=014A Dir=03 Tag=00
TAG Addr=014B Dir=03 Tag=00
TAG Addr=014C Dir=03 Tag=00
TAG Addr=014D Dir=03 Tag=00
TAG Addr=014E Dir=03 Tag=00
TAG Addr=014F Dir=03 Tag=00
TAG Addr=0150 Dir=03 Tag=00
TAG Addr=0151 Dir=03 Tag=00
TAG Addr=0152 Dir=03 Tag=00
TAG Addr=0153 Dir=03 Tag=00
TAG Addr=0154 Dir=03 Tag=00
TAG Addr=0155 Dir=03 Tag=00
TAG Addr=0156 Dir=03 Tag=00
TAG Addr=0157 Dir=03 Tag=00
TAG Addr=0158 Dir=03 Tag=00
TAG Addr=0159 Dir=03 Tag=00
TAG Addr=015A Dir=03 Tag=00
TAG Addr=015B Dir=03 Tag=00
TAG Addr=015C Dir=03 Tag=00
TAG Addr=015D Dir=03 Tag=00
TAG Addr=015E Dir=03 Tag=00
TAG Addr=015F Dir=03 Tag=00
TAG Addr=0160 Dir=03 Tag=00
TAG Addr=0161 Dir=03 Tag=00
TAG Addr=0162 Dir=03 Tag=00
TAG Addr=0163 Dir=03 Tag=00
TAG Addr=0164 Dir=03 Tag=00
TAG Addr=0165 Dir=03 Tag=00
TAG Addr=0166 Dir=03 Tag=00
TAG Addr=0167 Dir=03 Tag=00
TAG Addr=0168 Dir=03 Tag=00
TAG Addr=0169 Dir=03 Tag=00
TAG Addr=016A Dir=03 Tag=00
TAG Addr=016B Dir=03 Tag=00
TAG Addr=016C Dir=03 Tag=00
TAG Addr=016D Dir=03 Tag=00
TAG Addr=016E Dir=03 Tag=00
TAG Addr=016F Dir=03 Tag=00
TAG Addr=0170 Dir=03 Tag=00
TAG Addr=0171 Dir=03 Tag=00
TAG Addr=0172 Dir=03 Tag=00
TAG Addr=0173 Dir=03 Tag=00
TAG Addr=0174 Dir=03 Tag=00
TAG Addr=0175 Dir=03 Tag=00
TAG Addr=0176 Dir=03 Tag=00
TAG Addr=0177 Dir=03 Tag=00
TAG Addr=0178 Dir=03 Tag=00
TAG Addr=0179 Dir=03 Tag=00
TAG Addr=017A Dir=03 Tag=00
TAG Addr=017B Dir=03 Tag=00
TAG Addr=017C Dir=03 Tag=00
TAG Addr=017D Dir=03 Tag=00
TAG Addr=017E Dir=03 Tag=00
TAG Addr=017F Dir=03 Tag=00
TAG Addr=0180 Dir=03 Tag=00
TAG Addr=0181 Dir=03 Tag=00
TAG Addr=0182 Dir=03 Tag=00
TAG Addr=0183 Dir=03 Tag=00
TAG Addr=0184 Dir=03 Tag=00
TAG Addr=0185 Dir=03 Tag=00
TAG Addr=0186 Dir=03 Tag=00
TAG Addr=0187 Dir=03 Tag=00
TAG Addr=0188 Dir=03 Tag=00
TAG Addr=0189 Dir=03 Tag=00
TAG Addr=018A Dir=03 Tag=00
TAG Addr=018B Dir=03 Tag=00
TAG Addr=018C Dir=03 Tag=00
TAG Addr=018D Dir=03 Tag=00
TAG Addr=018E Dir=03 Tag=00
TAG Addr=018F Dir=03 Tag=00
TAG Addr=0190 Dir=03 Tag=00
TAG Addr=0191 Dir=03 Tag=00
TAG Addr=0192 Dir=03 Tag=00
TAG Addr=0193 Dir=03 Tag=00
TAG Addr=0194 Dir=03 Tag=00
TAG Addr=0195 Dir=03 Tag=00
TAG Addr=0196 Dir=03 Tag=00
TAG Addr=0197 Dir=03 Tag=00
TAG Addr=0198 Dir=03 Tag=00
TAG Addr=0199 Dir=03 Tag=00
TAG Addr=019A Dir=03 Tag=00
TAG Addr=019B Dir=03 Tag=00
TAG Addr=019C Dir=03 Tag=00
TAG Addr=019D Dir=03 Tag=00
TAG Addr=019E Dir=03 Tag=00
TAG Addr=019F Dir=03 Tag=00
TAG Addr=01A0 Dir=03 Tag=00
TAG Addr=01A1 Dir=03 Tag=00
TAG Addr=01A2 Dir=03 Tag=00
TAG Addr=01A3 Dir=03 Tag=00
TAG Addr=01A4 Dir=03 Tag=00
TAG Addr=01A5 Dir=03 Tag=00
TAG Addr=01A6 Dir=03 Tag=00
TAG Addr=01A7 Dir=03 Tag=00
TAG Addr=01A8 Dir=03 Tag=00
TAG Addr=01A9 Dir=03 Tag=00
TAG Addr=01AA Dir=03 Tag=00
TAG Addr=01AB Dir=03 Tag=00
TAG Addr=01AC Dir=03 Tag=00
TAG Addr=01AD Dir=03 Tag=00
TAG Addr=01AE Dir=03 Tag=00
TAG Addr=01AF Dir=03 Tag=00
TAG Addr=01B0 Dir=03 Tag=00
TAG Addr=01B1 Dir=03 Tag=00
TAG Addr=01B2 Dir=03 Tag=00
TAG Addr=01B3 Dir=03 Tag=00
TAG Addr=01B4 Dir=03 Tag=00
TAG Addr=01B5 Dir=03 Tag=00
TAG Addr=01B6 Dir=03 Tag=00
TAG Addr=01B7 Dir=03 Tag=00
TAG Addr=01B8 Dir=03 Tag=00
TAG Addr=01B9 Dir=03 Tag=00
TAG Addr=01BA Dir=03 Tag=00
TAG Addr=01BB Dir=03 Tag=00
TAG Addr=01BC Dir=03 Tag=00
TAG Addr=01BD Dir=03 Tag=00
TAG Addr=01BE Dir=03 Tag=00
TAG Addr=01BF Dir=03 Tag=00
TAG Addr=01C0 Dir=03 Tag=00
TAG Addr=01C1 Dir=03 Tag=00
TAG Addr=01C2 Dir=03 Tag=00
TAG Addr=01C3 Dir=03 Tag=00
TAG Addr=01C4 Dir=03 Tag=00
TAG Addr=01C5 Dir=03 Tag=00
TAG Addr=01C6 Dir=03 Tag=00
TAG Addr=01C7 Dir=03 Tag=00
TAG Addr=01C8 Dir=03 Tag=00
TAG Addr=01C9 Dir=03 Tag=00
TAG Addr=01CA Dir=03 Tag=00
TAG Addr=01CB Dir=03 Tag=00
TAG Addr=01CC Dir=03 Tag=00
TAG Addr=01CD Dir=03 Tag=00
TAG Addr=01CE Dir=03 Tag=00
TAG Addr=01CF Dir=03 Tag=00
TAG Addr=01D0 Dir=03 Tag=00
TAG Addr=01D1 Dir=03 Tag=00
TAG Addr=01D2 Dir=03 Tag=00
TAG Addr=01D3 Dir=03 Tag=00
TAG Addr=01D4 Dir=03 Tag=00
TAG Addr=01D5 Dir=03 Tag=00
TAG Addr=01D6 Dir=03 Tag=00
TAG Addr=01D7 Dir=03 Tag=00
TAG Addr=01D8 Dir=03 Tag=00
TAG Addr=01D9 Dir=03 Tag=00
TAG Addr=01DA Dir=03 Tag=00
TAG Addr=01DB Dir=03 Tag=00
TAG Addr=01DC Dir=03 Tag=00
TAG Addr=01DD Dir=03 Tag=00
TAG Addr=01DE Dir=03 Tag=00
TAG Addr=01DF Dir=03 Tag=00
TAG Addr=01E0 Dir=03 Tag=00
TAG Addr=01E1 Dir=03 Tag=00
TAG Addr=01E2 Dir=03 Tag=00
TAG Addr=01E3 Dir=03 Tag=00
TAG Addr=01E4 Dir=03 Tag=00
TAG Addr=01E5 Dir=03 Tag=00
TAG Addr=01E6 Dir=03 Tag=00
TAG Addr=01E7 Dir=03 Tag=00
TAG Addr=01E8 Dir=03 Tag=00
TAG Addr=01E9 Dir=03 Tag=00
TAG Addr=01EA Dir=03 Tag=00
TAG Addr=01EB Dir=03 Tag=00
TAG Addr=01EC Dir=03 Tag=00
TAG Addr=01ED Dir=03 Tag=00
TAG Addr=01EE Dir=03 Tag=00
TAG Addr=01EF Dir=03 Tag=00
TAG Addr=01F0 Dir=03 Tag=00
TAG Addr=01F1 Dir=03 Tag=00
TAG Addr=01F2 Dir=03 Tag=00
TAG Addr=01F3 Dir=03 Tag=00
TAG Addr=01F4 Dir=03 Tag=00
TAG Addr=01F5 Dir=03 Tag=00
TAG Addr=01F6 Dir=03 Tag=00
TAG Addr=01F7 Dir=03 Tag=00
TAG Addr=01F8 Dir=03 Tag=00
TAG Addr=01F9 Dir=03 Tag=00
TAG Addr=01FA Dir=03 Tag=00
TAG Addr=01FB Dir=03 Tag=00
TAG Addr=01FC Dir=03 Tag=00
TAG Addr=01FD Dir=03 Tag=00
TAG Addr=01FE Dir=03 Tag=00
TAG Addr=01FF Dir=03 Tag=00
TAG Addr=0200 Dir=03 Tag=00
TAG Addr=0201 Dir=03 Tag=00
TAG Addr=0202 Dir=03 Tag=00
TAG Addr=0203 Dir=03 Tag=00
TAG Addr=0204 Dir=03 Tag=00
TAG Addr=0205 Dir=03 Tag=00
TAG Addr=0206 Dir=03 Tag=00
TAG Addr=0207 Dir=03 Tag=00
TAG Addr=0208 Dir=03 Tag=00
TAG Addr=0209 Dir=03 Tag=00
TAG Addr=020A Dir=03 Tag=00
TAG Addr=020B Dir=03 Tag=00
TAG Addr=020C Dir=03 Tag=00
TAG Addr=020D Dir=03 Tag=00
TAG Addr=020E Dir=03 Tag=00
TAG Addr=020F Dir=03 Tag=00
TAG Addr=0210 Dir=03 Tag=00
TAG Addr=0211 Dir=03 Tag=00
TAG Addr=0212 Dir=03 Tag=00
TAG Addr=0213 Dir=03 Tag=00
TAG Addr=0214 Dir=03 Tag=00
TAG Addr=0215 Dir=03 Tag=00
TAG Addr=0216 Dir=03 Tag=00
TAG Addr=0217 Dir=03 Tag=00
TAG Addr=0218 Dir=03 Tag=00
TAG Addr=0219 Dir=03 Tag=00
TAG Addr=021A Dir=03 Tag=00
TAG Addr=021B Dir=03 Tag=00
TAG Addr=021C Dir=03 Tag=00
TAG Addr=021D Dir=03 Tag=00
TAG Addr=021E Dir=03 Tag=00
TAG Addr=021F Dir=03 Tag=00
TAG Addr=0220 Dir=03 Tag=00
TAG Addr=0221 Dir=03 Tag=00
TAG Addr=0222 Dir=03 Tag=00
TAG Addr=0223 Dir=03 Tag=00
TAG Addr=0224 Dir=03 Tag=00
TAG Addr=0225 Dir=03 Tag=00
TAG Addr=0226 Dir=03 Tag=00
TAG Addr=0227 Dir=03 Tag=00
TAG Addr=0228 Dir=03 Tag=00
TAG Addr=0229 Dir=03 Tag=00
TAG Addr=022A Dir=03 Tag=00
TAG Addr=022B Dir=03 Tag=00
TAG Addr=022C Dir=03 Tag=00
TAG Addr=022D Dir=03 Tag=00
TAG Addr=022E Dir=03 Tag=00
TAG Addr=022F Dir=03 Tag=00
TAG Addr=0230 Dir=03 Tag=00
TAG Addr=0231 Dir=03 Tag=00
TAG Addr=0232 Dir=03 Tag=00
TAG Addr=0233 Dir=03 Tag=00
TAG Addr=0234 Dir=03 Tag=00
TAG Addr=0235 Dir=03 Tag=00
TAG Addr=0236 Dir=03 Tag=00
TAG Addr=0237 Dir=03 Tag=00
TAG Addr=0238 Dir=03 Tag=00
TAG Addr=0239 Dir=03 Tag=00
TAG Addr=023A Dir=03 Tag=00
TAG Addr=023B Dir=03 Tag=00
TAG Addr=023C Dir=03 Tag=00
TAG Addr=023D Dir=03 Tag=00
TAG Addr=023E Dir=03 Tag=00
TAG Addr=023F Dir=03 Tag=00
TAG Addr=0240 Dir=03 Tag=00
TAG Addr=0241 Dir=03 Tag=00
TAG Addr=0242 Dir=03 Tag=00
TAG Addr=0243 Dir=03 Tag=00
TAG Addr=0244 Dir=03 Tag=00
TAG Addr=0245 Dir=03 Tag=00
TAG Addr=0246 Dir=03 Tag=00
TAG Addr=0247 Dir=03 Tag=00
TAG Addr=0248 Dir=03 Tag=00
TAG Addr=0249 Dir=03 Tag=00
TAG Addr=024A Dir=03 Tag=00
TAG Addr=024B Dir=03 Tag=00
TAG Addr=024C Dir=03 Tag=00
TAG Addr=024D Dir=03 Tag=00
TAG Addr=024E Dir=03 Tag=00
TAG Addr=024F Dir=03 Tag=00
TAG Addr=0250 Dir=03 Tag=00
TAG Addr=0251 Dir=03 Tag=00
TAG Addr=0252 Dir=03 Tag=00
TAG Addr=0253 Dir=03 Tag=00
TAG Addr=0254 Dir=03 Tag=00
TAG Addr=0255 Dir=03 Tag=00
TAG Addr=0256 Dir=03 Tag=00
TAG Addr=0257 Dir=03 Tag=00
TAG Addr=0258 Dir=03 Tag=00
TAG Addr=0259 Dir=03 Tag=00
TAG Addr=025A Dir=03 Tag=00
TAG Addr=025B Dir=03 Tag=00
TAG Addr=025C Dir=03 Tag=00
TAG Addr=025D Dir=03 Tag=00
TAG Addr=025E Dir=03 Tag=00
TAG Addr=025F Dir=03 Tag=00
TAG Addr=0260 Dir=03 Tag=00
TAG Addr=0261 Dir=03 Tag=00
TAG Addr=0262 Dir=03 Tag=00
TAG Addr=0263 Dir=03 Tag=00
TAG Addr=0264 Dir=03 Tag=00
TAG Addr=0265 Dir=03 Tag=00
TAG Addr=0266 Dir=03 Tag=00
TAG Addr=0267 Dir=03 Tag=00
TAG Addr=0268 Dir=03 Tag=00
TAG Addr=0269 Dir=03 Tag=00
TAG Addr=026A Dir=03 Tag=00
TAG Addr=026B Dir=03 Tag=00
TAG Addr=026C Dir=03 Tag=00
TAG Addr=026D Dir=03 Tag=00
TAG Addr=026E Dir=03 Tag=00
TAG Addr=026F Dir=03 Tag=00
TAG Addr=0270 Dir=03 Tag=00
TAG Addr=0271 Dir=03 Tag=00
TAG Addr=0272 Dir=03 Tag=00
TAG Addr=0273 Dir=03 Tag=00
TAG Addr=0274 Dir=03 Tag=00
TAG Addr=0275 Dir=03 Tag=00
TAG Addr=0276 Dir=03 Tag=00
TAG Addr=0277 Dir=03 Tag=00
TAG Addr=0278 Dir=03 Tag=00
TAG Addr=0279 Dir=03 Tag=00
TAG Addr=027A Dir=03 Tag=00
TAG Addr=027B Dir=03 Tag=00
TAG Addr=027C Dir=03 Tag=00
TAG Addr=027D Dir=03 Tag=00
TAG Addr=027E Dir=03 Tag=00
TAG Addr=027F Dir=03 Tag=00
TAG Addr=0280 Dir=03 Tag=00
TAG Addr=0281 Dir=03 Tag=00
TAG Addr=0282 Dir=03 Tag=00
TAG Addr=0283 Dir=03 Tag=00
TAG Addr=0284 Dir=03 Tag=00
TAG Addr=0285 Dir=03 Tag=00
TAG Addr=0286 Dir=03 Tag=00
TAG Addr=0287 Dir=03 Tag=00
TAG Addr=0288 Dir=03 Tag=00
TAG Addr=0289 Dir=03 Tag=00
TAG Addr=028A Dir=03 Tag=00
TAG Addr=028B Dir=03 Tag=00
TAG Addr=028C Dir=03 Tag=00
TAG Addr=028D Dir=03 Tag=00
TAG Addr=028E Dir=03 Tag=00
TAG Addr=028F Dir=03 Tag=00
TAG Addr=0290 Dir=03 Tag=00
TAG Addr=0291 Dir=03 Tag=00
TAG Addr=0292 Dir=03 Tag=00
TAG Addr=0293 Dir=03 Tag=00
TAG Addr=0294 Dir=03 Tag=00
TAG Addr=0295 Dir=03 Tag=00
TAG Addr=0296 Dir=03 Tag=00
TAG Addr=0297 Dir=03 Tag=00
TAG Addr=0298 Dir=03 Tag=00
TAG Addr=0299 Dir=03 Tag=00
TAG Addr=029A Dir=03 Tag=00
TAG Addr=029B Dir=03 Tag=00
TAG Addr=029C Dir=03 Tag=00
TAG Addr=029D Dir=03 Tag=00
TAG Addr=029E Dir=03 Tag=00
TAG Addr=029F Dir=03 Tag=00
TAG Addr=02A0 Dir=03 Tag=00
TAG Addr=02A1 Dir=03 Tag=00
TAG Addr=02A2 Dir=03 Tag=00
TAG Addr=02A3 Dir=03 Tag=00
TAG Addr=02A4 Dir=03 Tag=00
TAG Addr=02A5 Dir=03 Tag=00
TAG Addr=02A6 Dir=03 Tag=00
TAG Addr=02A7 Dir=03 Tag=00
TAG Addr=02A8 Dir=03 Tag=00
TAG Addr=02A9 Dir=03 Tag=00
TAG Addr=02AA Dir=03 Tag=00
TAG Addr=02AB Dir=03 Tag=00
TAG Addr=02AC Dir=03 Tag=00
TAG Addr=02AD Dir=03 Tag=00
TAG Addr=02AE Dir=03 Tag=00
TAG Addr=02AF Dir=03 Tag=00
TAG Addr=02B0 Dir=03 Tag=00
TAG Addr=02B1 Dir=03 Tag=00
TAG Addr=02B2 Dir=03 Tag=00
TAG Addr=02B3 Dir=03 Tag=00
TAG Addr=02B4 Dir=03 Tag=00
TAG Addr=02B5 Dir=03 Tag=00
TAG Addr=02B6 Dir=03 Tag=00
TAG Addr=02B7 Dir=03 Tag=00
TAG Addr=02B8 Dir=03 Tag=00
TAG Addr=02B9 Dir=03 Tag=00
TAG Addr=02BA Dir=03 Tag=00
TAG Addr=02BB Dir=03 Tag=00
TAG Addr=02BC Dir=03 Tag=00
TAG Addr=02BD Dir=03 Tag=00
TAG Addr=02BE Dir=03 Tag=00
TAG Addr=02BF Dir=03 Tag=00
TAG Addr=02C0 Dir=03 Tag=00
TAG Addr=02C1 Dir=03 Tag=00
TAG Addr=02C2 Dir=03 Tag=00
TAG Addr=02C3 Dir=03 Tag=00
TAG Addr=02C4 Dir=03 Tag=00
TAG Addr=02C5 Dir=03 Tag=00
TAG Addr=02C6 Dir=03 Tag=00
TAG Addr=02C7 Dir=03 Tag=00
TAG Addr=02C8 Dir=03 Tag=00
TAG Addr=02C9 Dir=03 Tag=00
TAG Addr=02CA Dir=03 Tag=00
TAG Addr=02CB Dir=03 Tag=00
TAG Addr=02CC Dir=03 Tag=00
TAG Addr=02CD Dir=03 Tag=00
TAG Addr=02CE Dir=03 Tag=00
TAG Addr=02CF Dir=03 Tag=00
TAG Addr=02D0 Dir=03 Tag=00
TAG Addr=02D1 Dir=03 Tag=00
TAG Addr=02D2 Dir=03 Tag=00
TAG Addr=02D3 Dir=03 Tag=00
TAG Addr=02D4 Dir=03 Tag=00
TAG Addr=02D5 Dir=03 Tag=00
TAG Addr=02D6 Dir=03 Tag=00
TAG Addr=02D7 Dir=03 Tag=00
TAG Addr=02D8 Dir=03 Tag=00
TAG Addr=02D9 Dir=03 Tag=00
TAG Addr=02DA Dir=03 Tag=00
TAG Addr=02DB Dir=03 Tag=00
TAG Addr=02DC Dir=03 Tag=00
TAG Addr=02DD Dir=03 Tag=00
TAG Addr=02DE Dir=03 Tag=00
TAG Addr=02DF Dir=03 Tag=00
TAG Addr=02E0 Dir=03 Tag=00
TAG Addr=02E1 Dir=03 Tag=00
TAG Addr=02E2 Dir=03 Tag=00
TAG Addr=02E3 Dir=03 Tag=00
TAG Addr=02E4 Dir=03 Tag=00
TAG Addr=02E5 Dir=03 Tag=00
TAG Addr=02E6 Dir=03 Tag=00
TAG Addr=02E7 Dir=03 Tag=00
TAG Addr=02E8 Dir=03 Tag=00
TAG Addr=02E9 Dir=03 Tag=00
TAG Addr=02EA Dir=03 Tag=00
TAG Addr=02EB Dir=03 Tag=00
TAG Addr=02EC Dir=03 Tag=00
TAG Addr=02ED Dir=03 Tag=00
TAG Addr=02EE Dir=03 Tag=00
TAG Addr=02EF Dir=03 Tag=00
TAG Addr=02F0 Dir=03 Tag=00
TAG Addr=02F1 Dir=03 Tag=00
TAG Addr=02F2 Dir=03 Tag=00
TAG Addr=02F3 Dir=03 Tag=00
TAG Addr=02F4 Dir=03 Tag=00
TAG Addr=02F5 Dir=03 Tag=00
TAG Addr=02F6 Dir=03 Tag=00
TAG Addr=02F7 Dir=03 Tag=00
TAG Addr=02F8 Dir=03 Tag=00
TAG Addr=02F9 Dir=03 Tag=00
TAG Addr=02FA Dir=03 Tag=00
TAG Addr=02FB Dir=03 Tag=00
TAG Addr=02FC Dir=03 Tag=00
TAG Addr=02FD Dir=03 Tag=00
TAG Addr=02FE Dir=03 Tag=00
TAG Addr=02FF Dir=03 Tag=00
TAG Addr=0300 Dir=03 Tag=00
TAG Addr=0301 Dir=03 Tag=00
TAG Addr=0302 Dir=03 Tag=00
TAG Addr=0303 Dir=03 Tag=00
TAG Addr=0304 Dir=03 Tag=00
TAG Addr=0305 Dir=03 Tag=00
TAG Addr=0306 Dir=03 Tag=00
TAG Addr=0307 Dir=03 Tag=00
TAG Addr=0308 Dir=03 Tag=00
TAG Addr=0309 Dir=03 Tag=00
TAG Addr=030A Dir=03 Tag=00
TAG Addr=030B Dir=03 Tag=00
TAG Addr=030C Dir=03 Tag=00
TAG Addr=030D Dir=03 Tag=00
TAG Addr=030E Dir=03 Tag=00
TAG Addr=030F Dir=03 Tag=00
TAG Addr=0310 Dir=03 Tag=00
TAG Addr=0311 Dir=03 Tag=00
TAG Addr=0312 Dir=03 Tag=00
TAG Addr=0313 Dir=03 Tag=00
TAG Addr=0314 Dir=03 Tag=00
TAG Addr=0315 Dir=03 Tag=00
TAG Addr=0316 Dir=03 Tag=00
TAG Addr=0317 Dir=03 Tag=00
TAG Addr=0318 Dir=03 Tag=00
TAG Addr=0319 Dir=03 Tag=00
TAG Addr=031A Dir=03 Tag=00
TAG Addr=031B Dir=03 Tag=00
TAG Addr=031C Dir=03 Tag=00
TAG Addr=031D Dir=03 Tag=00
TAG Addr=031E Dir=03 Tag=00
TAG Addr=031F Dir=03 Tag=00
TAG Addr=0320 Dir=03 Tag=00
TAG Addr=0321 Dir=03 Tag=00
TAG Addr=0322 Dir=03 Tag=00
TAG Addr=0323 Dir=03 Tag=00
TAG Addr=0324 Dir=03 Tag=00
TAG Addr=0325 Dir=03 Tag=00
TAG Addr=0326 Dir=03 Tag=00
TAG Addr=0327 Dir=03 Tag=00
TAG Addr=0328 Dir=03 Tag=00
TAG Addr=0329 Dir=03 Tag=00
TAG Addr=032A Dir=03 Tag=00
TAG Addr=032B Dir=03 Tag=00
TAG Addr=032C Dir=03 Tag=00
TAG Addr=032D Dir=03 Tag=00
TAG Addr=032E Dir=03 Tag=00
TAG Addr=032F Dir=03 Tag=00
TAG Addr=0330 Dir=03 Tag=00
TAG Addr=0331 Dir=03 Tag=00
TAG Addr=0332 Dir=03 Tag=00
TAG Addr=0333 Dir=03 Tag=00
TAG Addr=0334 Dir=03 Tag=00
TAG Addr=0335 Dir=03 Tag=00
TAG Addr=0336 Dir=03 Tag=00
TAG Addr=0337 Dir=03 Tag=00
TAG Addr=0338 Dir=03 Tag=00
TAG Addr=0339 Dir=03 Tag=00
TAG Addr=033A Dir=03 Tag=00
TAG Addr=033B Dir=03 Tag=00
TAG Addr=033C Dir=03 Tag=00
TAG Addr=033D Dir=03 Tag=00
TAG Addr=033E Dir=03 Tag=00
TAG Addr=033F Dir=03 Tag=00
TAG Addr=0340 Dir=03 Tag=00
TAG Addr=0341 Dir=03 Tag=00
TAG Addr=0342 Dir=03 Tag=00
TAG Addr=0343 Dir=03 Tag=00
TAG Addr=0344 Dir=03 Tag=00
TAG Addr=0345 Dir=03 Tag=00
TAG Addr=0346 Dir=03 Tag=00
TAG Addr=0347 Dir=03 Tag=00
TAG Addr=0348 Dir=03 Tag=00
TAG Addr=0349 Dir=03 Tag=00
TAG Addr=034A Dir=03 Tag=00
TAG Addr=034B Dir=03 Tag=00
TAG Addr=034C Dir=03 Tag=00
TAG Addr=034D Dir=03 Tag=00
TAG Addr=034E Dir=03 Tag=00
TAG Addr=034F Dir=03 Tag=00
TAG Addr=0350 Dir=03 Tag=00
TAG Addr=0351 Dir=03 Tag=00
TAG Addr=0352 Dir=03 Tag=00
TAG Addr=0353 Dir=03 Tag=00
TAG Addr=0354 Dir=03 Tag=00
TAG Addr=0355 Dir=03 Tag=00
TAG Addr=0356 Dir=03 Tag=00
TAG Addr=0357 Dir=03 Tag=00
TAG Addr=0358 Dir=03 Tag=00
TAG Addr=0359 Dir=03 Tag=00
TAG Addr=035A Dir=03 Tag=00
TAG Addr=035B Dir=03 Tag=00
TAG Addr=035C Dir=03 Tag=00
TAG Addr=035D Dir=03 Tag=00
TAG Addr=035E Dir=03 Tag=00
TAG Addr=035F Dir=03 Tag=00
TAG Addr=0360 Dir=03 Tag=00
TAG Addr=0361 Dir=03 Tag=00
TAG Addr=0362 Dir=03 Tag=00
TAG Addr=0363 Dir=03 Tag=00
TAG Addr=0364 Dir=03 Tag=00
TAG Addr=0365 Dir=03 Tag=00
TAG Addr=0366 Dir=03 Tag=00
TAG Addr=0367 Dir=03 Tag=00
TAG Addr=0368 Dir=03 Tag=00
TAG Addr=0369 Dir=03 Tag=00
TAG Addr=036A Dir=03 Tag=00
TAG Addr=036B Dir=03 Tag=00
TAG Addr=036C Dir=03 Tag=00
TAG Addr=036D Dir=03 Tag=00
TAG Addr=036E Dir=03 Tag=00
TAG Addr=036F Dir=03 Tag=00
TAG Addr=0370 Dir=03 Tag=00
TAG Addr=0371 Dir=03 Tag=00
TAG Addr=0372 Dir=03 Tag=00
TAG Addr=0373 Dir=03 Tag=00
TAG Addr=0374 Dir=03 Tag=00
TAG Addr=0375 Dir=03 Tag=00
TAG Addr=0376 Dir=03 Tag=00
TAG Addr=0377 Dir=03 Tag=00
TAG Addr=0378 Dir=03 Tag=00
TAG Addr=0379 Dir=03 Tag=00
TAG Addr=037A Dir=03 Tag=00
TAG Addr=037B Dir=03 Tag=00
TAG Addr=037C Dir=03 Tag=00
TAG Addr=037D Dir=03 Tag=00
TAG Addr=037E Dir=03 Tag=00
TAG Addr=037F Dir=03 Tag=00
TAG Addr=0380 Dir=03 Tag=00
TAG Addr=0381 Dir=03 Tag=00
TAG Addr=0382 Dir=03 Tag=00
TAG Addr=0383 Dir=03 Tag=00
TAG Addr=0384 Dir=03 Tag=00
TAG Addr=0385 Dir=03 Tag=00
TAG Addr=0386 Dir=03 Tag=00
TAG Addr=0387 Dir=03 Tag=00
TAG Addr=0388 Dir=03 Tag=00
TAG Addr=0389 Dir=03 Tag=00
TAG Addr=038A Dir=03 Tag=00
TAG Addr=038B Dir=03 Tag=00
TAG Addr=038C Dir=03 Tag=00
TAG Addr=038D Dir=03 Tag=00
TAG Addr=038E Dir=03 Tag=00
TAG Addr=038F Dir=03 Tag=00
TAG Addr=0390 Dir=03 Tag=00
TAG Addr=0391 Dir=03 Tag=00
TAG Addr=0392 Dir=03 Tag=00
TAG Addr=0393 Dir=03 Tag=00
TAG Addr=0394 Dir=03 Tag=00
TAG Addr=0395 Dir=03 Tag=00
TAG Addr=0396 Dir=03 Tag=00
TAG Addr=0397 Dir=03 Tag=00
TAG Addr=0398 Dir=03 Tag=00
TAG Addr=0399 Dir=03 Tag=00
TAG Addr=039A Dir=03 Tag=00
TAG Addr=039B Dir=03 Tag=00
TAG Addr=039C Dir=03 Tag=00
TAG Addr=039D Dir=03 Tag=00
TAG Addr=039E Dir=03 Tag=00
TAG Addr=039F Dir=03 Tag=00
TAG Addr=03A0 Dir=03 Tag=00
TAG Addr=03A1 Dir=03 Tag=00
TAG Addr=03A2 Dir=03 Tag=00
TAG Addr=03A3 Dir=03 Tag=00
TAG Addr=03A4 Dir=03 Tag=00
TAG Addr=03A5 Dir=03 Tag=00
TAG Addr=03A6 Dir=03 Tag=00
TAG Addr=03A7 Dir=03 Tag=00
TAG Addr=03A8 Dir=03 Tag=00
TAG Addr=03A9 Dir=03 Tag=00
TAG Addr=03AA Dir=03 Tag=00
TAG Addr=03AB Dir=03 Tag=00
TAG Addr=03AC Dir=03 Tag=00
TAG Addr=03AD Dir=03 Tag=00
TAG Addr=03AE Dir=03 Tag=00
TAG Addr=03AF Dir=03 Tag=00
TAG Addr=03B0 Dir=03 Tag=00
TAG Addr=03B1 Dir=03 Tag=00
TAG Addr=03B2 Dir=03 Tag=00
TAG Addr=03B3 Dir=03 Tag=00
TAG Addr=03B4 Dir=03 Tag=00
TAG Addr=03B5 Dir=03 Tag=00
TAG Addr=03B6 Dir=03 Tag=00
TAG Addr=03B7 Dir=03 Tag=00
TAG Addr=03B8 Dir=03 Tag=00
TAG Addr=03B9 Dir=03 Tag=00
TAG Addr=03BA Dir=03 Tag=00
TAG Addr=03BB Dir=03 Tag=00
TAG Addr=03BC Dir=03 Tag=00
TAG Addr=03BD Dir=03 Tag=00
TAG Addr=03BE Dir=03 Tag=00
TAG Addr=03BF Dir=03 Tag=00
TAG Addr=03C0 Dir=03 Tag=00
TAG Addr=03C1 Dir=03 Tag=00
TAG Addr=03C2 Dir=03 Tag=00
TAG Addr=03C3 Dir=03 Tag=00
TAG Addr=03C4 Dir=03 Tag=00
TAG Addr=03C5 Dir=03 Tag=00
TAG Addr=03C6 Dir=03 Tag=00
TAG Addr=03C7 Dir=03 Tag=00
TAG Addr=03C8 Dir=03 Tag=00
TAG Addr=03C9 Dir=03 Tag=00
TAG Addr=03CA Dir=03 Tag=00
TAG Addr=03CB Dir=03 Tag=00
TAG Addr=03CC Dir=03 Tag=00
TAG Addr=03CD Dir=03 Tag=00
TAG Addr=03CE Dir=03 Tag=00
TAG Addr=03CF Dir=03 Tag=00
TAG Addr=03D0 Dir=03 Tag=00
TAG Addr=03D1 Dir=03 Tag=00
TAG Addr=03D2 Dir=03 Tag=00
TAG Addr=03D3 Dir=03 Tag=00
TAG Addr=03D4 Dir=03 Tag=00
TAG Addr=03D5 Dir=03 Tag=00
TAG Addr=03D6 Dir=03 Tag=00
TAG Addr=03D7 Dir=03 Tag=00
TAG Addr=03D8 Dir=03 Tag=00
TAG Addr=03D9 Dir=03 Tag=00
TAG Addr=03DA Dir=03 Tag=00
TAG Addr=03DB Dir=03 Tag=00
TAG Addr=03DC Dir=03 Tag=00
TAG Addr=03DD Dir=03 Tag=00
TAG Addr=03DE Dir=03 Tag=00
TAG Addr=03DF Dir=03 Tag=00
TAG Addr=03E0 Dir=03 Tag=00
TAG Addr=03E1 Dir=03 Tag=00
TAG Addr=03E2 Dir=03 Tag=00
TAG Addr=03E3 Dir=03 Tag=00
TAG Addr=03E4 Dir=03 Tag=00
TAG Addr=03E5 Dir=03 Tag=00
TAG Addr=03E6 Dir=03 Tag=00
TAG Addr=03E7 Dir=03 Tag=00
TAG Addr=03E8 Dir=03 Tag=00
TAG Addr=03E9 Dir=03 Tag=00
TAG Addr=03EA Dir=03 Tag=00
TAG Addr=03EB Dir=03 Tag=00
TAG Addr=03EC Dir=03 Tag=00
TAG Addr=03ED Dir=03 Tag=00
TAG Addr=03EE Dir=03 Tag=00
TAG Addr=03EF Dir=03 Tag=00
TAG Addr=03F0 Dir=03 Tag=00
TAG Addr=03F1 Dir=03 Tag=00
TAG Addr=03F2 Dir=03 Tag=00
TAG Addr=03F3 Dir=03 Tag=00
TAG Addr=03F4 Dir=03 Tag=00
TAG Addr=03F5 Dir=03 Tag=00
TAG Addr=03F6 Dir=03 Tag=00
TAG Addr=03F7 Dir=03 Tag=00
TAG Addr=03F8 Dir=03 Tag=00
TAG Addr=03F9 Dir=03 Tag=00
TAG Addr=03FA Dir=03 Tag=00
TAG Addr=03FB Dir=03 Tag=00
TAG Addr=03FC Dir=03 Tag=00
TAG Addr=03FD Dir=03 Tag=00
TAG Addr=03FE Dir=03 Tag=00
TAG Addr=03FF Dir=03 Tag=00
TAG Addr=2000 Dir=01 Tag=2A
TAG Addr=2001 Dir=01 Tag=2A
TAG Addr=2002 Dir=01 Tag=2A
TAG Addr=2003 Dir=01 Tag=2A
TAG Addr=2004 Dir=01 Tag=2A
TAG Addr=2005 Dir=01 Tag=2A
TAG Addr=2006 Dir=01 Tag=2A
TAG Addr=2007 Dir=01 Tag=2A
TAG Addr=2400 Dir=01 Tag=2B
TAG Addr=2401 Dir=01 Tag=2B
TAG Addr=2402 Dir=01 Tag=2B
TAG Addr=2403 Dir=01 Tag=2B
TAG Addr=2404 Dir=01 Tag=2B
TAG Addr=2405 Dir=01 Tag=2B
TAG Addr=2406 Dir=01 Tag=2B
TAG Addr=2407 Dir=01 Tag=2B
TAG Addr=2800 Dir=01 Tag=13
TAG Addr=2801 Dir=01 Tag=13
TAG Addr=2802 Dir=01 Tag=13
TAG Addr=2803 Dir=01 Tag=13
TAG Addr=2000 Dir=02 Tag=00
TAG Addr=2001 Dir=02 Tag=00
TAG Addr=2002 Dir=02 Tag=00
TAG Addr=2003 Dir=02 Tag=00
TAG Addr=2004 Dir=02 Tag=00
TAG Addr=2005 Dir=02 Tag=00
TAG Addr=2006 Dir=02 Tag=00
TAG Addr=2007 Dir=02 Tag=00
TAG Addr=2400 Dir=02 Tag=00
TAG Addr=2401 Dir=02 Tag=00
TAG Addr=2402 Dir=02 Tag=00
TAG Addr=2403 Dir=02 Tag=00
TAG Addr=2404 Dir=02 Tag=00
TAG Addr=2405 Dir=02 Tag=00
TAG Addr=2406 Dir=02 Tag=00
TAG Addr=2407 Dir=02 Tag=00
TAG Addr=2802 Dir=02 Tag=00
TAG Addr=2803 Dir=02 Tag=00
TAG Addr=2804 Dir=02 Tag=00
TAG Addr=2805 Dir=02 Tag=00
TAG Addr=3000 Dir=02 Tag=09
TAG Addr=3200 Dir=02 Tag=2C
TAG Addr=3400 Dir=02 Tag=06
TAG Addr=3600 Dir=02 Tag=2D
TAG Addr=3800 Dir=02 Tag=0A
TAG Addr=3A00 Dir=02 Tag=2E
TAG Addr=3C00 Dir=02 Tag=2F
TAG Addr=3C01 Dir=02 Tag=2F
TAG Addr=3C02 Dir=02 Tag=2F
TAG Addr=3C03 Dir=02 Tag=2F
TAG Addr=3C04 Dir=02 Tag=2F
TAG Addr=3C05 Dir=02 Tag=2F
TAG Addr=3E00 Dir=02 Tag=30
TAG Addr=4000 Dir=03 Tag=00
TAG Addr=4001 Dir=03 Tag=00
TAG Addr=4002 Dir=03 Tag=00
TAG Addr=4003 Dir=03 Tag=00
TAG Addr=4004 Dir=03 Tag=00
TAG Addr=4005 Dir=03 Tag=00
TAG Addr=4006 Dir=03 Tag=00
TAG Addr=4007 Dir=03 Tag=00
TAG Addr=4008 Dir=03 Tag=00
TAG Addr=4009 Dir=03 Tag=00
TAG Addr=400A Dir=03 Tag=00
TAG Addr=400B Dir=03 Tag=00
TAG Addr=400C Dir=03 Tag=00
TAG Addr=400D Dir=03 Tag=00
TAG Addr=400E Dir=03 Tag=00
TAG Addr=400F Dir=03 Tag=00
TAG Addr=4010 Dir=03 Tag=00
TAG Addr=4011 Dir=03 Tag=00
TAG Addr=4012 Dir=03 Tag=00
TAG Addr=4013 Dir=03 Tag=00
TAG Addr=4014 Dir=03 Tag=00
TAG Addr=4015 Dir=03 Tag=00
TAG Addr=4016 Dir=03 Tag=00
TAG Addr=4017 Dir=03 Tag=00
TAG Addr=4018 Dir=03 Tag=00
TAG Addr=4019 Dir=03 Tag=00
TAG Addr=401A Dir=03 Tag=00
TAG Addr=401B Dir=03 Tag=00
TAG Addr=401C Dir=03 Tag=00
TAG Addr=401D Dir=03 Tag=00
TAG Addr=401E Dir=03 Tag=00
TAG Addr=401F Dir=03 Tag=00
TAG Addr=4020 Dir=03 Tag=00
TAG Addr=4021 Dir=03 Tag=00
TAG Addr=4022 Dir=03 Tag=00
TAG Addr=4023 Dir=03 Tag=00
TAG Addr=4024 Dir=03 Tag=00
TAG Addr=4025 Dir=03 Tag=00
TAG Addr=4026 Dir=03 Tag=00
TAG Addr=4027 Dir=03 Tag=00
TAG Addr=4028 Dir=03 Tag=00
TAG Addr=4029 Dir=03 Tag=00
TAG Addr=402A Dir=03 Tag=00
TAG Addr=402B Dir=03 Tag=00
TAG Addr=402C Dir=03 Tag=00
TAG Addr=402D Dir=03 Tag=00
TAG Addr=402E Dir=03 Tag=00
TAG Addr=402F Dir=03 Tag=00
TAG Addr=4030 Dir=03 Tag=00
TAG Addr=4031 Dir=03 Tag=00
TAG Addr=4032 Dir=03 Tag=00
TAG Addr=4033 Dir=03 Tag=00
TAG Addr=4034 Dir=03 Tag=00
TAG Addr=4035 Dir=03 Tag=00
TAG Addr=4036 Dir=03 Tag=00
TAG Addr=4037 Dir=03 Tag=00
TAG Addr=4038 Dir=03 Tag=00
TAG Addr=4039 Dir=03 Tag=00
TAG Addr=403A Dir=03 Tag=00
TAG Addr=403B Dir=03 Tag=00
TAG Addr=403C Dir=03 Tag=00
TAG Addr=403D Dir=03 Tag=00
TAG Addr=403E Dir=03 Tag=00
TAG Addr=403F Dir=03 Tag=00
TAG Addr=4040 Dir=03 Tag=00
TAG Addr=4041 Dir=03 Tag=00
TAG Addr=4042 Dir=03 Tag=00
TAG Addr=4043 Dir=03 Tag=00
TAG Addr=4044 Dir=03 Tag=00
TAG Addr=4045 Dir=03 Tag=00
TAG Addr=4046 Dir=03 Tag=00
TAG Addr=4047 Dir=03 Tag=00
TAG Addr=4048 Dir=03 Tag=00
TAG Addr=4049 Dir=03 Tag=00
TAG Addr=404A Dir=03 Tag=00
TAG Addr=404B Dir=03 Tag=00
TAG Addr=404C Dir=03 Tag=00
TAG Addr=404D Dir=03 Tag=00
TAG Addr=404E Dir=03 Tag=00
TAG Addr=404F Dir=03 Tag=00
TAG Addr=4050 Dir=03 Tag=00
TAG Addr=4051 Dir=03 Tag=00
TAG Addr=4052 Dir=03 Tag=00
TAG Addr=4053 Dir=03 Tag=00
TAG Addr=4054 Dir=03 Tag=00
TAG Addr=4055 Dir=03 Tag=00
TAG Addr=4056 Dir=03 Tag=00
TAG Addr=4057 Dir=03 Tag=00
TAG Addr=4058 Dir=03 Tag=00
TAG Addr=4059 Dir=03 Tag=00
TAG Addr=405A Dir=03 Tag=00
TAG Addr=405B Dir=03 Tag=00
TAG Addr=405C Dir=03 Tag=00
TAG Addr=405D Dir=03 Tag=00
TAG Addr=405E Dir=03 Tag=00
TAG Addr=405F Dir=03 Tag=00
TAG Addr=4060 Dir=03 Tag=00
TAG Addr=4061 Dir=03 Tag=00
TAG Addr=4062 Dir=03 Tag=00
TAG Addr=4063 Dir=03 Tag=00
TAG Addr=4064 Dir=03 Tag=00
TAG Addr=4065 Dir=03 Tag=00
TAG Addr=4066 Dir=03 Tag=00
TAG Addr=4067 Dir=03 Tag=00
TAG Addr=4068 Dir=03 Tag=00
TAG Addr=4069 Dir=03 Tag=00
TAG Addr=406A Dir=03 Tag=00
TAG Addr=406B Dir=03 Tag=00
TAG Addr=406C Dir=03 Tag=00
TAG Addr=406D Dir=03 Tag=00
TAG Addr=406E Dir=03 Tag=00
TAG Addr=406F Dir=03 Tag=00
TAG Addr=4070 Dir=03 Tag=00
TAG Addr=4071 Dir=03 Tag=00
TAG Addr=4072 Dir=03 Tag=00
TAG Addr=4073 Dir=03 Tag=00
TAG Addr=4074 Dir=03 Tag=00
TAG Addr=4075 Dir=03 Tag=00
TAG Addr=4076 Dir=03 Tag=00
TAG Addr=4077 Dir=03 Tag=00
TAG Addr=4078 Dir=03 Tag=00
TAG Addr=4079 Dir=03 Tag=00
TAG Addr=407A Dir=03 Tag=00
TAG Addr=407B Dir=03 Tag=00
TAG Addr=407C Dir=03 Tag=00
TAG Addr=407D Dir=03 Tag=00
TAG Addr=407E Dir=03 Tag=00
TAG Addr=407F Dir=03 Tag=00
TAG Addr=4080 Dir=03 Tag=00
TAG Addr=4081 Dir=03 Tag=00
TAG Addr=4082 Dir=03 Tag=00
TAG Addr=4083 Dir=03 Tag=00
TAG Addr=4084 Dir=03 Tag=00
TAG Addr=4085 Dir=03 Tag=00
TAG Addr=4086 Dir=03 Tag=00
TAG Addr=4087 Dir=03 Tag=00
TAG Addr=4088 Dir=03 Tag=00
TAG Addr=4089 Dir=03 Tag=00
TAG Addr=408A Dir=03 Tag=00
TAG Addr=408B Dir=03 Tag=00
TAG Addr=408C Dir=03 Tag=00
TAG Addr=408D Dir=03 Tag=00
TAG Addr=408E Dir=03 Tag=00
TAG Addr=408F Dir=03 Tag=00
TAG Addr=4090 Dir=03 Tag=00
TAG Addr=4091 Dir=03 Tag=00
TAG Addr=4092 Dir=03 Tag=00
TAG Addr=4093 Dir=03 Tag=00
TAG Addr=4094 Dir=03 Tag=00
TAG Addr=4095 Dir=03 Tag=00
TAG Addr=4096 Dir=03 Tag=00
TAG Addr=4097 Dir=03 Tag=00
TAG Addr=4098 Dir=03 Tag=00
TAG Addr=4099 Dir=03 Tag=00
TAG Addr=409A Dir=03 Tag=00
TAG Addr=409B Dir=03 Tag=00
TAG Addr=409C Dir=03 Tag=00
TAG Addr=409D Dir=03 Tag=00
TAG Addr=409E Dir=03 Tag=00
TAG Addr=409F Dir=03 Tag=00
TAG Addr=40A0 Dir=03 Tag=00
TAG Addr=40A1 Dir=03 Tag=00
TAG Addr=40A2 Dir=03 Tag=00
TAG Addr=40A3 Dir=03 Tag=00
TAG Addr=40A4 Dir=03 Tag=00
TAG Addr=40A5 Dir=03 Tag=00
TAG Addr=40A6 Dir=03 Tag=00
TAG Addr=40A7 Dir=03 Tag=00
TAG Addr=40A8 Dir=03 Tag=00
TAG Addr=40A9 Dir=03 Tag=00
TAG Addr=40AA Dir=03 Tag=00
TAG Addr=40AB Dir=03 Tag=00
TAG Addr=40AC Dir=03 Tag=00
TAG Addr=40AD Dir=03 Tag=00
TAG Addr=40AE Dir=03 Tag=00
TAG Addr=40AF Dir=03 Tag=00
TAG Addr=40B0 Dir=03 Tag=00
TAG Addr=40B1 Dir=03 Tag=00
TAG Addr=40B2 Dir=03 Tag=00
TAG Addr=40B3 Dir=03 Tag=00
TAG Addr=40B4 Dir=03 Tag=00
TAG Addr=40B5 Dir=03 Tag=00
TAG Addr=40B6 Dir=03 Tag=00
TAG Addr=40B7 Dir=03 Tag=00
TAG Addr=40B8 Dir=03 Tag=00
TAG Addr=40B9 Dir=03 Tag=00
TAG Addr=40BA Dir=03 Tag=00
TAG Addr=40BB Dir=03 Tag=00
TAG Addr=40BC Dir=03 Tag=00
TAG Addr=40BD Dir=03 Tag=00
TAG Addr=40BE Dir=03 Tag=00
TAG Addr=40BF Dir=03 Tag=00
TAG Addr=40C0 Dir=03 Tag=00
TAG Addr=40C1 Dir=03 Tag=00
TAG Addr=40C2 Dir=03 Tag=00
TAG Addr=40C3 Dir=03 Tag=00
TAG Addr=40C4 Dir=03 Tag=00
TAG Addr=40C5 Dir=03 Tag=00
TAG Addr=40C6 Dir=03 Tag=00
TAG Addr=40C7 Dir=03 Tag=00
TAG Addr=40C8 Dir=03 Tag=00
TAG Addr=40C9 Dir=03 Tag=00
TAG Addr=40CA Dir=03 Tag=00
TAG Addr=40CB Dir=03 Tag=00
TAG Addr=40CC Dir=03 Tag=00
TAG Addr=40CD Dir=03 Tag=00
TAG Addr=40CE Dir=03 Tag=00
TAG Addr=40CF Dir=03 Tag=00
TAG Addr=40D0 Dir=03 Tag=00
TAG Addr=40D1 Dir=03 Tag=00
TAG Addr=40D2 Dir=03 Tag=00
TAG Addr=40D3 Dir=03 Tag=00
TAG Addr=40D4 Dir=03 Tag=00
TAG Addr=40D5 Dir=03 Tag=00
TAG Addr=40D6 Dir=03 Tag=00
TAG Addr=40D7 Dir=03 Tag=00
TAG Addr=40D8 Dir=03 Tag=00
TAG Addr=40D9 Dir=03 Tag=00
TAG Addr=40DA Dir=03 Tag=00
TAG Addr=40DB Dir=03 Tag=00
TAG Addr=40DC Dir=03 Tag=00
TAG Addr=40DD Dir=03 Tag=00
TAG Addr=40DE Dir=03 Tag=00
TAG Addr=40DF Dir=03 Tag=00
TAG Addr=40E0 Dir=03 Tag=00
TAG Addr=40E1 Dir=03 Tag=00
TAG Addr=40E2 Dir=03 Tag=00
TAG Addr=40E3 Dir=03 Tag=00
TAG Addr=40E4 Dir=03 Tag=00
TAG Addr=40E5 Dir=03 Tag=00
TAG Addr=40E6 Dir=03 Tag=00
TAG Addr=40E7 Dir=03 Tag=00
TAG Addr=40E8 Dir=03 Tag=00
TAG Addr=40E9 Dir=03 Tag=00
TAG Addr=40EA Dir=03 Tag=00
TAG Addr=40EB Dir=03 Tag=00
TAG Addr=40EC Dir=03 Tag=00
TAG Addr=40ED Dir=03 Tag=00
TAG Addr=40EE Dir=03 Tag=00
TAG Addr=40EF Dir=03 Tag=00
TAG Addr=40F0 Dir=03 Tag=00
TAG Addr=40F1 Dir=03 Tag=00
TAG Addr=40F2 Dir=03 Tag=00
TAG Addr=40F3 Dir=03 Tag=00
TAG Addr=40F4 Dir=03 Tag=00
TAG Addr=40F5 Dir=03 Tag=00
TAG Addr=40F6 Dir=03 Tag=00
TAG Addr=40F7 Dir=03 Tag=00
TAG Addr=40F8 Dir=03 Tag=00
TAG Addr=40F9 Dir=03 Tag=00
TAG Addr=40FA Dir=03 Tag=00
TAG Addr=40FB Dir=03 Tag=00
TAG Addr=40FC Dir=03 Tag=00
TAG Addr=40FD Dir=03 Tag=00
TAG Addr=40FE Dir=03 Tag=00
TAG Addr=40FF Dir=03 Tag=00
TAG Addr=4100 Dir=03 Tag=00
TAG Addr=4101 Dir=03 Tag=00
TAG Addr=4102 Dir=03 Tag=00
TAG Addr=4103 Dir=03 Tag=00
TAG Addr=4104 Dir=03 Tag=00
TAG Addr=4105 Dir=03 Tag=00
TAG Addr=4106 Dir=03 Tag=00
TAG Addr=4107 Dir=03 Tag=00
TAG Addr=4108 Dir=03 Tag=00
TAG Addr=4109 Dir=03 Tag=00
TAG Addr=410A Dir=03 Tag=00
TAG Addr=410B Dir=03 Tag=00
TAG Addr=410C Dir=03 Tag=00
TAG Addr=410D Dir=03 Tag=00
TAG Addr=410E Dir=03 Tag=00
TAG Addr=410F Dir=03 Tag=00
TAG Addr=4110 Dir=03 Tag=00
TAG Addr=4111 Dir=03 Tag=00
TAG Addr=4112 Dir=03 Tag=00
TAG Addr=4113 Dir=03 Tag=00
TAG Addr=4114 Dir=03 Tag=00
TAG Addr=4115 Dir=03 Tag=00
TAG Addr=4116 Dir=03 Tag=00
TAG Addr=4117 Dir=03 Tag=00
TAG Addr=4118 Dir=03 Tag=00
TAG Addr=4119 Dir=03 Tag=00
TAG Addr=411A Dir=03 Tag=00
TAG Addr=411B Dir=03 Tag=00
TAG Addr=411C Dir=03 Tag=00
TAG Addr=411D Dir=03 Tag=00
TAG Addr=411E Dir=03 Tag=00
TAG Addr=411F Dir=03 Tag=00
TAG Addr=4120 Dir=03 Tag=00
TAG Addr=4121 Dir=03 Tag=00
TAG Addr=4122 Dir=03 Tag=00
TAG Addr=4123 Dir=03 Tag=00
TAG Addr=4124 Dir=03 Tag=00
TAG Addr=4125 Dir=03 Tag=00
TAG Addr=4126 Dir=03 Tag=00
TAG Addr=4127 Dir=03 Tag=00
TAG Addr=4128 Dir=03 Tag=00
TAG Addr=4129 Dir=03 Tag=00
TAG Addr=412A Dir=03 Tag=00
TAG Addr=412B Dir=03 Tag=00
TAG Addr=412C Dir=03 Tag=00
TAG Addr=412D Dir=03 Tag=00
TAG Addr=412E Dir=03 Tag=00
TAG Addr=412F Dir=03 Tag=00
TAG Addr=4130 Dir=03 Tag=00
TAG Addr=4131 Dir=03 Tag=00
TAG Addr=4132 Dir=03 Tag=00
TAG Addr=4133 Dir=03 Tag=00
TAG Addr=4134 Dir=03 Tag=00
TAG Addr=4135 Dir=03 Tag=00
TAG Addr=4136 Dir=03 Tag=00
TAG Addr=4137 Dir=03 Tag=00
TAG Addr=4138 Dir=03 Tag=00
TAG Addr=4139 Dir=03 Tag=00
TAG Addr=413A Dir=03 Tag=00
TAG Addr=413B Dir=03 Tag=00
TAG Addr=413C Dir=03 Tag=00
TAG Addr=413D Dir=03 Tag=00
TAG Addr=413E Dir=03 Tag=00
TAG Addr=413F Dir=03 Tag=00
TAG Addr=4140 Dir=03 Tag=00
TAG Addr=4141 Dir=03 Tag=00
TAG Addr=4142 Dir=03 Tag=00
TAG Addr=4143 Dir=03 Tag=00
TAG Addr=4144 Dir=03 Tag=00
TAG Addr=4145 Dir=03 Tag=00
TAG Addr=4146 Dir=03 Tag=00
TAG Addr=4147 Dir=03 Tag=00
TAG Addr=4148 Dir=03 Tag=00
TAG Addr=4149 Dir=03 Tag=00
TAG Addr=414A Dir=03 Tag=00
TAG Addr=414B Dir=03 Tag=00
TAG Addr=414C Dir=03 Tag=00
TAG Addr=414D Dir=03 Tag=00
TAG Addr=414E Dir=03 Tag=00
TAG Addr=414F Dir=03 Tag=00
TAG Addr=4150 Dir=03 Tag=00
TAG Addr=4151 Dir=03 Tag=00
TAG Addr=4152 Dir=03 Tag=00
TAG Addr=4153 Dir=03 Tag=00
TAG Addr=4154 Dir=03 Tag=00
TAG Addr=4155 Dir=03 Tag=00
TAG Addr=4156 Dir=03 Tag=00
TAG Addr=4157 Dir=03 Tag=00
TAG Addr=4158 Dir=03 Tag=00
TAG Addr=4159 Dir=03 Tag=00
TAG Addr=415A Dir=03 Tag=00
TAG Addr=415B Dir=03 Tag=00
TAG Addr=415C Dir=03 Tag=00
TAG Addr=415D Dir=03 Tag=00
TAG Addr=415E Dir=03 Tag=00
TAG Addr=415F Dir=03 Tag=00
TAG Addr=4160 Dir=03 Tag=00
TAG Addr=4161 Dir=03 Tag=00
TAG Addr=4162 Dir=03 Tag=00
TAG Addr=4163 Dir=03 Tag=00
TAG Addr=4164 Dir=03 Tag=00
TAG Addr=4165 Dir=03 Tag=00
TAG Addr=4166 Dir=03 Tag=00
TAG Addr=4167 Dir=03 Tag=00
TAG Addr=4168 Dir=03 Tag=00
TAG Addr=4169 Dir=03 Tag=00
TAG Addr=416A Dir=03 Tag=00
TAG Addr=416B Dir=03 Tag=00
TAG Addr=416C Dir=03 Tag=00
TAG Addr=416D Dir=03 Tag=00
TAG Addr=416E Dir=03 Tag=00
TAG Addr=416F Dir=03 Tag=00
TAG Addr=4170 Dir=03 Tag=00
TAG Addr=4171 Dir=03 Tag=00
TAG Addr=4172 Dir=03 Tag=00
TAG Addr=4173 Dir=03 Tag=00
TAG Addr=4174 Dir=03 Tag=00
TAG Addr=4175 Dir=03 Tag=00
TAG Addr=4176 Dir=03 Tag=00
TAG Addr=4177 Dir=03 Tag=00
TAG Addr=4178 Dir=03 Tag=00
TAG Addr=4179 Dir=03 Tag=00
TAG Addr=417A Dir=03 Tag=00
TAG Addr=417B Dir=03 Tag=00
TAG Addr=417C Dir=03 Tag=00
TAG Addr=417D Dir=03 Tag=00
TAG Addr=417E Dir=03 Tag=00
TAG Addr=417F Dir=03 Tag=00
TAG Addr=4180 Dir=03 Tag=00
TAG Addr=4181 Dir=03 Tag=00
TAG Addr=4182 Dir=03 Tag=00
TAG Addr=4183 Dir=03 Tag=00
TAG Addr=4184 Dir=03 Tag=00
TAG Addr=4185 Dir=03 Tag=00
TAG Addr=4186 Dir=03 Tag=00
TAG Addr=4187 Dir=03 Tag=00
TAG Addr=4188 Dir=03 Tag=00
TAG Addr=4189 Dir=03 Tag=00
TAG Addr=418A Dir=03 Tag=00
TAG Addr=418B Dir=03 Tag=00
TAG Addr=418C Dir=03 Tag=00
TAG Addr=418D Dir=03 Tag=00
TAG Addr=418E Dir=03 Tag=00
TAG Addr=418F Dir=03 Tag=00
TAG Addr=4190 Dir=03 Tag=00
TAG Addr=4191 Dir=03 Tag=00
TAG Addr=4192 Dir=03 Tag=00
TAG Addr=4193 Dir=03 Tag=00
TAG Addr=4194 Dir=03 Tag=00
TAG Addr=4195 Dir=03 Tag=00
TAG Addr=4196 Dir=03 Tag=00
TAG Addr=4197 Dir=03 Tag=00
TAG Addr=4198 Dir=03 Tag=00
TAG Addr=4199 Dir=03 Tag=00
TAG Addr=419A Dir=03 Tag=00
TAG Addr=419B Dir=03 Tag=00
TAG Addr=419C Dir=03 Tag=00
TAG Addr=419D Dir=03 Tag=00
TAG Addr=419E Dir=03 Tag=00
TAG Addr=419F Dir=03 Tag=00
TAG Addr=41A0 Dir=03 Tag=00
TAG Addr=41A1 Dir=03 Tag=00
TAG Addr=41A2 Dir=03 Tag=00
TAG Addr=41A3 Dir=03 Tag=00
TAG Addr=41A4 Dir=03 Tag=00
TAG Addr=41A5 Dir=03 Tag=00
TAG Addr=41A6 Dir=03 Tag=00
TAG Addr=41A7 Dir=03 Tag=00
TAG Addr=41A8 Dir=03 Tag=00
TAG Addr=41A9 Dir=03 Tag=00
TAG Addr=41AA Dir=03 Tag=00
TAG Addr=41AB Dir=03 Tag=00
TAG Addr=41AC Dir=03 Tag=00
TAG Addr=41AD Dir=03 Tag=00
TAG Addr=41AE Dir=03 Tag=00
TAG Addr=41AF Dir=03 Tag=00
TAG Addr=41B0 Dir=03 Tag=00
TAG Addr=41B1 Dir=03 Tag=00
TAG Addr=41B2 Dir=03 Tag=00
TAG Addr=41B3 Dir=03 Tag=00
TAG Addr=41B4 Dir=03 Tag=00
TAG Addr=41B5 Dir=03 Tag=00
TAG Addr=41B6 Dir=03 Tag=00
TAG Addr=41B7 Dir=03 Tag=00
TAG Addr=41B8 Dir=03 Tag=00
TAG Addr=41B9 Dir=03 Tag=00
TAG Addr=41BA Dir=03 Tag=00
TAG Addr=41BB Dir=03 Tag=00
TAG Addr=41BC Dir=03 Tag=00
TAG Addr=41BD Dir=03 Tag=00
TAG Addr=41BE Dir=03 Tag=00
TAG Addr=41BF Dir=03 Tag=00
TAG Addr=41C0 Dir=03 Tag=00
TAG Addr=41C1 Dir=03 Tag=00
TAG Addr=41C2 Dir=03 Tag=00
TAG Addr=41C3 Dir=03 Tag=00
TAG Addr=41C4 Dir=03 Tag=00
TAG Addr=41C5 Dir=03 Tag=00
TAG Addr=41C6 Dir=03 Tag=00
TAG Addr=41C7 Dir=03 Tag=00
TAG Addr=41C8 Dir=03 Tag=00
TAG Addr=41C9 Dir=03 Tag=00
TAG Addr=41CA Dir=03 Tag=00
TAG Addr=41CB Dir=03 Tag=00
TAG Addr=41CC Dir=03 Tag=00
TAG Addr=41CD Dir=03 Tag=00
TAG Addr=41CE Dir=03 Tag=00
TAG Addr=41CF Dir=03 Tag=00
TAG Addr=41D0 Dir=03 Tag=00
TAG Addr=41D1 Dir=03 Tag=00
TAG Addr=41D2 Dir=03 Tag=00
TAG Addr=41D3 Dir=03 Tag=00
TAG Addr=41D4 Dir=03 Tag=00
TAG Addr=41D5 Dir=03 Tag=00
TAG Addr=41D6 Dir=03 Tag=00
TAG Addr=41D7 Dir=03 Tag=00
TAG Addr=41D8 Dir=03 Tag=00
TAG Addr=41D9 Dir=03 Tag=00
TAG Addr=41DA Dir=03 Tag=00
TAG Addr=41DB Dir=03 Tag=00
TAG Addr=41DC Dir=03 Tag=00
TAG Addr=41DD Dir=03 Tag=00
TAG Addr=41DE Dir=03 Tag=00
TAG Addr=41DF Dir=03 Tag=00
TAG Addr=41E0 Dir=03 Tag=00
TAG Addr=41E1 Dir=03 Tag=00
TAG Addr=41E2 Dir=03 Tag=00
TAG Addr=41E3 Dir=03 Tag=00
TAG Addr=41E4 Dir=03 Tag=00
TAG Addr=41E5 Dir=03 Tag=00
TAG Addr=41E6 Dir=03 Tag=00
TAG Addr=41E7 Dir=03 Tag=00
TAG Addr=41E8 Dir=03 Tag=00
TAG Addr=41E9 Dir=03 Tag=00
TAG Addr=41EA Dir=03 Tag=00
TAG Addr=41EB Dir=03 Tag=00
TAG Addr=41EC Dir=03 Tag=00
TAG Addr=41ED Dir=03 Tag=00
TAG Addr=41EE Dir=03 Tag=00
TAG Addr=41EF Dir=03 Tag=00
TAG Addr=41F0 Dir=03 Tag=00
TAG Addr=41F1 Dir=03 Tag=00
TAG Addr=41F2 Dir=03 Tag=00
TAG Addr=41F3 Dir=03 Tag=00
TAG Addr=41F4 Dir=03 Tag=00
TAG Addr=41F5 Dir=03 Tag=00
TAG Addr=41F6 Dir=03 Tag=00
TAG Addr=41F7 Dir=03 Tag=00
TAG Addr=41F8 Dir=03 Tag=00
TAG Addr=41F9 Dir=03 Tag=00
TAG Addr=41FA Dir=03 Tag=00
TAG Addr=41FB Dir=03 Tag=00
TAG Addr=41FC Dir=03 Tag=00
TAG Addr=41FD Dir=03 Tag=00
TAG Addr=41FE Dir=03 Tag=00
TAG Addr=41FF Dir=03 Tag=00
TAG Addr=4200 Dir=03 Tag=00
TAG Addr=4201 Dir=03 Tag=00
TAG Addr=4202 Dir=03 Tag=00
TAG Addr=4203 Dir=03 Tag=00
TAG Addr=4204 Dir=03 Tag=00
TAG Addr=4205 Dir=03 Tag=00
TAG Addr=4206 Dir=03 Tag=00
TAG Addr=4207 Dir=03 Tag=00
TAG Addr=4208 Dir=03 Tag=00
TAG Addr=4209 Dir=03 Tag=00
TAG Addr=420A Dir=03 Tag=00
TAG Addr=420B Dir=03 Tag=00
TAG Addr=420C Dir=03 Tag=00
TAG Addr=420D Dir=03 Tag=00
TAG Addr=420E Dir=03 Tag=00
TAG Addr=420F Dir=03 Tag=00
TAG Addr=4210 Dir=03 Tag=00
TAG Addr=4211 Dir=03 Tag=00
TAG Addr=4212 Dir=03 Tag=00
TAG Addr=4213 Dir=03 Tag=00
TAG Addr=4214 Dir=03 Tag=00
TAG Addr=4215 Dir=03 Tag=00
TAG Addr=4216 Dir=03 Tag=00
TAG Addr=4217 Dir=03 Tag=00
TAG Addr=4218 Dir=03 Tag=00
TAG Addr=4219 Dir=03 Tag=00
TAG Addr=421A Dir=03 Tag=00
TAG Addr=421B Dir=03 Tag=00
TAG Addr=421C Dir=03 Tag=00
TAG Addr=421D Dir=03 Tag=00
TAG Addr=421E Dir=03 Tag=00
TAG Addr=421F Dir=03 Tag=00
TAG Addr=4220 Dir=03 Tag=00
TAG Addr=4221 Dir=03 Tag=00
TAG Addr=4222 Dir=03 Tag=00
TAG Addr=4223 Dir=03 Tag=00
TAG Addr=4224 Dir=03 Tag=00
TAG Addr=4225 Dir=03 Tag=00
TAG Addr=4226 Dir=03 Tag=00
TAG Addr=4227 Dir=03 Tag=00
TAG Addr=4228 Dir=03 Tag=00
TAG Addr=4229 Dir=03 Tag=00
TAG Addr=422A Dir=03 Tag=00
TAG Addr=422B Dir=03 Tag=00
TAG Addr=422C Dir=03 Tag=00
TAG Addr=422D Dir=03 Tag=00
TAG Addr=422E Dir=03 Tag=00
TAG Addr=422F Dir=03 Tag=00
TAG Addr=4230 Dir=03 Tag=00
TAG Addr=4231 Dir=03 Tag=00
TAG Addr=4232 Dir=03 Tag=00
TAG Addr=4233 Dir=03 Tag=00
TAG Addr=4234 Dir=03 Tag=00
TAG Addr=4235 Dir=03 Tag=00
TAG Addr=4236 Dir=03 Tag=00
TAG Addr=4237 Dir=03 Tag=00
TAG Addr=4238 Dir=03 Tag=00
TAG Addr=4239 Dir=03 Tag=00
TAG Addr=423A Dir=03 Tag=00
TAG Addr=423B Dir=03 Tag=00
TAG Addr=423C Dir=03 Tag=00
TAG Addr=423D Dir=03 Tag=00
TAG Addr=423E Dir=03 Tag=00
TAG Addr=423F Dir=03 Tag=00
TAG Addr=4240 Dir=03 Tag=00
TAG Addr=4241 Dir=03 Tag=00
TAG Addr=4242 Dir=03 Tag=00
TAG Addr=4243 Dir=03 Tag=00
TAG Addr=4244 Dir=03 Tag=00
TAG Addr=4245 Dir=03 Tag=00
TAG Addr=4246 Dir=03 Tag=00
TAG Addr=4247 Dir=03 Tag=00
TAG Addr=4248 Dir=03 Tag=00
TAG Addr=4249 Dir=03 Tag=00
TAG Addr=424A Dir=03 Tag=00
TAG Addr=424B Dir=03 Tag=00
TAG Addr=424C Dir=03 Tag=00
TAG Addr=424D Dir=03 Tag=00
TAG Addr=424E Dir=03 Tag=00
TAG Addr=424F Dir=03 Tag=00
TAG Addr=4250 Dir=03 Tag=00
TAG Addr=4251 Dir=03 Tag=00
TAG Addr=4252 Dir=03 Tag=00
TAG Addr=4253 Dir=03 Tag=00
TAG Addr=4254 Dir=03 Tag=00
TAG Addr=4255 Dir=03 Tag=00
TAG Addr=4256 Dir=03 Tag=00
TAG Addr=4257 Dir=03 Tag=00
TAG Addr=4258 Dir=03 Tag=00
TAG Addr=4259 Dir=03 Tag=00
TAG Addr=425A Dir=03 Tag=00
TAG Addr=425B Dir=03 Tag=00
TAG Addr=425C Dir=03 Tag=00
TAG Addr=425D Dir=03 Tag=00
TAG Addr=425E Dir=03 Tag=00
TAG Addr=425F Dir=03 Tag=00
TAG Addr=4260 Dir=03 Tag=00
TAG Addr=4261 Dir=03 Tag=00
TAG Addr=4262 Dir=03 Tag=00
TAG Addr=4263 Dir=03 Tag=00
TAG Addr=4264 Dir=03 Tag=00
TAG Addr=4265 Dir=03 Tag=00
TAG Addr=4266 Dir=03 Tag=00
TAG Addr=4267 Dir=03 Tag=00
TAG Addr=4268 Dir=03 Tag=00
TAG Addr=4269 Dir=03 Tag=00
TAG Addr=426A Dir=03 Tag=00
TAG Addr=426B Dir=03 Tag=00
TAG Addr=426C Dir=03 Tag=00
TAG Addr=426D Dir=03 Tag=00
TAG Addr=426E Dir=03 Tag=00
TAG Addr=426F Dir=03 Tag=00
TAG Addr=4270 Dir=03 Tag=00
TAG Addr=4271 Dir=03 Tag=00
TAG Addr=4272 Dir=03 Tag=00
TAG Addr=4273 Dir=03 Tag=00
TAG Addr=4274 Dir=03 Tag=00
TAG Addr=4275 Dir=03 Tag=00
TAG Addr=4276 Dir=03 Tag=00
TAG Addr=4277 Dir=03 Tag=00
TAG Addr=4278 Dir=03 Tag=00
TAG Addr=4279 Dir=03 Tag=00
TAG Addr=427A Dir=03 Tag=00
TAG Addr=427B Dir=03 Tag=00
TAG Addr=427C Dir=03 Tag=00
TAG Addr=427D Dir=03 Tag=00
TAG Addr=427E Dir=03 Tag=00
TAG Addr=427F Dir=03 Tag=00
TAG Addr=4280 Dir=03 Tag=00
TAG Addr=4281 Dir=03 Tag=00
TAG Addr=4282 Dir=03 Tag=00
TAG Addr=4283 Dir=03 Tag=00
TAG Addr=4284 Dir=03 Tag=00
TAG Addr=4285 Dir=03 Tag=00
TAG Addr=4286 Dir=03 Tag=00
TAG Addr=4287 Dir=03 Tag=00
TAG Addr=4288 Dir=03 Tag=00
TAG Addr=4289 Dir=03 Tag=00
TAG Addr=428A Dir=03 Tag=00
TAG Addr=428B Dir=03 Tag=00
TAG Addr=428C Dir=03 Tag=00
TAG Addr=428D Dir=03 Tag=00
TAG Addr=428E Dir=03 Tag=00
TAG Addr=428F Dir=03 Tag=00
TAG Addr=4290 Dir=03 Tag=00
TAG Addr=4291 Dir=03 Tag=00
TAG Addr=4292 Dir=03 Tag=00
TAG Addr=4293 Dir=03 Tag=00
TAG Addr=4294 Dir=03 Tag=00
TAG Addr=4295 Dir=03 Tag=00
TAG Addr=4296 Dir=03 Tag=00
TAG Addr=4297 Dir=03 Tag=00
TAG Addr=4298 Dir=03 Tag=00
TAG Addr=4299 Dir=03 Tag=00
TAG Addr=429A Dir=03 Tag=00
TAG Addr=429B Dir=03 Tag=00
TAG Addr=429C Dir=03 Tag=00
TAG Addr=429D Dir=03 Tag=00
TAG Addr=429E Dir=03 Tag=00
TAG Addr=429F Dir=03 Tag=00
TAG Addr=42A0 Dir=03 Tag=00
TAG Addr=42A1 Dir=03 Tag=00
TAG Addr=42A2 Dir=03 Tag=00
TAG Addr=42A3 Dir=03 Tag=00
TAG Addr=42A4 Dir=03 Tag=00
TAG Addr=42A5 Dir=03 Tag=00
TAG Addr=42A6 Dir=03 Tag=00
TAG Addr=42A7 Dir=03 Tag=00
TAG Addr=42A8 Dir=03 Tag=00
TAG Addr=42A9 Dir=03 Tag=00
TAG Addr=42AA Dir=03 Tag=00
TAG Addr=42AB Dir=03 Tag=00
TAG Addr=42AC Dir=03 Tag=00
TAG Addr=42AD Dir=03 Tag=00
TAG Addr=42AE Dir=03 Tag=00
TAG Addr=42AF Dir=03 Tag=00
TAG Addr=42B0 Dir=03 Tag=00
TAG Addr=42B1 Dir=03 Tag=00
TAG Addr=42B2 Dir=03 Tag=00
TAG Addr=42B3 Dir=03 Tag=00
TAG Addr=42B4 Dir=03 Tag=00
TAG Addr=42B5 Dir=03 Tag=00
TAG Addr=42B6 Dir=03 Tag=00
TAG Addr=42B7 Dir=03 Tag=00
TAG Addr=42B8 Dir=03 Tag=00
TAG Addr=42B9 Dir=03 Tag=00
TAG Addr=42BA Dir=03 Tag=00
TAG Addr=42BB Dir=03 Tag=00
TAG Addr=42BC Dir=03 Tag=00
TAG Addr=42BD Dir=03 Tag=00
TAG Addr=42BE Dir=03 Tag=00
TAG Addr=42BF Dir=03 Tag=00
TAG Addr=42C0 Dir=03 Tag=00
TAG Addr=42C1 Dir=03 Tag=00
TAG Addr=42C2 Dir=03 Tag=00
TAG Addr=42C3 Dir=03 Tag=00
TAG Addr=42C4 Dir=03 Tag=00
TAG Addr=42C5 Dir=03 Tag=00
TAG Addr=42C6 Dir=03 Tag=00
TAG Addr=42C7 Dir=03 Tag=00
TAG Addr=42C8 Dir=03 Tag=00
TAG Addr=42C9 Dir=03 Tag=00
TAG Addr=42CA Dir=03 Tag=00
TAG Addr=42CB Dir=03 Tag=00
TAG Addr=42CC Dir=03 Tag=00
TAG Addr=42CD Dir=03 Tag=00
TAG Addr=42CE Dir=03 Tag=00
TAG Addr=42CF Dir=03 Tag=00
TAG Addr=42D0 Dir=03 Tag=00
TAG Addr=42D1 Dir=03 Tag=00
TAG Addr=42D2 Dir=03 Tag=00
TAG Addr=42D3 Dir=03 Tag=00
TAG Addr=42D4 Dir=03 Tag=00
TAG Addr=42D5 Dir=03 Tag=00
TAG Addr=42D6 Dir=03 Tag=00
TAG Addr=42D7 Dir=03 Tag=00
TAG Addr=42D8 Dir=03 Tag=00
TAG Addr=42D9 Dir=03 Tag=00
TAG Addr=42DA Dir=03 Tag=00
TAG Addr=42DB Dir=03 Tag=00
TAG Addr=42DC Dir=03 Tag=00
TAG Addr=42DD Dir=03 Tag=00
TAG Addr=42DE Dir=03 Tag=00
TAG Addr=42DF Dir=03 Tag=00
TAG Addr=42E0 Dir=03 Tag=00
TAG Addr=42E1 Dir=03 Tag=00
TAG Addr=42E2 Dir=03 Tag=00
TAG Addr=42E3 Dir=03 Tag=00
TAG Addr=42E4 Dir=03 Tag=00
TAG Addr=42E5 Dir=03 Tag=00
TAG Addr=42E6 Dir=03 Tag=00
TAG Addr=42E7 Dir=03 Tag=00
TAG Addr=42E8 Dir=03 Tag=00
TAG Addr=42E9 Dir=03 Tag=00
TAG Addr=42EA Dir=03 Tag=00
TAG Addr=42EB Dir=03 Tag=00
TAG Addr=42EC Dir=03 Tag=00
TAG Addr=42ED Dir=03 Tag=00
TAG Addr=42EE Dir=03 Tag=00
TAG Addr=42EF Dir=03 Tag=00
TAG Addr=42F0 Dir=03 Tag=00
TAG Addr=42F1 Dir=03 Tag=00
TAG Addr=42F2 Dir=03 Tag=00
TAG Addr=42F3 Dir=03 Tag=00
TAG Addr=42F4 Dir=03 Tag=00
TAG Addr=42F5 Dir=03 Tag=00
TAG Addr=42F6 Dir=03 Tag=00
TAG Addr=42F7 Dir=03 Tag=00
TAG Addr=42F8 Dir=03 Tag=00
TAG Addr=42F9 Dir=03 Tag=00
TAG Addr=42FA Dir=03 Tag=00
TAG Addr=42FB Dir=03 Tag=00
TAG Addr=42FC Dir=03 Tag=00
TAG Addr=42FD Dir=03 Tag=00
TAG Addr=42FE Dir=03 Tag=00
TAG Addr=42FF Dir=03 Tag=00
TAG Addr=4300 Dir=03 Tag=00
TAG Addr=4301 Dir=03 Tag=00
TAG Addr=4302 Dir=03 Tag=00
TAG Addr=4303 Dir=03 Tag=00
TAG Addr=4304 Dir=03 Tag=00
TAG Addr=4305 Dir=03 Tag=00
TAG Addr=4306 Dir=03 Tag=00
TAG Addr=4307 Dir=03 Tag=00
TAG Addr=4308 Dir=03 Tag=00
TAG Addr=4309 Dir=03 Tag=00
TAG Addr=430A Dir=03 Tag=00
TAG Addr=430B Dir=03 Tag=00
TAG Addr=430C Dir=03 Tag=00
TAG Addr=430D Dir=03 Tag=00
TAG Addr=430E Dir=03 Tag=00
TAG Addr=430F Dir=03 Tag=00
TAG Addr=4310 Dir=03 Tag=00
TAG Addr=4311 Dir=03 Tag=00
TAG Addr=4312 Dir=03 Tag=00
TAG Addr=4313 Dir=03 Tag=00
TAG Addr=4314 Dir=03 Tag=00
TAG Addr=4315 Dir=03 Tag=00
TAG Addr=4316 Dir=03 Tag=00
TAG Addr=4317 Dir=03 Tag=00
TAG Addr=4318 Dir=03 Tag=00
TAG Addr=4319 Dir=03 Tag=00
TAG Addr=431A Dir=03 Tag=00
TAG Addr=431B Dir=03 Tag=00
TAG Addr=431C Dir=03 Tag=00
TAG Addr=431D Dir=03 Tag=00
TAG Addr=431E Dir=03 Tag=00
TAG Addr=431F Dir=03 Tag=00
TAG Addr=4320 Dir=03 Tag=00
TAG Addr=4321 Dir=03 Tag=00
TAG Addr=4322 Dir=03 Tag=00
TAG Addr=4323 Dir=03 Tag=00
TAG Addr=4324 Dir=03 Tag=00
TAG Addr=4325 Dir=03 Tag=00
TAG Addr=4326 Dir=03 Tag=00
TAG Addr=4327 Dir=03 Tag=00
TAG Addr=4328 Dir=03 Tag=00
TAG Addr=4329 Dir=03 Tag=00
TAG Addr=432A Dir=03 Tag=00
TAG Addr=432B Dir=03 Tag=00
TAG Addr=432C Dir=03 Tag=00
TAG Addr=432D Dir=03 Tag=00
TAG Addr=432E Dir=03 Tag=00
TAG Addr=432F Dir=03 Tag=00
TAG Addr=4330 Dir=03 Tag=00
TAG Addr=4331 Dir=03 Tag=00
TAG Addr=4332 Dir=03 Tag=00
TAG Addr=4333 Dir=03 Tag=00
TAG Addr=4334 Dir=03 Tag=00
TAG Addr=4335 Dir=03 Tag=00
TAG Addr=4336 Dir=03 Tag=00
TAG Addr=4337 Dir=03 Tag=00
TAG Addr=4338 Dir=03 Tag=00
TAG Addr=4339 Dir=03 Tag=00
TAG Addr=433A Dir=03 Tag=00
TAG Addr=433B Dir=03 Tag=00
TAG Addr=433C Dir=03 Tag=00
TAG Addr=433D Dir=03 Tag=00
TAG Addr=433E Dir=03 Tag=00
TAG Addr=433F Dir=03 Tag=00
TAG Addr=4340 Dir=03 Tag=00
TAG Addr=4341 Dir=03 Tag=00
TAG Addr=4342 Dir=03 Tag=00
TAG Addr=4343 Dir=03 Tag=00
TAG Addr=4344 Dir=03 Tag=00
TAG Addr=4345 Dir=03 Tag=00
TAG Addr=4346 Dir=03 Tag=00
TAG Addr=4347 Dir=03 Tag=00
TAG Addr=4348 Dir=03 Tag=00
TAG Addr=4349 Dir=03 Tag=00
TAG Addr=434A Dir=03 Tag=00
TAG Addr=434B Dir=03 Tag=00
TAG Addr=434C Dir=03 Tag=00
TAG Addr=434D Dir=03 Tag=00
TAG Addr=434E Dir=03 Tag=00
TAG Addr=434F Dir=03 Tag=00
TAG Addr=4350 Dir=03 Tag=00
TAG Addr=4351 Dir=03 Tag=00
TAG Addr=4352 Dir=03 Tag=00
TAG Addr=4353 Dir=03 Tag=00
TAG Addr=4354 Dir=03 Tag=00
TAG Addr=4355 Dir=03 Tag=00
TAG Addr=4356 Dir=03 Tag=00
TAG Addr=4357 Dir=03 Tag=00
TAG Addr=4358 Dir=03 Tag=00
TAG Addr=4359 Dir=03 Tag=00
TAG Addr=435A Dir=03 Tag=00
TAG Addr=435B Dir=03 Tag=00
TAG Addr=435C Dir=03 Tag=00
TAG Addr=435D Dir=03 Tag=00
TAG Addr=435E Dir=03 Tag=00
TAG Addr=435F Dir=03 Tag=00
TAG Addr=4360 Dir=03 Tag=00
TAG Addr=4361 Dir=03 Tag=00
TAG Addr=4362 Dir=03 Tag=00
TAG Addr=4363 Dir=03 Tag=00
TAG Addr=4364 Dir=03 Tag=00
TAG Addr=4365 Dir=03 Tag=00
TAG Addr=4366 Dir=03 Tag=00
TAG Addr=4367 Dir=03 Tag=00
TAG Addr=4368 Dir=03 Tag=00
TAG Addr=4369 Dir=03 Tag=00
TAG Addr=436A Dir=03 Tag=00
TAG Addr=436B Dir=03 Tag=00
TAG Addr=436C Dir=03 Tag=00
TAG Addr=436D Dir=03 Tag=00
TAG Addr=436E Dir=03 Tag=00
TAG Addr=436F Dir=03 Tag=00
TAG Addr=4370 Dir=03 Tag=00
TAG Addr=4371 Dir=03 Tag=00
TAG Addr=4372 Dir=03 Tag=00
TAG Addr=4373 Dir=03 Tag=00
TAG Addr=4374 Dir=03 Tag=00
TAG Addr=4375 Dir=03 Tag=00
TAG Addr=4376 Dir=03 Tag=00
TAG Addr=4377 Dir=03 Tag=00
TAG Addr=4378 Dir=03 Tag=00
TAG Addr=4379 Dir=03 Tag=00
TAG Addr=437A Dir=03 Tag=00
TAG Addr=437B Dir=03 Tag=00
TAG Addr=437C Dir=03 Tag=00
TAG Addr=437D Dir=03 Tag=00
TAG Addr=437E Dir=03 Tag=00
TAG Addr=437F Dir=03 Tag=00
TAG Addr=4380 Dir=03 Tag=00
TAG Addr=4381 Dir=03 Tag=00
TAG Addr=4382 Dir=03 Tag=00
TAG Addr=4383 Dir=03 Tag=00
TAG Addr=4384 Dir=03 Tag=00
TAG Addr=4385 Dir=03 Tag=00
TAG Addr=4386 Dir=03 Tag=00
TAG Addr=4387 Dir=03 Tag=00
TAG Addr=4388 Dir=03 Tag=00
TAG Addr=4389 Dir=03 Tag=00
TAG Addr=438A Dir=03 Tag=00
TAG Addr=438B Dir=03 Tag=00
TAG Addr=438C Dir=03 Tag=00
TAG Addr=438D Dir=03 Tag=00
TAG Addr=438E Dir=03 Tag=00
TAG Addr=438F Dir=03 Tag=00
TAG Addr=4390 Dir=03 Tag=00
TAG Addr=4391 Dir=03 Tag=00
TAG Addr=4392 Dir=03 Tag=00
TAG Addr=4393 Dir=03 Tag=00
TAG Addr=4394 Dir=03 Tag=00
TAG Addr=4395 Dir=03 Tag=00
TAG Addr=4396 Dir=03 Tag=00
TAG Addr=4397 Dir=03 Tag=00
TAG Addr=4398 Dir=03 Tag=00
TAG Addr=4399 Dir=03 Tag=00
TAG Addr=439A Dir=03 Tag=00
TAG Addr=439B Dir=03 Tag=00
TAG Addr=439C Dir=03 Tag=00
TAG Addr=439D Dir=03 Tag=00
TAG Addr=439E Dir=03 Tag=00
TAG Addr=439F Dir=03 Tag=00
TAG Addr=43A0 Dir=03 Tag=00
TAG Addr=43A1 Dir=03 Tag=00
TAG Addr=43A2 Dir=03 Tag=00
TAG Addr=43A3 Dir=03 Tag=00
TAG Addr=43A4 Dir=03 Tag=00
TAG Addr=43A5 Dir=03 Tag=00
TAG Addr=43A6 Dir=03 Tag=00
TAG Addr=43A7 Dir=03 Tag=00
TAG Addr=43A8 Dir=03 Tag=00
TAG Addr=43A9 Dir=03 Tag=00
TAG Addr=43AA Dir=03 Tag=00
TAG Addr=43AB Dir=03 Tag=00
TAG Addr=43AC Dir=03 Tag=00
TAG Addr=43AD Dir=03 Tag=00
TAG Addr=43AE Dir=03 Tag=00
TAG Addr=43AF Dir=03 Tag=00
TAG Addr=43B0 Dir=03 Tag=00
TAG Addr=43B1 Dir=03 Tag=00
TAG Addr=43B2 Dir=03 Tag=00
TAG Addr=43B3 Dir=03 Tag=00
TAG Addr=43B4 Dir=03 Tag=00
TAG Addr=43B5 Dir=03 Tag=00
TAG Addr=43B6 Dir=03 Tag=00
TAG Addr=43B7 Dir=03 Tag=00
TAG Addr=43B8 Dir=03 Tag=00
TAG Addr=43B9 Dir=03 Tag=00
TAG Addr=43BA Dir=03 Tag=00
TAG Addr=43BB Dir=03 Tag=00
TAG Addr=43BC Dir=03 Tag=00
TAG Addr=43BD Dir=03 Tag=00
TAG Addr=43BE Dir=03 Tag=00
TAG Addr=43BF Dir=03 Tag=00
TAG Addr=43C0 Dir=03 Tag=00
TAG Addr=43C1 Dir=03 Tag=00
TAG Addr=43C2 Dir=03 Tag=00
TAG Addr=43C3 Dir=03 Tag=00
TAG Addr=43C4 Dir=03 Tag=00
TAG Addr=43C5 Dir=03 Tag=00
TAG Addr=43C6 Dir=03 Tag=00
TAG Addr=43C7 Dir=03 Tag=00
TAG Addr=43C8 Dir=03 Tag=00
TAG Addr=43C9 Dir=03 Tag=00
TAG Addr=43CA Dir=03 Tag=00
TAG Addr=43CB Dir=03 Tag=00
TAG Addr=43CC Dir=03 Tag=00
TAG Addr=43CD Dir=03 Tag=00
TAG Addr=43CE Dir=03 Tag=00
TAG Addr=43CF Dir=03 Tag=00
TAG Addr=43D0 Dir=03 Tag=00
TAG Addr=43D1 Dir=03 Tag=00
TAG Addr=43D2 Dir=03 Tag=00
TAG Addr=43D3 Dir=03 Tag=00
TAG Addr=43D4 Dir=03 Tag=00
TAG Addr=43D5 Dir=03 Tag=00
TAG Addr=43D6 Dir=03 Tag=00
TAG Addr=43D7 Dir=03 Tag=00
TAG Addr=43D8 Dir=03 Tag=00
TAG Addr=43D9 Dir=03 Tag=00
TAG Addr=43DA Dir=03 Tag=00
TAG Addr=43DB Dir=03 Tag=00
TAG Addr=43DC Dir=03 Tag=00
TAG Addr=43DD Dir=03 Tag=00
TAG Addr=43DE Dir=03 Tag=00
TAG Addr=43DF Dir=03 Tag=00
TAG Addr=43E0 Dir=03 Tag=00
TAG Addr=43E1 Dir=03 Tag=00
TAG Addr=43E2 Dir=03 Tag=00
TAG Addr=43E3 Dir=03 Tag=00
TAG Addr=43E4 Dir=03 Tag=00
TAG Addr=43E5 Dir=03 Tag=00
TAG Addr=43E6 Dir=03 Tag=00
TAG Addr=43E7 Dir=03 Tag=00
TAG Addr=43E8 Dir=03 Tag=00
TAG Addr=43E9 Dir=03 Tag=00
TAG Addr=43EA Dir=03 Tag=00
TAG Addr=43EB Dir=03 Tag=00
TAG Addr=43EC Dir=03 Tag=00
TAG Addr=43ED Dir=03 Tag=00
TAG Addr=43EE Dir=03 Tag=00
TAG Addr=43EF Dir=03 Tag=00
TAG Addr=43F0 Dir=03 Tag=00
TAG Addr=43F1 Dir=03 Tag=00
TAG Addr=43F2 Dir=03 Tag=00
TAG Addr=43F3 Dir=03 Tag=00
TAG Addr=43F4 Dir=03 Tag=00
TAG Addr=43F5 Dir=03 Tag=00
TAG Addr=43F6 Dir=03 Tag=00
TAG Addr=43F7 Dir=03 Tag=00
TAG Addr=43F8 Dir=03 Tag=00
TAG Addr=43F9 Dir=03 Tag=00
TAG Addr=43FA Dir=03 Tag=00
TAG Addr=43FB Dir=03 Tag=00
TAG Addr=43FC Dir=03 Tag=00
TAG Addr=43FD Dir=03 Tag=00
TAG Addr=43FE Dir=03 Tag=00
TAG Addr=43FF Dir=03 Tag=00
TAG Addr=4400 Dir=03 Tag=00
TAG Addr=4401 Dir=03 Tag=00
TAG Addr=4402 Dir=03 Tag=00
TAG Addr=4403 Dir=03 Tag=00
TAG Addr=4404 Dir=03 Tag=00
TAG Addr=4405 Dir=03 Tag=00
TAG Addr=4406 Dir=03 Tag=00
TAG Addr=4407 Dir=03 Tag=00
TAG Addr=4408 Dir=03 Tag=00
TAG Addr=4409 Dir=03 Tag=00
TAG Addr=440A Dir=03 Tag=00
TAG Addr=440B Dir=03 Tag=00
TAG Addr=440C Dir=03 Tag=00
TAG Addr=440D Dir=03 Tag=00
TAG Addr=440E Dir=03 Tag=00
TAG Addr=440F Dir=03 Tag=00
TAG Addr=4410 Dir=03 Tag=00
TAG Addr=4411 Dir=03 Tag=00
TAG Addr=4412 Dir=03 Tag=00
TAG Addr=4413 Dir=03 Tag=00
TAG Addr=4414 Dir=03 Tag=00
TAG Addr=4415 Dir=03 Tag=00
TAG Addr=4416 Dir=03 Tag=00
TAG Addr=4417 Dir=03 Tag=00
TAG Addr=4418 Dir=03 Tag=00
TAG Addr=4419 Dir=03 Tag=00
TAG Addr=441A Dir=03 Tag=00
TAG Addr=441B Dir=03 Tag=00
TAG Addr=441C Dir=03 Tag=00
TAG Addr=441D Dir=03 Tag=00
TAG Addr=441E Dir=03 Tag=00
TAG Addr=441F Dir=03 Tag=00
TAG Addr=4420 Dir=03 Tag=00
TAG Addr=4421 Dir=03 Tag=00
TAG Addr=4422 Dir=03 Tag=00
TAG Addr=4423 Dir=03 Tag=00
TAG Addr=4424 Dir=03 Tag=00
TAG Addr=4425 Dir=03 Tag=00
TAG Addr=4426 Dir=03 Tag=00
TAG Addr=4427 Dir=03 Tag=00
TAG Addr=4428 Dir=03 Tag=00
TAG Addr=4429 Dir=03 Tag=00
TAG Addr=442A Dir=03 Tag=00
TAG Addr=442B Dir=03 Tag=00
TAG Addr=442C Dir=03 Tag=00
TAG Addr=442D Dir=03 Tag=00
TAG Addr=442E Dir=03 Tag=00
TAG Addr=442F Dir=03 Tag=00
TAG Addr=4430 Dir=03 Tag=00
TAG Addr=4431 Dir=03 Tag=00
TAG Addr=4432 Dir=03 Tag=00
TAG Addr=4433 Dir=03 Tag=00
TAG Addr=4434 Dir=03 Tag=00
TAG Addr=4435 Dir=03 Tag=00
TAG Addr=4436 Dir=03 Tag=00
TAG Addr=4437 Dir=03 Tag=00
TAG Addr=4438 Dir=03 Tag=00
TAG Addr=4439 Dir=03 Tag=00
TAG Addr=443A Dir=03 Tag=00
TAG Addr=443B Dir=03 Tag=00
TAG Addr=443C Dir=03 Tag=00
TAG Addr=443D Dir=03 Tag=00
TAG Addr=443E Dir=03 Tag=00
TAG Addr=443F Dir=03 Tag=00
TAG Addr=4440 Dir=03 Tag=00
TAG Addr=4441 Dir=03 Tag=00
TAG Addr=4442 Dir=03 Tag=00
TAG Addr=4443 Dir=03 Tag=00
TAG Addr=4444 Dir=03 Tag=00
TAG Addr=4445 Dir=03 Tag=00
TAG Addr=4446 Dir=03 Tag=00
TAG Addr=4447 Dir=03 Tag=00
TAG Addr=4448 Dir=03 Tag=00
TAG Addr=4449 Dir=03 Tag=00
TAG Addr=444A Dir=03 Tag=00
TAG Addr=444B Dir=03 Tag=00
TAG Addr=444C Dir=03 Tag=00
TAG Addr=444D Dir=03 Tag=00
TAG Addr=444E Dir=03 Tag=00
TAG Addr=444F Dir=03 Tag=00
TAG Addr=4450 Dir=03 Tag=00
TAG Addr=4451 Dir=03 Tag=00
TAG Addr=4452 Dir=03 Tag=00
TAG Addr=4453 Dir=03 Tag=00
TAG Addr=4454 Dir=03 Tag=00
TAG Addr=4455 Dir=03 Tag=00
TAG Addr=4456 Dir=03 Tag=00
TAG Addr=4457 Dir=03 Tag=00
TAG Addr=4458 Dir=03 Tag=00
TAG Addr=4459 Dir=03 Tag=00
TAG Addr=445A Dir=03 Tag=00
TAG Addr=445B Dir=03 Tag=00
TAG Addr=445C Dir=03 Tag=00
TAG Addr=445D Dir=03 Tag=00
TAG Addr=445E Dir=03 Tag=00
TAG Addr=445F Dir=03 Tag=00
TAG Addr=4460 Dir=03 Tag=00
TAG Addr=4461 Dir=03 Tag=00
TAG Addr=4462 Dir=03 Tag=00
TAG Addr=4463 Dir=03 Tag=00
TAG Addr=4464 Dir=03 Tag=00
TAG Addr=4465 Dir=03 Tag=00
TAG Addr=4466 Dir=03 Tag=00
TAG Addr=4467 Dir=03 Tag=00
TAG Addr=4468 Dir=03 Tag=00
TAG Addr=4469 Dir=03 Tag=00
TAG Addr=446A Dir=03 Tag=00
TAG Addr=446B Dir=03 Tag=00
TAG Addr=446C Dir=03 Tag=00
TAG Addr=446D Dir=03 Tag=00
TAG Addr=446E Dir=03 Tag=00
TAG Addr=446F Dir=03 Tag=00
TAG Addr=4470 Dir=03 Tag=00
TAG Addr=4471 Dir=03 Tag=00
TAG Addr=4472 Dir=03 Tag=00
TAG Addr=4473 Dir=03 Tag=00
TAG Addr=4474 Dir=03 Tag=00
TAG Addr=4475 Dir=03 Tag=00
TAG Addr=4476 Dir=03 Tag=00
TAG Addr=4477 Dir=03 Tag=00
TAG Addr=4478 Dir=03 Tag=00
TAG Addr=4479 Dir=03 Tag=00
TAG Addr=447A Dir=03 Tag=00
TAG Addr=447B Dir=03 Tag=00
TAG Addr=447C Dir=03 Tag=00
TAG Addr=447D Dir=03 Tag=00
TAG Addr=447E Dir=03 Tag=00
TAG Addr=447F Dir=03 Tag=00
TAG Addr=4480 Dir=03 Tag=00
TAG Addr=4481 Dir=03 Tag=00
TAG Addr=4482 Dir=03 Tag=00
TAG Addr=4483 Dir=03 Tag=00
TAG Addr=4484 Dir=03 Tag=00
TAG Addr=4485 Dir=03 Tag=00
TAG Addr=4486 Dir=03 Tag=00
TAG Addr=4487 Dir=03 Tag=00
TAG Addr=4488 Dir=03 Tag=00
TAG Addr=4489 Dir=03 Tag=00
TAG Addr=448A Dir=03 Tag=00
TAG Addr=448B Dir=03 Tag=00
TAG Addr=448C Dir=03 Tag=00
TAG Addr=448D Dir=03 Tag=00
TAG Addr=448E Dir=03 Tag=00
TAG Addr=448F Dir=03 Tag=00
TAG Addr=4490 Dir=03 Tag=00
TAG Addr=4491 Dir=03 Tag=00
TAG Addr=4492 Dir=03 Tag=00
TAG Addr=4493 Dir=03 Tag=00
TAG Addr=4494 Dir=03 Tag=00
TAG Addr=4495 Dir=03 Tag=00
TAG Addr=4496 Dir=03 Tag=00
TAG Addr=4497 Dir=03 Tag=00
TAG Addr=4498 Dir=03 Tag=00
TAG Addr=4499 Dir=03 Tag=00
TAG Addr=449A Dir=03 Tag=00
TAG Addr=449B Dir=03 Tag=00
TAG Addr=449C Dir=03 Tag=00
TAG Addr=449D Dir=03 Tag=00
TAG Addr=449E Dir=03 Tag=00
TAG Addr=449F Dir=03 Tag=00
TAG Addr=44A0 Dir=03 Tag=00
TAG Addr=44A1 Dir=03 Tag=00
TAG Addr=44A2 Dir=03 Tag=00
TAG Addr=44A3 Dir=03 Tag=00
TAG Addr=44A4 Dir=03 Tag=00
TAG Addr=44A5 Dir=03 Tag=00
TAG Addr=44A6 Dir=03 Tag=00
TAG Addr=44A7 Dir=03 Tag=00
TAG Addr=44A8 Dir=03 Tag=00
TAG Addr=44A9 Dir=03 Tag=00
TAG Addr=44AA Dir=03 Tag=00
TAG Addr=44AB Dir=03 Tag=00
TAG Addr=44AC Dir=03 Tag=00
TAG Addr=44AD Dir=03 Tag=00
TAG Addr=44AE Dir=03 Tag=00
TAG Addr=44AF Dir=03 Tag=00
TAG Addr=44B0 Dir=03 Tag=00
TAG Addr=44B1 Dir=03 Tag=00
TAG Addr=44B2 Dir=03 Tag=00
TAG Addr=44B3 Dir=03 Tag=00
TAG Addr=44B4 Dir=03 Tag=00
TAG Addr=44B5 Dir=03 Tag=00
TAG Addr=44B6 Dir=03 Tag=00
TAG Addr=44B7 Dir=03 Tag=00
TAG Addr=44B8 Dir=03 Tag=00
TAG Addr=44B9 Dir=03 Tag=00
TAG Addr=44BA Dir=03 Tag=00
TAG Addr=44BB Dir=03 Tag=00
TAG Addr=44BC Dir=03 Tag=00
TAG Addr=44BD Dir=03 Tag=00
TAG Addr=44BE Dir=03 Tag=00
TAG Addr=44BF Dir=03 Tag=00
TAG Addr=44C0 Dir=03 Tag=00
TAG Addr=44C1 Dir=03 Tag=00
TAG Addr=44C2 Dir=03 Tag=00
TAG Addr=44C3 Dir=03 Tag=00
TAG Addr=44C4 Dir=03 Tag=00
TAG Addr=44C5 Dir=03 Tag=00
TAG Addr=44C6 Dir=03 Tag=00
TAG Addr=44C7 Dir=03 Tag=00
TAG Addr=44C8 Dir=03 Tag=00
TAG Addr=44C9 Dir=03 Tag=00
TAG Addr=44CA Dir=03 Tag=00
TAG Addr=44CB Dir=03 Tag=00
TAG Addr=44CC Dir=03 Tag=00
TAG Addr=44CD Dir=03 Tag=00
TAG Addr=44CE Dir=03 Tag=00
TAG Addr=44CF Dir=03 Tag=00
TAG Addr=44D0 Dir=03 Tag=00
TAG Addr=44D1 Dir=03 Tag=00
TAG Addr=44D2 Dir=03 Tag=00
TAG Addr=44D3 Dir=03 Tag=00
TAG Addr=44D4 Dir=03 Tag=00
TAG Addr=44D5 Dir=03 Tag=00
TAG Addr=44D6 Dir=03 Tag=00
TAG Addr=44D7 Dir=03 Tag=00
TAG Addr=44D8 Dir=03 Tag=00
TAG Addr=44D9 Dir=03 Tag=00
TAG Addr=44DA Dir=03 Tag=00
TAG Addr=44DB Dir=03 Tag=00
TAG Addr=44DC Dir=03 Tag=00
TAG Addr=44DD Dir=03 Tag=00
TAG Addr=44DE Dir=03 Tag=00
TAG Addr=44DF Dir=03 Tag=00
TAG Addr=44E0 Dir=03 Tag=00
TAG Addr=44E1 Dir=03 Tag=00
TAG Addr=44E2 Dir=03 Tag=00
TAG Addr=44E3 Dir=03 Tag=00
TAG Addr=44E4 Dir=03 Tag=00
TAG Addr=44E5 Dir=03 Tag=00
TAG Addr=44E6 Dir=03 Tag=00
TAG Addr=44E7 Dir=03 Tag=00
TAG Addr=44E8 Dir=03 Tag=00
TAG Addr=44E9 Dir=03 Tag=00
TAG Addr=44EA Dir=03 Tag=00
TAG Addr=44EB Dir=03 Tag=00
TAG Addr=44EC Dir=03 Tag=00
TAG Addr=44ED Dir=03 Tag=00
TAG Addr=44EE Dir=03 Tag=00
TAG Addr=44EF Dir=03 Tag=00
TAG Addr=44F0 Dir=03 Tag=00
TAG Addr=44F1 Dir=03 Tag=00
TAG Addr=44F2 Dir=03 Tag=00
TAG Addr=44F3 Dir=03 Tag=00
TAG Addr=44F4 Dir=03 Tag=00
TAG Addr=44F5 Dir=03 Tag=00
TAG Addr=44F6 Dir=03 Tag=00
TAG Addr=44F7 Dir=03 Tag=00
TAG Addr=44F8 Dir=03 Tag=00
TAG Addr=44F9 Dir=03 Tag=00
TAG Addr=44FA Dir=03 Tag=00
TAG Addr=44FB Dir=03 Tag=00
TAG Addr=44FC Dir=03 Tag=00
TAG Addr=44FD Dir=03 Tag=00
TAG Addr=44FE Dir=03 Tag=00
TAG Addr=44FF Dir=03 Tag=00
TAG Addr=4500 Dir=03 Tag=00
TAG Addr=4501 Dir=03 Tag=00
TAG Addr=4502 Dir=03 Tag=00
TAG Addr=4503 Dir=03 Tag=00
TAG Addr=4504 Dir=03 Tag=00
TAG Addr=4505 Dir=03 Tag=00
TAG Addr=4506 Dir=03 Tag=00
TAG Addr=4507 Dir=03 Tag=00
TAG Addr=4508 Dir=03 Tag=00
TAG Addr=4509 Dir=03 Tag=00
TAG Addr=450A Dir=03 Tag=00
TAG Addr=450B Dir=03 Tag=00
TAG Addr=450C Dir=03 Tag=00
TAG Addr=450D Dir=03 Tag=00
TAG Addr=450E Dir=03 Tag=00
TAG Addr=450F Dir=03 Tag=00
TAG Addr=4510 Dir=03 Tag=00
TAG Addr=4511 Dir=03 Tag=00
TAG Addr=4512 Dir=03 Tag=00
TAG Addr=4513 Dir=03 Tag=00
TAG Addr=4514 Dir=03 Tag=00
TAG Addr=4515 Dir=03 Tag=00
TAG Addr=4516 Dir=03 Tag=00
TAG Addr=4517 Dir=03 Tag=00
TAG Addr=4518 Dir=03 Tag=00
TAG Addr=4519 Dir=03 Tag=00
TAG Addr=451A Dir=03 Tag=00
TAG Addr=451B Dir=03 Tag=00
TAG Addr=451C Dir=03 Tag=00
TAG Addr=451D Dir=03 Tag=00
TAG Addr=451E Dir=03 Tag=00
TAG Addr=451F Dir=03 Tag=00
TAG Addr=4520 Dir=03 Tag=00
TAG Addr=4521 Dir=03 Tag=00
TAG Addr=4522 Dir=03 Tag=00
TAG Addr=4523 Dir=03 Tag=00
TAG Addr=4524 Dir=03 Tag=00
TAG Addr=4525 Dir=03 Tag=00
TAG Addr=4526 Dir=03 Tag=00
TAG Addr=4527 Dir=03 Tag=00
TAG Addr=4528 Dir=03 Tag=00
TAG Addr=4529 Dir=03 Tag=00
TAG Addr=452A Dir=03 Tag=00
TAG Addr=452B Dir=03 Tag=00
TAG Addr=452C Dir=03 Tag=00
TAG Addr=452D Dir=03 Tag=00
TAG Addr=452E Dir=03 Tag=00
TAG Addr=452F Dir=03 Tag=00
TAG Addr=4530 Dir=03 Tag=00
TAG Addr=4531 Dir=03 Tag=00
TAG Addr=4532 Dir=03 Tag=00
TAG Addr=4533 Dir=03 Tag=00
TAG Addr=4534 Dir=03 Tag=00
TAG Addr=4535 Dir=03 Tag=00
TAG Addr=4536 Dir=03 Tag=00
TAG Addr=4537 Dir=03 Tag=00
TAG Addr=4538 Dir=03 Tag=00
TAG Addr=4539 Dir=03 Tag=00
TAG Addr=453A Dir=03 Tag=00
TAG Addr=453B Dir=03 Tag=00
TAG Addr=453C Dir=03 Tag=00
TAG Addr=453D Dir=03 Tag=00
TAG Addr=453E Dir=03 Tag=00
TAG Addr=453F Dir=03 Tag=00
TAG Addr=4540 Dir=03 Tag=00
TAG Addr=4541 Dir=03 Tag=00
TAG Addr=4542 Dir=03 Tag=00
TAG Addr=4543 Dir=03 Tag=00
TAG Addr=4544 Dir=03 Tag=00
TAG Addr=4545 Dir=03 Tag=00
TAG Addr=4546 Dir=03 Tag=00
TAG Addr=4547 Dir=03 Tag=00
TAG Addr=4548 Dir=03 Tag=00
TAG Addr=4549 Dir=03 Tag=00
TAG Addr=454A Dir=03 Tag=00
TAG Addr=454B Dir=03 Tag=00
TAG Addr=454C Dir=03 Tag=00
TAG Addr=454D Dir=03 Tag=00
TAG Addr=454E Dir=03 Tag=00
TAG Addr=454F Dir=03 Tag=00
TAG Addr=4550 Dir=03 Tag=00
TAG Addr=4551 Dir=03 Tag=00
TAG Addr=4552 Dir=03 Tag=00
TAG Addr=4553 Dir=03 Tag=00
TAG Addr=4554 Dir=03 Tag=00
TAG Addr=4555 Dir=03 Tag=00
TAG Addr=4556 Dir=03 Tag=00
TAG Addr=4557 Dir=03 Tag=00
TAG Addr=4558 Dir=03 Tag=00
TAG Addr=4559 Dir=03 Tag=00
TAG Addr=455A Dir=03 Tag=00
TAG Addr=455B Dir=03 Tag=00
TAG Addr=455C Dir=03 Tag=00
TAG Addr=455D Dir=03 Tag=00
TAG Addr=455E Dir=03 Tag=00
TAG Addr=455F Dir=03 Tag=00
TAG Addr=4560 Dir=03 Tag=00
TAG Addr=4561 Dir=03 Tag=00
TAG Addr=4562 Dir=03 Tag=00
TAG Addr=4563 Dir=03 Tag=00
TAG Addr=4564 Dir=03 Tag=00
TAG Addr=4565 Dir=03 Tag=00
TAG Addr=4566 Dir=03 Tag=00
TAG Addr=4567 Dir=03 Tag=00
TAG Addr=4568 Dir=03 Tag=00
TAG Addr=4569 Dir=03 Tag=00
TAG Addr=456A Dir=03 Tag=00
TAG Addr=456B Dir=03 Tag=00
TAG Addr=456C Dir=03 Tag=00
TAG Addr=456D Dir=03 Tag=00
TAG Addr=456E Dir=03 Tag=00
TAG Addr=456F Dir=03 Tag=00
TAG Addr=4570 Dir=03 Tag=00
TAG Addr=4571 Dir=03 Tag=00
TAG Addr=4572 Dir=03 Tag=00
TAG Addr=4573 Dir=03 Tag=00
TAG Addr=4574 Dir=03 Tag=00
TAG Addr=4575 Dir=03 Tag=00
TAG Addr=4576 Dir=03 Tag=00
TAG Addr=4577 Dir=03 Tag=00
TAG Addr=4578 Dir=03 Tag=00
TAG Addr=4579 Dir=03 Tag=00
TAG Addr=457A Dir=03 Tag=00
TAG Addr=457B Dir=03 Tag=00
TAG Addr=457C Dir=03 Tag=00
TAG Addr=457D Dir=03 Tag=00
TAG Addr=457E Dir=03 Tag=00
TAG Addr=457F Dir=03 Tag=00
TAG Addr=4580 Dir=03 Tag=00
TAG Addr=4581 Dir=03 Tag=00
TAG Addr=4582 Dir=03 Tag=00
TAG Addr=4583 Dir=03 Tag=00
TAG Addr=4584 Dir=03 Tag=00
TAG Addr=4585 Dir=03 Tag=00
TAG Addr=4586 Dir=03 Tag=00
TAG Addr=4587 Dir=03 Tag=00
TAG Addr=4588 Dir=03 Tag=00
TAG Addr=4589 Dir=03 Tag=00
TAG Addr=458A Dir=03 Tag=00
TAG Addr=458B Dir=03 Tag=00
TAG Addr=458C Dir=03 Tag=00
TAG Addr=458D Dir=03 Tag=00
TAG Addr=458E Dir=03 Tag=00
TAG Addr=458F Dir=03 Tag=00
TAG Addr=4590 Dir=03 Tag=00
TAG Addr=4591 Dir=03 Tag=00
TAG Addr=4592 Dir=03 Tag=00
TAG Addr=4593 Dir=03 Tag=00
TAG Addr=4594 Dir=03 Tag=00
TAG Addr=4595 Dir=03 Tag=00
TAG Addr=4596 Dir=03 Tag=00
TAG Addr=4597 Dir=03 Tag=00
TAG Addr=4598 Dir=03 Tag=00
TAG Addr=4599 Dir=03 Tag=00
TAG Addr=459A Dir=03 Tag=00
TAG Addr=459B Dir=03 Tag=00
TAG Addr=459C Dir=03 Tag=00
TAG Addr=459D Dir=03 Tag=00
TAG Addr=459E Dir=03 Tag=00
TAG Addr=459F Dir=03 Tag=00
TAG Addr=45A0 Dir=03 Tag=00
TAG Addr=45A1 Dir=03 Tag=00
TAG Addr=45A2 Dir=03 Tag=00
TAG Addr=45A3 Dir=03 Tag=00
TAG Addr=45A4 Dir=03 Tag=00
TAG Addr=45A5 Dir=03 Tag=00
TAG Addr=45A6 Dir=03 Tag=00
TAG Addr=45A7 Dir=03 Tag=00
TAG Addr=45A8 Dir=03 Tag=00
TAG Addr=45A9 Dir=03 Tag=00
TAG Addr=45AA Dir=03 Tag=00
TAG Addr=45AB Dir=03 Tag=00
TAG Addr=45AC Dir=03 Tag=00
TAG Addr=45AD Dir=03 Tag=00
TAG Addr=45AE Dir=03 Tag=00
TAG Addr=45AF Dir=03 Tag=00
TAG Addr=45B0 Dir=03 Tag=00
TAG Addr=45B1 Dir=03 Tag=00
TAG Addr=45B2 Dir=03 Tag=00
TAG Addr=45B3 Dir=03 Tag=00
TAG Addr=45B4 Dir=03 Tag=00
TAG Addr=45B5 Dir=03 Tag=00
TAG Addr=45B6 Dir=03 Tag=00
TAG Addr=45B7 Dir=03 Tag=00
TAG Addr=45B8 Dir=03 Tag=00
TAG Addr=45B9 Dir=03 Tag=00
TAG Addr=45BA Dir=03 Tag=00
TAG Addr=45BB Dir=03 Tag=00
TAG Addr=45BC Dir=03 Tag=00
TAG Addr=45BD Dir=03 Tag=00
TAG Addr=45BE Dir=03 Tag=00
TAG Addr=45BF Dir=03 Tag=00
TAG Addr=45C0 Dir=03 Tag=00
TAG Addr=45C1 Dir=03 Tag=00
TAG Addr=45C2 Dir=03 Tag=00
TAG Addr=45C3 Dir=03 Tag=00
TAG Addr=45C4 Dir=03 Tag=00
TAG Addr=45C5 Dir=03 Tag=00
TAG Addr=45C6 Dir=03 Tag=00
TAG Addr=45C7 Dir=03 Tag=00
TAG Addr=45C8 Dir=03 Tag=00
TAG Addr=45C9 Dir=03 Tag=00
TAG Addr=45CA Dir=03 Tag=00
TAG Addr=45CB Dir=03 Tag=00
TAG Addr=45CC Dir=03 Tag=00
TAG Addr=45CD Dir=03 Tag=00
TAG Addr=45CE Dir=03 Tag=00
TAG Addr=45CF Dir=03 Tag=00
TAG Addr=45D0 Dir=03 Tag=00
TAG Addr=45D1 Dir=03 Tag=00
TAG Addr=45D2 Dir=03 Tag=00
TAG Addr=45D3 Dir=03 Tag=00
TAG Addr=45D4 Dir=03 Tag=00
TAG Addr=45D5 Dir=03 Tag=00
TAG Addr=45D6 Dir=03 Tag=00
TAG Addr=45D7 Dir=03 Tag=00
TAG Addr=45D8 Dir=03 Tag=00
TAG Addr=45D9 Dir=03 Tag=00
TAG Addr=45DA Dir=03 Tag=00
TAG Addr=45DB Dir=03 Tag=00
TAG Addr=45DC Dir=03 Tag=00
TAG Addr=45DD Dir=03 Tag=00
TAG Addr=45DE Dir=03 Tag=00
TAG Addr=45DF Dir=03 Tag=00
TAG Addr=45E0 Dir=03 Tag=00
TAG Addr=45E1 Dir=03 Tag=00
TAG Addr=45E2 Dir=03 Tag=00
TAG Addr=45E3 Dir=03 Tag=00
TAG Addr=45E4 Dir=03 Tag=00
TAG Addr=45E5 Dir=03 Tag=00
TAG Addr=45E6 Dir=03 Tag=00
TAG Addr=45E7 Dir=03 Tag=00
TAG Addr=45E8 Dir=03 Tag=00
TAG Addr=45E9 Dir=03 Tag=00
TAG Addr=45EA Dir=03 Tag=00
TAG Addr=45EB Dir=03 Tag=00
TAG Addr=45EC Dir=03 Tag=00
TAG Addr=45ED Dir=03 Tag=00
TAG Addr=45EE Dir=03 Tag=00
TAG Addr=45EF Dir=03 Tag=00
TAG Addr=45F0 Dir=03 Tag=00
TAG Addr=45F1 Dir=03 Tag=00
TAG Addr=45F2 Dir=03 Tag=00
TAG Addr=45F3 Dir=03 Tag=00
TAG Addr=45F4 Dir=03 Tag=00
TAG Addr=45F5 Dir=03 Tag=00
TAG Addr=45F6 Dir=03 Tag=00
TAG Addr=45F7 Dir=03 Tag=00
TAG Addr=45F8 Dir=03 Tag=00
TAG Addr=45F9 Dir=03 Tag=00
TAG Addr=45FA Dir=03 Tag=00
TAG Addr=45FB Dir=03 Tag=00
TAG Addr=45FC Dir=03 Tag=00
TAG Addr=45FD Dir=03 Tag=00
TAG Addr=45FE Dir=03 Tag=00
TAG Addr=45FF Dir=03 Tag=00
TAG Addr=4600 Dir=03 Tag=00
TAG Addr=4601 Dir=03 Tag=00
TAG Addr=4602 Dir=03 Tag=00
TAG Addr=4603 Dir=03 Tag=00
TAG Addr=4604 Dir=03 Tag=00
TAG Addr=4605 Dir=03 Tag=00
TAG Addr=4606 Dir=03 Tag=00
TAG Addr=4607 Dir=03 Tag=00
TAG Addr=4608 Dir=03 Tag=00
TAG Addr=4609 Dir=03 Tag=00
TAG Addr=460A Dir=03 Tag=00
TAG Addr=460B Dir=03 Tag=00
TAG Addr=460C Dir=03 Tag=00
TAG Addr=460D Dir=03 Tag=00
TAG Addr=460E Dir=03 Tag=00
TAG Addr=460F Dir=03 Tag=00
TAG Addr=4610 Dir=03 Tag=00
TAG Addr=4611 Dir=03 Tag=00
TAG Addr=4612 Dir=03 Tag=00
TAG Addr=4613 Dir=03 Tag=00
TAG Addr=4614 Dir=03 Tag=00
TAG Addr=4615 Dir=03 Tag=00
TAG Addr=4616 Dir=03 Tag=00
TAG Addr=4617 Dir=03 Tag=00
TAG Addr=4618 Dir=03 Tag=00
TAG Addr=4619 Dir=03 Tag=00
TAG Addr=461A Dir=03 Tag=00
TAG Addr=461B Dir=03 Tag=00
TAG Addr=461C Dir=03 Tag=00
TAG Addr=461D Dir=03 Tag=00
TAG Addr=461E Dir=03 Tag=00
TAG Addr=461F Dir=03 Tag=00
TAG Addr=4620 Dir=03 Tag=00
TAG Addr=4621 Dir=03 Tag=00
TAG Addr=4622 Dir=03 Tag=00
TAG Addr=4623 Dir=03 Tag=00
TAG Addr=4624 Dir=03 Tag=00
TAG Addr=4625 Dir=03 Tag=00
TAG Addr=4626 Dir=03 Tag=00
TAG Addr=4627 Dir=03 Tag=00
TAG Addr=4628 Dir=03 Tag=00
TAG Addr=4629 Dir=03 Tag=00
TAG Addr=462A Dir=03 Tag=00
TAG Addr=462B Dir=03 Tag=00
TAG Addr=462C Dir=03 Tag=00
TAG Addr=462D Dir=03 Tag=00
TAG Addr=462E Dir=03 Tag=00
TAG Addr=462F Dir=03 Tag=00
TAG Addr=4630 Dir=03 Tag=00
TAG Addr=4631 Dir=03 Tag=00
TAG Addr=4632 Dir=03 Tag=00
TAG Addr=4633 Dir=03 Tag=00
TAG Addr=4634 Dir=03 Tag=00
TAG Addr=4635 Dir=03 Tag=00
TAG Addr=4636 Dir=03 Tag=00
TAG Addr=4637 Dir=03 Tag=00
TAG Addr=4638 Dir=03 Tag=00
TAG Addr=4639 Dir=03 Tag=00
TAG Addr=463A Dir=03 Tag=00
TAG Addr=463B Dir=03 Tag=00
TAG Addr=463C Dir=03 Tag=00
TAG Addr=463D Dir=03 Tag=00
TAG Addr=463E Dir=03 Tag=00
TAG Addr=463F Dir=03 Tag=00
TAG Addr=4640 Dir=03 Tag=00
TAG Addr=4641 Dir=03 Tag=00
TAG Addr=4642 Dir=03 Tag=00
TAG Addr=4643 Dir=03 Tag=00
TAG Addr=4644 Dir=03 Tag=00
TAG Addr=4645 Dir=03 Tag=00
TAG Addr=4646 Dir=03 Tag=00
TAG Addr=4647 Dir=03 Tag=00
TAG Addr=4648 Dir=03 Tag=00
TAG Addr=4649 Dir=03 Tag=00
TAG Addr=464A Dir=03 Tag=00
TAG Addr=464B Dir=03 Tag=00
TAG Addr=464C Dir=03 Tag=00
TAG Addr=464D Dir=03 Tag=00
TAG Addr=464E Dir=03 Tag=00
TAG Addr=464F Dir=03 Tag=00
TAG Addr=4650 Dir=03 Tag=00
TAG Addr=4651 Dir=03 Tag=00
TAG Addr=4652 Dir=03 Tag=00
TAG Addr=4653 Dir=03 Tag=00
TAG Addr=4654 Dir=03 Tag=00
TAG Addr=4655 Dir=03 Tag=00
TAG Addr=4656 Dir=03 Tag=00
TAG Addr=4657 Dir=03 Tag=00
TAG Addr=4658 Dir=03 Tag=00
TAG Addr=4659 Dir=03 Tag=00
TAG Addr=465A Dir=03 Tag=00
TAG Addr=465B Dir=03 Tag=00
TAG Addr=465C Dir=03 Tag=00
TAG Addr=465D Dir=03 Tag=00
TAG Addr=465E Dir=03 Tag=00
TAG Addr=465F Dir=03 Tag=00
TAG Addr=4660 Dir=03 Tag=00
TAG Addr=4661 Dir=03 Tag=00
TAG Addr=4662 Dir=03 Tag=00
TAG Addr=4663 Dir=03 Tag=00
TAG Addr=4664 Dir=03 Tag=00
TAG Addr=4665 Dir=03 Tag=00
TAG Addr=4666 Dir=03 Tag=00
TAG Addr=4667 Dir=03 Tag=00
TAG Addr=4668 Dir=03 Tag=00
TAG Addr=4669 Dir=03 Tag=00
TAG Addr=466A Dir=03 Tag=00
TAG Addr=466B Dir=03 Tag=00
TAG Addr=466C Dir=03 Tag=00
TAG Addr=466D Dir=03 Tag=00
TAG Addr=466E Dir=03 Tag=00
TAG Addr=466F Dir=03 Tag=00
TAG Addr=4670 Dir=03 Tag=00
TAG Addr=4671 Dir=03 Tag=00
TAG Addr=4672 Dir=03 Tag=00
TAG Addr=4673 Dir=03 Tag=00
TAG Addr=4674 Dir=03 Tag=00
TAG Addr=4675 Dir=03 Tag=00
TAG Addr=4676 Dir=03 Tag=00
TAG Addr=4677 Dir=03 Tag=00
TAG Addr=4678 Dir=03 Tag=00
TAG Addr=4679 Dir=03 Tag=00
TAG Addr=467A Dir=03 Tag=00
TAG Addr=467B Dir=03 Tag=00
TAG Addr=467C Dir=03 Tag=00
TAG Addr=467D Dir=03 Tag=00
TAG Addr=467E Dir=03 Tag=00
TAG Addr=467F Dir=03 Tag=00
TAG Addr=4680 Dir=03 Tag=00
TAG Addr=4681 Dir=03 Tag=00
TAG Addr=4682 Dir=03 Tag=00
TAG Addr=4683 Dir=03 Tag=00
TAG Addr=4684 Dir=03 Tag=00
TAG Addr=4685 Dir=03 Tag=00
TAG Addr=4686 Dir=03 Tag=00
TAG Addr=4687 Dir=03 Tag=00
TAG Addr=4688 Dir=03 Tag=00
TAG Addr=4689 Dir=03 Tag=00
TAG Addr=468A Dir=03 Tag=00
TAG Addr=468B Dir=03 Tag=00
TAG Addr=468C Dir=03 Tag=00
TAG Addr=468D Dir=03 Tag=00
TAG Addr=468E Dir=03 Tag=00
TAG Addr=468F Dir=03 Tag=00
TAG Addr=4690 Dir=03 Tag=00
TAG Addr=4691 Dir=03 Tag=00
TAG Addr=4692 Dir=03 Tag=00
TAG Addr=4693 Dir=03 Tag=00
TAG Addr=4694 Dir=03 Tag=00
TAG Addr=4695 Dir=03 Tag=00
TAG Addr=4696 Dir=03 Tag=00
TAG Addr=4697 Dir=03 Tag=00
TAG Addr=4698 Dir=03 Tag=00
TAG Addr=4699 Dir=03 Tag=00
TAG Addr=469A Dir=03 Tag=00
TAG Addr=469B Dir=03 Tag=00
TAG Addr=469C Dir=03 Tag=00
TAG Addr=469D Dir=03 Tag=00
TAG Addr=469E Dir=03 Tag=00
TAG Addr=469F Dir=03 Tag=00
TAG Addr=46A0 Dir=03 Tag=00
TAG Addr=46A1 Dir=03 Tag=00
TAG Addr=46A2 Dir=03 Tag=00
TAG Addr=46A3 Dir=03 Tag=00
TAG Addr=46A4 Dir=03 Tag=00
TAG Addr=46A5 Dir=03 Tag=00
TAG Addr=46A6 Dir=03 Tag=00
TAG Addr=46A7 Dir=03 Tag=00
TAG Addr=46A8 Dir=03 Tag=00
TAG Addr=46A9 Dir=03 Tag=00
TAG Addr=46AA Dir=03 Tag=00
TAG Addr=46AB Dir=03 Tag=00
TAG Addr=46AC Dir=03 Tag=00
TAG Addr=46AD Dir=03 Tag=00
TAG Addr=46AE Dir=03 Tag=00
TAG Addr=46AF Dir=03 Tag=00
TAG Addr=46B0 Dir=03 Tag=00
TAG Addr=46B1 Dir=03 Tag=00
TAG Addr=46B2 Dir=03 Tag=00
TAG Addr=46B3 Dir=03 Tag=00
TAG Addr=46B4 Dir=03 Tag=00
TAG Addr=46B5 Dir=03 Tag=00
TAG Addr=46B6 Dir=03 Tag=00
TAG Addr=46B7 Dir=03 Tag=00
TAG Addr=46B8 Dir=03 Tag=00
TAG Addr=46B9 Dir=03 Tag=00
TAG Addr=46BA Dir=03 Tag=00
TAG Addr=46BB Dir=03 Tag=00
TAG Addr=46BC Dir=03 Tag=00
TAG Addr=46BD Dir=03 Tag=00
TAG Addr=46BE Dir=03 Tag=00
TAG Addr=46BF Dir=03 Tag=00
TAG Addr=46C0 Dir=03 Tag=00
TAG Addr=46C1 Dir=03 Tag=00
TAG Addr=46C2 Dir=03 Tag=00
TAG Addr=46C3 Dir=03 Tag=00
TAG Addr=46C4 Dir=03 Tag=00
TAG Addr=46C5 Dir=03 Tag=00
TAG Addr=46C6 Dir=03 Tag=00
TAG Addr=46C7 Dir=03 Tag=00
TAG Addr=46C8 Dir=03 Tag=00
TAG Addr=46C9 Dir=03 Tag=00
TAG Addr=46CA Dir=03 Tag=00
TAG Addr=46CB Dir=03 Tag=00
TAG Addr=46CC Dir=03 Tag=00
TAG Addr=46CD Dir=03 Tag=00
TAG Addr=46CE Dir=03 Tag=00
TAG Addr=46CF Dir=03 Tag=00
TAG Addr=46D0 Dir=03 Tag=00
TAG Addr=46D1 Dir=03 Tag=00
TAG Addr=46D2 Dir=03 Tag=00
TAG Addr=46D3 Dir=03 Tag=00
TAG Addr=46D4 Dir=03 Tag=00
TAG Addr=46D5 Dir=03 Tag=00
TAG Addr=46D6 Dir=03 Tag=00
TAG Addr=46D7 Dir=03 Tag=00
TAG Addr=46D8 Dir=03 Tag=00
TAG Addr=46D9 Dir=03 Tag=00
TAG Addr=46DA Dir=03 Tag=00
TAG Addr=46DB Dir=03 Tag=00
TAG Addr=46DC Dir=03 Tag=00
TAG Addr=46DD Dir=03 Tag=00
TAG Addr=46DE Dir=03 Tag=00
TAG Addr=46DF Dir=03 Tag=00
TAG Addr=46E0 Dir=03 Tag=00
TAG Addr=46E1 Dir=03 Tag=00
TAG Addr=46E2 Dir=03 Tag=00
TAG Addr=46E3 Dir=03 Tag=00
TAG Addr=46E4 Dir=03 Tag=00
TAG Addr=46E5 Dir=03 Tag=00
TAG Addr=46E6 Dir=03 Tag=00
TAG Addr=46E7 Dir=03 Tag=00
TAG Addr=46E8 Dir=03 Tag=00
TAG Addr=46E9 Dir=03 Tag=00
TAG Addr=46EA Dir=03 Tag=00
TAG Addr=46EB Dir=03 Tag=00
TAG Addr=46EC Dir=03 Tag=00
TAG Addr=46ED Dir=03 Tag=00
TAG Addr=46EE Dir=03 Tag=00
TAG Addr=46EF Dir=03 Tag=00
TAG Addr=46F0 Dir=03 Tag=00
TAG Addr=46F1 Dir=03 Tag=00
TAG Addr=46F2 Dir=03 Tag=00
TAG Addr=46F3 Dir=03 Tag=00
TAG Addr=46F4 Dir=03 Tag=00
TAG Addr=46F5 Dir=03 Tag=00
TAG Addr=46F6 Dir=03 Tag=00
TAG Addr=46F7 Dir=03 Tag=00
TAG Addr=46F8 Dir=03 Tag=00
TAG Addr=46F9 Dir=03 Tag=00
TAG Addr=46FA Dir=03 Tag=00
TAG Addr=46FB Dir=03 Tag=00
TAG Addr=46FC Dir=03 Tag=00
TAG Addr=46FD Dir=03 Tag=00
TAG Addr=46FE Dir=03 Tag=00
TAG Addr=46FF Dir=03 Tag=00
TAG Addr=4700 Dir=03 Tag=00
TAG Addr=4701 Dir=03 Tag=00
TAG Addr=4702 Dir=03 Tag=00
TAG Addr=4703 Dir=03 Tag=00
TAG Addr=4704 Dir=03 Tag=00
TAG Addr=4705 Dir=03 Tag=00
TAG Addr=4706 Dir=03 Tag=00
TAG Addr=4707 Dir=03 Tag=00
TAG Addr=4708 Dir=03 Tag=00
TAG Addr=4709 Dir=03 Tag=00
TAG Addr=470A Dir=03 Tag=00
TAG Addr=470B Dir=03 Tag=00
TAG Addr=470C Dir=03 Tag=00
TAG Addr=470D Dir=03 Tag=00
TAG Addr=470E Dir=03 Tag=00
TAG Addr=470F Dir=03 Tag=00
TAG Addr=4710 Dir=03 Tag=00
TAG Addr=4711 Dir=03 Tag=00
TAG Addr=4712 Dir=03 Tag=00
TAG Addr=4713 Dir=03 Tag=00
TAG Addr=4714 Dir=03 Tag=00
TAG Addr=4715 Dir=03 Tag=00
TAG Addr=4716 Dir=03 Tag=00
TAG Addr=4717 Dir=03 Tag=00
TAG Addr=4718 Dir=03 Tag=00
TAG Addr=4719 Dir=03 Tag=00
TAG Addr=471A Dir=03 Tag=00
TAG Addr=471B Dir=03 Tag=00
TAG Addr=471C Dir=03 Tag=00
TAG Addr=471D Dir=03 Tag=00
TAG Addr=471E Dir=03 Tag=00
TAG Addr=471F Dir=03 Tag=00
TAG Addr=4720 Dir=03 Tag=00
TAG Addr=4721 Dir=03 Tag=00
TAG Addr=4722 Dir=03 Tag=00
TAG Addr=4723 Dir=03 Tag=00
TAG Addr=4724 Dir=03 Tag=00
TAG Addr=4725 Dir=03 Tag=00
TAG Addr=4726 Dir=03 Tag=00
TAG Addr=4727 Dir=03 Tag=00
TAG Addr=4728 Dir=03 Tag=00
TAG Addr=4729 Dir=03 Tag=00
TAG Addr=472A Dir=03 Tag=00
TAG Addr=472B Dir=03 Tag=00
TAG Addr=472C Dir=03 Tag=00
TAG Addr=472D Dir=03 Tag=00
TAG Addr=472E Dir=03 Tag=00
TAG Addr=472F Dir=03 Tag=00
TAG Addr=4730 Dir=03 Tag=00
TAG Addr=4731 Dir=03 Tag=00
TAG Addr=4732 Dir=03 Tag=00
TAG Addr=4733 Dir=03 Tag=00
TAG Addr=4734 Dir=03 Tag=00
TAG Addr=4735 Dir=03 Tag=00
TAG Addr=4736 Dir=03 Tag=00
TAG Addr=4737 Dir=03 Tag=00
TAG Addr=4738 Dir=03 Tag=00
TAG Addr=4739 Dir=03 Tag=00
TAG Addr=473A Dir=03 Tag=00
TAG Addr=473B Dir=03 Tag=00
TAG Addr=473C Dir=03 Tag=00
TAG Addr=473D Dir=03 Tag=00
TAG Addr=473E Dir=03 Tag=00
TAG Addr=473F Dir=03 Tag=00
TAG Addr=4740 Dir=03 Tag=00
TAG Addr=4741 Dir=03 Tag=00
TAG Addr=4742 Dir=03 Tag=00
TAG Addr=4743 Dir=03 Tag=00
TAG Addr=4744 Dir=03 Tag=00
TAG Addr=4745 Dir=03 Tag=00
TAG Addr=4746 Dir=03 Tag=00
TAG Addr=4747 Dir=03 Tag=00
TAG Addr=4748 Dir=03 Tag=00
TAG Addr=4749 Dir=03 Tag=00
TAG Addr=474A Dir=03 Tag=00
TAG Addr=474B Dir=03 Tag=00
TAG Addr=474C Dir=03 Tag=00
TAG Addr=474D Dir=03 Tag=00
TAG Addr=474E Dir=03 Tag=00
TAG Addr=474F Dir=03 Tag=00
TAG Addr=4750 Dir=03 Tag=00
TAG Addr=4751 Dir=03 Tag=00
TAG Addr=4752 Dir=03 Tag=00
TAG Addr=4753 Dir=03 Tag=00
TAG Addr=4754 Dir=03 Tag=00
TAG Addr=4755 Dir=03 Tag=00
TAG Addr=4756 Dir=03 Tag=00
TAG Addr=4757 Dir=03 Tag=00
TAG Addr=4758 Dir=03 Tag=00
TAG Addr=4759 Dir=03 Tag=00
TAG Addr=475A Dir=03 Tag=00
TAG Addr=475B Dir=03 Tag=00
TAG Addr=475C Dir=03 Tag=00
TAG Addr=475D Dir=03 Tag=00
TAG Addr=475E Dir=03 Tag=00
TAG Addr=475F Dir=03 Tag=00
TAG Addr=4760 Dir=03 Tag=00
TAG Addr=4761 Dir=03 Tag=00
TAG Addr=4762 Dir=03 Tag=00
TAG Addr=4763 Dir=03 Tag=00
TAG Addr=4764 Dir=03 Tag=00
TAG Addr=4765 Dir=03 Tag=00
TAG Addr=4766 Dir=03 Tag=00
TAG Addr=4767 Dir=03 Tag=00
TAG Addr=4768 Dir=03 Tag=00
TAG Addr=4769 Dir=03 Tag=00
TAG Addr=476A Dir=03 Tag=00
TAG Addr=476B Dir=03 Tag=00
TAG Addr=476C Dir=03 Tag=00
TAG Addr=476D Dir=03 Tag=00
TAG Addr=476E Dir=03 Tag=00
TAG Addr=476F Dir=03 Tag=00
TAG Addr=4770 Dir=03 Tag=00
TAG Addr=4771 Dir=03 Tag=00
TAG Addr=4772 Dir=03 Tag=00
TAG Addr=4773 Dir=03 Tag=00
TAG Addr=4774 Dir=03 Tag=00
TAG Addr=4775 Dir=03 Tag=00
TAG Addr=4776 Dir=03 Tag=00
TAG Addr=4777 Dir=03 Tag=00
TAG Addr=4778 Dir=03 Tag=00
TAG Addr=4779 Dir=03 Tag=00
TAG Addr=477A Dir=03 Tag=00
TAG Addr=477B Dir=03 Tag=00
TAG Addr=477C Dir=03 Tag=00
TAG Addr=477D Dir=03 Tag=00
TAG Addr=477E Dir=03 Tag=00
TAG Addr=477F Dir=03 Tag=00
TAG Addr=4780 Dir=03 Tag=00
TAG Addr=4781 Dir=03 Tag=00
TAG Addr=4782 Dir=03 Tag=00
TAG Addr=4783 Dir=03 Tag=00
TAG Addr=4784 Dir=03 Tag=00
TAG Addr=4785 Dir=03 Tag=00
TAG Addr=4786 Dir=03 Tag=00
TAG Addr=4787 Dir=03 Tag=00
TAG Addr=4788 Dir=03 Tag=00
TAG Addr=4789 Dir=03 Tag=00
TAG Addr=478A Dir=03 Tag=00
TAG Addr=478B Dir=03 Tag=00
TAG Addr=478C Dir=03 Tag=00
TAG Addr=478D Dir=03 Tag=00
TAG Addr=478E Dir=03 Tag=00
TAG Addr=478F Dir=03 Tag=00
TAG Addr=4790 Dir=03 Tag=00
TAG Addr=4791 Dir=03 Tag=00
TAG Addr=4792 Dir=03 Tag=00
TAG Addr=4793 Dir=03 Tag=00
TAG Addr=4794 Dir=03 Tag=00
TAG Addr=4795 Dir=03 Tag=00
TAG Addr=4796 Dir=03 Tag=00
TAG Addr=4797 Dir=03 Tag=00
TAG Addr=4798 Dir=03 Tag=00
TAG Addr=4799 Dir=03 Tag=00
TAG Addr=479A Dir=03 Tag=00
TAG Addr=479B Dir=03 Tag=00
TAG Addr=479C Dir=03 Tag=00
TAG Addr=479D Dir=03 Tag=00
TAG Addr=479E Dir=03 Tag=00
TAG Addr=479F Dir=03 Tag=00
TAG Addr=47A0 Dir=03 Tag=00
TAG Addr=47A1 Dir=03 Tag=00
TAG Addr=47A2 Dir=03 Tag=00
TAG Addr=47A3 Dir=03 Tag=00
TAG Addr=47A4 Dir=03 Tag=00
TAG Addr=47A5 Dir=03 Tag=00
TAG Addr=47A6 Dir=03 Tag=00
TAG Addr=47A7 Dir=03 Tag=00
TAG Addr=47A8 Dir=03 Tag=00
TAG Addr=47A9 Dir=03 Tag=00
TAG Addr=47AA Dir=03 Tag=00
TAG Addr=47AB Dir=03 Tag=00
TAG Addr=47AC Dir=03 Tag=00
TAG Addr=47AD Dir=03 Tag=00
TAG Addr=47AE Dir=03 Tag=00
TAG Addr=47AF Dir=03 Tag=00
TAG Addr=47B0 Dir=03 Tag=00
TAG Addr=47B1 Dir=03 Tag=00
TAG Addr=47B2 Dir=03 Tag=00
TAG Addr=47B3 Dir=03 Tag=00
TAG Addr=47B4 Dir=03 Tag=00
TAG Addr=47B5 Dir=03 Tag=00
TAG Addr=47B6 Dir=03 Tag=00
TAG Addr=47B7 Dir=03 Tag=00
TAG Addr=47B8 Dir=03 Tag=00
TAG Addr=47B9 Dir=03 Tag=00
TAG Addr=47BA Dir=03 Tag=00
TAG Addr=47BB Dir=03 Tag=00
TAG Addr=47BC Dir=03 Tag=00
TAG Addr=47BD Dir=03 Tag=00
TAG Addr=47BE Dir=03 Tag=00
TAG Addr=47BF Dir=03 Tag=00
TAG Addr=47C0 Dir=03 Tag=00
TAG Addr=47C1 Dir=03 Tag=00
TAG Addr=47C2 Dir=03 Tag=00
TAG Addr=47C3 Dir=03 Tag=00
TAG Addr=47C4 Dir=03 Tag=00
TAG Addr=47C5 Dir=03 Tag=00
TAG Addr=47C6 Dir=03 Tag=00
TAG Addr=47C7 Dir=03 Tag=00
TAG Addr=47C8 Dir=03 Tag=00
TAG Addr=47C9 Dir=03 Tag=00
TAG Addr=47CA Dir=03 Tag=00
TAG Addr=47CB Dir=03 Tag=00
TAG Addr=47CC Dir=03 Tag=00
TAG Addr=47CD Dir=03 Tag=00
TAG Addr=47CE Dir=03 Tag=00
TAG Addr=47CF Dir=03 Tag=00
TAG Addr=47D0 Dir=03 Tag=00
TAG Addr=47D1 Dir=03 Tag=00
TAG Addr=47D2 Dir=03 Tag=00
TAG Addr=47D3 Dir=03 Tag=00
TAG Addr=47D4 Dir=03 Tag=00
TAG Addr=47D5 Dir=03 Tag=00
TAG Addr=47D6 Dir=03 Tag=00
TAG Addr=47D7 Dir=03 Tag=00
TAG Addr=47D8 Dir=03 Tag=00
TAG Addr=47D9 Dir=03 Tag=00
TAG Addr=47DA Dir=03 Tag=00
TAG Addr=47DB Dir=03 Tag=00
TAG Addr=47DC Dir=03 Tag=00
TAG Addr=47DD Dir=03 Tag=00
TAG Addr=47DE Dir=03 Tag=00
TAG Addr=47DF Dir=03 Tag=00
TAG Addr=47E0 Dir=03 Tag=00
TAG Addr=47E1 Dir=03 Tag=00
TAG Addr=47E2 Dir=03 Tag=00
TAG Addr=47E3 Dir=03 Tag=00
TAG Addr=47E4 Dir=03 Tag=00
TAG Addr=47E5 Dir=03 Tag=00
TAG Addr=47E6 Dir=03 Tag=00
TAG Addr=47E7 Dir=03 Tag=00
TAG Addr=47E8 Dir=03 Tag=00
TAG Addr=47E9 Dir=03 Tag=00
TAG Addr=47EA Dir=03 Tag=00
TAG Addr=47EB Dir=03 Tag=00
TAG Addr=47EC Dir=03 Tag=00
TAG Addr=47ED Dir=03 Tag=00
TAG Addr=47EE Dir=03 Tag=00
TAG Addr=47EF Dir=03 Tag=00
TAG Addr=47F0 Dir=03 Tag=00
TAG Addr=47F1 Dir=03 Tag=00
TAG Addr=47F2 Dir=03 Tag=00
TAG Addr=47F3 Dir=03 Tag=00
TAG Addr=47F4 Dir=03 Tag=00
TAG Addr=47F5 Dir=03 Tag=00
TAG Addr=47F6 Dir=03 Tag=00
TAG Addr=47F7 Dir=03 Tag=00
TAG Addr=47F8 Dir=03 Tag=00
TAG Addr=47F9 Dir=03 Tag=00
TAG Addr=47FA Dir=03 Tag=00
TAG Addr=47FB Dir=03 Tag=00
TAG Addr=47FC Dir=03 Tag=00
TAG Addr=47FD Dir=03 Tag=00
TAG Addr=47FE Dir=03 Tag=00
TAG Addr=47FF Dir=03 Tag=00
