ROM[roms/astdelux/036430-02.d1] Addr=6000 Value=20
ROM[roms/astdelux/036430-02.d1] Addr=6001 Value=E3
ROM[roms/astdelux/036430-02.d1] Addr=6002 Value=7B
ROM[roms/astdelux/036430-02.d1] Addr=6003 Value=A5
ROM[roms/astdelux/036430-02.d1] Addr=6004 Value=CD
ROM[roms/astdelux/036430-02.d1] Addr=6005 Value=D0
ROM[roms/astdelux/036430-02.d1] Addr=6006 Value=0A
ROM[roms/astdelux/036430-02.d1] Addr=6007 Value=85
ROM[roms/astdelux/036430-02.d1] Addr=6008 Value=CC
ROM[roms/astdelux/036430-02.d1] Addr=6009 Value=85
ROM[roms/astdelux/036430-02.d1] Addr=600A Value=CB
ROM[roms/astdelux/036430-02.d1] Addr=600B Value=85
ROM[roms/astdelux/036430-02.d1] Addr=600C Value=CE
ROM[roms/astdelux/036430-02.d1] Addr=600D Value=A9
ROM[roms/astdelux/036430-02.d1] Addr=600E Value=20
ROM[roms/astdelux/036430-02.d1] Addr=600F Value=85
ROM[roms/astdelux/036430-02.d1] Addr=6010 Value=CD
ROM[roms/astdelux/036430-02.d1] Addr=6011 Value=20
ROM[roms/astdelux/036430-02.d1] Addr=6012 Value=59
ROM[roms/astdelux/036430-02.d1] Addr=6013 Value=69
ROM[roms/astdelux/036430-02.d1] Addr=6014 Value=2C
ROM[roms/astdelux/036430-02.d1] Addr=6015 Value=02
ROM[roms/astdelux/036430-02.d1] Addr=6016 Value=20
ROM[roms/astdelux/036430-02.d1] Addr=6017 Value=30
ROM[roms/astdelux/036430-02.d1] Addr=6018 Value=FB
ROM[roms/astdelux/036430-02.d1] Addr=6019 Value=20
ROM[roms/astdelux/036430-02.d1] Addr=601A Value=A2
ROM[roms/astdelux/036430-02.d1] Addr=601B Value=4B
ROM[roms/astdelux/036430-02.d1] Addr=601C Value=46
ROM[roms/astdelux/036430-02.d1] Addr=601D Value=75
ROM[roms/astdelux/036430-02.d1] Addr=601E Value=90
ROM[roms/astdelux/036430-02.d1] Addr=601F Value=FC
ROM[roms/astdelux/036430-02.d1] Addr=6020 Value=A5
ROM[roms/astdelux/036430-02.d1] Addr=6021 Value=76
ROM[roms/astdelux/036430-02.d1] Addr=6022 Value=29
ROM[roms/astdelux/036430-02.d1] Addr=6023 Value=01
ROM[roms/astdelux/036430-02.d1] Addr=6024 Value=0A
ROM[roms/astdelux/036430-02.d1] Addr=6025 Value=AA
ROM[roms/astdelux/036430-02.d1] Addr=6026 Value=49
ROM[roms/astdelux/036430-02.d1] Addr=6027 Value=02
ROM[roms/astdelux/036430-02.d1] Addr=6028 Value=A8
ROM[roms/astdelux/036430-02.d1] Addr=6029 Value=BD
ROM[roms/astdelux/036430-02.d1] Addr=602A Value=99
ROM[roms/astdelux/036430-02.d1] Addr=602B Value=77
ROM[roms/astdelux/036430-02.d1] Addr=602C Value=8D
ROM[roms/astdelux/036430-02.d1] Addr=602D Value=00
ROM[roms/astdelux/036430-02.d1] Addr=602E Value=40
ROM[roms/astdelux/036430-02.d1] Addr=602F Value=BD
ROM[roms/astdelux/036430-02.d1] Addr=6030 Value=9A
ROM[roms/astdelux/036430-02.d1] Addr=6031 Value=77
ROM[roms/astdelux/036430-02.d1] Addr=6032 Value=8D
ROM[roms/astdelux/036430-02.d1] Addr=6033 Value=01
ROM[roms/astdelux/036430-02.d1] Addr=6034 Value=40
ROM[roms/astdelux/036430-02.d1] Addr=6035 Value=B9
ROM[roms/astdelux/036430-02.d1] Addr=6036 Value=99
ROM[roms/astdelux/036430-02.d1] Addr=6037 Value=77
ROM[roms/astdelux/036430-02.d1] Addr=6038 Value=0A
ROM[roms/astdelux/036430-02.d1] Addr=6039 Value=85
ROM[roms/astdelux/036430-02.d1] Addr=603A Value=03
ROM[roms/astdelux/036430-02.d1] Addr=603B Value=B9
ROM[roms/astdelux/036430-02.d1] Addr=603C Value=9A
ROM[roms/astdelux/036430-02.d1] Addr=603D Value=77
ROM[roms/astdelux/036430-02.d1] Addr=603E Value=2A
ROM[roms/astdelux/036430-02.d1] Addr=603F Value=29
ROM[roms/astdelux/036430-02.d1] Addr=6040 Value=1F
ROM[roms/astdelux/036430-02.d1] Addr=6041 Value=09
ROM[roms/astdelux/036430-02.d1] Addr=6042 Value=40
ROM[roms/astdelux/036430-02.d1] Addr=6043 Value=85
ROM[roms/astdelux/036430-02.d1] Addr=6044 Value=04
ROM[roms/astdelux/036430-02.d1] Addr=6045 Value=8D
ROM[roms/astdelux/036430-02.d1] Addr=6046 Value=00
ROM[roms/astdelux/036430-02.d1] Addr=6047 Value=30
ROM[roms/astdelux/036430-02.d1] Addr=6048 Value=8D
ROM[roms/astdelux/036430-02.d1] Addr=6049 Value=00
ROM[roms/astdelux/036430-02.d1] Addr=604A Value=34
ROM[roms/astdelux/036430-02.d1] Addr=604B Value=E6
ROM[roms/astdelux/036430-02.d1] Addr=604C Value=76
ROM[roms/astdelux/036430-02.d1] Addr=604D Value=D0
ROM[roms/astdelux/036430-02.d1] Addr=604E Value=30
ROM[roms/astdelux/036430-02.d1] Addr=604F Value=E6
ROM[roms/astdelux/036430-02.d1] Addr=6050 Value=77
ROM[roms/astdelux/036430-02.d1] Addr=6051 Value=A6
ROM[roms/astdelux/036430-02.d1] Addr=6052 Value=20
ROM[roms/astdelux/036430-02.d1] Addr=6053 Value=B5
ROM[roms/astdelux/036430-02.d1] Addr=6054 Value=64
ROM[roms/astdelux/036430-02.d1] Addr=6055 Value=29
ROM[roms/astdelux/036430-02.d1] Addr=6056 Value=0F
ROM[roms/astdelux/036430-02.d1] Addr=6057 Value=85
ROM[roms/astdelux/036430-02.d1] Addr=6058 Value=10
ROM[roms/astdelux/036430-02.d1] Addr=6059 Value=55
ROM[roms/astdelux/036430-02.d1] Addr=605A Value=64
ROM[roms/astdelux/036430-02.d1] Addr=605B Value=4A
ROM[roms/astdelux/036430-02.d1] Addr=605C Value=85
ROM[roms/astdelux/036430-02.d1] Addr=605D Value=11
ROM[roms/astdelux/036430-02.d1] Addr=605E Value=4A
ROM[roms/astdelux/036430-02.d1] Addr=605F Value=4A
ROM[roms/astdelux/036430-02.d1] Addr=6060 Value=65
ROM[roms/astdelux/036430-02.d1] Addr=6061 Value=11
ROM[roms/astdelux/036430-02.d1] Addr=6062 Value=65
ROM[roms/astdelux/036430-02.d1] Addr=6063 Value=10
ROM[roms/astdelux/036430-02.d1] Addr=6064 Value=A6
ROM[roms/astdelux/036430-02.d1] Addr=6065 Value=1F
ROM[roms/astdelux/036430-02.d1] Addr=6066 Value=A4
ROM[roms/astdelux/036430-02.d1] Addr=6067 Value=77
ROM[roms/astdelux/036430-02.d1] Addr=6068 Value=C0
ROM[roms/astdelux/036430-02.d1] Addr=6069 Value=80
ROM[roms/astdelux/036430-02.d1] Addr=606A Value=D0
ROM[roms/astdelux/036430-02.d1] Addr=606B Value=08
ROM[roms/astdelux/036430-02.d1] Addr=606C Value=D5
ROM[roms/astdelux/036430-02.d1] Addr=606D Value=FA
ROM[roms/astdelux/036430-02.d1] Addr=606E Value=D0
ROM[roms/astdelux/036430-02.d1] Addr=606F Value=02
ROM[roms/astdelux/036430-02.d1] Addr=6070 Value=F6
ROM[roms/astdelux/036430-02.d1] Addr=6071 Value=FB
ROM[roms/astdelux/036430-02.d1] Addr=6072 Value=95
ROM[roms/astdelux/036430-02.d1] Addr=6073 Value=FA
ROM[roms/astdelux/036430-02.d1] Addr=6074 Value=18
ROM[roms/astdelux/036430-02.d1] Addr=6075 Value=75
ROM[roms/astdelux/036430-02.d1] Addr=6076 Value=FB
ROM[roms/astdelux/036430-02.d1] Addr=6077 Value=C9
ROM[roms/astdelux/036430-02.d1] Addr=6078 Value=10
ROM[roms/astdelux/036430-02.d1] Addr=6079 Value=90
ROM[roms/astdelux/036430-02.d1] Addr=607A Value=02
ROM[roms/astdelux/036430-02.d1] Addr=607B Value=A9
ROM[roms/astdelux/036430-02.d1] Addr=607C Value=0F
ROM[roms/astdelux/036430-02.d1] Addr=607D Value=85
ROM[roms/astdelux/036430-02.d1] Addr=607E Value=D3
ROM[roms/astdelux/036430-02.d1] Addr=607F Value=20
ROM[roms/astdelux/036430-02.d1] Addr=6080 Value=FF
ROM[roms/astdelux/036430-02.d1] Addr=6081 Value=7A
ROM[roms/astdelux/036430-02.d1] Addr=6082 Value=20
ROM[roms/astdelux/036430-02.d1] Addr=6083 Value=E1
ROM[roms/astdelux/036430-02.d1] Addr=6084 Value=4B
ROM[roms/astdelux/036430-02.d1] Addr=6085 Value=B0
ROM[roms/astdelux/036430-02.d1] Addr=6086 Value=42
ROM[roms/astdelux/036430-02.d1] Addr=6087 Value=20
ROM[roms/astdelux/036430-02.d1] Addr=6088 Value=D4
ROM[roms/astdelux/036430-02.d1] Addr=6089 Value=6F
ROM[roms/astdelux/036430-02.d1] Addr=608A Value=20
ROM[roms/astdelux/036430-02.d1] Addr=608B Value=6B
ROM[roms/astdelux/036430-02.d1] Addr=608C Value=65
ROM[roms/astdelux/036430-02.d1] Addr=608D Value=10
ROM[roms/astdelux/036430-02.d1] Addr=608E Value=1E
ROM[roms/astdelux/036430-02.d1] Addr=608F Value=20
ROM[roms/astdelux/036430-02.d1] Addr=6090 Value=9D
ROM[roms/astdelux/036430-02.d1] Addr=6091 Value=6C
ROM[roms/astdelux/036430-02.d1] Addr=6092 Value=B0
ROM[roms/astdelux/036430-02.d1] Addr=6093 Value=19
ROM[roms/astdelux/036430-02.d1] Addr=6094 Value=A5
ROM[roms/astdelux/036430-02.d1] Addr=6095 Value=74
ROM[roms/astdelux/036430-02.d1] Addr=6096 Value=D0
ROM[roms/astdelux/036430-02.d1] Addr=6097 Value=0F
ROM[roms/astdelux/036430-02.d1] Addr=6098 Value=20
ROM[roms/astdelux/036430-02.d1] Addr=6099 Value=59
ROM[roms/astdelux/036430-02.d1] Addr=609A Value=66
ROM[roms/astdelux/036430-02.d1] Addr=609B Value=20
ROM[roms/astdelux/036430-02.d1] Addr=609C Value=97
ROM[roms/astdelux/036430-02.d1] Addr=609D Value=64
ROM[roms/astdelux/036430-02.d1] Addr=609E Value=20
ROM[roms/astdelux/036430-02.d1] Addr=609F Value=10
ROM[roms/astdelux/036430-02.d1] Addr=60A0 Value=68
ROM[roms/astdelux/036430-02.d1] Addr=60A1 Value=20
ROM[roms/astdelux/036430-02.d1] Addr=60A2 Value=9E
ROM[roms/astdelux/036430-02.d1] Addr=60A3 Value=4A
ROM[roms/astdelux/036430-02.d1] Addr=60A4 Value=20
ROM[roms/astdelux/036430-02.d1] Addr=60A5 Value=22
ROM[roms/astdelux/036430-02.d1] Addr=60A6 Value=63
ROM[roms/astdelux/036430-02.d1] Addr=60A7 Value=20
ROM[roms/astdelux/036430-02.d1] Addr=60A8 Value=DC
ROM[roms/astdelux/036430-02.d1] Addr=60A9 Value=66
ROM[roms/astdelux/036430-02.d1] Addr=60AA Value=20
ROM[roms/astdelux/036430-02.d1] Addr=60AB Value=F7
ROM[roms/astdelux/036430-02.d1] Addr=60AC Value=60
ROM[roms/astdelux/036430-02.d1] Addr=60AD Value=20
ROM[roms/astdelux/036430-02.d1] Addr=60AE Value=7E
ROM[roms/astdelux/036430-02.d1] Addr=60AF Value=6A
ROM[roms/astdelux/036430-02.d1] Addr=60B0 Value=20
ROM[roms/astdelux/036430-02.d1] Addr=60B1 Value=F6
ROM[roms/astdelux/036430-02.d1] Addr=60B2 Value=6E
ROM[roms/astdelux/036430-02.d1] Addr=60B3 Value=A9
ROM[roms/astdelux/036430-02.d1] Addr=60B4 Value=7F
ROM[roms/astdelux/036430-02.d1] Addr=60B5 Value=AA
ROM[roms/astdelux/036430-02.d1] Addr=60B6 Value=20
ROM[roms/astdelux/036430-02.d1] Addr=60B7 Value=1F
ROM[roms/astdelux/036430-02.d1] Addr=60B8 Value=7A
ROM[roms/astdelux/036430-02.d1] Addr=60B9 Value=20
ROM[roms/astdelux/036430-02.d1] Addr=60BA Value=DA
ROM[roms/astdelux/036430-02.d1] Addr=60BB Value=79
ROM[roms/astdelux/036430-02.d1] Addr=60BC Value=AD
ROM[roms/astdelux/036430-02.d1] Addr=60BD Value=EC
ROM[roms/astdelux/036430-02.d1] Addr=60BE Value=02
ROM[roms/astdelux/036430-02.d1] Addr=60BF Value=F0
ROM[roms/astdelux/036430-02.d1] Addr=60C0 Value=03
ROM[roms/astdelux/036430-02.d1] Addr=60C1 Value=CE
ROM[roms/astdelux/036430-02.d1] Addr=60C2 Value=EC
ROM[roms/astdelux/036430-02.d1] Addr=60C3 Value=02
ROM[roms/astdelux/036430-02.d1] Addr=60C4 Value=0D
ROM[roms/astdelux/036430-02.d1] Addr=60C5 Value=E7
ROM[roms/astdelux/036430-02.d1] Addr=60C6 Value=02
ROM[roms/astdelux/036430-02.d1] Addr=60C7 Value=D0
ROM[roms/astdelux/036430-02.d1] Addr=60C8 Value=03
ROM[roms/astdelux/036430-02.d1] Addr=60C9 Value=4C
ROM[roms/astdelux/036430-02.d1] Addr=60CA Value=11
ROM[roms/astdelux/036430-02.d1] Addr=60CB Value=60
ROM[roms/astdelux/036430-02.d1] Addr=60CC Value=4C
ROM[roms/astdelux/036430-02.d1] Addr=60CD Value=14
ROM[roms/astdelux/036430-02.d1] Addr=60CE Value=60
ROM[roms/astdelux/036430-02.d1] Addr=60CF Value=B2
ROM[roms/astdelux/036430-02.d1] Addr=60D0 Value=A5
ROM[roms/astdelux/036430-02.d1] Addr=60D1 Value=42
ROM[roms/astdelux/036430-02.d1] Addr=60D2 Value=25
ROM[roms/astdelux/036430-02.d1] Addr=60D3 Value=43
ROM[roms/astdelux/036430-02.d1] Addr=60D4 Value=30
ROM[roms/astdelux/036430-02.d1] Addr=60D5 Value=03
ROM[roms/astdelux/036430-02.d1] Addr=60D6 Value=4C
ROM[roms/astdelux/036430-02.d1] Addr=60D7 Value=C7
ROM[roms/astdelux/036430-02.d1] Addr=60D8 Value=7B
ROM[roms/astdelux/036430-02.d1] Addr=60D9 Value=18
ROM[roms/astdelux/036430-02.d1] Addr=60DA Value=60
ROM[roms/astdelux/036430-02.d1] Addr=60DB Value=A5
ROM[roms/astdelux/036430-02.d1] Addr=60DC Value=8A
ROM[roms/astdelux/036430-02.d1] Addr=60DD Value=05
ROM[roms/astdelux/036430-02.d1] Addr=60DE Value=13
ROM[roms/astdelux/036430-02.d1] Addr=60DF Value=10
ROM[roms/astdelux/036430-02.d1] Addr=60E0 Value=07
ROM[roms/astdelux/036430-02.d1] Addr=60E1 Value=A5
ROM[roms/astdelux/036430-02.d1] Addr=60E2 Value=76
ROM[roms/astdelux/036430-02.d1] Addr=60E3 Value=29
ROM[roms/astdelux/036430-02.d1] Addr=60E4 Value=20
ROM[roms/astdelux/036430-02.d1] Addr=60E5 Value=F0
ROM[roms/astdelux/036430-02.d1] Addr=60E6 Value=01
ROM[roms/astdelux/036430-02.d1] Addr=60E7 Value=60
ROM[roms/astdelux/036430-02.d1] Addr=60E8 Value=4C
ROM[roms/astdelux/036430-02.d1] Addr=60E9 Value=59
ROM[roms/astdelux/036430-02.d1] Addr=60EA Value=71
ROM[roms/astdelux/036430-02.d1] Addr=60EB Value=A0
ROM[roms/astdelux/036430-02.d1] Addr=60EC Value=01
ROM[roms/astdelux/036430-02.d1] Addr=60ED Value=20
ROM[roms/astdelux/036430-02.d1] Addr=60EE Value=59
ROM[roms/astdelux/036430-02.d1] Addr=60EF Value=71
ROM[roms/astdelux/036430-02.d1] Addr=60F0 Value=A4
ROM[roms/astdelux/036430-02.d1] Addr=60F1 Value=1E
ROM[roms/astdelux/036430-02.d1] Addr=60F2 Value=C8
ROM[roms/astdelux/036430-02.d1] Addr=60F3 Value=98
ROM[roms/astdelux/036430-02.d1] Addr=60F4 Value=4C
ROM[roms/astdelux/036430-02.d1] Addr=60F5 Value=EB
ROM[roms/astdelux/036430-02.d1] Addr=60F6 Value=79
ROM[roms/astdelux/036430-02.d1] Addr=60F7 Value=46
ROM[roms/astdelux/036430-02.d1] Addr=60F8 Value=71
ROM[roms/astdelux/036430-02.d1] Addr=60F9 Value=A2
ROM[roms/astdelux/036430-02.d1] Addr=60FA Value=07
ROM[roms/astdelux/036430-02.d1] Addr=60FB Value=BD
ROM[roms/astdelux/036430-02.d1] Addr=60FC Value=19
ROM[roms/astdelux/036430-02.d1] Addr=60FD Value=02
ROM[roms/astdelux/036430-02.d1] Addr=60FE Value=F0
ROM[roms/astdelux/036430-02.d1] Addr=60FF Value=02
ROM[roms/astdelux/036430-02.d1] Addr=6100 Value=10
ROM[roms/astdelux/036430-02.d1] Addr=6101 Value=0A
ROM[roms/astdelux/036430-02.d1] Addr=6102 Value=CA
ROM[roms/astdelux/036430-02.d1] Addr=6103 Value=10
ROM[roms/astdelux/036430-02.d1] Addr=6104 Value=F6
ROM[roms/astdelux/036430-02.d1] Addr=6105 Value=24
ROM[roms/astdelux/036430-02.d1] Addr=6106 Value=71
ROM[roms/astdelux/036430-02.d1] Addr=6107 Value=30
ROM[roms/astdelux/036430-02.d1] Addr=6108 Value=02
ROM[roms/astdelux/036430-02.d1] Addr=6109 Value=86
ROM[roms/astdelux/036430-02.d1] Addr=610A Value=72
ROM[roms/astdelux/036430-02.d1] Addr=610B Value=60
ROM[roms/astdelux/036430-02.d1] Addr=610C Value=A0
ROM[roms/astdelux/036430-02.d1] Addr=610D Value=1A
ROM[roms/astdelux/036430-02.d1] Addr=610E Value=E0
ROM[roms/astdelux/036430-02.d1] Addr=610F Value=04
ROM[roms/astdelux/036430-02.d1] Addr=6110 Value=B0
ROM[roms/astdelux/036430-02.d1] Addr=6111 Value=07
ROM[roms/astdelux/036430-02.d1] Addr=6112 Value=88
ROM[roms/astdelux/036430-02.d1] Addr=6113 Value=8A
ROM[roms/astdelux/036430-02.d1] Addr=6114 Value=D0
ROM[roms/astdelux/036430-02.d1] Addr=6115 Value=03
ROM[roms/astdelux/036430-02.d1] Addr=6116 Value=88
ROM[roms/astdelux/036430-02.d1] Addr=6117 Value=30
ROM[roms/astdelux/036430-02.d1] Addr=6118 Value=E9
ROM[roms/astdelux/036430-02.d1] Addr=6119 Value=B9
ROM[roms/astdelux/036430-02.d1] Addr=611A Value=00
ROM[roms/astdelux/036430-02.d1] Addr=611B Value=02
ROM[roms/astdelux/036430-02.d1] Addr=611C Value=F0
ROM[roms/astdelux/036430-02.d1] Addr=611D Value=F8
ROM[roms/astdelux/036430-02.d1] Addr=611E Value=30
ROM[roms/astdelux/036430-02.d1] Addr=611F Value=F6
ROM[roms/astdelux/036430-02.d1] Addr=6120 Value=85
ROM[roms/astdelux/036430-02.d1] Addr=6121 Value=0C
ROM[roms/astdelux/036430-02.d1] Addr=6122 Value=B9
ROM[roms/astdelux/036430-02.d1] Addr=6123 Value=63
ROM[roms/astdelux/036430-02.d1] Addr=6124 Value=02
ROM[roms/astdelux/036430-02.d1] Addr=6125 Value=38
ROM[roms/astdelux/036430-02.d1] Addr=6126 Value=FD
ROM[roms/astdelux/036430-02.d1] Addr=6127 Value=7C
ROM[roms/astdelux/036430-02.d1] Addr=6128 Value=02
ROM[roms/astdelux/036430-02.d1] Addr=6129 Value=E9
ROM[roms/astdelux/036430-02.d1] Addr=612A Value=03
ROM[roms/astdelux/036430-02.d1] Addr=612B Value=C9
ROM[roms/astdelux/036430-02.d1] Addr=612C Value=FA
ROM[roms/astdelux/036430-02.d1] Addr=612D Value=90
ROM[roms/astdelux/036430-02.d1] Addr=612E Value=E7
ROM[roms/astdelux/036430-02.d1] Addr=612F Value=B9
ROM[roms/astdelux/036430-02.d1] Addr=6130 Value=84
ROM[roms/astdelux/036430-02.d1] Addr=6131 Value=02
ROM[roms/astdelux/036430-02.d1] Addr=6132 Value=FD
ROM[roms/astdelux/036430-02.d1] Addr=6133 Value=9D
ROM[roms/astdelux/036430-02.d1] Addr=6134 Value=02
ROM[roms/astdelux/036430-02.d1] Addr=6135 Value=E9
ROM[roms/astdelux/036430-02.d1] Addr=6136 Value=03
ROM[roms/astdelux/036430-02.d1] Addr=6137 Value=C9
ROM[roms/astdelux/036430-02.d1] Addr=6138 Value=FA
ROM[roms/astdelux/036430-02.d1] Addr=6139 Value=90
ROM[roms/astdelux/036430-02.d1] Addr=613A Value=DB
ROM[roms/astdelux/036430-02.d1] Addr=613B Value=B9
ROM[roms/astdelux/036430-02.d1] Addr=613C Value=A5
ROM[roms/astdelux/036430-02.d1] Addr=613D Value=02
ROM[roms/astdelux/036430-02.d1] Addr=613E Value=38
ROM[roms/astdelux/036430-02.d1] Addr=613F Value=FD
ROM[roms/astdelux/036430-02.d1] Addr=6140 Value=BE
ROM[roms/astdelux/036430-02.d1] Addr=6141 Value=02
ROM[roms/astdelux/036430-02.d1] Addr=6142 Value=85
ROM[roms/astdelux/036430-02.d1] Addr=6143 Value=09
ROM[roms/astdelux/036430-02.d1] Addr=6144 Value=B9
ROM[roms/astdelux/036430-02.d1] Addr=6145 Value=63
ROM[roms/astdelux/036430-02.d1] Addr=6146 Value=02
ROM[roms/astdelux/036430-02.d1] Addr=6147 Value=FD
ROM[roms/astdelux/036430-02.d1] Addr=6148 Value=7C
ROM[roms/astdelux/036430-02.d1] Addr=6149 Value=02
ROM[roms/astdelux/036430-02.d1] Addr=614A Value=4A
ROM[roms/astdelux/036430-02.d1] Addr=614B Value=66
ROM[roms/astdelux/036430-02.d1] Addr=614C Value=09
ROM[roms/astdelux/036430-02.d1] Addr=614D Value=0A
ROM[roms/astdelux/036430-02.d1] Addr=614E Value=F0
ROM[roms/astdelux/036430-02.d1] Addr=614F Value=0E
ROM[roms/astdelux/036430-02.d1] Addr=6150 Value=10
ROM[roms/astdelux/036430-02.d1] Addr=6151 Value=C4
ROM[roms/astdelux/036430-02.d1] Addr=6152 Value=49
ROM[roms/astdelux/036430-02.d1] Addr=6153 Value=FE
ROM[roms/astdelux/036430-02.d1] Addr=6154 Value=D0
ROM[roms/astdelux/036430-02.d1] Addr=6155 Value=C0
ROM[roms/astdelux/036430-02.d1] Addr=6156 Value=A5
ROM[roms/astdelux/036430-02.d1] Addr=6157 Value=09
ROM[roms/astdelux/036430-02.d1] Addr=6158 Value=49
ROM[roms/astdelux/036430-02.d1] Addr=6159 Value=FF
ROM[roms/astdelux/036430-02.d1] Addr=615A Value=69
ROM[roms/astdelux/036430-02.d1] Addr=615B Value=00
ROM[roms/astdelux/036430-02.d1] Addr=615C Value=85
ROM[roms/astdelux/036430-02.d1] Addr=615D Value=09
ROM[roms/astdelux/036430-02.d1] Addr=615E Value=B9
ROM[roms/astdelux/036430-02.d1] Addr=615F Value=C6
ROM[roms/astdelux/036430-02.d1] Addr=6160 Value=02
ROM[roms/astdelux/036430-02.d1] Addr=6161 Value=38
ROM[roms/astdelux/036430-02.d1] Addr=6162 Value=FD
ROM[roms/astdelux/036430-02.d1] Addr=6163 Value=DF
ROM[roms/astdelux/036430-02.d1] Addr=6164 Value=02
ROM[roms/astdelux/036430-02.d1] Addr=6165 Value=85
ROM[roms/astdelux/036430-02.d1] Addr=6166 Value=0A
ROM[roms/astdelux/036430-02.d1] Addr=6167 Value=B9
ROM[roms/astdelux/036430-02.d1] Addr=6168 Value=84
ROM[roms/astdelux/036430-02.d1] Addr=6169 Value=02
ROM[roms/astdelux/036430-02.d1] Addr=616A Value=FD
ROM[roms/astdelux/036430-02.d1] Addr=616B Value=9D
ROM[roms/astdelux/036430-02.d1] Addr=616C Value=02
ROM[roms/astdelux/036430-02.d1] Addr=616D Value=4A
ROM[roms/astdelux/036430-02.d1] Addr=616E Value=66
ROM[roms/astdelux/036430-02.d1] Addr=616F Value=0A
ROM[roms/astdelux/036430-02.d1] Addr=6170 Value=0A
ROM[roms/astdelux/036430-02.d1] Addr=6171 Value=F0
ROM[roms/astdelux/036430-02.d1] Addr=6172 Value=0E
ROM[roms/astdelux/036430-02.d1] Addr=6173 Value=10
ROM[roms/astdelux/036430-02.d1] Addr=6174 Value=A1
ROM[roms/astdelux/036430-02.d1] Addr=6175 Value=49
ROM[roms/astdelux/036430-02.d1] Addr=6176 Value=FE
ROM[roms/astdelux/036430-02.d1] Addr=6177 Value=D0
ROM[roms/astdelux/036430-02.d1] Addr=6178 Value=9D
ROM[roms/astdelux/036430-02.d1] Addr=6179 Value=A5
ROM[roms/astdelux/036430-02.d1] Addr=617A Value=0A
ROM[roms/astdelux/036430-02.d1] Addr=617B Value=49
ROM[roms/astdelux/036430-02.d1] Addr=617C Value=FF
ROM[roms/astdelux/036430-02.d1] Addr=617D Value=69
ROM[roms/astdelux/036430-02.d1] Addr=617E Value=00
ROM[roms/astdelux/036430-02.d1] Addr=617F Value=85
ROM[roms/astdelux/036430-02.d1] Addr=6180 Value=0A
ROM[roms/astdelux/036430-02.d1] Addr=6181 Value=A9
ROM[roms/astdelux/036430-02.d1] Addr=6182 Value=04
ROM[roms/astdelux/036430-02.d1] Addr=6183 Value=E0
ROM[roms/astdelux/036430-02.d1] Addr=6184 Value=01
ROM[roms/astdelux/036430-02.d1] Addr=6185 Value=F0
ROM[roms/astdelux/036430-02.d1] Addr=6186 Value=07
ROM[roms/astdelux/036430-02.d1] Addr=6187 Value=B0
ROM[roms/astdelux/036430-02.d1] Addr=6188 Value=08
ROM[roms/astdelux/036430-02.d1] Addr=6189 Value=20
ROM[roms/astdelux/036430-02.d1] Addr=618A Value=D5
ROM[roms/astdelux/036430-02.d1] Addr=618B Value=61
ROM[roms/astdelux/036430-02.d1] Addr=618C Value=D0
ROM[roms/astdelux/036430-02.d1] Addr=618D Value=03
ROM[roms/astdelux/036430-02.d1] Addr=618E Value=20
ROM[roms/astdelux/036430-02.d1] Addr=618F Value=DE
ROM[roms/astdelux/036430-02.d1] Addr=6190 Value=61
ROM[roms/astdelux/036430-02.d1] Addr=6191 Value=C0
ROM[roms/astdelux/036430-02.d1] Addr=6192 Value=19
ROM[roms/astdelux/036430-02.d1] Addr=6193 Value=B0
ROM[roms/astdelux/036430-02.d1] Addr=6194 Value=10
ROM[roms/astdelux/036430-02.d1] Addr=6195 Value=69
ROM[roms/astdelux/036430-02.d1] Addr=6196 Value=2A
ROM[roms/astdelux/036430-02.d1] Addr=6197 Value=46
ROM[roms/astdelux/036430-02.d1] Addr=6198 Value=0C
ROM[roms/astdelux/036430-02.d1] Addr=6199 Value=B0
ROM[roms/astdelux/036430-02.d1] Addr=619A Value=14
ROM[roms/astdelux/036430-02.d1] Addr=619B Value=69
ROM[roms/astdelux/036430-02.d1] Addr=619C Value=1E
ROM[roms/astdelux/036430-02.d1] Addr=619D Value=46
ROM[roms/astdelux/036430-02.d1] Addr=619E Value=0C
ROM[roms/astdelux/036430-02.d1] Addr=619F Value=B0
ROM[roms/astdelux/036430-02.d1] Addr=61A0 Value=0E
ROM[roms/astdelux/036430-02.d1] Addr=61A1 Value=69
ROM[roms/astdelux/036430-02.d1] Addr=61A2 Value=3C
ROM[roms/astdelux/036430-02.d1] Addr=61A3 Value=90
ROM[roms/astdelux/036430-02.d1] Addr=61A4 Value=0A
ROM[roms/astdelux/036430-02.d1] Addr=61A5 Value=F0
ROM[roms/astdelux/036430-02.d1] Addr=61A6 Value=05
ROM[roms/astdelux/036430-02.d1] Addr=61A7 Value=20
ROM[roms/astdelux/036430-02.d1] Addr=61A8 Value=DE
ROM[roms/astdelux/036430-02.d1] Addr=61A9 Value=61
ROM[roms/astdelux/036430-02.d1] Addr=61AA Value=D0
ROM[roms/astdelux/036430-02.d1] Addr=61AB Value=03
ROM[roms/astdelux/036430-02.d1] Addr=61AC Value=20
ROM[roms/astdelux/036430-02.d1] Addr=61AD Value=D5
ROM[roms/astdelux/036430-02.d1] Addr=61AE Value=61
ROM[roms/astdelux/036430-02.d1] Addr=61AF Value=C5
ROM[roms/astdelux/036430-02.d1] Addr=61B0 Value=09
ROM[roms/astdelux/036430-02.d1] Addr=61B1 Value=90
ROM[roms/astdelux/036430-02.d1] Addr=61B2 Value=1F
ROM[roms/astdelux/036430-02.d1] Addr=61B3 Value=C5
ROM[roms/astdelux/036430-02.d1] Addr=61B4 Value=0A
ROM[roms/astdelux/036430-02.d1] Addr=61B5 Value=90
ROM[roms/astdelux/036430-02.d1] Addr=61B6 Value=1B
ROM[roms/astdelux/036430-02.d1] Addr=61B7 Value=85
ROM[roms/astdelux/036430-02.d1] Addr=61B8 Value=0C
ROM[roms/astdelux/036430-02.d1] Addr=61B9 Value=4A
ROM[roms/astdelux/036430-02.d1] Addr=61BA Value=18
ROM[roms/astdelux/036430-02.d1] Addr=61BB Value=65
ROM[roms/astdelux/036430-02.d1] Addr=61BC Value=0C
ROM[roms/astdelux/036430-02.d1] Addr=61BD Value=6A
ROM[roms/astdelux/036430-02.d1] Addr=61BE Value=85
ROM[roms/astdelux/036430-02.d1] Addr=61BF Value=0C
ROM[roms/astdelux/036430-02.d1] Addr=61C0 Value=A5
ROM[roms/astdelux/036430-02.d1] Addr=61C1 Value=0A
ROM[roms/astdelux/036430-02.d1] Addr=61C2 Value=65
ROM[roms/astdelux/036430-02.d1] Addr=61C3 Value=09
ROM[roms/astdelux/036430-02.d1] Addr=61C4 Value=6A
ROM[roms/astdelux/036430-02.d1] Addr=61C5 Value=C5
ROM[roms/astdelux/036430-02.d1] Addr=61C6 Value=0C
ROM[roms/astdelux/036430-02.d1] Addr=61C7 Value=B0
ROM[roms/astdelux/036430-02.d1] Addr=61C8 Value=09
ROM[roms/astdelux/036430-02.d1] Addr=61C9 Value=8A
ROM[roms/astdelux/036430-02.d1] Addr=61CA Value=48
ROM[roms/astdelux/036430-02.d1] Addr=61CB Value=20
ROM[roms/astdelux/036430-02.d1] Addr=61CC Value=A1
ROM[roms/astdelux/036430-02.d1] Addr=61CD Value=62
ROM[roms/astdelux/036430-02.d1] Addr=61CE Value=68
ROM[roms/astdelux/036430-02.d1] Addr=61CF Value=AA
ROM[roms/astdelux/036430-02.d1] Addr=61D0 Value=A0
ROM[roms/astdelux/036430-02.d1] Addr=61D1 Value=00
ROM[roms/astdelux/036430-02.d1] Addr=61D2 Value=4C
ROM[roms/astdelux/036430-02.d1] Addr=61D3 Value=16
ROM[roms/astdelux/036430-02.d1] Addr=61D4 Value=61
ROM[roms/astdelux/036430-02.d1] Addr=61D5 Value=24
ROM[roms/astdelux/036430-02.d1] Addr=61D6 Value=73
ROM[roms/astdelux/036430-02.d1] Addr=61D7 Value=10
ROM[roms/astdelux/036430-02.d1] Addr=61D8 Value=02
ROM[roms/astdelux/036430-02.d1] Addr=61D9 Value=69
ROM[roms/astdelux/036430-02.d1] Addr=61DA Value=08
ROM[roms/astdelux/036430-02.d1] Addr=61DB Value=69
ROM[roms/astdelux/036430-02.d1] Addr=61DC Value=1C
ROM[roms/astdelux/036430-02.d1] Addr=61DD Value=60
ROM[roms/astdelux/036430-02.d1] Addr=61DE Value=69
ROM[roms/astdelux/036430-02.d1] Addr=61DF Value=1C
ROM[roms/astdelux/036430-02.d1] Addr=61E0 Value=48
ROM[roms/astdelux/036430-02.d1] Addr=61E1 Value=AD
ROM[roms/astdelux/036430-02.d1] Addr=61E2 Value=1A
ROM[roms/astdelux/036430-02.d1] Addr=61E3 Value=02
ROM[roms/astdelux/036430-02.d1] Addr=61E4 Value=4A
ROM[roms/astdelux/036430-02.d1] Addr=61E5 Value=68
ROM[roms/astdelux/036430-02.d1] Addr=61E6 Value=B0
ROM[roms/astdelux/036430-02.d1] Addr=61E7 Value=02
ROM[roms/astdelux/036430-02.d1] Addr=61E8 Value=69
ROM[roms/astdelux/036430-02.d1] Addr=61E9 Value=12
ROM[roms/astdelux/036430-02.d1] Addr=61EA Value=60
ROM[roms/astdelux/036430-02.d1] Addr=61EB Value=B9
ROM[roms/astdelux/036430-02.d1] Addr=61EC Value=00
ROM[roms/astdelux/036430-02.d1] Addr=61ED Value=02
ROM[roms/astdelux/036430-02.d1] Addr=61EE Value=29
ROM[roms/astdelux/036430-02.d1] Addr=61EF Value=07
ROM[roms/astdelux/036430-02.d1] Addr=61F0 Value=85
ROM[roms/astdelux/036430-02.d1] Addr=61F1 Value=09
ROM[roms/astdelux/036430-02.d1] Addr=61F2 Value=AD
ROM[roms/astdelux/036430-02.d1] Addr=61F3 Value=0A
ROM[roms/astdelux/036430-02.d1] Addr=61F4 Value=2C
ROM[roms/astdelux/036430-02.d1] Addr=61F5 Value=29
ROM[roms/astdelux/036430-02.d1] Addr=61F6 Value=18
ROM[roms/astdelux/036430-02.d1] Addr=61F7 Value=05
ROM[roms/astdelux/036430-02.d1] Addr=61F8 Value=09
ROM[roms/astdelux/036430-02.d1] Addr=61F9 Value=9D
ROM[roms/astdelux/036430-02.d1] Addr=61FA Value=00
ROM[roms/astdelux/036430-02.d1] Addr=61FB Value=02
ROM[roms/astdelux/036430-02.d1] Addr=61FC Value=B9
ROM[roms/astdelux/036430-02.d1] Addr=61FD Value=A5
ROM[roms/astdelux/036430-02.d1] Addr=61FE Value=02
ROM[roms/astdelux/036430-02.d1] Addr=61FF Value=9D
ROM[roms/astdelux/036430-02.d1] Addr=6200 Value=A5
ROM[roms/astdelux/036430-02.d1] Addr=6201 Value=02
ROM[roms/astdelux/036430-02.d1] Addr=6202 Value=B9
ROM[roms/astdelux/036430-02.d1] Addr=6203 Value=63
ROM[roms/astdelux/036430-02.d1] Addr=6204 Value=02
ROM[roms/astdelux/036430-02.d1] Addr=6205 Value=9D
ROM[roms/astdelux/036430-02.d1] Addr=6206 Value=63
ROM[roms/astdelux/036430-02.d1] Addr=6207 Value=02
ROM[roms/astdelux/036430-02.d1] Addr=6208 Value=B9
ROM[roms/astdelux/036430-02.d1] Addr=6209 Value=C6
ROM[roms/astdelux/036430-02.d1] Addr=620A Value=02
ROM[roms/astdelux/036430-02.d1] Addr=620B Value=9D
ROM[roms/astdelux/036430-02.d1] Addr=620C Value=C6
ROM[roms/astdelux/036430-02.d1] Addr=620D Value=02
ROM[roms/astdelux/036430-02.d1] Addr=620E Value=B9
ROM[roms/astdelux/036430-02.d1] Addr=620F Value=84
ROM[roms/astdelux/036430-02.d1] Addr=6210 Value=02
ROM[roms/astdelux/036430-02.d1] Addr=6211 Value=9D
ROM[roms/astdelux/036430-02.d1] Addr=6212 Value=84
ROM[roms/astdelux/036430-02.d1] Addr=6213 Value=02
ROM[roms/astdelux/036430-02.d1] Addr=6214 Value=B9
ROM[roms/astdelux/036430-02.d1] Addr=6215 Value=21
ROM[roms/astdelux/036430-02.d1] Addr=6216 Value=02
ROM[roms/astdelux/036430-02.d1] Addr=6217 Value=9D
ROM[roms/astdelux/036430-02.d1] Addr=6218 Value=21
ROM[roms/astdelux/036430-02.d1] Addr=6219 Value=02
ROM[roms/astdelux/036430-02.d1] Addr=621A Value=B9
ROM[roms/astdelux/036430-02.d1] Addr=621B Value=42
ROM[roms/astdelux/036430-02.d1] Addr=621C Value=02
ROM[roms/astdelux/036430-02.d1] Addr=621D Value=9D
ROM[roms/astdelux/036430-02.d1] Addr=621E Value=42
ROM[roms/astdelux/036430-02.d1] Addr=621F Value=02
ROM[roms/astdelux/036430-02.d1] Addr=6220 Value=60
ROM[roms/astdelux/036430-02.d1] Addr=6221 Value=A0
ROM[roms/astdelux/036430-02.d1] Addr=6222 Value=FF
ROM[roms/astdelux/036430-02.d1] Addr=6223 Value=24
ROM[roms/astdelux/036430-02.d1] Addr=6224 Value=12
ROM[roms/astdelux/036430-02.d1] Addr=6225 Value=30
ROM[roms/astdelux/036430-02.d1] Addr=6226 Value=2D
ROM[roms/astdelux/036430-02.d1] Addr=6227 Value=C8
ROM[roms/astdelux/036430-02.d1] Addr=6228 Value=C8
ROM[roms/astdelux/036430-02.d1] Addr=6229 Value=B1
ROM[roms/astdelux/036430-02.d1] Addr=622A Value=10
ROM[roms/astdelux/036430-02.d1] Addr=622B Value=45
ROM[roms/astdelux/036430-02.d1] Addr=622C Value=0A
ROM[roms/astdelux/036430-02.d1] Addr=622D Value=91
ROM[roms/astdelux/036430-02.d1] Addr=622E Value=03
ROM[roms/astdelux/036430-02.d1] Addr=622F Value=88
ROM[roms/astdelux/036430-02.d1] Addr=6230 Value=C9
ROM[roms/astdelux/036430-02.d1] Addr=6231 Value=F0
ROM[roms/astdelux/036430-02.d1] Addr=6232 Value=B0
ROM[roms/astdelux/036430-02.d1] Addr=6233 Value=17
ROM[roms/astdelux/036430-02.d1] Addr=6234 Value=B1
ROM[roms/astdelux/036430-02.d1] Addr=6235 Value=10
ROM[roms/astdelux/036430-02.d1] Addr=6236 Value=91
ROM[roms/astdelux/036430-02.d1] Addr=6237 Value=03
ROM[roms/astdelux/036430-02.d1] Addr=6238 Value=C8
ROM[roms/astdelux/036430-02.d1] Addr=6239 Value=C8
ROM[roms/astdelux/036430-02.d1] Addr=623A Value=B1
ROM[roms/astdelux/036430-02.d1] Addr=623B Value=10
ROM[roms/astdelux/036430-02.d1] Addr=623C Value=91
ROM[roms/astdelux/036430-02.d1] Addr=623D Value=03
ROM[roms/astdelux/036430-02.d1] Addr=623E Value=C8
ROM[roms/astdelux/036430-02.d1] Addr=623F Value=B1
ROM[roms/astdelux/036430-02.d1] Addr=6240 Value=10
ROM[roms/astdelux/036430-02.d1] Addr=6241 Value=45
ROM[roms/astdelux/036430-02.d1] Addr=6242 Value=09
ROM[roms/astdelux/036430-02.d1] Addr=6243 Value=91
ROM[roms/astdelux/036430-02.d1] Addr=6244 Value=03
ROM[roms/astdelux/036430-02.d1] Addr=6245 Value=CA
ROM[roms/astdelux/036430-02.d1] Addr=6246 Value=10
ROM[roms/astdelux/036430-02.d1] Addr=6247 Value=DF
ROM[roms/astdelux/036430-02.d1] Addr=6248 Value=4C
ROM[roms/astdelux/036430-02.d1] Addr=6249 Value=55
ROM[roms/astdelux/036430-02.d1] Addr=624A Value=7A
ROM[roms/astdelux/036430-02.d1] Addr=624B Value=B1
ROM[roms/astdelux/036430-02.d1] Addr=624C Value=10
ROM[roms/astdelux/036430-02.d1] Addr=624D Value=45
ROM[roms/astdelux/036430-02.d1] Addr=624E Value=09
ROM[roms/astdelux/036430-02.d1] Addr=624F Value=91
ROM[roms/astdelux/036430-02.d1] Addr=6250 Value=03
ROM[roms/astdelux/036430-02.d1] Addr=6251 Value=C8
ROM[roms/astdelux/036430-02.d1] Addr=6252 Value=D0
ROM[roms/astdelux/036430-02.d1] Addr=6253 Value=F1
ROM[roms/astdelux/036430-02.d1] Addr=6254 Value=C8
ROM[roms/astdelux/036430-02.d1] Addr=6255 Value=B1
ROM[roms/astdelux/036430-02.d1] Addr=6256 Value=10
ROM[roms/astdelux/036430-02.d1] Addr=6257 Value=85
ROM[roms/astdelux/036430-02.d1] Addr=6258 Value=14
ROM[roms/astdelux/036430-02.d1] Addr=6259 Value=C8
ROM[roms/astdelux/036430-02.d1] Addr=625A Value=B1
ROM[roms/astdelux/036430-02.d1] Addr=625B Value=10
ROM[roms/astdelux/036430-02.d1] Addr=625C Value=C9
ROM[roms/astdelux/036430-02.d1] Addr=625D Value=F0
ROM[roms/astdelux/036430-02.d1] Addr=625E Value=B0
ROM[roms/astdelux/036430-02.d1] Addr=625F Value=2C
ROM[roms/astdelux/036430-02.d1] Addr=6260 Value=C8
ROM[roms/astdelux/036430-02.d1] Addr=6261 Value=C8
ROM[roms/astdelux/036430-02.d1] Addr=6262 Value=51
ROM[roms/astdelux/036430-02.d1] Addr=6263 Value=10
ROM[roms/astdelux/036430-02.d1] Addr=6264 Value=29
ROM[roms/astdelux/036430-02.d1] Addr=6265 Value=0F
ROM[roms/astdelux/036430-02.d1] Addr=6266 Value=85
ROM[roms/astdelux/036430-02.d1] Addr=6267 Value=13
ROM[roms/astdelux/036430-02.d1] Addr=6268 Value=51
ROM[roms/astdelux/036430-02.d1] Addr=6269 Value=10
ROM[roms/astdelux/036430-02.d1] Addr=626A Value=45
ROM[roms/astdelux/036430-02.d1] Addr=626B Value=09
ROM[roms/astdelux/036430-02.d1] Addr=626C Value=91
ROM[roms/astdelux/036430-02.d1] Addr=626D Value=03
ROM[roms/astdelux/036430-02.d1] Addr=626E Value=88
ROM[roms/astdelux/036430-02.d1] Addr=626F Value=B1
ROM[roms/astdelux/036430-02.d1] Addr=6270 Value=10
ROM[roms/astdelux/036430-02.d1] Addr=6271 Value=48
ROM[roms/astdelux/036430-02.d1] Addr=6272 Value=A5
ROM[roms/astdelux/036430-02.d1] Addr=6273 Value=14
ROM[roms/astdelux/036430-02.d1] Addr=6274 Value=91
ROM[roms/astdelux/036430-02.d1] Addr=6275 Value=03
ROM[roms/astdelux/036430-02.d1] Addr=6276 Value=88
ROM[roms/astdelux/036430-02.d1] Addr=6277 Value=A5
ROM[roms/astdelux/036430-02.d1] Addr=6278 Value=13
ROM[roms/astdelux/036430-02.d1] Addr=6279 Value=45
ROM[roms/astdelux/036430-02.d1] Addr=627A Value=0A
ROM[roms/astdelux/036430-02.d1] Addr=627B Value=51
ROM[roms/astdelux/036430-02.d1] Addr=627C Value=10
ROM[roms/astdelux/036430-02.d1] Addr=627D Value=91
ROM[roms/astdelux/036430-02.d1] Addr=627E Value=03
ROM[roms/astdelux/036430-02.d1] Addr=627F Value=88
ROM[roms/astdelux/036430-02.d1] Addr=6280 Value=68
ROM[roms/astdelux/036430-02.d1] Addr=6281 Value=91
ROM[roms/astdelux/036430-02.d1] Addr=6282 Value=03
ROM[roms/astdelux/036430-02.d1] Addr=6283 Value=C8
ROM[roms/astdelux/036430-02.d1] Addr=6284 Value=C8
ROM[roms/astdelux/036430-02.d1] Addr=6285 Value=C8
ROM[roms/astdelux/036430-02.d1] Addr=6286 Value=CA
ROM[roms/astdelux/036430-02.d1] Addr=6287 Value=10
ROM[roms/astdelux/036430-02.d1] Addr=6288 Value=CB
ROM[roms/astdelux/036430-02.d1] Addr=6289 Value=4C
ROM[roms/astdelux/036430-02.d1] Addr=628A Value=55
ROM[roms/astdelux/036430-02.d1] Addr=628B Value=7A
ROM[roms/astdelux/036430-02.d1] Addr=628C Value=45
ROM[roms/astdelux/036430-02.d1] Addr=628D Value=14
ROM[roms/astdelux/036430-02.d1] Addr=628E Value=29
ROM[roms/astdelux/036430-02.d1] Addr=628F Value=07
ROM[roms/astdelux/036430-02.d1] Addr=6290 Value=48
ROM[roms/astdelux/036430-02.d1] Addr=6291 Value=51
ROM[roms/astdelux/036430-02.d1] Addr=6292 Value=10
ROM[roms/astdelux/036430-02.d1] Addr=6293 Value=45
ROM[roms/astdelux/036430-02.d1] Addr=6294 Value=0A
ROM[roms/astdelux/036430-02.d1] Addr=6295 Value=91
ROM[roms/astdelux/036430-02.d1] Addr=6296 Value=03
ROM[roms/astdelux/036430-02.d1] Addr=6297 Value=88
ROM[roms/astdelux/036430-02.d1] Addr=6298 Value=68
ROM[roms/astdelux/036430-02.d1] Addr=6299 Value=51
ROM[roms/astdelux/036430-02.d1] Addr=629A Value=10
ROM[roms/astdelux/036430-02.d1] Addr=629B Value=45
ROM[roms/astdelux/036430-02.d1] Addr=629C Value=09
ROM[roms/astdelux/036430-02.d1] Addr=629D Value=91
ROM[roms/astdelux/036430-02.d1] Addr=629E Value=03
ROM[roms/astdelux/036430-02.d1] Addr=629F Value=B0
ROM[roms/astdelux/036430-02.d1] Addr=62A0 Value=E4
ROM[roms/astdelux/036430-02.d1] Addr=62A1 Value=20
ROM[roms/astdelux/036430-02.d1] Addr=62A2 Value=E7
ROM[roms/astdelux/036430-02.d1] Addr=62A3 Value=74
ROM[roms/astdelux/036430-02.d1] Addr=62A4 Value=B0
ROM[roms/astdelux/036430-02.d1] Addr=62A5 Value=62
ROM[roms/astdelux/036430-02.d1] Addr=62A6 Value=E0
ROM[roms/astdelux/036430-02.d1] Addr=62A7 Value=01
ROM[roms/astdelux/036430-02.d1] Addr=62A8 Value=D0
ROM[roms/astdelux/036430-02.d1] Addr=62A9 Value=06
ROM[roms/astdelux/036430-02.d1] Addr=62AA Value=C0
ROM[roms/astdelux/036430-02.d1] Addr=62AB Value=19
ROM[roms/astdelux/036430-02.d1] Addr=62AC Value=D0
ROM[roms/astdelux/036430-02.d1] Addr=62AD Value=08
ROM[roms/astdelux/036430-02.d1] Addr=62AE Value=CA
ROM[roms/astdelux/036430-02.d1] Addr=62AF Value=C8
ROM[roms/astdelux/036430-02.d1] Addr=62B0 Value=8A
ROM[roms/astdelux/036430-02.d1] Addr=62B1 Value=D0
ROM[roms/astdelux/036430-02.d1] Addr=62B2 Value=16
ROM[roms/astdelux/036430-02.d1] Addr=62B3 Value=20
ROM[roms/astdelux/036430-02.d1] Addr=62B4 Value=F8
ROM[roms/astdelux/036430-02.d1] Addr=62B5 Value=62
ROM[roms/astdelux/036430-02.d1] Addr=62B6 Value=A9
ROM[roms/astdelux/036430-02.d1] Addr=62B7 Value=A0
ROM[roms/astdelux/036430-02.d1] Addr=62B8 Value=9D
ROM[roms/astdelux/036430-02.d1] Addr=62B9 Value=19
ROM[roms/astdelux/036430-02.d1] Addr=62BA Value=02
ROM[roms/astdelux/036430-02.d1] Addr=62BB Value=A9
ROM[roms/astdelux/036430-02.d1] Addr=62BC Value=00
ROM[roms/astdelux/036430-02.d1] Addr=62BD Value=9D
ROM[roms/astdelux/036430-02.d1] Addr=62BE Value=3A
ROM[roms/astdelux/036430-02.d1] Addr=62BF Value=02
ROM[roms/astdelux/036430-02.d1] Addr=62C0 Value=9D
ROM[roms/astdelux/036430-02.d1] Addr=62C1 Value=5B
ROM[roms/astdelux/036430-02.d1] Addr=62C2 Value=02
ROM[roms/astdelux/036430-02.d1] Addr=62C3 Value=C0
ROM[roms/astdelux/036430-02.d1] Addr=62C4 Value=19
ROM[roms/astdelux/036430-02.d1] Addr=62C5 Value=90
ROM[roms/astdelux/036430-02.d1] Addr=62C6 Value=0D
ROM[roms/astdelux/036430-02.d1] Addr=62C7 Value=B0
ROM[roms/astdelux/036430-02.d1] Addr=62C8 Value=3F
ROM[roms/astdelux/036430-02.d1] Addr=62C9 Value=A9
ROM[roms/astdelux/036430-02.d1] Addr=62CA Value=00
ROM[roms/astdelux/036430-02.d1] Addr=62CB Value=9D
ROM[roms/astdelux/036430-02.d1] Addr=62CC Value=19
ROM[roms/astdelux/036430-02.d1] Addr=62CD Value=02
ROM[roms/astdelux/036430-02.d1] Addr=62CE Value=C0
ROM[roms/astdelux/036430-02.d1] Addr=62CF Value=19
ROM[roms/astdelux/036430-02.d1] Addr=62D0 Value=F0
ROM[roms/astdelux/036430-02.d1] Addr=62D1 Value=21
ROM[roms/astdelux/036430-02.d1] Addr=62D2 Value=B0
ROM[roms/astdelux/036430-02.d1] Addr=62D3 Value=34
ROM[roms/astdelux/036430-02.d1] Addr=62D4 Value=20
ROM[roms/astdelux/036430-02.d1] Addr=62D5 Value=62
ROM[roms/astdelux/036430-02.d1] Addr=62D6 Value=6F
ROM[roms/astdelux/036430-02.d1] Addr=62D7 Value=B9
ROM[roms/astdelux/036430-02.d1] Addr=62D8 Value=00
ROM[roms/astdelux/036430-02.d1] Addr=62D9 Value=02
ROM[roms/astdelux/036430-02.d1] Addr=62DA Value=29
ROM[roms/astdelux/036430-02.d1] Addr=62DB Value=03
ROM[roms/astdelux/036430-02.d1] Addr=62DC Value=49
ROM[roms/astdelux/036430-02.d1] Addr=62DD Value=02
ROM[roms/astdelux/036430-02.d1] Addr=62DE Value=4A
ROM[roms/astdelux/036430-02.d1] Addr=62DF Value=6A
ROM[roms/astdelux/036430-02.d1] Addr=62E0 Value=6A
ROM[roms/astdelux/036430-02.d1] Addr=62E1 Value=09
ROM[roms/astdelux/036430-02.d1] Addr=62E2 Value=3F
ROM[roms/astdelux/036430-02.d1] Addr=62E3 Value=85
ROM[roms/astdelux/036430-02.d1] Addr=62E4 Value=7F
ROM[roms/astdelux/036430-02.d1] Addr=62E5 Value=A9
ROM[roms/astdelux/036430-02.d1] Addr=62E6 Value=A0
ROM[roms/astdelux/036430-02.d1] Addr=62E7 Value=99
ROM[roms/astdelux/036430-02.d1] Addr=62E8 Value=00
ROM[roms/astdelux/036430-02.d1] Addr=62E9 Value=02
ROM[roms/astdelux/036430-02.d1] Addr=62EA Value=A9
ROM[roms/astdelux/036430-02.d1] Addr=62EB Value=00
ROM[roms/astdelux/036430-02.d1] Addr=62EC Value=99
ROM[roms/astdelux/036430-02.d1] Addr=62ED Value=21
ROM[roms/astdelux/036430-02.d1] Addr=62EE Value=02
ROM[roms/astdelux/036430-02.d1] Addr=62EF Value=99
ROM[roms/astdelux/036430-02.d1] Addr=62F0 Value=42
ROM[roms/astdelux/036430-02.d1] Addr=62F1 Value=02
ROM[roms/astdelux/036430-02.d1] Addr=62F2 Value=60
ROM[roms/astdelux/036430-02.d1] Addr=62F3 Value=20
ROM[roms/astdelux/036430-02.d1] Addr=62F4 Value=F8
ROM[roms/astdelux/036430-02.d1] Addr=62F5 Value=62
ROM[roms/astdelux/036430-02.d1] Addr=62F6 Value=D0
ROM[roms/astdelux/036430-02.d1] Addr=62F7 Value=DF
ROM[roms/astdelux/036430-02.d1] Addr=62F8 Value=8A
ROM[roms/astdelux/036430-02.d1] Addr=62F9 Value=A6
ROM[roms/astdelux/036430-02.d1] Addr=62FA Value=1E
ROM[roms/astdelux/036430-02.d1] Addr=62FB Value=D6
ROM[roms/astdelux/036430-02.d1] Addr=62FC Value=6F
ROM[roms/astdelux/036430-02.d1] Addr=62FD Value=AA
ROM[roms/astdelux/036430-02.d1] Addr=62FE Value=A9
ROM[roms/astdelux/036430-02.d1] Addr=62FF Value=81
ROM[roms/astdelux/036430-02.d1] Addr=6300 Value=8D
ROM[roms/astdelux/036430-02.d1] Addr=6301 Value=EB
ROM[roms/astdelux/036430-02.d1] Addr=6302 Value=02
ROM[roms/astdelux/036430-02.d1] Addr=6303 Value=A9
ROM[roms/astdelux/036430-02.d1] Addr=6304 Value=05
ROM[roms/astdelux/036430-02.d1] Addr=6305 Value=85
ROM[roms/astdelux/036430-02.d1] Addr=6306 Value=DE
ROM[roms/astdelux/036430-02.d1] Addr=6307 Value=60
ROM[roms/astdelux/036430-02.d1] Addr=6308 Value=AD
ROM[roms/astdelux/036430-02.d1] Addr=6309 Value=E9
ROM[roms/astdelux/036430-02.d1] Addr=630A Value=02
ROM[roms/astdelux/036430-02.d1] Addr=630B Value=8D
ROM[roms/astdelux/036430-02.d1] Addr=630C Value=E8
ROM[roms/astdelux/036430-02.d1] Addr=630D Value=02
ROM[roms/astdelux/036430-02.d1] Addr=630E Value=A5
ROM[roms/astdelux/036430-02.d1] Addr=630F Value=22
ROM[roms/astdelux/036430-02.d1] Addr=6310 Value=F0
ROM[roms/astdelux/036430-02.d1] Addr=6311 Value=C5
ROM[roms/astdelux/036430-02.d1] Addr=6312 Value=AD
ROM[roms/astdelux/036430-02.d1] Addr=6313 Value=1A
ROM[roms/astdelux/036430-02.d1] Addr=6314 Value=02
ROM[roms/astdelux/036430-02.d1] Addr=6315 Value=4A
ROM[roms/astdelux/036430-02.d1] Addr=6316 Value=A9
ROM[roms/astdelux/036430-02.d1] Addr=6317 Value=00
ROM[roms/astdelux/036430-02.d1] Addr=6318 Value=B0
ROM[roms/astdelux/036430-02.d1] Addr=6319 Value=02
ROM[roms/astdelux/036430-02.d1] Addr=631A Value=A9
ROM[roms/astdelux/036430-02.d1] Addr=631B Value=20
ROM[roms/astdelux/036430-02.d1] Addr=631C Value=20
ROM[roms/astdelux/036430-02.d1] Addr=631D Value=44
ROM[roms/astdelux/036430-02.d1] Addr=631E Value=6C
ROM[roms/astdelux/036430-02.d1] Addr=631F Value=4C
ROM[roms/astdelux/036430-02.d1] Addr=6320 Value=D7
ROM[roms/astdelux/036430-02.d1] Addr=6321 Value=62
ROM[roms/astdelux/036430-02.d1] Addr=6322 Value=A5
ROM[roms/astdelux/036430-02.d1] Addr=6323 Value=76
ROM[roms/astdelux/036430-02.d1] Addr=6324 Value=29
ROM[roms/astdelux/036430-02.d1] Addr=6325 Value=03
ROM[roms/astdelux/036430-02.d1] Addr=6326 Value=F0
ROM[roms/astdelux/036430-02.d1] Addr=6327 Value=01
ROM[roms/astdelux/036430-02.d1] Addr=6328 Value=60
ROM[roms/astdelux/036430-02.d1] Addr=6329 Value=AD
ROM[roms/astdelux/036430-02.d1] Addr=632A Value=1A
ROM[roms/astdelux/036430-02.d1] Addr=632B Value=02
ROM[roms/astdelux/036430-02.d1] Addr=632C Value=F0
ROM[roms/astdelux/036430-02.d1] Addr=632D Value=0A
ROM[roms/astdelux/036430-02.d1] Addr=632E Value=10
ROM[roms/astdelux/036430-02.d1] Addr=632F Value=05
ROM[roms/astdelux/036430-02.d1] Addr=6330 Value=A0
ROM[roms/astdelux/036430-02.d1] Addr=6331 Value=17
ROM[roms/astdelux/036430-02.d1] Addr=6332 Value=4C
ROM[roms/astdelux/036430-02.d1] Addr=6333 Value=0D
ROM[roms/astdelux/036430-02.d1] Addr=6334 Value=77
ROM[roms/astdelux/036430-02.d1] Addr=6335 Value=4C
ROM[roms/astdelux/036430-02.d1] Addr=6336 Value=C5
ROM[roms/astdelux/036430-02.d1] Addr=6337 Value=63
ROM[roms/astdelux/036430-02.d1] Addr=6338 Value=20
ROM[roms/astdelux/036430-02.d1] Addr=6339 Value=FA
ROM[roms/astdelux/036430-02.d1] Addr=633A Value=67
ROM[roms/astdelux/036430-02.d1] Addr=633B Value=A5
ROM[roms/astdelux/036430-02.d1] Addr=633C Value=22
ROM[roms/astdelux/036430-02.d1] Addr=633D Value=F0
ROM[roms/astdelux/036430-02.d1] Addr=633E Value=07
ROM[roms/astdelux/036430-02.d1] Addr=633F Value=AD
ROM[roms/astdelux/036430-02.d1] Addr=6340 Value=19
ROM[roms/astdelux/036430-02.d1] Addr=6341 Value=02
ROM[roms/astdelux/036430-02.d1] Addr=6342 Value=F0
ROM[roms/astdelux/036430-02.d1] Addr=6343 Value=E4
ROM[roms/astdelux/036430-02.d1] Addr=6344 Value=30
ROM[roms/astdelux/036430-02.d1] Addr=6345 Value=E2
ROM[roms/astdelux/036430-02.d1] Addr=6346 Value=AD
ROM[roms/astdelux/036430-02.d1] Addr=6347 Value=EA
ROM[roms/astdelux/036430-02.d1] Addr=6348 Value=02
ROM[roms/astdelux/036430-02.d1] Addr=6349 Value=F0
ROM[roms/astdelux/036430-02.d1] Addr=634A Value=03
ROM[roms/astdelux/036430-02.d1] Addr=634B Value=CE
ROM[roms/astdelux/036430-02.d1] Addr=634C Value=EA
ROM[roms/astdelux/036430-02.d1] Addr=634D Value=02
ROM[roms/astdelux/036430-02.d1] Addr=634E Value=CE
ROM[roms/astdelux/036430-02.d1] Addr=634F Value=E8
ROM[roms/astdelux/036430-02.d1] Addr=6350 Value=02
ROM[roms/astdelux/036430-02.d1] Addr=6351 Value=D0
ROM[roms/astdelux/036430-02.d1] Addr=6352 Value=D5
ROM[roms/astdelux/036430-02.d1] Addr=6353 Value=A9
ROM[roms/astdelux/036430-02.d1] Addr=6354 Value=01
ROM[roms/astdelux/036430-02.d1] Addr=6355 Value=8D
ROM[roms/astdelux/036430-02.d1] Addr=6356 Value=E8
ROM[roms/astdelux/036430-02.d1] Addr=6357 Value=02
ROM[roms/astdelux/036430-02.d1] Addr=6358 Value=AE
ROM[roms/astdelux/036430-02.d1] Addr=6359 Value=E7
ROM[roms/astdelux/036430-02.d1] Addr=635A Value=02
ROM[roms/astdelux/036430-02.d1] Addr=635B Value=F0
ROM[roms/astdelux/036430-02.d1] Addr=635C Value=CB
ROM[roms/astdelux/036430-02.d1] Addr=635D Value=AD
ROM[roms/astdelux/036430-02.d1] Addr=635E Value=EA
ROM[roms/astdelux/036430-02.d1] Addr=635F Value=02
ROM[roms/astdelux/036430-02.d1] Addr=6360 Value=F0
ROM[roms/astdelux/036430-02.d1] Addr=6361 Value=05
ROM[roms/astdelux/036430-02.d1] Addr=6362 Value=EC
ROM[roms/astdelux/036430-02.d1] Addr=6363 Value=EE
ROM[roms/astdelux/036430-02.d1] Addr=6364 Value=02
ROM[roms/astdelux/036430-02.d1] Addr=6365 Value=B0
ROM[roms/astdelux/036430-02.d1] Addr=6366 Value=C1
ROM[roms/astdelux/036430-02.d1] Addr=6367 Value=AD
ROM[roms/astdelux/036430-02.d1] Addr=6368 Value=E9
ROM[roms/astdelux/036430-02.d1] Addr=6369 Value=02
ROM[roms/astdelux/036430-02.d1] Addr=636A Value=38
ROM[roms/astdelux/036430-02.d1] Addr=636B Value=E9
ROM[roms/astdelux/036430-02.d1] Addr=636C Value=06
ROM[roms/astdelux/036430-02.d1] Addr=636D Value=C9
ROM[roms/astdelux/036430-02.d1] Addr=636E Value=20
ROM[roms/astdelux/036430-02.d1] Addr=636F Value=90
ROM[roms/astdelux/036430-02.d1] Addr=6370 Value=03
ROM[roms/astdelux/036430-02.d1] Addr=6371 Value=8D
ROM[roms/astdelux/036430-02.d1] Addr=6372 Value=E9
ROM[roms/astdelux/036430-02.d1] Addr=6373 Value=02
ROM[roms/astdelux/036430-02.d1] Addr=6374 Value=AD
ROM[roms/astdelux/036430-02.d1] Addr=6375 Value=0A
ROM[roms/astdelux/036430-02.d1] Addr=6376 Value=2C
ROM[roms/astdelux/036430-02.d1] Addr=6377 Value=4A
ROM[roms/astdelux/036430-02.d1] Addr=6378 Value=6E
ROM[roms/astdelux/036430-02.d1] Addr=6379 Value=E0
ROM[roms/astdelux/036430-02.d1] Addr=637A Value=02
ROM[roms/astdelux/036430-02.d1] Addr=637B Value=4A
ROM[roms/astdelux/036430-02.d1] Addr=637C Value=6E
ROM[roms/astdelux/036430-02.d1] Addr=637D Value=E0
ROM[roms/astdelux/036430-02.d1] Addr=637E Value=02
ROM[roms/astdelux/036430-02.d1] Addr=637F Value=4A
ROM[roms/astdelux/036430-02.d1] Addr=6380 Value=6E
ROM[roms/astdelux/036430-02.d1] Addr=6381 Value=E0
ROM[roms/astdelux/036430-02.d1] Addr=6382 Value=02
ROM[roms/astdelux/036430-02.d1] Addr=6383 Value=69
ROM[roms/astdelux/036430-02.d1] Addr=6384 Value=04
ROM[roms/astdelux/036430-02.d1] Addr=6385 Value=C9
ROM[roms/astdelux/036430-02.d1] Addr=6386 Value=12
ROM[roms/astdelux/036430-02.d1] Addr=6387 Value=90
ROM[roms/astdelux/036430-02.d1] Addr=6388 Value=02
ROM[roms/astdelux/036430-02.d1] Addr=6389 Value=E9
ROM[roms/astdelux/036430-02.d1] Addr=638A Value=10
ROM[roms/astdelux/036430-02.d1] Addr=638B Value=8D
ROM[roms/astdelux/036430-02.d1] Addr=638C Value=9E
ROM[roms/astdelux/036430-02.d1] Addr=638D Value=02
ROM[roms/astdelux/036430-02.d1] Addr=638E Value=AD
ROM[roms/astdelux/036430-02.d1] Addr=638F Value=0A
ROM[roms/astdelux/036430-02.d1] Addr=6390 Value=2C
ROM[roms/astdelux/036430-02.d1] Addr=6391 Value=0A
ROM[roms/astdelux/036430-02.d1] Addr=6392 Value=A9
ROM[roms/astdelux/036430-02.d1] Addr=6393 Value=00
ROM[roms/astdelux/036430-02.d1] Addr=6394 Value=AA
ROM[roms/astdelux/036430-02.d1] Addr=6395 Value=A0
ROM[roms/astdelux/036430-02.d1] Addr=6396 Value=10
ROM[roms/astdelux/036430-02.d1] Addr=6397 Value=90
ROM[roms/astdelux/036430-02.d1] Addr=6398 Value=05
ROM[roms/astdelux/036430-02.d1] Addr=6399 Value=CA
ROM[roms/astdelux/036430-02.d1] Addr=639A Value=A9
ROM[roms/astdelux/036430-02.d1] Addr=639B Value=1F
ROM[roms/astdelux/036430-02.d1] Addr=639C Value=A0
ROM[roms/astdelux/036430-02.d1] Addr=639D Value=F0
ROM[roms/astdelux/036430-02.d1] Addr=639E Value=8C
ROM[roms/astdelux/036430-02.d1] Addr=639F Value=3B
ROM[roms/astdelux/036430-02.d1] Addr=63A0 Value=02
ROM[roms/astdelux/036430-02.d1] Addr=63A1 Value=8D
ROM[roms/astdelux/036430-02.d1] Addr=63A2 Value=7D
ROM[roms/astdelux/036430-02.d1] Addr=63A3 Value=02
ROM[roms/astdelux/036430-02.d1] Addr=63A4 Value=8E
ROM[roms/astdelux/036430-02.d1] Addr=63A5 Value=BF
ROM[roms/astdelux/036430-02.d1] Addr=63A6 Value=02
ROM[roms/astdelux/036430-02.d1] Addr=63A7 Value=A0
ROM[roms/astdelux/036430-02.d1] Addr=63A8 Value=02
ROM[roms/astdelux/036430-02.d1] Addr=63A9 Value=A5
ROM[roms/astdelux/036430-02.d1] Addr=63AA Value=D3
ROM[roms/astdelux/036430-02.d1] Addr=63AB Value=F0
ROM[roms/astdelux/036430-02.d1] Addr=63AC Value=0C
ROM[roms/astdelux/036430-02.d1] Addr=63AD Value=AD
ROM[roms/astdelux/036430-02.d1] Addr=63AE Value=EE
ROM[roms/astdelux/036430-02.d1] Addr=63AF Value=02
ROM[roms/astdelux/036430-02.d1] Addr=63B0 Value=38
ROM[roms/astdelux/036430-02.d1] Addr=63B1 Value=ED
ROM[roms/astdelux/036430-02.d1] Addr=63B2 Value=E7
ROM[roms/astdelux/036430-02.d1] Addr=63B3 Value=02
ROM[roms/astdelux/036430-02.d1] Addr=63B4 Value=C9
ROM[roms/astdelux/036430-02.d1] Addr=63B5 Value=04
ROM[roms/astdelux/036430-02.d1] Addr=63B6 Value=90
ROM[roms/astdelux/036430-02.d1] Addr=63B7 Value=01
ROM[roms/astdelux/036430-02.d1] Addr=63B8 Value=88
ROM[roms/astdelux/036430-02.d1] Addr=63B9 Value=8C
ROM[roms/astdelux/036430-02.d1] Addr=63BA Value=1A
ROM[roms/astdelux/036430-02.d1] Addr=63BB Value=02
ROM[roms/astdelux/036430-02.d1] Addr=63BC Value=B9
ROM[roms/astdelux/036430-02.d1] Addr=63BD Value=C2
ROM[roms/astdelux/036430-02.d1] Addr=63BE Value=63
ROM[roms/astdelux/036430-02.d1] Addr=63BF Value=A8
ROM[roms/astdelux/036430-02.d1] Addr=63C0 Value=4C
ROM[roms/astdelux/036430-02.d1] Addr=63C1 Value=16
ROM[roms/astdelux/036430-02.d1] Addr=63C2 Value=77
ROM[roms/astdelux/036430-02.d1] Addr=63C3 Value=17
ROM[roms/astdelux/036430-02.d1] Addr=63C4 Value=37
ROM[roms/astdelux/036430-02.d1] Addr=63C5 Value=A5
ROM[roms/astdelux/036430-02.d1] Addr=63C6 Value=76
ROM[roms/astdelux/036430-02.d1] Addr=63C7 Value=0A
ROM[roms/astdelux/036430-02.d1] Addr=63C8 Value=D0
ROM[roms/astdelux/036430-02.d1] Addr=63C9 Value=0C
ROM[roms/astdelux/036430-02.d1] Addr=63CA Value=AD
ROM[roms/astdelux/036430-02.d1] Addr=63CB Value=0A
ROM[roms/astdelux/036430-02.d1] Addr=63CC Value=2C
ROM[roms/astdelux/036430-02.d1] Addr=63CD Value=29
ROM[roms/astdelux/036430-02.d1] Addr=63CE Value=03
ROM[roms/astdelux/036430-02.d1] Addr=63CF Value=AA
ROM[roms/astdelux/036430-02.d1] Addr=63D0 Value=BD
ROM[roms/astdelux/036430-02.d1] Addr=63D1 Value=57
ROM[roms/astdelux/036430-02.d1] Addr=63D2 Value=64
ROM[roms/astdelux/036430-02.d1] Addr=63D3 Value=8D
ROM[roms/astdelux/036430-02.d1] Addr=63D4 Value=5C
ROM[roms/astdelux/036430-02.d1] Addr=63D5 Value=02
ROM[roms/astdelux/036430-02.d1] Addr=63D6 Value=A5
ROM[roms/astdelux/036430-02.d1] Addr=63D7 Value=22
ROM[roms/astdelux/036430-02.d1] Addr=63D8 Value=F0
ROM[roms/astdelux/036430-02.d1] Addr=63D9 Value=05
ROM[roms/astdelux/036430-02.d1] Addr=63DA Value=AD
ROM[roms/astdelux/036430-02.d1] Addr=63DB Value=EB
ROM[roms/astdelux/036430-02.d1] Addr=63DC Value=02
ROM[roms/astdelux/036430-02.d1] Addr=63DD Value=D0
ROM[roms/astdelux/036430-02.d1] Addr=63DE Value=05
ROM[roms/astdelux/036430-02.d1] Addr=63DF Value=CE
ROM[roms/astdelux/036430-02.d1] Addr=63E0 Value=E8
ROM[roms/astdelux/036430-02.d1] Addr=63E1 Value=02
ROM[roms/astdelux/036430-02.d1] Addr=63E2 Value=F0
ROM[roms/astdelux/036430-02.d1] Addr=63E3 Value=01
ROM[roms/astdelux/036430-02.d1] Addr=63E4 Value=60
ROM[roms/astdelux/036430-02.d1] Addr=63E5 Value=A9
ROM[roms/astdelux/036430-02.d1] Addr=63E6 Value=0A
ROM[roms/astdelux/036430-02.d1] Addr=63E7 Value=8D
ROM[roms/astdelux/036430-02.d1] Addr=63E8 Value=E8
ROM[roms/astdelux/036430-02.d1] Addr=63E9 Value=02
ROM[roms/astdelux/036430-02.d1] Addr=63EA Value=A0
ROM[roms/astdelux/036430-02.d1] Addr=63EB Value=19
ROM[roms/astdelux/036430-02.d1] Addr=63EC Value=A5
ROM[roms/astdelux/036430-02.d1] Addr=63ED Value=22
ROM[roms/astdelux/036430-02.d1] Addr=63EE Value=F0
ROM[roms/astdelux/036430-02.d1] Addr=63EF Value=0F
ROM[roms/astdelux/036430-02.d1] Addr=63F0 Value=A2
ROM[roms/astdelux/036430-02.d1] Addr=63F1 Value=AA
ROM[roms/astdelux/036430-02.d1] Addr=63F2 Value=AD
ROM[roms/astdelux/036430-02.d1] Addr=63F3 Value=1A
ROM[roms/astdelux/036430-02.d1] Addr=63F4 Value=02
ROM[roms/astdelux/036430-02.d1] Addr=63F5 Value=4A
ROM[roms/astdelux/036430-02.d1] Addr=63F6 Value=B0
ROM[roms/astdelux/036430-02.d1] Addr=63F7 Value=02
ROM[roms/astdelux/036430-02.d1] Addr=63F8 Value=A2
ROM[roms/astdelux/036430-02.d1] Addr=63F9 Value=40
ROM[roms/astdelux/036430-02.d1] Addr=63FA Value=EC
ROM[roms/astdelux/036430-02.d1] Addr=63FB Value=0A
ROM[roms/astdelux/036430-02.d1] Addr=63FC Value=2C
ROM[roms/astdelux/036430-02.d1] Addr=63FD Value=B0
ROM[roms/astdelux/036430-02.d1] Addr=63FE Value=03
ROM[roms/astdelux/036430-02.d1] Addr=63FF Value=20
ROM[roms/astdelux/036430-02.d1] Addr=6400 Value=5B
ROM[roms/astdelux/036430-02.d1] Addr=6401 Value=64
ROM[roms/astdelux/036430-02.d1] Addr=6402 Value=84
ROM[roms/astdelux/036430-02.d1] Addr=6403 Value=18
ROM[roms/astdelux/036430-02.d1] Addr=6404 Value=A2
ROM[roms/astdelux/036430-02.d1] Addr=6405 Value=1A
ROM[roms/astdelux/036430-02.d1] Addr=6406 Value=20
ROM[roms/astdelux/036430-02.d1] Addr=6407 Value=22
ROM[roms/astdelux/036430-02.d1] Addr=6408 Value=4A
ROM[roms/astdelux/036430-02.d1] Addr=6409 Value=20
ROM[roms/astdelux/036430-02.d1] Addr=640A Value=E7
ROM[roms/astdelux/036430-02.d1] Addr=640B Value=49
ROM[roms/astdelux/036430-02.d1] Addr=640C Value=85
ROM[roms/astdelux/036430-02.d1] Addr=640D Value=13
ROM[roms/astdelux/036430-02.d1] Addr=640E Value=A5
ROM[roms/astdelux/036430-02.d1] Addr=640F Value=0C
ROM[roms/astdelux/036430-02.d1] Addr=6410 Value=85
ROM[roms/astdelux/036430-02.d1] Addr=6411 Value=12
ROM[roms/astdelux/036430-02.d1] Addr=6412 Value=A5
ROM[roms/astdelux/036430-02.d1] Addr=6413 Value=18
ROM[roms/astdelux/036430-02.d1] Addr=6414 Value=18
ROM[roms/astdelux/036430-02.d1] Addr=6415 Value=69
ROM[roms/astdelux/036430-02.d1] Addr=6416 Value=21
ROM[roms/astdelux/036430-02.d1] Addr=6417 Value=A8
ROM[roms/astdelux/036430-02.d1] Addr=6418 Value=A2
ROM[roms/astdelux/036430-02.d1] Addr=6419 Value=3B
ROM[roms/astdelux/036430-02.d1] Addr=641A Value=20
ROM[roms/astdelux/036430-02.d1] Addr=641B Value=22
ROM[roms/astdelux/036430-02.d1] Addr=641C Value=4A
ROM[roms/astdelux/036430-02.d1] Addr=641D Value=20
ROM[roms/astdelux/036430-02.d1] Addr=641E Value=E7
ROM[roms/astdelux/036430-02.d1] Addr=641F Value=49
ROM[roms/astdelux/036430-02.d1] Addr=6420 Value=20
ROM[roms/astdelux/036430-02.d1] Addr=6421 Value=32
ROM[roms/astdelux/036430-02.d1] Addr=6422 Value=4A
ROM[roms/astdelux/036430-02.d1] Addr=6423 Value=85
ROM[roms/astdelux/036430-02.d1] Addr=6424 Value=7A
ROM[roms/astdelux/036430-02.d1] Addr=6425 Value=A5
ROM[roms/astdelux/036430-02.d1] Addr=6426 Value=18
ROM[roms/astdelux/036430-02.d1] Addr=6427 Value=C9
ROM[roms/astdelux/036430-02.d1] Addr=6428 Value=19
ROM[roms/astdelux/036430-02.d1] Addr=6429 Value=D0
ROM[roms/astdelux/036430-02.d1] Addr=642A Value=17
ROM[roms/astdelux/036430-02.d1] Addr=642B Value=A6
ROM[roms/astdelux/036430-02.d1] Addr=642C Value=D3
ROM[roms/astdelux/036430-02.d1] Addr=642D Value=E0
ROM[roms/astdelux/036430-02.d1] Addr=642E Value=03
ROM[roms/astdelux/036430-02.d1] Addr=642F Value=90
ROM[roms/astdelux/036430-02.d1] Addr=6430 Value=02
ROM[roms/astdelux/036430-02.d1] Addr=6431 Value=A2
ROM[roms/astdelux/036430-02.d1] Addr=6432 Value=03
ROM[roms/astdelux/036430-02.d1] Addr=6433 Value=AD
ROM[roms/astdelux/036430-02.d1] Addr=6434 Value=0A
ROM[roms/astdelux/036430-02.d1] Addr=6435 Value=2C
ROM[roms/astdelux/036430-02.d1] Addr=6436 Value=3D
ROM[roms/astdelux/036430-02.d1] Addr=6437 Value=4F
ROM[roms/astdelux/036430-02.d1] Addr=6438 Value=64
ROM[roms/astdelux/036430-02.d1] Addr=6439 Value=10
ROM[roms/astdelux/036430-02.d1] Addr=643A Value=03
ROM[roms/astdelux/036430-02.d1] Addr=643B Value=1D
ROM[roms/astdelux/036430-02.d1] Addr=643C Value=53
ROM[roms/astdelux/036430-02.d1] Addr=643D Value=64
ROM[roms/astdelux/036430-02.d1] Addr=643E Value=65
ROM[roms/astdelux/036430-02.d1] Addr=643F Value=7A
ROM[roms/astdelux/036430-02.d1] Addr=6440 Value=85
ROM[roms/astdelux/036430-02.d1] Addr=6441 Value=7A
ROM[roms/astdelux/036430-02.d1] Addr=6442 Value=A0
ROM[roms/astdelux/036430-02.d1] Addr=6443 Value=03
ROM[roms/astdelux/036430-02.d1] Addr=6444 Value=A9
ROM[roms/astdelux/036430-02.d1] Addr=6445 Value=01
ROM[roms/astdelux/036430-02.d1] Addr=6446 Value=85
ROM[roms/astdelux/036430-02.d1] Addr=6447 Value=0F
ROM[roms/astdelux/036430-02.d1] Addr=6448 Value=A6
ROM[roms/astdelux/036430-02.d1] Addr=6449 Value=18
ROM[roms/astdelux/036430-02.d1] Addr=644A Value=85
ROM[roms/astdelux/036430-02.d1] Addr=644B Value=18
ROM[roms/astdelux/036430-02.d1] Addr=644C Value=4C
ROM[roms/astdelux/036430-02.d1] Addr=644D Value=C8
ROM[roms/astdelux/036430-02.d1] Addr=644E Value=64
ROM[roms/astdelux/036430-02.d1] Addr=644F Value=9F
ROM[roms/astdelux/036430-02.d1] Addr=6450 Value=8F
ROM[roms/astdelux/036430-02.d1] Addr=6451 Value=8F
ROM[roms/astdelux/036430-02.d1] Addr=6452 Value=87
ROM[roms/astdelux/036430-02.d1] Addr=6453 Value=60
ROM[roms/astdelux/036430-02.d1] Addr=6454 Value=70
ROM[roms/astdelux/036430-02.d1] Addr=6455 Value=70
ROM[roms/astdelux/036430-02.d1] Addr=6456 Value=78
ROM[roms/astdelux/036430-02.d1] Addr=6457 Value=F0
ROM[roms/astdelux/036430-02.d1] Addr=6458 Value=00
ROM[roms/astdelux/036430-02.d1] Addr=6459 Value=00
ROM[roms/astdelux/036430-02.d1] Addr=645A Value=10
ROM[roms/astdelux/036430-02.d1] Addr=645B Value=88
ROM[roms/astdelux/036430-02.d1] Addr=645C Value=B9
ROM[roms/astdelux/036430-02.d1] Addr=645D Value=00
ROM[roms/astdelux/036430-02.d1] Addr=645E Value=02
ROM[roms/astdelux/036430-02.d1] Addr=645F Value=D0
ROM[roms/astdelux/036430-02.d1] Addr=6460 Value=07
ROM[roms/astdelux/036430-02.d1] Addr=6461 Value=88
ROM[roms/astdelux/036430-02.d1] Addr=6462 Value=10
ROM[roms/astdelux/036430-02.d1] Addr=6463 Value=F8
ROM[roms/astdelux/036430-02.d1] Addr=6464 Value=A0
ROM[roms/astdelux/036430-02.d1] Addr=6465 Value=19
ROM[roms/astdelux/036430-02.d1] Addr=6466 Value=38
ROM[roms/astdelux/036430-02.d1] Addr=6467 Value=60
ROM[roms/astdelux/036430-02.d1] Addr=6468 Value=30
ROM[roms/astdelux/036430-02.d1] Addr=6469 Value=F7
ROM[roms/astdelux/036430-02.d1] Addr=646A Value=C9
ROM[roms/astdelux/036430-02.d1] Addr=646B Value=40
ROM[roms/astdelux/036430-02.d1] Addr=646C Value=90
ROM[roms/astdelux/036430-02.d1] Addr=646D Value=0A
ROM[roms/astdelux/036430-02.d1] Addr=646E Value=4A
ROM[roms/astdelux/036430-02.d1] Addr=646F Value=4A
ROM[roms/astdelux/036430-02.d1] Addr=6470 Value=AA
ROM[roms/astdelux/036430-02.d1] Addr=6471 Value=BD
ROM[roms/astdelux/036430-02.d1] Addr=6472 Value=E8
ROM[roms/astdelux/036430-02.d1] Addr=6473 Value=02
ROM[roms/astdelux/036430-02.d1] Addr=6474 Value=10
ROM[roms/astdelux/036430-02.d1] Addr=6475 Value=EB
ROM[roms/astdelux/036430-02.d1] Addr=6476 Value=18
ROM[roms/astdelux/036430-02.d1] Addr=6477 Value=60
ROM[roms/astdelux/036430-02.d1] Addr=6478 Value=AD
ROM[roms/astdelux/036430-02.d1] Addr=6479 Value=7D
ROM[roms/astdelux/036430-02.d1] Addr=647A Value=02
ROM[roms/astdelux/036430-02.d1] Addr=647B Value=38
ROM[roms/astdelux/036430-02.d1] Addr=647C Value=F9
ROM[roms/astdelux/036430-02.d1] Addr=647D Value=63
ROM[roms/astdelux/036430-02.d1] Addr=647E Value=02
ROM[roms/astdelux/036430-02.d1] Addr=647F Value=10
ROM[roms/astdelux/036430-02.d1] Addr=6480 Value=02
ROM[roms/astdelux/036430-02.d1] Addr=6481 Value=49
ROM[roms/astdelux/036430-02.d1] Addr=6482 Value=FF
ROM[roms/astdelux/036430-02.d1] Addr=6483 Value=C9
ROM[roms/astdelux/036430-02.d1] Addr=6484 Value=08
ROM[roms/astdelux/036430-02.d1] Addr=6485 Value=B0
ROM[roms/astdelux/036430-02.d1] Addr=6486 Value=DA
ROM[roms/astdelux/036430-02.d1] Addr=6487 Value=AD
ROM[roms/astdelux/036430-02.d1] Addr=6488 Value=9E
ROM[roms/astdelux/036430-02.d1] Addr=6489 Value=02
ROM[roms/astdelux/036430-02.d1] Addr=648A Value=38
ROM[roms/astdelux/036430-02.d1] Addr=648B Value=F9
ROM[roms/astdelux/036430-02.d1] Addr=648C Value=84
ROM[roms/astdelux/036430-02.d1] Addr=648D Value=02
ROM[roms/astdelux/036430-02.d1] Addr=648E Value=10
ROM[roms/astdelux/036430-02.d1] Addr=648F Value=02
ROM[roms/astdelux/036430-02.d1] Addr=6490 Value=49
ROM[roms/astdelux/036430-02.d1] Addr=6491 Value=FF
ROM[roms/astdelux/036430-02.d1] Addr=6492 Value=C9
ROM[roms/astdelux/036430-02.d1] Addr=6493 Value=08
ROM[roms/astdelux/036430-02.d1] Addr=6494 Value=B0
ROM[roms/astdelux/036430-02.d1] Addr=6495 Value=CB
ROM[roms/astdelux/036430-02.d1] Addr=6496 Value=60
ROM[roms/astdelux/036430-02.d1] Addr=6497 Value=A2
ROM[roms/astdelux/036430-02.d1] Addr=6498 Value=00
ROM[roms/astdelux/036430-02.d1] Addr=6499 Value=A5
ROM[roms/astdelux/036430-02.d1] Addr=649A Value=22
ROM[roms/astdelux/036430-02.d1] Addr=649B Value=D0
ROM[roms/astdelux/036430-02.d1] Addr=649C Value=03
ROM[roms/astdelux/036430-02.d1] Addr=649D Value=86
ROM[roms/astdelux/036430-02.d1] Addr=649E Value=FF
ROM[roms/astdelux/036430-02.d1] Addr=649F Value=60
ROM[roms/astdelux/036430-02.d1] Addr=64A0 Value=24
ROM[roms/astdelux/036430-02.d1] Addr=64A1 Value=73
ROM[roms/astdelux/036430-02.d1] Addr=64A2 Value=30
ROM[roms/astdelux/036430-02.d1] Addr=64A3 Value=F9
ROM[roms/astdelux/036430-02.d1] Addr=64A4 Value=24
ROM[roms/astdelux/036430-02.d1] Addr=64A5 Value=FE
ROM[roms/astdelux/036430-02.d1] Addr=64A6 Value=10
ROM[roms/astdelux/036430-02.d1] Addr=64A7 Value=F5
ROM[roms/astdelux/036430-02.d1] Addr=64A8 Value=AD
ROM[roms/astdelux/036430-02.d1] Addr=64A9 Value=EB
ROM[roms/astdelux/036430-02.d1] Addr=64AA Value=02
ROM[roms/astdelux/036430-02.d1] Addr=64AB Value=D0
ROM[roms/astdelux/036430-02.d1] Addr=64AC Value=F0
ROM[roms/astdelux/036430-02.d1] Addr=64AD Value=E6
ROM[roms/astdelux/036430-02.d1] Addr=64AE Value=FF
ROM[roms/astdelux/036430-02.d1] Addr=64AF Value=A5
ROM[roms/astdelux/036430-02.d1] Addr=64B0 Value=FF
ROM[roms/astdelux/036430-02.d1] Addr=64B1 Value=C9
ROM[roms/astdelux/036430-02.d1] Addr=64B2 Value=02
ROM[roms/astdelux/036430-02.d1] Addr=64B3 Value=90
ROM[roms/astdelux/036430-02.d1] Addr=64B4 Value=05
ROM[roms/astdelux/036430-02.d1] Addr=64B5 Value=C9
ROM[roms/astdelux/036430-02.d1] Addr=64B6 Value=0F
ROM[roms/astdelux/036430-02.d1] Addr=64B7 Value=B0
ROM[roms/astdelux/036430-02.d1] Addr=64B8 Value=E4
ROM[roms/astdelux/036430-02.d1] Addr=64B9 Value=60
ROM[roms/astdelux/036430-02.d1] Addr=64BA Value=86
ROM[roms/astdelux/036430-02.d1] Addr=64BB Value=18
ROM[roms/astdelux/036430-02.d1] Addr=64BC Value=A9
ROM[roms/astdelux/036430-02.d1] Addr=64BD Value=03
ROM[roms/astdelux/036430-02.d1] Addr=64BE Value=85
ROM[roms/astdelux/036430-02.d1] Addr=64BF Value=0F
ROM[roms/astdelux/036430-02.d1] Addr=64C0 Value=A2
ROM[roms/astdelux/036430-02.d1] Addr=64C1 Value=19
ROM[roms/astdelux/036430-02.d1] Addr=64C2 Value=A5
ROM[roms/astdelux/036430-02.d1] Addr=64C3 Value=79
ROM[roms/astdelux/036430-02.d1] Addr=64C4 Value=85
ROM[roms/astdelux/036430-02.d1] Addr=64C5 Value=7A
ROM[roms/astdelux/036430-02.d1] Addr=64C6 Value=A0
ROM[roms/astdelux/036430-02.d1] Addr=64C7 Value=07
ROM[roms/astdelux/036430-02.d1] Addr=64C8 Value=B9
ROM[roms/astdelux/036430-02.d1] Addr=64C9 Value=19
ROM[roms/astdelux/036430-02.d1] Addr=64CA Value=02
ROM[roms/astdelux/036430-02.d1] Addr=64CB Value=F0
ROM[roms/astdelux/036430-02.d1] Addr=64CC Value=06
ROM[roms/astdelux/036430-02.d1] Addr=64CD Value=88
ROM[roms/astdelux/036430-02.d1] Addr=64CE Value=C4
ROM[roms/astdelux/036430-02.d1] Addr=64CF Value=0F
ROM[roms/astdelux/036430-02.d1] Addr=64D0 Value=D0
ROM[roms/astdelux/036430-02.d1] Addr=64D1 Value=F6
ROM[roms/astdelux/036430-02.d1] Addr=64D2 Value=60
ROM[roms/astdelux/036430-02.d1] Addr=64D3 Value=86
ROM[roms/astdelux/036430-02.d1] Addr=64D4 Value=0E
ROM[roms/astdelux/036430-02.d1] Addr=64D5 Value=A9
ROM[roms/astdelux/036430-02.d1] Addr=64D6 Value=12
ROM[roms/astdelux/036430-02.d1] Addr=64D7 Value=99
ROM[roms/astdelux/036430-02.d1] Addr=64D8 Value=19
ROM[roms/astdelux/036430-02.d1] Addr=64D9 Value=02
ROM[roms/astdelux/036430-02.d1] Addr=64DA Value=A5
ROM[roms/astdelux/036430-02.d1] Addr=64DB Value=7A
ROM[roms/astdelux/036430-02.d1] Addr=64DC Value=20
ROM[roms/astdelux/036430-02.d1] Addr=64DD Value=FE
ROM[roms/astdelux/036430-02.d1] Addr=64DE Value=70
ROM[roms/astdelux/036430-02.d1] Addr=64DF Value=A6
ROM[roms/astdelux/036430-02.d1] Addr=64E0 Value=0E
ROM[roms/astdelux/036430-02.d1] Addr=64E1 Value=C9
ROM[roms/astdelux/036430-02.d1] Addr=64E2 Value=80
ROM[roms/astdelux/036430-02.d1] Addr=64E3 Value=6A
ROM[roms/astdelux/036430-02.d1] Addr=64E4 Value=85
ROM[roms/astdelux/036430-02.d1] Addr=64E5 Value=0A
ROM[roms/astdelux/036430-02.d1] Addr=64E6 Value=18
ROM[roms/astdelux/036430-02.d1] Addr=64E7 Value=7D
ROM[roms/astdelux/036430-02.d1] Addr=64E8 Value=21
ROM[roms/astdelux/036430-02.d1] Addr=64E9 Value=02
ROM[roms/astdelux/036430-02.d1] Addr=64EA Value=30
ROM[roms/astdelux/036430-02.d1] Addr=64EB Value=08
ROM[roms/astdelux/036430-02.d1] Addr=64EC Value=C9
ROM[roms/astdelux/036430-02.d1] Addr=64ED Value=70
ROM[roms/astdelux/036430-02.d1] Addr=64EE Value=90
ROM[roms/astdelux/036430-02.d1] Addr=64EF Value=0A
ROM[roms/astdelux/036430-02.d1] Addr=64F0 Value=A9
ROM[roms/astdelux/036430-02.d1] Addr=64F1 Value=6F
ROM[roms/astdelux/036430-02.d1] Addr=64F2 Value=D0
ROM[roms/astdelux/036430-02.d1] Addr=64F3 Value=06
ROM[roms/astdelux/036430-02.d1] Addr=64F4 Value=C9
ROM[roms/astdelux/036430-02.d1] Addr=64F5 Value=91
ROM[roms/astdelux/036430-02.d1] Addr=64F6 Value=B0
ROM[roms/astdelux/036430-02.d1] Addr=64F7 Value=02
ROM[roms/astdelux/036430-02.d1] Addr=64F8 Value=A9
ROM[roms/astdelux/036430-02.d1] Addr=64F9 Value=91
ROM[roms/astdelux/036430-02.d1] Addr=64FA Value=99
ROM[roms/astdelux/036430-02.d1] Addr=64FB Value=3A
ROM[roms/astdelux/036430-02.d1] Addr=64FC Value=02
ROM[roms/astdelux/036430-02.d1] Addr=64FD Value=A5
ROM[roms/astdelux/036430-02.d1] Addr=64FE Value=7A
ROM[roms/astdelux/036430-02.d1] Addr=64FF Value=20
ROM[roms/astdelux/036430-02.d1] Addr=6500 Value=01
ROM[roms/astdelux/036430-02.d1] Addr=6501 Value=71
ROM[roms/astdelux/036430-02.d1] Addr=6502 Value=A6
ROM[roms/astdelux/036430-02.d1] Addr=6503 Value=0E
ROM[roms/astdelux/036430-02.d1] Addr=6504 Value=C9
ROM[roms/astdelux/036430-02.d1] Addr=6505 Value=80
ROM[roms/astdelux/036430-02.d1] Addr=6506 Value=6A
ROM[roms/astdelux/036430-02.d1] Addr=6507 Value=85
ROM[roms/astdelux/036430-02.d1] Addr=6508 Value=0D
ROM[roms/astdelux/036430-02.d1] Addr=6509 Value=18
ROM[roms/astdelux/036430-02.d1] Addr=650A Value=7D
ROM[roms/astdelux/036430-02.d1] Addr=650B Value=42
ROM[roms/astdelux/036430-02.d1] Addr=650C Value=02
ROM[roms/astdelux/036430-02.d1] Addr=650D Value=30
ROM[roms/astdelux/036430-02.d1] Addr=650E Value=08
ROM[roms/astdelux/036430-02.d1] Addr=650F Value=C9
ROM[roms/astdelux/036430-02.d1] Addr=6510 Value=70
ROM[roms/astdelux/036430-02.d1] Addr=6511 Value=90
ROM[roms/astdelux/036430-02.d1] Addr=6512 Value=0A
ROM[roms/astdelux/036430-02.d1] Addr=6513 Value=A9
ROM[roms/astdelux/036430-02.d1] Addr=6514 Value=6F
ROM[roms/astdelux/036430-02.d1] Addr=6515 Value=D0
ROM[roms/astdelux/036430-02.d1] Addr=6516 Value=06
ROM[roms/astdelux/036430-02.d1] Addr=6517 Value=C9
ROM[roms/astdelux/036430-02.d1] Addr=6518 Value=91
ROM[roms/astdelux/036430-02.d1] Addr=6519 Value=B0
ROM[roms/astdelux/036430-02.d1] Addr=651A Value=02
ROM[roms/astdelux/036430-02.d1] Addr=651B Value=A9
ROM[roms/astdelux/036430-02.d1] Addr=651C Value=91
ROM[roms/astdelux/036430-02.d1] Addr=651D Value=99
ROM[roms/astdelux/036430-02.d1] Addr=651E Value=5B
ROM[roms/astdelux/036430-02.d1] Addr=651F Value=02
ROM[roms/astdelux/036430-02.d1] Addr=6520 Value=A2
ROM[roms/astdelux/036430-02.d1] Addr=6521 Value=00
ROM[roms/astdelux/036430-02.d1] Addr=6522 Value=A5
ROM[roms/astdelux/036430-02.d1] Addr=6523 Value=0A
ROM[roms/astdelux/036430-02.d1] Addr=6524 Value=10
ROM[roms/astdelux/036430-02.d1] Addr=6525 Value=01
ROM[roms/astdelux/036430-02.d1] Addr=6526 Value=CA
ROM[roms/astdelux/036430-02.d1] Addr=6527 Value=86
ROM[roms/astdelux/036430-02.d1] Addr=6528 Value=09
ROM[roms/astdelux/036430-02.d1] Addr=6529 Value=A6
ROM[roms/astdelux/036430-02.d1] Addr=652A Value=18
ROM[roms/astdelux/036430-02.d1] Addr=652B Value=C9
ROM[roms/astdelux/036430-02.d1] Addr=652C Value=80
ROM[roms/astdelux/036430-02.d1] Addr=652D Value=6A
ROM[roms/astdelux/036430-02.d1] Addr=652E Value=18
ROM[roms/astdelux/036430-02.d1] Addr=652F Value=65
ROM[roms/astdelux/036430-02.d1] Addr=6530 Value=0A
ROM[roms/astdelux/036430-02.d1] Addr=6531 Value=18
ROM[roms/astdelux/036430-02.d1] Addr=6532 Value=7D
ROM[roms/astdelux/036430-02.d1] Addr=6533 Value=BE
ROM[roms/astdelux/036430-02.d1] Addr=6534 Value=02
ROM[roms/astdelux/036430-02.d1] Addr=6535 Value=99
ROM[roms/astdelux/036430-02.d1] Addr=6536 Value=BE
ROM[roms/astdelux/036430-02.d1] Addr=6537 Value=02
ROM[roms/astdelux/036430-02.d1] Addr=6538 Value=A5
ROM[roms/astdelux/036430-02.d1] Addr=6539 Value=09
ROM[roms/astdelux/036430-02.d1] Addr=653A Value=7D
ROM[roms/astdelux/036430-02.d1] Addr=653B Value=7C
ROM[roms/astdelux/036430-02.d1] Addr=653C Value=02
ROM[roms/astdelux/036430-02.d1] Addr=653D Value=99
ROM[roms/astdelux/036430-02.d1] Addr=653E Value=7C
ROM[roms/astdelux/036430-02.d1] Addr=653F Value=02
ROM[roms/astdelux/036430-02.d1] Addr=6540 Value=A2
ROM[roms/astdelux/036430-02.d1] Addr=6541 Value=00
ROM[roms/astdelux/036430-02.d1] Addr=6542 Value=A5
ROM[roms/astdelux/036430-02.d1] Addr=6543 Value=0D
ROM[roms/astdelux/036430-02.d1] Addr=6544 Value=10
ROM[roms/astdelux/036430-02.d1] Addr=6545 Value=01
ROM[roms/astdelux/036430-02.d1] Addr=6546 Value=CA
ROM[roms/astdelux/036430-02.d1] Addr=6547 Value=86
ROM[roms/astdelux/036430-02.d1] Addr=6548 Value=0C
ROM[roms/astdelux/036430-02.d1] Addr=6549 Value=A6
ROM[roms/astdelux/036430-02.d1] Addr=654A Value=18
ROM[roms/astdelux/036430-02.d1] Addr=654B Value=C9
ROM[roms/astdelux/036430-02.d1] Addr=654C Value=80
ROM[roms/astdelux/036430-02.d1] Addr=654D Value=6A
ROM[roms/astdelux/036430-02.d1] Addr=654E Value=18
ROM[roms/astdelux/036430-02.d1] Addr=654F Value=65
ROM[roms/astdelux/036430-02.d1] Addr=6550 Value=0D
ROM[roms/astdelux/036430-02.d1] Addr=6551 Value=18
ROM[roms/astdelux/036430-02.d1] Addr=6552 Value=7D
ROM[roms/astdelux/036430-02.d1] Addr=6553 Value=DF
ROM[roms/astdelux/036430-02.d1] Addr=6554 Value=02
ROM[roms/astdelux/036430-02.d1] Addr=6555 Value=99
ROM[roms/astdelux/036430-02.d1] Addr=6556 Value=DF
ROM[roms/astdelux/036430-02.d1] Addr=6557 Value=02
ROM[roms/astdelux/036430-02.d1] Addr=6558 Value=A5
ROM[roms/astdelux/036430-02.d1] Addr=6559 Value=0C
ROM[roms/astdelux/036430-02.d1] Addr=655A Value=7D
ROM[roms/astdelux/036430-02.d1] Addr=655B Value=9D
ROM[roms/astdelux/036430-02.d1] Addr=655C Value=02
ROM[roms/astdelux/036430-02.d1] Addr=655D Value=99
ROM[roms/astdelux/036430-02.d1] Addr=655E Value=9D
ROM[roms/astdelux/036430-02.d1] Addr=655F Value=02
ROM[roms/astdelux/036430-02.d1] Addr=6560 Value=A0
ROM[roms/astdelux/036430-02.d1] Addr=6561 Value=27
ROM[roms/astdelux/036430-02.d1] Addr=6562 Value=E0
ROM[roms/astdelux/036430-02.d1] Addr=6563 Value=01
ROM[roms/astdelux/036430-02.d1] Addr=6564 Value=90
ROM[roms/astdelux/036430-02.d1] Addr=6565 Value=02
ROM[roms/astdelux/036430-02.d1] Addr=6566 Value=A0
ROM[roms/astdelux/036430-02.d1] Addr=6567 Value=1F
ROM[roms/astdelux/036430-02.d1] Addr=6568 Value=4C
ROM[roms/astdelux/036430-02.d1] Addr=6569 Value=17
ROM[roms/astdelux/036430-02.d1] Addr=656A Value=77
ROM[roms/astdelux/036430-02.d1] Addr=656B Value=A5
ROM[roms/astdelux/036430-02.d1] Addr=656C Value=42
ROM[roms/astdelux/036430-02.d1] Addr=656D Value=25
ROM[roms/astdelux/036430-02.d1] Addr=656E Value=43
ROM[roms/astdelux/036430-02.d1] Addr=656F Value=10
ROM[roms/astdelux/036430-02.d1] Addr=6570 Value=0A
ROM[roms/astdelux/036430-02.d1] Addr=6571 Value=A5
ROM[roms/astdelux/036430-02.d1] Addr=6572 Value=22
ROM[roms/astdelux/036430-02.d1] Addr=6573 Value=D0
ROM[roms/astdelux/036430-02.d1] Addr=6574 Value=03
ROM[roms/astdelux/036430-02.d1] Addr=6575 Value=20
ROM[roms/astdelux/036430-02.d1] Addr=6576 Value=44
ROM[roms/astdelux/036430-02.d1] Addr=6577 Value=78
ROM[roms/astdelux/036430-02.d1] Addr=6578 Value=A9
ROM[roms/astdelux/036430-02.d1] Addr=6579 Value=FF
ROM[roms/astdelux/036430-02.d1] Addr=657A Value=60
ROM[roms/astdelux/036430-02.d1] Addr=657B Value=A5
ROM[roms/astdelux/036430-02.d1] Addr=657C Value=21
ROM[roms/astdelux/036430-02.d1] Addr=657D Value=4A
ROM[roms/astdelux/036430-02.d1] Addr=657E Value=F0
ROM[roms/astdelux/036430-02.d1] Addr=657F Value=18
ROM[roms/astdelux/036430-02.d1] Addr=6580 Value=A0
ROM[roms/astdelux/036430-02.d1] Addr=6581 Value=01
ROM[roms/astdelux/036430-02.d1] Addr=6582 Value=20
ROM[roms/astdelux/036430-02.d1] Addr=6583 Value=59
ROM[roms/astdelux/036430-02.d1] Addr=6584 Value=71
ROM[roms/astdelux/036430-02.d1] Addr=6585 Value=A0
ROM[roms/astdelux/036430-02.d1] Addr=6586 Value=02
ROM[roms/astdelux/036430-02.d1] Addr=6587 Value=A6
ROM[roms/astdelux/036430-02.d1] Addr=6588 Value=43
ROM[roms/astdelux/036430-02.d1] Addr=6589 Value=10
ROM[roms/astdelux/036430-02.d1] Addr=658A Value=01
ROM[roms/astdelux/036430-02.d1] Addr=658B Value=88
ROM[roms/astdelux/036430-02.d1] Addr=658C Value=84
ROM[roms/astdelux/036430-02.d1] Addr=658D Value=1E
ROM[roms/astdelux/036430-02.d1] Addr=658E Value=A5
ROM[roms/astdelux/036430-02.d1] Addr=658F Value=76
ROM[roms/astdelux/036430-02.d1] Addr=6590 Value=29
ROM[roms/astdelux/036430-02.d1] Addr=6591 Value=10
ROM[roms/astdelux/036430-02.d1] Addr=6592 Value=D0
ROM[roms/astdelux/036430-02.d1] Addr=6593 Value=04
ROM[roms/astdelux/036430-02.d1] Addr=6594 Value=98
ROM[roms/astdelux/036430-02.d1] Addr=6595 Value=20
ROM[roms/astdelux/036430-02.d1] Addr=6596 Value=EB
ROM[roms/astdelux/036430-02.d1] Addr=6597 Value=79
ROM[roms/astdelux/036430-02.d1] Addr=6598 Value=46
ROM[roms/astdelux/036430-02.d1] Addr=6599 Value=1E
ROM[roms/astdelux/036430-02.d1] Addr=659A Value=20
ROM[roms/astdelux/036430-02.d1] Addr=659B Value=95
ROM[roms/astdelux/036430-02.d1] Addr=659C Value=6C
ROM[roms/astdelux/036430-02.d1] Addr=659D Value=A0
ROM[roms/astdelux/036430-02.d1] Addr=659E Value=02
ROM[roms/astdelux/036430-02.d1] Addr=659F Value=20
ROM[roms/astdelux/036430-02.d1] Addr=65A0 Value=59
ROM[roms/astdelux/036430-02.d1] Addr=65A1 Value=71
ROM[roms/astdelux/036430-02.d1] Addr=65A2 Value=A0
ROM[roms/astdelux/036430-02.d1] Addr=65A3 Value=03
ROM[roms/astdelux/036430-02.d1] Addr=65A4 Value=20
ROM[roms/astdelux/036430-02.d1] Addr=65A5 Value=59
ROM[roms/astdelux/036430-02.d1] Addr=65A6 Value=71
ROM[roms/astdelux/036430-02.d1] Addr=65A7 Value=A0
ROM[roms/astdelux/036430-02.d1] Addr=65A8 Value=04
ROM[roms/astdelux/036430-02.d1] Addr=65A9 Value=20
ROM[roms/astdelux/036430-02.d1] Addr=65AA Value=59
ROM[roms/astdelux/036430-02.d1] Addr=65AB Value=71
ROM[roms/astdelux/036430-02.d1] Addr=65AC Value=A0
ROM[roms/astdelux/036430-02.d1] Addr=65AD Value=05
ROM[roms/astdelux/036430-02.d1] Addr=65AE Value=20
ROM[roms/astdelux/036430-02.d1] Addr=65AF Value=59
ROM[roms/astdelux/036430-02.d1] Addr=65B0 Value=71
ROM[roms/astdelux/036430-02.d1] Addr=65B1 Value=A9
ROM[roms/astdelux/036430-02.d1] Addr=65B2 Value=20
ROM[roms/astdelux/036430-02.d1] Addr=65B3 Value=85
ROM[roms/astdelux/036430-02.d1] Addr=65B4 Value=01
ROM[roms/astdelux/036430-02.d1] Addr=65B5 Value=A9
ROM[roms/astdelux/036430-02.d1] Addr=65B6 Value=64
ROM[roms/astdelux/036430-02.d1] Addr=65B7 Value=A2
ROM[roms/astdelux/036430-02.d1] Addr=65B8 Value=39
ROM[roms/astdelux/036430-02.d1] Addr=65B9 Value=20
ROM[roms/astdelux/036430-02.d1] Addr=65BA Value=1F
ROM[roms/astdelux/036430-02.d1] Addr=65BB Value=7A
ROM[roms/astdelux/036430-02.d1] Addr=65BC Value=A9
ROM[roms/astdelux/036430-02.d1] Addr=65BD Value=70
ROM[roms/astdelux/036430-02.d1] Addr=65BE Value=20
ROM[roms/astdelux/036430-02.d1] Addr=65BF Value=EA
ROM[roms/astdelux/036430-02.d1] Addr=65C0 Value=7A
ROM[roms/astdelux/036430-02.d1] Addr=65C1 Value=A6
ROM[roms/astdelux/036430-02.d1] Addr=65C2 Value=1E
ROM[roms/astdelux/036430-02.d1] Addr=65C3 Value=B4
ROM[roms/astdelux/036430-02.d1] Addr=65C4 Value=42
ROM[roms/astdelux/036430-02.d1] Addr=65C5 Value=84
ROM[roms/astdelux/036430-02.d1] Addr=65C6 Value=0C
ROM[roms/astdelux/036430-02.d1] Addr=65C7 Value=98
ROM[roms/astdelux/036430-02.d1] Addr=65C8 Value=18
ROM[roms/astdelux/036430-02.d1] Addr=65C9 Value=65
ROM[roms/astdelux/036430-02.d1] Addr=65CA Value=41
ROM[roms/astdelux/036430-02.d1] Addr=65CB Value=85
ROM[roms/astdelux/036430-02.d1] Addr=65CC Value=0D
ROM[roms/astdelux/036430-02.d1] Addr=65CD Value=20
ROM[roms/astdelux/036430-02.d1] Addr=65CE Value=C5
ROM[roms/astdelux/036430-02.d1] Addr=65CF Value=66
ROM[roms/astdelux/036430-02.d1] Addr=65D0 Value=A4
ROM[roms/astdelux/036430-02.d1] Addr=65D1 Value=0C
ROM[roms/astdelux/036430-02.d1] Addr=65D2 Value=C8
ROM[roms/astdelux/036430-02.d1] Addr=65D3 Value=20
ROM[roms/astdelux/036430-02.d1] Addr=65D4 Value=C5
ROM[roms/astdelux/036430-02.d1] Addr=65D5 Value=66
ROM[roms/astdelux/036430-02.d1] Addr=65D6 Value=A4
ROM[roms/astdelux/036430-02.d1] Addr=65D7 Value=0C
ROM[roms/astdelux/036430-02.d1] Addr=65D8 Value=C8
ROM[roms/astdelux/036430-02.d1] Addr=65D9 Value=C8
ROM[roms/astdelux/036430-02.d1] Addr=65DA Value=20
ROM[roms/astdelux/036430-02.d1] Addr=65DB Value=C5
ROM[roms/astdelux/036430-02.d1] Addr=65DC Value=66
ROM[roms/astdelux/036430-02.d1] Addr=65DD Value=0E
ROM[roms/astdelux/036430-02.d1] Addr=65DE Value=03
ROM[roms/astdelux/036430-02.d1] Addr=65DF Value=20
ROM[roms/astdelux/036430-02.d1] Addr=65E0 Value=26
ROM[roms/astdelux/036430-02.d1] Addr=65E1 Value=7B
ROM[roms/astdelux/036430-02.d1] Addr=65E2 Value=A5
ROM[roms/astdelux/036430-02.d1] Addr=65E3 Value=7B
ROM[roms/astdelux/036430-02.d1] Addr=65E4 Value=29
ROM[roms/astdelux/036430-02.d1] Addr=65E5 Value=1F
ROM[roms/astdelux/036430-02.d1] Addr=65E6 Value=C9
ROM[roms/astdelux/036430-02.d1] Addr=65E7 Value=07
ROM[roms/astdelux/036430-02.d1] Addr=65E8 Value=D0
ROM[roms/astdelux/036430-02.d1] Addr=65E9 Value=2E
ROM[roms/astdelux/036430-02.d1] Addr=65EA Value=E6
ROM[roms/astdelux/036430-02.d1] Addr=65EB Value=41
ROM[roms/astdelux/036430-02.d1] Addr=65EC Value=A5
ROM[roms/astdelux/036430-02.d1] Addr=65ED Value=41
ROM[roms/astdelux/036430-02.d1] Addr=65EE Value=C9
ROM[roms/astdelux/036430-02.d1] Addr=65EF Value=03
ROM[roms/astdelux/036430-02.d1] Addr=65F0 Value=90
ROM[roms/astdelux/036430-02.d1] Addr=65F1 Value=1A
ROM[roms/astdelux/036430-02.d1] Addr=65F2 Value=A6
ROM[roms/astdelux/036430-02.d1] Addr=65F3 Value=1E
ROM[roms/astdelux/036430-02.d1] Addr=65F4 Value=A9
ROM[roms/astdelux/036430-02.d1] Addr=65F5 Value=FF
ROM[roms/astdelux/036430-02.d1] Addr=65F6 Value=95
ROM[roms/astdelux/036430-02.d1] Addr=65F7 Value=42
ROM[roms/astdelux/036430-02.d1] Addr=65F8 Value=A2
ROM[roms/astdelux/036430-02.d1] Addr=65F9 Value=00
ROM[roms/astdelux/036430-02.d1] Addr=65FA Value=86
ROM[roms/astdelux/036430-02.d1] Addr=65FB Value=1E
ROM[roms/astdelux/036430-02.d1] Addr=65FC Value=86
ROM[roms/astdelux/036430-02.d1] Addr=65FD Value=41
ROM[roms/astdelux/036430-02.d1] Addr=65FE Value=A2
ROM[roms/astdelux/036430-02.d1] Addr=65FF Value=F0
ROM[roms/astdelux/036430-02.d1] Addr=6600 Value=86
ROM[roms/astdelux/036430-02.d1] Addr=6601 Value=77
ROM[roms/astdelux/036430-02.d1] Addr=6602 Value=A5
ROM[roms/astdelux/036430-02.d1] Addr=6603 Value=42
ROM[roms/astdelux/036430-02.d1] Addr=6604 Value=10
ROM[roms/astdelux/036430-02.d1] Addr=6605 Value=03
ROM[roms/astdelux/036430-02.d1] Addr=6606 Value=20
ROM[roms/astdelux/036430-02.d1] Addr=6607 Value=C7
ROM[roms/astdelux/036430-02.d1] Addr=6608 Value=7B
ROM[roms/astdelux/036430-02.d1] Addr=6609 Value=4C
ROM[roms/astdelux/036430-02.d1] Addr=660A Value=95
ROM[roms/astdelux/036430-02.d1] Addr=660B Value=6C
ROM[roms/astdelux/036430-02.d1] Addr=660C Value=E6
ROM[roms/astdelux/036430-02.d1] Addr=660D Value=0D
ROM[roms/astdelux/036430-02.d1] Addr=660E Value=A6
ROM[roms/astdelux/036430-02.d1] Addr=660F Value=0D
ROM[roms/astdelux/036430-02.d1] Addr=6610 Value=A9
ROM[roms/astdelux/036430-02.d1] Addr=6611 Value=F4
ROM[roms/astdelux/036430-02.d1] Addr=6612 Value=85
ROM[roms/astdelux/036430-02.d1] Addr=6613 Value=77
ROM[roms/astdelux/036430-02.d1] Addr=6614 Value=A9
ROM[roms/astdelux/036430-02.d1] Addr=6615 Value=0B
ROM[roms/astdelux/036430-02.d1] Addr=6616 Value=95
ROM[roms/astdelux/036430-02.d1] Addr=6617 Value=44
ROM[roms/astdelux/036430-02.d1] Addr=6618 Value=A5
ROM[roms/astdelux/036430-02.d1] Addr=6619 Value=77
ROM[roms/astdelux/036430-02.d1] Addr=661A Value=D0
ROM[roms/astdelux/036430-02.d1] Addr=661B Value=08
ROM[roms/astdelux/036430-02.d1] Addr=661C Value=A9
ROM[roms/astdelux/036430-02.d1] Addr=661D Value=FF
ROM[roms/astdelux/036430-02.d1] Addr=661E Value=85
ROM[roms/astdelux/036430-02.d1] Addr=661F Value=42
ROM[roms/astdelux/036430-02.d1] Addr=6620 Value=85
ROM[roms/astdelux/036430-02.d1] Addr=6621 Value=43
ROM[roms/astdelux/036430-02.d1] Addr=6622 Value=30
ROM[roms/astdelux/036430-02.d1] Addr=6623 Value=D4
ROM[roms/astdelux/036430-02.d1] Addr=6624 Value=A5
ROM[roms/astdelux/036430-02.d1] Addr=6625 Value=76
ROM[roms/astdelux/036430-02.d1] Addr=6626 Value=29
ROM[roms/astdelux/036430-02.d1] Addr=6627 Value=07
ROM[roms/astdelux/036430-02.d1] Addr=6628 Value=D0
ROM[roms/astdelux/036430-02.d1] Addr=6629 Value=2C
ROM[roms/astdelux/036430-02.d1] Addr=662A Value=A6
ROM[roms/astdelux/036430-02.d1] Addr=662B Value=0D
ROM[roms/astdelux/036430-02.d1] Addr=662C Value=B4
ROM[roms/astdelux/036430-02.d1] Addr=662D Value=44
ROM[roms/astdelux/036430-02.d1] Addr=662E Value=2C
ROM[roms/astdelux/036430-02.d1] Addr=662F Value=07
ROM[roms/astdelux/036430-02.d1] Addr=6630 Value=24
ROM[roms/astdelux/036430-02.d1] Addr=6631 Value=10
ROM[roms/astdelux/036430-02.d1] Addr=6632 Value=01
ROM[roms/astdelux/036430-02.d1] Addr=6633 Value=C8
ROM[roms/astdelux/036430-02.d1] Addr=6634 Value=2C
ROM[roms/astdelux/036430-02.d1] Addr=6635 Value=06
ROM[roms/astdelux/036430-02.d1] Addr=6636 Value=24
ROM[roms/astdelux/036430-02.d1] Addr=6637 Value=10
ROM[roms/astdelux/036430-02.d1] Addr=6638 Value=03
ROM[roms/astdelux/036430-02.d1] Addr=6639 Value=88
ROM[roms/astdelux/036430-02.d1] Addr=663A Value=30
ROM[roms/astdelux/036430-02.d1] Addr=663B Value=10
ROM[roms/astdelux/036430-02.d1] Addr=663C Value=C0
ROM[roms/astdelux/036430-02.d1] Addr=663D Value=0B
ROM[roms/astdelux/036430-02.d1] Addr=663E Value=B0
ROM[roms/astdelux/036430-02.d1] Addr=663F Value=0E
ROM[roms/astdelux/036430-02.d1] Addr=6640 Value=C0
ROM[roms/astdelux/036430-02.d1] Addr=6641 Value=01
ROM[roms/astdelux/036430-02.d1] Addr=6642 Value=F0
ROM[roms/astdelux/036430-02.d1] Addr=6643 Value=04
ROM[roms/astdelux/036430-02.d1] Addr=6644 Value=A0
ROM[roms/astdelux/036430-02.d1] Addr=6645 Value=00
ROM[roms/astdelux/036430-02.d1] Addr=6646 Value=F0
ROM[roms/astdelux/036430-02.d1] Addr=6647 Value=0C
ROM[roms/astdelux/036430-02.d1] Addr=6648 Value=A0
ROM[roms/astdelux/036430-02.d1] Addr=6649 Value=0B
ROM[roms/astdelux/036430-02.d1] Addr=664A Value=D0
ROM[roms/astdelux/036430-02.d1] Addr=664B Value=08
ROM[roms/astdelux/036430-02.d1] Addr=664C Value=A0
ROM[roms/astdelux/036430-02.d1] Addr=664D Value=24
ROM[roms/astdelux/036430-02.d1] Addr=664E Value=C0
ROM[roms/astdelux/036430-02.d1] Addr=664F Value=25
ROM[roms/astdelux/036430-02.d1] Addr=6650 Value=90
ROM[roms/astdelux/036430-02.d1] Addr=6651 Value=02
ROM[roms/astdelux/036430-02.d1] Addr=6652 Value=A0
ROM[roms/astdelux/036430-02.d1] Addr=6653 Value=00
ROM[roms/astdelux/036430-02.d1] Addr=6654 Value=94
ROM[roms/astdelux/036430-02.d1] Addr=6655 Value=44
ROM[roms/astdelux/036430-02.d1] Addr=6656 Value=A9
ROM[roms/astdelux/036430-02.d1] Addr=6657 Value=00
ROM[roms/astdelux/036430-02.d1] Addr=6658 Value=60
ROM[roms/astdelux/036430-02.d1] Addr=6659 Value=46
ROM[roms/astdelux/036430-02.d1] Addr=665A Value=73
ROM[roms/astdelux/036430-02.d1] Addr=665B Value=A5
ROM[roms/astdelux/036430-02.d1] Addr=665C Value=22
ROM[roms/astdelux/036430-02.d1] Addr=665D Value=F0
ROM[roms/astdelux/036430-02.d1] Addr=665E Value=21
ROM[roms/astdelux/036430-02.d1] Addr=665F Value=AD
ROM[roms/astdelux/036430-02.d1] Addr=6660 Value=19
ROM[roms/astdelux/036430-02.d1] Addr=6661 Value=02
ROM[roms/astdelux/036430-02.d1] Addr=6662 Value=30
ROM[roms/astdelux/036430-02.d1] Addr=6663 Value=1C
ROM[roms/astdelux/036430-02.d1] Addr=6664 Value=F0
ROM[roms/astdelux/036430-02.d1] Addr=6665 Value=1A
ROM[roms/astdelux/036430-02.d1] Addr=6666 Value=AD
ROM[roms/astdelux/036430-02.d1] Addr=6667 Value=EF
ROM[roms/astdelux/036430-02.d1] Addr=6668 Value=02
ROM[roms/astdelux/036430-02.d1] Addr=6669 Value=F0
ROM[roms/astdelux/036430-02.d1] Addr=666A Value=15
ROM[roms/astdelux/036430-02.d1] Addr=666B Value=0E
ROM[roms/astdelux/036430-02.d1] Addr=666C Value=03
ROM[roms/astdelux/036430-02.d1] Addr=666D Value=20
ROM[roms/astdelux/036430-02.d1] Addr=666E Value=66
ROM[roms/astdelux/036430-02.d1] Addr=666F Value=73
ROM[roms/astdelux/036430-02.d1] Addr=6670 Value=10
ROM[roms/astdelux/036430-02.d1] Addr=6671 Value=0E
ROM[roms/astdelux/036430-02.d1] Addr=6672 Value=A0
ROM[roms/astdelux/036430-02.d1] Addr=6673 Value=57
ROM[roms/astdelux/036430-02.d1] Addr=6674 Value=20
ROM[roms/astdelux/036430-02.d1] Addr=6675 Value=13
ROM[roms/astdelux/036430-02.d1] Addr=6676 Value=77
ROM[roms/astdelux/036430-02.d1] Addr=6677 Value=A5
ROM[roms/astdelux/036430-02.d1] Addr=6678 Value=76
ROM[roms/astdelux/036430-02.d1] Addr=6679 Value=29
ROM[roms/astdelux/036430-02.d1] Addr=667A Value=03
ROM[roms/astdelux/036430-02.d1] Addr=667B Value=D0
ROM[roms/astdelux/036430-02.d1] Addr=667C Value=03
ROM[roms/astdelux/036430-02.d1] Addr=667D Value=CE
ROM[roms/astdelux/036430-02.d1] Addr=667E Value=EF
ROM[roms/astdelux/036430-02.d1] Addr=667F Value=02
ROM[roms/astdelux/036430-02.d1] Addr=6680 Value=60
ROM[roms/astdelux/036430-02.d1] Addr=6681 Value=24
ROM[roms/astdelux/036430-02.d1] Addr=6682 Value=73
ROM[roms/astdelux/036430-02.d1] Addr=6683 Value=10
ROM[roms/astdelux/036430-02.d1] Addr=6684 Value=FB
ROM[roms/astdelux/036430-02.d1] Addr=6685 Value=AD
ROM[roms/astdelux/036430-02.d1] Addr=6686 Value=EF
ROM[roms/astdelux/036430-02.d1] Addr=6687 Value=02
ROM[roms/astdelux/036430-02.d1] Addr=6688 Value=29
ROM[roms/astdelux/036430-02.d1] Addr=6689 Value=F0
ROM[roms/astdelux/036430-02.d1] Addr=668A Value=C9
ROM[roms/astdelux/036430-02.d1] Addr=668B Value=60
ROM[roms/astdelux/036430-02.d1] Addr=668C Value=B0
ROM[roms/astdelux/036430-02.d1] Addr=668D Value=02
ROM[roms/astdelux/036430-02.d1] Addr=668E Value=A9
ROM[roms/astdelux/036430-02.d1] Addr=668F Value=60
ROM[roms/astdelux/036430-02.d1] Addr=6690 Value=48
ROM[roms/astdelux/036430-02.d1] Addr=6691 Value=A2
ROM[roms/astdelux/036430-02.d1] Addr=6692 Value=12
ROM[roms/astdelux/036430-02.d1] Addr=6693 Value=A9
ROM[roms/astdelux/036430-02.d1] Addr=6694 Value=50
ROM[roms/astdelux/036430-02.d1] Addr=6695 Value=86
ROM[roms/astdelux/036430-02.d1] Addr=6696 Value=10
ROM[roms/astdelux/036430-02.d1] Addr=6697 Value=85
ROM[roms/astdelux/036430-02.d1] Addr=6698 Value=11
ROM[roms/astdelux/036430-02.d1] Addr=6699 Value=A2
ROM[roms/astdelux/036430-02.d1] Addr=669A Value=00
ROM[roms/astdelux/036430-02.d1] Addr=669B Value=86
ROM[roms/astdelux/036430-02.d1] Addr=669C Value=09
ROM[roms/astdelux/036430-02.d1] Addr=669D Value=86
ROM[roms/astdelux/036430-02.d1] Addr=669E Value=0A
ROM[roms/astdelux/036430-02.d1] Addr=669F Value=86
ROM[roms/astdelux/036430-02.d1] Addr=66A0 Value=12
ROM[roms/astdelux/036430-02.d1] Addr=66A1 Value=20
ROM[roms/astdelux/036430-02.d1] Addr=66A2 Value=21
ROM[roms/astdelux/036430-02.d1] Addr=66A3 Value=62
ROM[roms/astdelux/036430-02.d1] Addr=66A4 Value=A2
ROM[roms/astdelux/036430-02.d1] Addr=66A5 Value=07
ROM[roms/astdelux/036430-02.d1] Addr=66A6 Value=68
ROM[roms/astdelux/036430-02.d1] Addr=66A7 Value=85
ROM[roms/astdelux/036430-02.d1] Addr=66A8 Value=09
ROM[roms/astdelux/036430-02.d1] Addr=66A9 Value=20
ROM[roms/astdelux/036430-02.d1] Addr=66AA Value=96
ROM[roms/astdelux/036430-02.d1] Addr=66AB Value=6E
ROM[roms/astdelux/036430-02.d1] Addr=66AC Value=A9
ROM[roms/astdelux/036430-02.d1] Addr=66AD Value=00
ROM[roms/astdelux/036430-02.d1] Addr=66AE Value=85
ROM[roms/astdelux/036430-02.d1] Addr=66AF Value=09
ROM[roms/astdelux/036430-02.d1] Addr=66B0 Value=4C
ROM[roms/astdelux/036430-02.d1] Addr=66B1 Value=96
ROM[roms/astdelux/036430-02.d1] Addr=66B2 Value=6E
ROM[roms/astdelux/036430-02.d1] Addr=66B3 Value=A9
ROM[roms/astdelux/036430-02.d1] Addr=66B4 Value=06
ROM[roms/astdelux/036430-02.d1] Addr=66B5 Value=8D
ROM[roms/astdelux/036430-02.d1] Addr=66B6 Value=EE
ROM[roms/astdelux/036430-02.d1] Addr=66B7 Value=02
ROM[roms/astdelux/036430-02.d1] Addr=66B8 Value=A2
ROM[roms/astdelux/036430-02.d1] Addr=66B9 Value=00
ROM[roms/astdelux/036430-02.d1] Addr=66BA Value=8A
ROM[roms/astdelux/036430-02.d1] Addr=66BB Value=9D
ROM[roms/astdelux/036430-02.d1] Addr=66BC Value=00
ROM[roms/astdelux/036430-02.d1] Addr=66BD Value=02
ROM[roms/astdelux/036430-02.d1] Addr=66BE Value=9D
ROM[roms/astdelux/036430-02.d1] Addr=66BF Value=00
ROM[roms/astdelux/036430-02.d1] Addr=66C0 Value=03
ROM[roms/astdelux/036430-02.d1] Addr=66C1 Value=E8
ROM[roms/astdelux/036430-02.d1] Addr=66C2 Value=D0
ROM[roms/astdelux/036430-02.d1] Addr=66C3 Value=F7
ROM[roms/astdelux/036430-02.d1] Addr=66C4 Value=60
ROM[roms/astdelux/036430-02.d1] Addr=66C5 Value=B9
ROM[roms/astdelux/036430-02.d1] Addr=66C6 Value=44
ROM[roms/astdelux/036430-02.d1] Addr=66C7 Value=00
ROM[roms/astdelux/036430-02.d1] Addr=66C8 Value=0A
ROM[roms/astdelux/036430-02.d1] Addr=66C9 Value=A8
ROM[roms/astdelux/036430-02.d1] Addr=66CA Value=D0
ROM[roms/astdelux/036430-02.d1] Addr=66CB Value=0D
ROM[roms/astdelux/036430-02.d1] Addr=66CC Value=A5
ROM[roms/astdelux/036430-02.d1] Addr=66CD Value=42
ROM[roms/astdelux/036430-02.d1] Addr=66CE Value=25
ROM[roms/astdelux/036430-02.d1] Addr=66CF Value=43
ROM[roms/astdelux/036430-02.d1] Addr=66D0 Value=30
ROM[roms/astdelux/036430-02.d1] Addr=66D1 Value=07
ROM[roms/astdelux/036430-02.d1] Addr=66D2 Value=A2
ROM[roms/astdelux/036430-02.d1] Addr=66D3 Value=B0
ROM[roms/astdelux/036430-02.d1] Addr=66D4 Value=A9
ROM[roms/astdelux/036430-02.d1] Addr=66D5 Value=56
ROM[roms/astdelux/036430-02.d1] Addr=66D6 Value=4C
ROM[roms/astdelux/036430-02.d1] Addr=66D7 Value=18
ROM[roms/astdelux/036430-02.d1] Addr=66D8 Value=7A
ROM[roms/astdelux/036430-02.d1] Addr=66D9 Value=4C
ROM[roms/astdelux/036430-02.d1] Addr=66DA Value=F8
ROM[roms/astdelux/036430-02.d1] Addr=66DB Value=79
ROM[roms/astdelux/036430-02.d1] Addr=66DC Value=A2
ROM[roms/astdelux/036430-02.d1] Addr=66DD Value=20
ROM[roms/astdelux/036430-02.d1] Addr=66DE Value=A9
ROM[roms/astdelux/036430-02.d1] Addr=66DF Value=00
ROM[roms/astdelux/036430-02.d1] Addr=66E0 Value=85
ROM[roms/astdelux/036430-02.d1] Addr=66E1 Value=19
ROM[roms/astdelux/036430-02.d1] Addr=66E2 Value=BD
ROM[roms/astdelux/036430-02.d1] Addr=66E3 Value=00
ROM[roms/astdelux/036430-02.d1] Addr=66E4 Value=02
ROM[roms/astdelux/036430-02.d1] Addr=66E5 Value=D0
ROM[roms/astdelux/036430-02.d1] Addr=66E6 Value=04
ROM[roms/astdelux/036430-02.d1] Addr=66E7 Value=CA
ROM[roms/astdelux/036430-02.d1] Addr=66E8 Value=10
ROM[roms/astdelux/036430-02.d1] Addr=66E9 Value=F8
ROM[roms/astdelux/036430-02.d1] Addr=66EA Value=60
ROM[roms/astdelux/036430-02.d1] Addr=66EB Value=10
ROM[roms/astdelux/036430-02.d1] Addr=66EC Value=63
ROM[roms/astdelux/036430-02.d1] Addr=66ED Value=20
ROM[roms/astdelux/036430-02.d1] Addr=66EE Value=B6
ROM[roms/astdelux/036430-02.d1] Addr=66EF Value=70
ROM[roms/astdelux/036430-02.d1] Addr=66F0 Value=4A
ROM[roms/astdelux/036430-02.d1] Addr=66F1 Value=4A
ROM[roms/astdelux/036430-02.d1] Addr=66F2 Value=4A
ROM[roms/astdelux/036430-02.d1] Addr=66F3 Value=4A
ROM[roms/astdelux/036430-02.d1] Addr=66F4 Value=E0
ROM[roms/astdelux/036430-02.d1] Addr=66F5 Value=19
ROM[roms/astdelux/036430-02.d1] Addr=66F6 Value=D0
ROM[roms/astdelux/036430-02.d1] Addr=66F7 Value=07
ROM[roms/astdelux/036430-02.d1] Addr=66F8 Value=A5
ROM[roms/astdelux/036430-02.d1] Addr=66F9 Value=76
ROM[roms/astdelux/036430-02.d1] Addr=66FA Value=29
ROM[roms/astdelux/036430-02.d1] Addr=66FB Value=01
ROM[roms/astdelux/036430-02.d1] Addr=66FC Value=4A
ROM[roms/astdelux/036430-02.d1] Addr=66FD Value=F0
ROM[roms/astdelux/036430-02.d1] Addr=66FE Value=01
ROM[roms/astdelux/036430-02.d1] Addr=66FF Value=38
ROM[roms/astdelux/036430-02.d1] Addr=6700 Value=7D
ROM[roms/astdelux/036430-02.d1] Addr=6701 Value=00
ROM[roms/astdelux/036430-02.d1] Addr=6702 Value=02
ROM[roms/astdelux/036430-02.d1] Addr=6703 Value=30
ROM[roms/astdelux/036430-02.d1] Addr=6704 Value=25
ROM[roms/astdelux/036430-02.d1] Addr=6705 Value=E0
ROM[roms/astdelux/036430-02.d1] Addr=6706 Value=19
ROM[roms/astdelux/036430-02.d1] Addr=6707 Value=F0
ROM[roms/astdelux/036430-02.d1] Addr=6708 Value=13
ROM[roms/astdelux/036430-02.d1] Addr=6709 Value=B0
ROM[roms/astdelux/036430-02.d1] Addr=670A Value=17
ROM[roms/astdelux/036430-02.d1] Addr=670B Value=CE
ROM[roms/astdelux/036430-02.d1] Addr=670C Value=E7
ROM[roms/astdelux/036430-02.d1] Addr=670D Value=02
ROM[roms/astdelux/036430-02.d1] Addr=670E Value=D0
ROM[roms/astdelux/036430-02.d1] Addr=670F Value=05
ROM[roms/astdelux/036430-02.d1] Addr=6710 Value=A0
ROM[roms/astdelux/036430-02.d1] Addr=6711 Value=7F
ROM[roms/astdelux/036430-02.d1] Addr=6712 Value=8C
ROM[roms/astdelux/036430-02.d1] Addr=6713 Value=EC
ROM[roms/astdelux/036430-02.d1] Addr=6714 Value=02
ROM[roms/astdelux/036430-02.d1] Addr=6715 Value=A9
ROM[roms/astdelux/036430-02.d1] Addr=6716 Value=00
ROM[roms/astdelux/036430-02.d1] Addr=6717 Value=9D
ROM[roms/astdelux/036430-02.d1] Addr=6718 Value=00
ROM[roms/astdelux/036430-02.d1] Addr=6719 Value=02
ROM[roms/astdelux/036430-02.d1] Addr=671A Value=F0
ROM[roms/astdelux/036430-02.d1] Addr=671B Value=CB
ROM[roms/astdelux/036430-02.d1] Addr=671C Value=20
ROM[roms/astdelux/036430-02.d1] Addr=671D Value=1B
ROM[roms/astdelux/036430-02.d1] Addr=671E Value=6A
ROM[roms/astdelux/036430-02.d1] Addr=671F Value=4C
ROM[roms/astdelux/036430-02.d1] Addr=6720 Value=15
ROM[roms/astdelux/036430-02.d1] Addr=6721 Value=67
ROM[roms/astdelux/036430-02.d1] Addr=6722 Value=AD
ROM[roms/astdelux/036430-02.d1] Addr=6723 Value=E9
ROM[roms/astdelux/036430-02.d1] Addr=6724 Value=02
ROM[roms/astdelux/036430-02.d1] Addr=6725 Value=8D
ROM[roms/astdelux/036430-02.d1] Addr=6726 Value=E8
ROM[roms/astdelux/036430-02.d1] Addr=6727 Value=02
ROM[roms/astdelux/036430-02.d1] Addr=6728 Value=D0
ROM[roms/astdelux/036430-02.d1] Addr=6729 Value=EB
ROM[roms/astdelux/036430-02.d1] Addr=672A Value=9D
ROM[roms/astdelux/036430-02.d1] Addr=672B Value=00
ROM[roms/astdelux/036430-02.d1] Addr=672C Value=02
ROM[roms/astdelux/036430-02.d1] Addr=672D Value=29
ROM[roms/astdelux/036430-02.d1] Addr=672E Value=F0
ROM[roms/astdelux/036430-02.d1] Addr=672F Value=18
ROM[roms/astdelux/036430-02.d1] Addr=6730 Value=69
ROM[roms/astdelux/036430-02.d1] Addr=6731 Value=10
ROM[roms/astdelux/036430-02.d1] Addr=6732 Value=E0
ROM[roms/astdelux/036430-02.d1] Addr=6733 Value=19
ROM[roms/astdelux/036430-02.d1] Addr=6734 Value=D0
ROM[roms/astdelux/036430-02.d1] Addr=6735 Value=02
ROM[roms/astdelux/036430-02.d1] Addr=6736 Value=A9
ROM[roms/astdelux/036430-02.d1] Addr=6737 Value=F0
ROM[roms/astdelux/036430-02.d1] Addr=6738 Value=A8
ROM[roms/astdelux/036430-02.d1] Addr=6739 Value=BD
ROM[roms/astdelux/036430-02.d1] Addr=673A Value=A5
ROM[roms/astdelux/036430-02.d1] Addr=673B Value=02
ROM[roms/astdelux/036430-02.d1] Addr=673C Value=85
ROM[roms/astdelux/036430-02.d1] Addr=673D Value=05
ROM[roms/astdelux/036430-02.d1] Addr=673E Value=BD
ROM[roms/astdelux/036430-02.d1] Addr=673F Value=63
ROM[roms/astdelux/036430-02.d1] Addr=6740 Value=02
ROM[roms/astdelux/036430-02.d1] Addr=6741 Value=85
ROM[roms/astdelux/036430-02.d1] Addr=6742 Value=06
ROM[roms/astdelux/036430-02.d1] Addr=6743 Value=BD
ROM[roms/astdelux/036430-02.d1] Addr=6744 Value=C6
ROM[roms/astdelux/036430-02.d1] Addr=6745 Value=02
ROM[roms/astdelux/036430-02.d1] Addr=6746 Value=85
ROM[roms/astdelux/036430-02.d1] Addr=6747 Value=07
ROM[roms/astdelux/036430-02.d1] Addr=6748 Value=BD
ROM[roms/astdelux/036430-02.d1] Addr=6749 Value=84
ROM[roms/astdelux/036430-02.d1] Addr=674A Value=02
ROM[roms/astdelux/036430-02.d1] Addr=674B Value=85
ROM[roms/astdelux/036430-02.d1] Addr=674C Value=08
ROM[roms/astdelux/036430-02.d1] Addr=674D Value=4C
ROM[roms/astdelux/036430-02.d1] Addr=674E Value=E5
ROM[roms/astdelux/036430-02.d1] Addr=674F Value=67
ROM[roms/astdelux/036430-02.d1] Addr=6750 Value=85
ROM[roms/astdelux/036430-02.d1] Addr=6751 Value=1B
ROM[roms/astdelux/036430-02.d1] Addr=6752 Value=06
ROM[roms/astdelux/036430-02.d1] Addr=6753 Value=1B
ROM[roms/astdelux/036430-02.d1] Addr=6754 Value=10
ROM[roms/astdelux/036430-02.d1] Addr=6755 Value=15
ROM[roms/astdelux/036430-02.d1] Addr=6756 Value=E0
ROM[roms/astdelux/036430-02.d1] Addr=6757 Value=19
ROM[roms/astdelux/036430-02.d1] Addr=6758 Value=B0
ROM[roms/astdelux/036430-02.d1] Addr=6759 Value=11
ROM[roms/astdelux/036430-02.d1] Addr=675A Value=29
ROM[roms/astdelux/036430-02.d1] Addr=675B Value=3C
ROM[roms/astdelux/036430-02.d1] Addr=675C Value=4A
ROM[roms/astdelux/036430-02.d1] Addr=675D Value=4A
ROM[roms/astdelux/036430-02.d1] Addr=675E Value=A8
ROM[roms/astdelux/036430-02.d1] Addr=675F Value=84
ROM[roms/astdelux/036430-02.d1] Addr=6760 Value=1C
ROM[roms/astdelux/036430-02.d1] Addr=6761 Value=B9
ROM[roms/astdelux/036430-02.d1] Addr=6762 Value=F8
ROM[roms/astdelux/036430-02.d1] Addr=6763 Value=02
ROM[roms/astdelux/036430-02.d1] Addr=6764 Value=85
ROM[roms/astdelux/036430-02.d1] Addr=6765 Value=1D
ROM[roms/astdelux/036430-02.d1] Addr=6766 Value=30
ROM[roms/astdelux/036430-02.d1] Addr=6767 Value=03
ROM[roms/astdelux/036430-02.d1] Addr=6768 Value=20
ROM[roms/astdelux/036430-02.d1] Addr=6769 Value=BE
ROM[roms/astdelux/036430-02.d1] Addr=676A Value=48
ROM[roms/astdelux/036430-02.d1] Addr=676B Value=A0
ROM[roms/astdelux/036430-02.d1] Addr=676C Value=00
ROM[roms/astdelux/036430-02.d1] Addr=676D Value=18
ROM[roms/astdelux/036430-02.d1] Addr=676E Value=BD
ROM[roms/astdelux/036430-02.d1] Addr=676F Value=21
ROM[roms/astdelux/036430-02.d1] Addr=6770 Value=02
ROM[roms/astdelux/036430-02.d1] Addr=6771 Value=10
ROM[roms/astdelux/036430-02.d1] Addr=6772 Value=01
ROM[roms/astdelux/036430-02.d1] Addr=6773 Value=88
ROM[roms/astdelux/036430-02.d1] Addr=6774 Value=7D
ROM[roms/astdelux/036430-02.d1] Addr=6775 Value=A5
ROM[roms/astdelux/036430-02.d1] Addr=6776 Value=02
ROM[roms/astdelux/036430-02.d1] Addr=6777 Value=9D
ROM[roms/astdelux/036430-02.d1] Addr=6778 Value=A5
ROM[roms/astdelux/036430-02.d1] Addr=6779 Value=02
ROM[roms/astdelux/036430-02.d1] Addr=677A Value=85
ROM[roms/astdelux/036430-02.d1] Addr=677B Value=05
ROM[roms/astdelux/036430-02.d1] Addr=677C Value=98
ROM[roms/astdelux/036430-02.d1] Addr=677D Value=7D
ROM[roms/astdelux/036430-02.d1] Addr=677E Value=63
ROM[roms/astdelux/036430-02.d1] Addr=677F Value=02
ROM[roms/astdelux/036430-02.d1] Addr=6780 Value=C9
ROM[roms/astdelux/036430-02.d1] Addr=6781 Value=20
ROM[roms/astdelux/036430-02.d1] Addr=6782 Value=90
ROM[roms/astdelux/036430-02.d1] Addr=6783 Value=2A
ROM[roms/astdelux/036430-02.d1] Addr=6784 Value=E0
ROM[roms/astdelux/036430-02.d1] Addr=6785 Value=1A
ROM[roms/astdelux/036430-02.d1] Addr=6786 Value=D0
ROM[roms/astdelux/036430-02.d1] Addr=6787 Value=06
ROM[roms/astdelux/036430-02.d1] Addr=6788 Value=20
ROM[roms/astdelux/036430-02.d1] Addr=6789 Value=EB
ROM[roms/astdelux/036430-02.d1] Addr=678A Value=67
ROM[roms/astdelux/036430-02.d1] Addr=678B Value=4C
ROM[roms/astdelux/036430-02.d1] Addr=678C Value=E7
ROM[roms/astdelux/036430-02.d1] Addr=678D Value=66
ROM[roms/astdelux/036430-02.d1] Addr=678E Value=24
ROM[roms/astdelux/036430-02.d1] Addr=678F Value=1B
ROM[roms/astdelux/036430-02.d1] Addr=6790 Value=10
ROM[roms/astdelux/036430-02.d1] Addr=6791 Value=1A
ROM[roms/astdelux/036430-02.d1] Addr=6792 Value=A4
ROM[roms/astdelux/036430-02.d1] Addr=6793 Value=1D
ROM[roms/astdelux/036430-02.d1] Addr=6794 Value=30
ROM[roms/astdelux/036430-02.d1] Addr=6795 Value=16
ROM[roms/astdelux/036430-02.d1] Addr=6796 Value=C0
ROM[roms/astdelux/036430-02.d1] Addr=6797 Value=04
ROM[roms/astdelux/036430-02.d1] Addr=6798 Value=B0
ROM[roms/astdelux/036430-02.d1] Addr=6799 Value=12
ROM[roms/astdelux/036430-02.d1] Addr=679A Value=CE
ROM[roms/astdelux/036430-02.d1] Addr=679B Value=E7
ROM[roms/astdelux/036430-02.d1] Addr=679C Value=02
ROM[roms/astdelux/036430-02.d1] Addr=679D Value=CE
ROM[roms/astdelux/036430-02.d1] Addr=679E Value=FF
ROM[roms/astdelux/036430-02.d1] Addr=679F Value=02
ROM[roms/astdelux/036430-02.d1] Addr=67A0 Value=A4
ROM[roms/astdelux/036430-02.d1] Addr=67A1 Value=1C
ROM[roms/astdelux/036430-02.d1] Addr=67A2 Value=A9
ROM[roms/astdelux/036430-02.d1] Addr=67A3 Value=00
ROM[roms/astdelux/036430-02.d1] Addr=67A4 Value=9D
ROM[roms/astdelux/036430-02.d1] Addr=67A5 Value=00
ROM[roms/astdelux/036430-02.d1] Addr=67A6 Value=02
ROM[roms/astdelux/036430-02.d1] Addr=67A7 Value=99
ROM[roms/astdelux/036430-02.d1] Addr=67A8 Value=F8
ROM[roms/astdelux/036430-02.d1] Addr=67A9 Value=02
ROM[roms/astdelux/036430-02.d1] Addr=67AA Value=F0
ROM[roms/astdelux/036430-02.d1] Addr=67AB Value=DF
ROM[roms/astdelux/036430-02.d1] Addr=67AC Value=29
ROM[roms/astdelux/036430-02.d1] Addr=67AD Value=1F
ROM[roms/astdelux/036430-02.d1] Addr=67AE Value=9D
ROM[roms/astdelux/036430-02.d1] Addr=67AF Value=63
ROM[roms/astdelux/036430-02.d1] Addr=67B0 Value=02
ROM[roms/astdelux/036430-02.d1] Addr=67B1 Value=29
ROM[roms/astdelux/036430-02.d1] Addr=67B2 Value=7F
ROM[roms/astdelux/036430-02.d1] Addr=67B3 Value=85
ROM[roms/astdelux/036430-02.d1] Addr=67B4 Value=06
ROM[roms/astdelux/036430-02.d1] Addr=67B5 Value=18
ROM[roms/astdelux/036430-02.d1] Addr=67B6 Value=A0
ROM[roms/astdelux/036430-02.d1] Addr=67B7 Value=00
ROM[roms/astdelux/036430-02.d1] Addr=67B8 Value=BD
ROM[roms/astdelux/036430-02.d1] Addr=67B9 Value=42
ROM[roms/astdelux/036430-02.d1] Addr=67BA Value=02
ROM[roms/astdelux/036430-02.d1] Addr=67BB Value=10
ROM[roms/astdelux/036430-02.d1] Addr=67BC Value=01
ROM[roms/astdelux/036430-02.d1] Addr=67BD Value=88
ROM[roms/astdelux/036430-02.d1] Addr=67BE Value=7D
ROM[roms/astdelux/036430-02.d1] Addr=67BF Value=C6
ROM[roms/astdelux/036430-02.d1] Addr=67C0 Value=02
ROM[roms/astdelux/036430-02.d1] Addr=67C1 Value=9D
ROM[roms/astdelux/036430-02.d1] Addr=67C2 Value=C6
ROM[roms/astdelux/036430-02.d1] Addr=67C3 Value=02
ROM[roms/astdelux/036430-02.d1] Addr=67C4 Value=85
ROM[roms/astdelux/036430-02.d1] Addr=67C5 Value=07
ROM[roms/astdelux/036430-02.d1] Addr=67C6 Value=98
ROM[roms/astdelux/036430-02.d1] Addr=67C7 Value=7D
ROM[roms/astdelux/036430-02.d1] Addr=67C8 Value=84
ROM[roms/astdelux/036430-02.d1] Addr=67C9 Value=02
ROM[roms/astdelux/036430-02.d1] Addr=67CA Value=C9
ROM[roms/astdelux/036430-02.d1] Addr=67CB Value=18
ROM[roms/astdelux/036430-02.d1] Addr=67CC Value=90
ROM[roms/astdelux/036430-02.d1] Addr=67CD Value=08
ROM[roms/astdelux/036430-02.d1] Addr=67CE Value=F0
ROM[roms/astdelux/036430-02.d1] Addr=67CF Value=04
ROM[roms/astdelux/036430-02.d1] Addr=67D0 Value=A9
ROM[roms/astdelux/036430-02.d1] Addr=67D1 Value=17
ROM[roms/astdelux/036430-02.d1] Addr=67D2 Value=D0
ROM[roms/astdelux/036430-02.d1] Addr=67D3 Value=02
ROM[roms/astdelux/036430-02.d1] Addr=67D4 Value=A9
ROM[roms/astdelux/036430-02.d1] Addr=67D5 Value=00
ROM[roms/astdelux/036430-02.d1] Addr=67D6 Value=9D
ROM[roms/astdelux/036430-02.d1] Addr=67D7 Value=84
ROM[roms/astdelux/036430-02.d1] Addr=67D8 Value=02
ROM[roms/astdelux/036430-02.d1] Addr=67D9 Value=85
ROM[roms/astdelux/036430-02.d1] Addr=67DA Value=08
ROM[roms/astdelux/036430-02.d1] Addr=67DB Value=BD
ROM[roms/astdelux/036430-02.d1] Addr=67DC Value=00
ROM[roms/astdelux/036430-02.d1] Addr=67DD Value=02
ROM[roms/astdelux/036430-02.d1] Addr=67DE Value=29
ROM[roms/astdelux/036430-02.d1] Addr=67DF Value=03
ROM[roms/astdelux/036430-02.d1] Addr=67E0 Value=A8
ROM[roms/astdelux/036430-02.d1] Addr=67E1 Value=B9
ROM[roms/astdelux/036430-02.d1] Addr=67E2 Value=0C
ROM[roms/astdelux/036430-02.d1] Addr=67E3 Value=68
ROM[roms/astdelux/036430-02.d1] Addr=67E4 Value=A8
ROM[roms/astdelux/036430-02.d1] Addr=67E5 Value=20
ROM[roms/astdelux/036430-02.d1] Addr=67E6 Value=A8
ROM[roms/astdelux/036430-02.d1] Addr=67E7 Value=6B
ROM[roms/astdelux/036430-02.d1] Addr=67E8 Value=4C
ROM[roms/astdelux/036430-02.d1] Addr=67E9 Value=E7
ROM[roms/astdelux/036430-02.d1] Addr=67EA Value=66
ROM[roms/astdelux/036430-02.d1] Addr=67EB Value=AD
ROM[roms/astdelux/036430-02.d1] Addr=67EC Value=E9
ROM[roms/astdelux/036430-02.d1] Addr=67ED Value=02
ROM[roms/astdelux/036430-02.d1] Addr=67EE Value=8D
ROM[roms/astdelux/036430-02.d1] Addr=67EF Value=E8
ROM[roms/astdelux/036430-02.d1] Addr=67F0 Value=02
ROM[roms/astdelux/036430-02.d1] Addr=67F1 Value=98
ROM[roms/astdelux/036430-02.d1] Addr=67F2 Value=48
ROM[roms/astdelux/036430-02.d1] Addr=67F3 Value=A0
ROM[roms/astdelux/036430-02.d1] Addr=67F4 Value=17
ROM[roms/astdelux/036430-02.d1] Addr=67F5 Value=20
ROM[roms/astdelux/036430-02.d1] Addr=67F6 Value=0D
ROM[roms/astdelux/036430-02.d1] Addr=67F7 Value=77
ROM[roms/astdelux/036430-02.d1] Addr=67F8 Value=68
ROM[roms/astdelux/036430-02.d1] Addr=67F9 Value=A8
ROM[roms/astdelux/036430-02.d1] Addr=67FA Value=A9
ROM[roms/astdelux/036430-02.d1] Addr=67FB Value=00
ROM[roms/astdelux/036430-02.d1] Addr=67FC Value=8D
ROM[roms/astdelux/036430-02.d1] Addr=67FD Value=1A
ROM[roms/astdelux/036430-02.d1] Addr=67FE Value=02
ROM[roms/astdelux/036430-02.d1] Addr=67FF Value=8D
ROM[roms/astdelux/036431-02.ef1] Addr=6800 Value=3B
ROM[roms/astdelux/036431-02.ef1] Addr=6801 Value=02
ROM[roms/astdelux/036431-02.ef1] Addr=6802 Value=8D
ROM[roms/astdelux/036431-02.ef1] Addr=6803 Value=5C
ROM[roms/astdelux/036431-02.ef1] Addr=6804 Value=02
ROM[roms/astdelux/036431-02.ef1] Addr=6805 Value=8D
ROM[roms/astdelux/036431-02.ef1] Addr=6806 Value=7D
ROM[roms/astdelux/036431-02.ef1] Addr=6807 Value=02
ROM[roms/astdelux/036431-02.ef1] Addr=6808 Value=8D
ROM[roms/astdelux/036431-02.ef1] Addr=6809 Value=BF
ROM[roms/astdelux/036431-02.ef1] Addr=680A Value=02
ROM[roms/astdelux/036431-02.ef1] Addr=680B Value=60
ROM[roms/astdelux/036431-02.ef1] Addr=680C Value=00
ROM[roms/astdelux/036431-02.ef1] Addr=680D Value=E0
ROM[roms/astdelux/036431-02.ef1] Addr=680E Value=F0
ROM[roms/astdelux/036431-02.ef1] Addr=680F Value=E0
ROM[roms/astdelux/036431-02.ef1] Addr=6810 Value=A5
ROM[roms/astdelux/036431-02.ef1] Addr=6811 Value=22
ROM[roms/astdelux/036431-02.ef1] Addr=6812 Value=F0
ROM[roms/astdelux/036431-02.ef1] Addr=6813 Value=F7
ROM[roms/astdelux/036431-02.ef1] Addr=6814 Value=AD
ROM[roms/astdelux/036431-02.ef1] Addr=6815 Value=19
ROM[roms/astdelux/036431-02.ef1] Addr=6816 Value=02
ROM[roms/astdelux/036431-02.ef1] Addr=6817 Value=30
ROM[roms/astdelux/036431-02.ef1] Addr=6818 Value=F2
ROM[roms/astdelux/036431-02.ef1] Addr=6819 Value=D0
ROM[roms/astdelux/036431-02.ef1] Addr=681A Value=16
ROM[roms/astdelux/036431-02.ef1] Addr=681B Value=CE
ROM[roms/astdelux/036431-02.ef1] Addr=681C Value=EB
ROM[roms/astdelux/036431-02.ef1] Addr=681D Value=02
ROM[roms/astdelux/036431-02.ef1] Addr=681E Value=D0
ROM[roms/astdelux/036431-02.ef1] Addr=681F Value=EB
ROM[roms/astdelux/036431-02.ef1] Addr=6820 Value=20
ROM[roms/astdelux/036431-02.ef1] Addr=6821 Value=FE
ROM[roms/astdelux/036431-02.ef1] Addr=6822 Value=68
ROM[roms/astdelux/036431-02.ef1] Addr=6823 Value=D0
ROM[roms/astdelux/036431-02.ef1] Addr=6824 Value=E6
ROM[roms/astdelux/036431-02.ef1] Addr=6825 Value=A2
ROM[roms/astdelux/036431-02.ef1] Addr=6826 Value=01
ROM[roms/astdelux/036431-02.ef1] Addr=6827 Value=8E
ROM[roms/astdelux/036431-02.ef1] Addr=6828 Value=19
ROM[roms/astdelux/036431-02.ef1] Addr=6829 Value=02
ROM[roms/astdelux/036431-02.ef1] Addr=682A Value=86
ROM[roms/astdelux/036431-02.ef1] Addr=682B Value=8B
ROM[roms/astdelux/036431-02.ef1] Addr=682C Value=A0
ROM[roms/astdelux/036431-02.ef1] Addr=682D Value=47
ROM[roms/astdelux/036431-02.ef1] Addr=682E Value=4C
ROM[roms/astdelux/036431-02.ef1] Addr=682F Value=16
ROM[roms/astdelux/036431-02.ef1] Addr=6830 Value=77
ROM[roms/astdelux/036431-02.ef1] Addr=6831 Value=AD
ROM[roms/astdelux/036431-02.ef1] Addr=6832 Value=07
ROM[roms/astdelux/036431-02.ef1] Addr=6833 Value=24
ROM[roms/astdelux/036431-02.ef1] Addr=6834 Value=10
ROM[roms/astdelux/036431-02.ef1] Addr=6835 Value=04
ROM[roms/astdelux/036431-02.ef1] Addr=6836 Value=A9
ROM[roms/astdelux/036431-02.ef1] Addr=6837 Value=03
ROM[roms/astdelux/036431-02.ef1] Addr=6838 Value=D0
ROM[roms/astdelux/036431-02.ef1] Addr=6839 Value=07
ROM[roms/astdelux/036431-02.ef1] Addr=683A Value=AD
ROM[roms/astdelux/036431-02.ef1] Addr=683B Value=06
ROM[roms/astdelux/036431-02.ef1] Addr=683C Value=24
ROM[roms/astdelux/036431-02.ef1] Addr=683D Value=10
ROM[roms/astdelux/036431-02.ef1] Addr=683E Value=07
ROM[roms/astdelux/036431-02.ef1] Addr=683F Value=A9
ROM[roms/astdelux/036431-02.ef1] Addr=6840 Value=FD
ROM[roms/astdelux/036431-02.ef1] Addr=6841 Value=18
ROM[roms/astdelux/036431-02.ef1] Addr=6842 Value=65
ROM[roms/astdelux/036431-02.ef1] Addr=6843 Value=79
ROM[roms/astdelux/036431-02.ef1] Addr=6844 Value=85
ROM[roms/astdelux/036431-02.ef1] Addr=6845 Value=79
ROM[roms/astdelux/036431-02.ef1] Addr=6846 Value=A5
ROM[roms/astdelux/036431-02.ef1] Addr=6847 Value=76
ROM[roms/astdelux/036431-02.ef1] Addr=6848 Value=4A
ROM[roms/astdelux/036431-02.ef1] Addr=6849 Value=B0
ROM[roms/astdelux/036431-02.ef1] Addr=684A Value=C0
ROM[roms/astdelux/036431-02.ef1] Addr=684B Value=AD
ROM[roms/astdelux/036431-02.ef1] Addr=684C Value=05
ROM[roms/astdelux/036431-02.ef1] Addr=684D Value=24
ROM[roms/astdelux/036431-02.ef1] Addr=684E Value=10
ROM[roms/astdelux/036431-02.ef1] Addr=684F Value=35
ROM[roms/astdelux/036431-02.ef1] Addr=6850 Value=A9
ROM[roms/astdelux/036431-02.ef1] Addr=6851 Value=40
ROM[roms/astdelux/036431-02.ef1] Addr=6852 Value=85
ROM[roms/astdelux/036431-02.ef1] Addr=6853 Value=12
ROM[roms/astdelux/036431-02.ef1] Addr=6854 Value=AD
ROM[roms/astdelux/036431-02.ef1] Addr=6855 Value=3A
ROM[roms/astdelux/036431-02.ef1] Addr=6856 Value=02
ROM[roms/astdelux/036431-02.ef1] Addr=6857 Value=20
ROM[roms/astdelux/036431-02.ef1] Addr=6858 Value=B6
ROM[roms/astdelux/036431-02.ef1] Addr=6859 Value=68
ROM[roms/astdelux/036431-02.ef1] Addr=685A Value=65
ROM[roms/astdelux/036431-02.ef1] Addr=685B Value=7C
ROM[roms/astdelux/036431-02.ef1] Addr=685C Value=AA
ROM[roms/astdelux/036431-02.ef1] Addr=685D Value=A5
ROM[roms/astdelux/036431-02.ef1] Addr=685E Value=11
ROM[roms/astdelux/036431-02.ef1] Addr=685F Value=6D
ROM[roms/astdelux/036431-02.ef1] Addr=6860 Value=3A
ROM[roms/astdelux/036431-02.ef1] Addr=6861 Value=02
ROM[roms/astdelux/036431-02.ef1] Addr=6862 Value=20
ROM[roms/astdelux/036431-02.ef1] Addr=6863 Value=EA
ROM[roms/astdelux/036431-02.ef1] Addr=6864 Value=68
ROM[roms/astdelux/036431-02.ef1] Addr=6865 Value=8D
ROM[roms/astdelux/036431-02.ef1] Addr=6866 Value=3A
ROM[roms/astdelux/036431-02.ef1] Addr=6867 Value=02
ROM[roms/astdelux/036431-02.ef1] Addr=6868 Value=86
ROM[roms/astdelux/036431-02.ef1] Addr=6869 Value=7C
ROM[roms/astdelux/036431-02.ef1] Addr=686A Value=A9
ROM[roms/astdelux/036431-02.ef1] Addr=686B Value=00
ROM[roms/astdelux/036431-02.ef1] Addr=686C Value=85
ROM[roms/astdelux/036431-02.ef1] Addr=686D Value=12
ROM[roms/astdelux/036431-02.ef1] Addr=686E Value=AD
ROM[roms/astdelux/036431-02.ef1] Addr=686F Value=5B
ROM[roms/astdelux/036431-02.ef1] Addr=6870 Value=02
ROM[roms/astdelux/036431-02.ef1] Addr=6871 Value=20
ROM[roms/astdelux/036431-02.ef1] Addr=6872 Value=B6
ROM[roms/astdelux/036431-02.ef1] Addr=6873 Value=68
ROM[roms/astdelux/036431-02.ef1] Addr=6874 Value=65
ROM[roms/astdelux/036431-02.ef1] Addr=6875 Value=7D
ROM[roms/astdelux/036431-02.ef1] Addr=6876 Value=AA
ROM[roms/astdelux/036431-02.ef1] Addr=6877 Value=A5
ROM[roms/astdelux/036431-02.ef1] Addr=6878 Value=11
ROM[roms/astdelux/036431-02.ef1] Addr=6879 Value=6D
ROM[roms/astdelux/036431-02.ef1] Addr=687A Value=5B
ROM[roms/astdelux/036431-02.ef1] Addr=687B Value=02
ROM[roms/astdelux/036431-02.ef1] Addr=687C Value=20
ROM[roms/astdelux/036431-02.ef1] Addr=687D Value=EA
ROM[roms/astdelux/036431-02.ef1] Addr=687E Value=68
ROM[roms/astdelux/036431-02.ef1] Addr=687F Value=8D
ROM[roms/astdelux/036431-02.ef1] Addr=6880 Value=5B
ROM[roms/astdelux/036431-02.ef1] Addr=6881 Value=02
ROM[roms/astdelux/036431-02.ef1] Addr=6882 Value=86
ROM[roms/astdelux/036431-02.ef1] Addr=6883 Value=7D
ROM[roms/astdelux/036431-02.ef1] Addr=6884 Value=60
ROM[roms/astdelux/036431-02.ef1] Addr=6885 Value=A9
ROM[roms/astdelux/036431-02.ef1] Addr=6886 Value=00
ROM[roms/astdelux/036431-02.ef1] Addr=6887 Value=AA
ROM[roms/astdelux/036431-02.ef1] Addr=6888 Value=38
ROM[roms/astdelux/036431-02.ef1] Addr=6889 Value=ED
ROM[roms/astdelux/036431-02.ef1] Addr=688A Value=3A
ROM[roms/astdelux/036431-02.ef1] Addr=688B Value=02
ROM[roms/astdelux/036431-02.ef1] Addr=688C Value=0A
ROM[roms/astdelux/036431-02.ef1] Addr=688D Value=0A
ROM[roms/astdelux/036431-02.ef1] Addr=688E Value=90
ROM[roms/astdelux/036431-02.ef1] Addr=688F Value=02
ROM[roms/astdelux/036431-02.ef1] Addr=6890 Value=CA
ROM[roms/astdelux/036431-02.ef1] Addr=6891 Value=18
ROM[roms/astdelux/036431-02.ef1] Addr=6892 Value=65
ROM[roms/astdelux/036431-02.ef1] Addr=6893 Value=7C
ROM[roms/astdelux/036431-02.ef1] Addr=6894 Value=85
ROM[roms/astdelux/036431-02.ef1] Addr=6895 Value=7C
ROM[roms/astdelux/036431-02.ef1] Addr=6896 Value=8A
ROM[roms/astdelux/036431-02.ef1] Addr=6897 Value=6D
ROM[roms/astdelux/036431-02.ef1] Addr=6898 Value=3A
ROM[roms/astdelux/036431-02.ef1] Addr=6899 Value=02
ROM[roms/astdelux/036431-02.ef1] Addr=689A Value=8D
ROM[roms/astdelux/036431-02.ef1] Addr=689B Value=3A
ROM[roms/astdelux/036431-02.ef1] Addr=689C Value=02
ROM[roms/astdelux/036431-02.ef1] Addr=689D Value=A9
ROM[roms/astdelux/036431-02.ef1] Addr=689E Value=00
ROM[roms/astdelux/036431-02.ef1] Addr=689F Value=AA
ROM[roms/astdelux/036431-02.ef1] Addr=68A0 Value=38
ROM[roms/astdelux/036431-02.ef1] Addr=68A1 Value=ED
ROM[roms/astdelux/036431-02.ef1] Addr=68A2 Value=5B
ROM[roms/astdelux/036431-02.ef1] Addr=68A3 Value=02
ROM[roms/astdelux/036431-02.ef1] Addr=68A4 Value=0A
ROM[roms/astdelux/036431-02.ef1] Addr=68A5 Value=0A
ROM[roms/astdelux/036431-02.ef1] Addr=68A6 Value=90
ROM[roms/astdelux/036431-02.ef1] Addr=68A7 Value=02
ROM[roms/astdelux/036431-02.ef1] Addr=68A8 Value=CA
ROM[roms/astdelux/036431-02.ef1] Addr=68A9 Value=18
ROM[roms/astdelux/036431-02.ef1] Addr=68AA Value=65
ROM[roms/astdelux/036431-02.ef1] Addr=68AB Value=7D
ROM[roms/astdelux/036431-02.ef1] Addr=68AC Value=85
ROM[roms/astdelux/036431-02.ef1] Addr=68AD Value=7D
ROM[roms/astdelux/036431-02.ef1] Addr=68AE Value=8A
ROM[roms/astdelux/036431-02.ef1] Addr=68AF Value=6D
ROM[roms/astdelux/036431-02.ef1] Addr=68B0 Value=5B
ROM[roms/astdelux/036431-02.ef1] Addr=68B1 Value=02
ROM[roms/astdelux/036431-02.ef1] Addr=68B2 Value=8D
ROM[roms/astdelux/036431-02.ef1] Addr=68B3 Value=5B
ROM[roms/astdelux/036431-02.ef1] Addr=68B4 Value=02
ROM[roms/astdelux/036431-02.ef1] Addr=68B5 Value=60
ROM[roms/astdelux/036431-02.ef1] Addr=68B6 Value=10
ROM[roms/astdelux/036431-02.ef1] Addr=68B7 Value=03
ROM[roms/astdelux/036431-02.ef1] Addr=68B8 Value=20
ROM[roms/astdelux/036431-02.ef1] Addr=68B9 Value=B6
ROM[roms/astdelux/036431-02.ef1] Addr=68BA Value=70
ROM[roms/astdelux/036431-02.ef1] Addr=68BB Value=4A
ROM[roms/astdelux/036431-02.ef1] Addr=68BC Value=4A
ROM[roms/astdelux/036431-02.ef1] Addr=68BD Value=4A
ROM[roms/astdelux/036431-02.ef1] Addr=68BE Value=AA
ROM[roms/astdelux/036431-02.ef1] Addr=68BF Value=BD
ROM[roms/astdelux/036431-02.ef1] Addr=68C0 Value=E1
ROM[roms/astdelux/036431-02.ef1] Addr=68C1 Value=68
ROM[roms/astdelux/036431-02.ef1] Addr=68C2 Value=24
ROM[roms/astdelux/036431-02.ef1] Addr=68C3 Value=73
ROM[roms/astdelux/036431-02.ef1] Addr=68C4 Value=10
ROM[roms/astdelux/036431-02.ef1] Addr=68C5 Value=01
ROM[roms/astdelux/036431-02.ef1] Addr=68C6 Value=4A
ROM[roms/astdelux/036431-02.ef1] Addr=68C7 Value=85
ROM[roms/astdelux/036431-02.ef1] Addr=68C8 Value=11
ROM[roms/astdelux/036431-02.ef1] Addr=68C9 Value=A5
ROM[roms/astdelux/036431-02.ef1] Addr=68CA Value=79
ROM[roms/astdelux/036431-02.ef1] Addr=68CB Value=18
ROM[roms/astdelux/036431-02.ef1] Addr=68CC Value=65
ROM[roms/astdelux/036431-02.ef1] Addr=68CD Value=12
ROM[roms/astdelux/036431-02.ef1] Addr=68CE Value=20
ROM[roms/astdelux/036431-02.ef1] Addr=68CF Value=01
ROM[roms/astdelux/036431-02.ef1] Addr=68D0 Value=71
ROM[roms/astdelux/036431-02.ef1] Addr=68D1 Value=20
ROM[roms/astdelux/036431-02.ef1] Addr=68D2 Value=BB
ROM[roms/astdelux/036431-02.ef1] Addr=68D3 Value=49
ROM[roms/astdelux/036431-02.ef1] Addr=68D4 Value=A0
ROM[roms/astdelux/036431-02.ef1] Addr=68D5 Value=00
ROM[roms/astdelux/036431-02.ef1] Addr=68D6 Value=0A
ROM[roms/astdelux/036431-02.ef1] Addr=68D7 Value=90
ROM[roms/astdelux/036431-02.ef1] Addr=68D8 Value=01
ROM[roms/astdelux/036431-02.ef1] Addr=68D9 Value=88
ROM[roms/astdelux/036431-02.ef1] Addr=68DA Value=0A
ROM[roms/astdelux/036431-02.ef1] Addr=68DB Value=84
ROM[roms/astdelux/036431-02.ef1] Addr=68DC Value=11
ROM[roms/astdelux/036431-02.ef1] Addr=68DD Value=26
ROM[roms/astdelux/036431-02.ef1] Addr=68DE Value=11
ROM[roms/astdelux/036431-02.ef1] Addr=68DF Value=18
ROM[roms/astdelux/036431-02.ef1] Addr=68E0 Value=60
ROM[roms/astdelux/036431-02.ef1] Addr=68E1 Value=80
ROM[roms/astdelux/036431-02.ef1] Addr=68E2 Value=70
ROM[roms/astdelux/036431-02.ef1] Addr=68E3 Value=60
ROM[roms/astdelux/036431-02.ef1] Addr=68E4 Value=50
ROM[roms/astdelux/036431-02.ef1] Addr=68E5 Value=40
ROM[roms/astdelux/036431-02.ef1] Addr=68E6 Value=30
ROM[roms/astdelux/036431-02.ef1] Addr=68E7 Value=20
ROM[roms/astdelux/036431-02.ef1] Addr=68E8 Value=10
ROM[roms/astdelux/036431-02.ef1] Addr=68E9 Value=11
ROM[roms/astdelux/036431-02.ef1] Addr=68EA Value=30
ROM[roms/astdelux/036431-02.ef1] Addr=68EB Value=09
ROM[roms/astdelux/036431-02.ef1] Addr=68EC Value=C9
ROM[roms/astdelux/036431-02.ef1] Addr=68ED Value=40
ROM[roms/astdelux/036431-02.ef1] Addr=68EE Value=90
ROM[roms/astdelux/036431-02.ef1] Addr=68EF Value=0D
ROM[roms/astdelux/036431-02.ef1] Addr=68F0 Value=A2
ROM[roms/astdelux/036431-02.ef1] Addr=68F1 Value=FF
ROM[roms/astdelux/036431-02.ef1] Addr=68F2 Value=A9
ROM[roms/astdelux/036431-02.ef1] Addr=68F3 Value=3F
ROM[roms/astdelux/036431-02.ef1] Addr=68F4 Value=60
ROM[roms/astdelux/036431-02.ef1] Addr=68F5 Value=C9
ROM[roms/astdelux/036431-02.ef1] Addr=68F6 Value=C1
ROM[roms/astdelux/036431-02.ef1] Addr=68F7 Value=B0
ROM[roms/astdelux/036431-02.ef1] Addr=68F8 Value=04
ROM[roms/astdelux/036431-02.ef1] Addr=68F9 Value=A2
ROM[roms/astdelux/036431-02.ef1] Addr=68FA Value=01
ROM[roms/astdelux/036431-02.ef1] Addr=68FB Value=A9
ROM[roms/astdelux/036431-02.ef1] Addr=68FC Value=C1
ROM[roms/astdelux/036431-02.ef1] Addr=68FD Value=60
ROM[roms/astdelux/036431-02.ef1] Addr=68FE Value=A5
ROM[roms/astdelux/036431-02.ef1] Addr=68FF Value=76
ROM[roms/astdelux/036431-02.ef1] Addr=6900 Value=29
ROM[roms/astdelux/036431-02.ef1] Addr=6901 Value=03
ROM[roms/astdelux/036431-02.ef1] Addr=6902 Value=D0
ROM[roms/astdelux/036431-02.ef1] Addr=6903 Value=25
ROM[roms/astdelux/036431-02.ef1] Addr=6904 Value=E6
ROM[roms/astdelux/036431-02.ef1] Addr=6905 Value=DE
ROM[roms/astdelux/036431-02.ef1] Addr=6906 Value=D0
ROM[roms/astdelux/036431-02.ef1] Addr=6907 Value=21
ROM[roms/astdelux/036431-02.ef1] Addr=6908 Value=A9
ROM[roms/astdelux/036431-02.ef1] Addr=6909 Value=02
ROM[roms/astdelux/036431-02.ef1] Addr=690A Value=85
ROM[roms/astdelux/036431-02.ef1] Addr=690B Value=10
ROM[roms/astdelux/036431-02.ef1] Addr=690C Value=A2
ROM[roms/astdelux/036431-02.ef1] Addr=690D Value=18
ROM[roms/astdelux/036431-02.ef1] Addr=690E Value=BD
ROM[roms/astdelux/036431-02.ef1] Addr=690F Value=00
ROM[roms/astdelux/036431-02.ef1] Addr=6910 Value=02
ROM[roms/astdelux/036431-02.ef1] Addr=6911 Value=0A
ROM[roms/astdelux/036431-02.ef1] Addr=6912 Value=30
ROM[roms/astdelux/036431-02.ef1] Addr=6913 Value=0E
ROM[roms/astdelux/036431-02.ef1] Addr=6914 Value=25
ROM[roms/astdelux/036431-02.ef1] Addr=6915 Value=10
ROM[roms/astdelux/036431-02.ef1] Addr=6916 Value=F0
ROM[roms/astdelux/036431-02.ef1] Addr=6917 Value=0A
ROM[roms/astdelux/036431-02.ef1] Addr=6918 Value=CE
ROM[roms/astdelux/036431-02.ef1] Addr=6919 Value=E7
ROM[roms/astdelux/036431-02.ef1] Addr=691A Value=02
ROM[roms/astdelux/036431-02.ef1] Addr=691B Value=A9
ROM[roms/astdelux/036431-02.ef1] Addr=691C Value=00
ROM[roms/astdelux/036431-02.ef1] Addr=691D Value=9D
ROM[roms/astdelux/036431-02.ef1] Addr=691E Value=00
ROM[roms/astdelux/036431-02.ef1] Addr=691F Value=02
ROM[roms/astdelux/036431-02.ef1] Addr=6920 Value=F0
ROM[roms/astdelux/036431-02.ef1] Addr=6921 Value=07
ROM[roms/astdelux/036431-02.ef1] Addr=6922 Value=CA
ROM[roms/astdelux/036431-02.ef1] Addr=6923 Value=10
ROM[roms/astdelux/036431-02.ef1] Addr=6924 Value=E9
ROM[roms/astdelux/036431-02.ef1] Addr=6925 Value=06
ROM[roms/astdelux/036431-02.ef1] Addr=6926 Value=10
ROM[roms/astdelux/036431-02.ef1] Addr=6927 Value=10
ROM[roms/astdelux/036431-02.ef1] Addr=6928 Value=E3
ROM[roms/astdelux/036431-02.ef1] Addr=6929 Value=A2
ROM[roms/astdelux/036431-02.ef1] Addr=692A Value=18
ROM[roms/astdelux/036431-02.ef1] Addr=692B Value=BD
ROM[roms/astdelux/036431-02.ef1] Addr=692C Value=00
ROM[roms/astdelux/036431-02.ef1] Addr=692D Value=02
ROM[roms/astdelux/036431-02.ef1] Addr=692E Value=F0
ROM[roms/astdelux/036431-02.ef1] Addr=692F Value=1E
ROM[roms/astdelux/036431-02.ef1] Addr=6930 Value=BD
ROM[roms/astdelux/036431-02.ef1] Addr=6931 Value=63
ROM[roms/astdelux/036431-02.ef1] Addr=6932 Value=02
ROM[roms/astdelux/036431-02.ef1] Addr=6933 Value=38
ROM[roms/astdelux/036431-02.ef1] Addr=6934 Value=ED
ROM[roms/astdelux/036431-02.ef1] Addr=6935 Value=7C
ROM[roms/astdelux/036431-02.ef1] Addr=6936 Value=02
ROM[roms/astdelux/036431-02.ef1] Addr=6937 Value=C9
ROM[roms/astdelux/036431-02.ef1] Addr=6938 Value=05
ROM[roms/astdelux/036431-02.ef1] Addr=6939 Value=90
ROM[roms/astdelux/036431-02.ef1] Addr=693A Value=04
ROM[roms/astdelux/036431-02.ef1] Addr=693B Value=C9
ROM[roms/astdelux/036431-02.ef1] Addr=693C Value=FB
ROM[roms/astdelux/036431-02.ef1] Addr=693D Value=90
ROM[roms/astdelux/036431-02.ef1] Addr=693E Value=0F
ROM[roms/astdelux/036431-02.ef1] Addr=693F Value=BD
ROM[roms/astdelux/036431-02.ef1] Addr=6940 Value=84
ROM[roms/astdelux/036431-02.ef1] Addr=6941 Value=02
ROM[roms/astdelux/036431-02.ef1] Addr=6942 Value=38
ROM[roms/astdelux/036431-02.ef1] Addr=6943 Value=ED
ROM[roms/astdelux/036431-02.ef1] Addr=6944 Value=9D
ROM[roms/astdelux/036431-02.ef1] Addr=6945 Value=02
ROM[roms/astdelux/036431-02.ef1] Addr=6946 Value=C9
ROM[roms/astdelux/036431-02.ef1] Addr=6947 Value=05
ROM[roms/astdelux/036431-02.ef1] Addr=6948 Value=90
ROM[roms/astdelux/036431-02.ef1] Addr=6949 Value=09
ROM[roms/astdelux/036431-02.ef1] Addr=694A Value=C9
ROM[roms/astdelux/036431-02.ef1] Addr=694B Value=FB
ROM[roms/astdelux/036431-02.ef1] Addr=694C Value=B0
ROM[roms/astdelux/036431-02.ef1] Addr=694D Value=05
ROM[roms/astdelux/036431-02.ef1] Addr=694E Value=CA
ROM[roms/astdelux/036431-02.ef1] Addr=694F Value=10
ROM[roms/astdelux/036431-02.ef1] Addr=6950 Value=DA
ROM[roms/astdelux/036431-02.ef1] Addr=6951 Value=E8
ROM[roms/astdelux/036431-02.ef1] Addr=6952 Value=60
ROM[roms/astdelux/036431-02.ef1] Addr=6953 Value=EE
ROM[roms/astdelux/036431-02.ef1] Addr=6954 Value=EB
ROM[roms/astdelux/036431-02.ef1] Addr=6955 Value=02
ROM[roms/astdelux/036431-02.ef1] Addr=6956 Value=60
ROM[roms/astdelux/036431-02.ef1] Addr=6957 Value=1C
ROM[roms/astdelux/036431-02.ef1] Addr=6958 Value=10
ROM[roms/astdelux/036431-02.ef1] Addr=6959 Value=A2
ROM[roms/astdelux/036431-02.ef1] Addr=695A Value=18
ROM[roms/astdelux/036431-02.ef1] Addr=695B Value=AD
ROM[roms/astdelux/036431-02.ef1] Addr=695C Value=EC
ROM[roms/astdelux/036431-02.ef1] Addr=695D Value=02
ROM[roms/astdelux/036431-02.ef1] Addr=695E Value=F0
ROM[roms/astdelux/036431-02.ef1] Addr=695F Value=03
ROM[roms/astdelux/036431-02.ef1] Addr=6960 Value=4C
ROM[roms/astdelux/036431-02.ef1] Addr=6961 Value=DE
ROM[roms/astdelux/036431-02.ef1] Addr=6962 Value=69
ROM[roms/astdelux/036431-02.ef1] Addr=6963 Value=A5
ROM[roms/astdelux/036431-02.ef1] Addr=6964 Value=22
ROM[roms/astdelux/036431-02.ef1] Addr=6965 Value=F0
ROM[roms/astdelux/036431-02.ef1] Addr=6966 Value=07
ROM[roms/astdelux/036431-02.ef1] Addr=6967 Value=AD
ROM[roms/astdelux/036431-02.ef1] Addr=6968 Value=19
ROM[roms/astdelux/036431-02.ef1] Addr=6969 Value=02
ROM[roms/astdelux/036431-02.ef1] Addr=696A Value=F0
ROM[roms/astdelux/036431-02.ef1] Addr=696B Value=EA
ROM[roms/astdelux/036431-02.ef1] Addr=696C Value=30
ROM[roms/astdelux/036431-02.ef1] Addr=696D Value=E8
ROM[roms/astdelux/036431-02.ef1] Addr=696E Value=AD
ROM[roms/astdelux/036431-02.ef1] Addr=696F Value=1A
ROM[roms/astdelux/036431-02.ef1] Addr=6970 Value=02
ROM[roms/astdelux/036431-02.ef1] Addr=6971 Value=D0
ROM[roms/astdelux/036431-02.ef1] Addr=6972 Value=E3
ROM[roms/astdelux/036431-02.ef1] Addr=6973 Value=8D
ROM[roms/astdelux/036431-02.ef1] Addr=6974 Value=FF
ROM[roms/astdelux/036431-02.ef1] Addr=6975 Value=02
ROM[roms/astdelux/036431-02.ef1] Addr=6976 Value=A6
ROM[roms/astdelux/036431-02.ef1] Addr=6977 Value=1E
ROM[roms/astdelux/036431-02.ef1] Addr=6978 Value=95
ROM[roms/astdelux/036431-02.ef1] Addr=6979 Value=D1
ROM[roms/astdelux/036431-02.ef1] Addr=697A Value=A2
ROM[roms/astdelux/036431-02.ef1] Addr=697B Value=06
ROM[roms/astdelux/036431-02.ef1] Addr=697C Value=9D
ROM[roms/astdelux/036431-02.ef1] Addr=697D Value=F8
ROM[roms/astdelux/036431-02.ef1] Addr=697E Value=02
ROM[roms/astdelux/036431-02.ef1] Addr=697F Value=CA
ROM[roms/astdelux/036431-02.ef1] Addr=6980 Value=10
ROM[roms/astdelux/036431-02.ef1] Addr=6981 Value=FA
ROM[roms/astdelux/036431-02.ef1] Addr=6982 Value=AD
ROM[roms/astdelux/036431-02.ef1] Addr=6983 Value=01
ROM[roms/astdelux/036431-02.ef1] Addr=6984 Value=28
ROM[roms/astdelux/036431-02.ef1] Addr=6985 Value=29
ROM[roms/astdelux/036431-02.ef1] Addr=6986 Value=02
ROM[roms/astdelux/036431-02.ef1] Addr=6987 Value=09
ROM[roms/astdelux/036431-02.ef1] Addr=6988 Value=04
ROM[roms/astdelux/036431-02.ef1] Addr=6989 Value=18
ROM[roms/astdelux/036431-02.ef1] Addr=698A Value=6D
ROM[roms/astdelux/036431-02.ef1] Addr=698B Value=F0
ROM[roms/astdelux/036431-02.ef1] Addr=698C Value=02
ROM[roms/astdelux/036431-02.ef1] Addr=698D Value=A8
ROM[roms/astdelux/036431-02.ef1] Addr=698E Value=C9
ROM[roms/astdelux/036431-02.ef1] Addr=698F Value=0A
ROM[roms/astdelux/036431-02.ef1] Addr=6990 Value=90
ROM[roms/astdelux/036431-02.ef1] Addr=6991 Value=02
ROM[roms/astdelux/036431-02.ef1] Addr=6992 Value=A9
ROM[roms/astdelux/036431-02.ef1] Addr=6993 Value=0A
ROM[roms/astdelux/036431-02.ef1] Addr=6994 Value=85
ROM[roms/astdelux/036431-02.ef1] Addr=6995 Value=D9
ROM[roms/astdelux/036431-02.ef1] Addr=6996 Value=20
ROM[roms/astdelux/036431-02.ef1] Addr=6997 Value=B6
ROM[roms/astdelux/036431-02.ef1] Addr=6998 Value=70
ROM[roms/astdelux/036431-02.ef1] Addr=6999 Value=85
ROM[roms/astdelux/036431-02.ef1] Addr=699A Value=DB
ROM[roms/astdelux/036431-02.ef1] Addr=699B Value=18
ROM[roms/astdelux/036431-02.ef1] Addr=699C Value=69
ROM[roms/astdelux/036431-02.ef1] Addr=699D Value=EB
ROM[roms/astdelux/036431-02.ef1] Addr=699E Value=85
ROM[roms/astdelux/036431-02.ef1] Addr=699F Value=DC
ROM[roms/astdelux/036431-02.ef1] Addr=69A0 Value=20
ROM[roms/astdelux/036431-02.ef1] Addr=69A1 Value=B6
ROM[roms/astdelux/036431-02.ef1] Addr=69A2 Value=70
ROM[roms/astdelux/036431-02.ef1] Addr=69A3 Value=85
ROM[roms/astdelux/036431-02.ef1] Addr=69A4 Value=DA
ROM[roms/astdelux/036431-02.ef1] Addr=69A5 Value=C0
ROM[roms/astdelux/036431-02.ef1] Addr=69A6 Value=3F
ROM[roms/astdelux/036431-02.ef1] Addr=69A7 Value=90
ROM[roms/astdelux/036431-02.ef1] Addr=69A8 Value=07
ROM[roms/astdelux/036431-02.ef1] Addr=69A9 Value=A5
ROM[roms/astdelux/036431-02.ef1] Addr=69AA Value=22
ROM[roms/astdelux/036431-02.ef1] Addr=69AB Value=D0
ROM[roms/astdelux/036431-02.ef1] Addr=69AC Value=06
ROM[roms/astdelux/036431-02.ef1] Addr=69AD Value=20
ROM[roms/astdelux/036431-02.ef1] Addr=69AE Value=B3
ROM[roms/astdelux/036431-02.ef1] Addr=69AF Value=66
ROM[roms/astdelux/036431-02.ef1] Addr=69B0 Value=EE
ROM[roms/astdelux/036431-02.ef1] Addr=69B1 Value=F0
ROM[roms/astdelux/036431-02.ef1] Addr=69B2 Value=02
ROM[roms/astdelux/036431-02.ef1] Addr=69B3 Value=C0
ROM[roms/astdelux/036431-02.ef1] Addr=69B4 Value=09
ROM[roms/astdelux/036431-02.ef1] Addr=69B5 Value=90
ROM[roms/astdelux/036431-02.ef1] Addr=69B6 Value=02
ROM[roms/astdelux/036431-02.ef1] Addr=69B7 Value=A0
ROM[roms/astdelux/036431-02.ef1] Addr=69B8 Value=09
ROM[roms/astdelux/036431-02.ef1] Addr=69B9 Value=8C
ROM[roms/astdelux/036431-02.ef1] Addr=69BA Value=E7
ROM[roms/astdelux/036431-02.ef1] Addr=69BB Value=02
ROM[roms/astdelux/036431-02.ef1] Addr=69BC Value=84
ROM[roms/astdelux/036431-02.ef1] Addr=69BD Value=09
ROM[roms/astdelux/036431-02.ef1] Addr=69BE Value=A2
ROM[roms/astdelux/036431-02.ef1] Addr=69BF Value=18
ROM[roms/astdelux/036431-02.ef1] Addr=69C0 Value=AD
ROM[roms/astdelux/036431-02.ef1] Addr=69C1 Value=EE
ROM[roms/astdelux/036431-02.ef1] Addr=69C2 Value=02
ROM[roms/astdelux/036431-02.ef1] Addr=69C3 Value=C9
ROM[roms/astdelux/036431-02.ef1] Addr=69C4 Value=0A
ROM[roms/astdelux/036431-02.ef1] Addr=69C5 Value=B0
ROM[roms/astdelux/036431-02.ef1] Addr=69C6 Value=03
ROM[roms/astdelux/036431-02.ef1] Addr=69C7 Value=EE
ROM[roms/astdelux/036431-02.ef1] Addr=69C8 Value=EE
ROM[roms/astdelux/036431-02.ef1] Addr=69C9 Value=02
ROM[roms/astdelux/036431-02.ef1] Addr=69CA Value=A0
ROM[roms/astdelux/036431-02.ef1] Addr=69CB Value=1A
ROM[roms/astdelux/036431-02.ef1] Addr=69CC Value=20
ROM[roms/astdelux/036431-02.ef1] Addr=69CD Value=E7
ROM[roms/astdelux/036431-02.ef1] Addr=69CE Value=69
ROM[roms/astdelux/036431-02.ef1] Addr=69CF Value=CA
ROM[roms/astdelux/036431-02.ef1] Addr=69D0 Value=C6
ROM[roms/astdelux/036431-02.ef1] Addr=69D1 Value=09
ROM[roms/astdelux/036431-02.ef1] Addr=69D2 Value=D0
ROM[roms/astdelux/036431-02.ef1] Addr=69D3 Value=F8
ROM[roms/astdelux/036431-02.ef1] Addr=69D4 Value=A9
ROM[roms/astdelux/036431-02.ef1] Addr=69D5 Value=7F
ROM[roms/astdelux/036431-02.ef1] Addr=69D6 Value=8D
ROM[roms/astdelux/036431-02.ef1] Addr=69D7 Value=E8
ROM[roms/astdelux/036431-02.ef1] Addr=69D8 Value=02
ROM[roms/astdelux/036431-02.ef1] Addr=69D9 Value=A9
ROM[roms/astdelux/036431-02.ef1] Addr=69DA Value=30
ROM[roms/astdelux/036431-02.ef1] Addr=69DB Value=8D
ROM[roms/astdelux/036431-02.ef1] Addr=69DC Value=ED
ROM[roms/astdelux/036431-02.ef1] Addr=69DD Value=02
ROM[roms/astdelux/036431-02.ef1] Addr=69DE Value=A9
ROM[roms/astdelux/036431-02.ef1] Addr=69DF Value=00
ROM[roms/astdelux/036431-02.ef1] Addr=69E0 Value=9D
ROM[roms/astdelux/036431-02.ef1] Addr=69E1 Value=00
ROM[roms/astdelux/036431-02.ef1] Addr=69E2 Value=02
ROM[roms/astdelux/036431-02.ef1] Addr=69E3 Value=CA
ROM[roms/astdelux/036431-02.ef1] Addr=69E4 Value=10
ROM[roms/astdelux/036431-02.ef1] Addr=69E5 Value=FA
ROM[roms/astdelux/036431-02.ef1] Addr=69E6 Value=60
ROM[roms/astdelux/036431-02.ef1] Addr=69E7 Value=AD
ROM[roms/astdelux/036431-02.ef1] Addr=69E8 Value=0A
ROM[roms/astdelux/036431-02.ef1] Addr=69E9 Value=2C
ROM[roms/astdelux/036431-02.ef1] Addr=69EA Value=29
ROM[roms/astdelux/036431-02.ef1] Addr=69EB Value=38
ROM[roms/astdelux/036431-02.ef1] Addr=69EC Value=09
ROM[roms/astdelux/036431-02.ef1] Addr=69ED Value=04
ROM[roms/astdelux/036431-02.ef1] Addr=69EE Value=9D
ROM[roms/astdelux/036431-02.ef1] Addr=69EF Value=00
ROM[roms/astdelux/036431-02.ef1] Addr=69F0 Value=02
ROM[roms/astdelux/036431-02.ef1] Addr=69F1 Value=20
ROM[roms/astdelux/036431-02.ef1] Addr=69F2 Value=3B
ROM[roms/astdelux/036431-02.ef1] Addr=69F3 Value=6A
ROM[roms/astdelux/036431-02.ef1] Addr=69F4 Value=AD
ROM[roms/astdelux/036431-02.ef1] Addr=69F5 Value=0A
ROM[roms/astdelux/036431-02.ef1] Addr=69F6 Value=2C
ROM[roms/astdelux/036431-02.ef1] Addr=69F7 Value=4A
ROM[roms/astdelux/036431-02.ef1] Addr=69F8 Value=29
ROM[roms/astdelux/036431-02.ef1] Addr=69F9 Value=1F
ROM[roms/astdelux/036431-02.ef1] Addr=69FA Value=90
ROM[roms/astdelux/036431-02.ef1] Addr=69FB Value=13
ROM[roms/astdelux/036431-02.ef1] Addr=69FC Value=C9
ROM[roms/astdelux/036431-02.ef1] Addr=69FD Value=18
ROM[roms/astdelux/036431-02.ef1] Addr=69FE Value=90
ROM[roms/astdelux/036431-02.ef1] Addr=69FF Value=02
ROM[roms/astdelux/036431-02.ef1] Addr=6A00 Value=29
ROM[roms/astdelux/036431-02.ef1] Addr=6A01 Value=17
ROM[roms/astdelux/036431-02.ef1] Addr=6A02 Value=9D
ROM[roms/astdelux/036431-02.ef1] Addr=6A03 Value=84
ROM[roms/astdelux/036431-02.ef1] Addr=6A04 Value=02
ROM[roms/astdelux/036431-02.ef1] Addr=6A05 Value=A9
ROM[roms/astdelux/036431-02.ef1] Addr=6A06 Value=00
ROM[roms/astdelux/036431-02.ef1] Addr=6A07 Value=9D
ROM[roms/astdelux/036431-02.ef1] Addr=6A08 Value=63
ROM[roms/astdelux/036431-02.ef1] Addr=6A09 Value=02
ROM[roms/astdelux/036431-02.ef1] Addr=6A0A Value=9D
ROM[roms/astdelux/036431-02.ef1] Addr=6A0B Value=A5
ROM[roms/astdelux/036431-02.ef1] Addr=6A0C Value=02
ROM[roms/astdelux/036431-02.ef1] Addr=6A0D Value=F0
ROM[roms/astdelux/036431-02.ef1] Addr=6A0E Value=0B
ROM[roms/astdelux/036431-02.ef1] Addr=6A0F Value=9D
ROM[roms/astdelux/036431-02.ef1] Addr=6A10 Value=63
ROM[roms/astdelux/036431-02.ef1] Addr=6A11 Value=02
ROM[roms/astdelux/036431-02.ef1] Addr=6A12 Value=A9
ROM[roms/astdelux/036431-02.ef1] Addr=6A13 Value=00
ROM[roms/astdelux/036431-02.ef1] Addr=6A14 Value=9D
ROM[roms/astdelux/036431-02.ef1] Addr=6A15 Value=84
ROM[roms/astdelux/036431-02.ef1] Addr=6A16 Value=02
ROM[roms/astdelux/036431-02.ef1] Addr=6A17 Value=9D
ROM[roms/astdelux/036431-02.ef1] Addr=6A18 Value=C6
ROM[roms/astdelux/036431-02.ef1] Addr=6A19 Value=02
ROM[roms/astdelux/036431-02.ef1] Addr=6A1A Value=60
ROM[roms/astdelux/036431-02.ef1] Addr=6A1B Value=A9
ROM[roms/astdelux/036431-02.ef1] Addr=6A1C Value=60
ROM[roms/astdelux/036431-02.ef1] Addr=6A1D Value=8D
ROM[roms/astdelux/036431-02.ef1] Addr=6A1E Value=BE
ROM[roms/astdelux/036431-02.ef1] Addr=6A1F Value=02
ROM[roms/astdelux/036431-02.ef1] Addr=6A20 Value=8D
ROM[roms/astdelux/036431-02.ef1] Addr=6A21 Value=DF
ROM[roms/astdelux/036431-02.ef1] Addr=6A22 Value=02
ROM[roms/astdelux/036431-02.ef1] Addr=6A23 Value=A9
ROM[roms/astdelux/036431-02.ef1] Addr=6A24 Value=00
ROM[roms/astdelux/036431-02.ef1] Addr=6A25 Value=8D
ROM[roms/astdelux/036431-02.ef1] Addr=6A26 Value=3A
ROM[roms/astdelux/036431-02.ef1] Addr=6A27 Value=02
ROM[roms/astdelux/036431-02.ef1] Addr=6A28 Value=8D
ROM[roms/astdelux/036431-02.ef1] Addr=6A29 Value=5B
ROM[roms/astdelux/036431-02.ef1] Addr=6A2A Value=02
ROM[roms/astdelux/036431-02.ef1] Addr=6A2B Value=A9
ROM[roms/astdelux/036431-02.ef1] Addr=6A2C Value=10
ROM[roms/astdelux/036431-02.ef1] Addr=6A2D Value=8D
ROM[roms/astdelux/036431-02.ef1] Addr=6A2E Value=7C
ROM[roms/astdelux/036431-02.ef1] Addr=6A2F Value=02
ROM[roms/astdelux/036431-02.ef1] Addr=6A30 Value=A9
ROM[roms/astdelux/036431-02.ef1] Addr=6A31 Value=0C
ROM[roms/astdelux/036431-02.ef1] Addr=6A32 Value=8D
ROM[roms/astdelux/036431-02.ef1] Addr=6A33 Value=9D
ROM[roms/astdelux/036431-02.ef1] Addr=6A34 Value=02
ROM[roms/astdelux/036431-02.ef1] Addr=6A35 Value=A9
ROM[roms/astdelux/036431-02.ef1] Addr=6A36 Value=FF
ROM[roms/astdelux/036431-02.ef1] Addr=6A37 Value=8D
ROM[roms/astdelux/036431-02.ef1] Addr=6A38 Value=EF
ROM[roms/astdelux/036431-02.ef1] Addr=6A39 Value=02
ROM[roms/astdelux/036431-02.ef1] Addr=6A3A Value=60
ROM[roms/astdelux/036431-02.ef1] Addr=6A3B Value=AD
ROM[roms/astdelux/036431-02.ef1] Addr=6A3C Value=0A
ROM[roms/astdelux/036431-02.ef1] Addr=6A3D Value=2C
ROM[roms/astdelux/036431-02.ef1] Addr=6A3E Value=29
ROM[roms/astdelux/036431-02.ef1] Addr=6A3F Value=8F
ROM[roms/astdelux/036431-02.ef1] Addr=6A40 Value=10
ROM[roms/astdelux/036431-02.ef1] Addr=6A41 Value=02
ROM[roms/astdelux/036431-02.ef1] Addr=6A42 Value=09
ROM[roms/astdelux/036431-02.ef1] Addr=6A43 Value=F0
ROM[roms/astdelux/036431-02.ef1] Addr=6A44 Value=18
ROM[roms/astdelux/036431-02.ef1] Addr=6A45 Value=79
ROM[roms/astdelux/036431-02.ef1] Addr=6A46 Value=21
ROM[roms/astdelux/036431-02.ef1] Addr=6A47 Value=02
ROM[roms/astdelux/036431-02.ef1] Addr=6A48 Value=20
ROM[roms/astdelux/036431-02.ef1] Addr=6A49 Value=62
ROM[roms/astdelux/036431-02.ef1] Addr=6A4A Value=6A
ROM[roms/astdelux/036431-02.ef1] Addr=6A4B Value=9D
ROM[roms/astdelux/036431-02.ef1] Addr=6A4C Value=21
ROM[roms/astdelux/036431-02.ef1] Addr=6A4D Value=02
ROM[roms/astdelux/036431-02.ef1] Addr=6A4E Value=AD
ROM[roms/astdelux/036431-02.ef1] Addr=6A4F Value=0A
ROM[roms/astdelux/036431-02.ef1] Addr=6A50 Value=2C
ROM[roms/astdelux/036431-02.ef1] Addr=6A51 Value=29
ROM[roms/astdelux/036431-02.ef1] Addr=6A52 Value=8F
ROM[roms/astdelux/036431-02.ef1] Addr=6A53 Value=10
ROM[roms/astdelux/036431-02.ef1] Addr=6A54 Value=02
ROM[roms/astdelux/036431-02.ef1] Addr=6A55 Value=09
ROM[roms/astdelux/036431-02.ef1] Addr=6A56 Value=F0
ROM[roms/astdelux/036431-02.ef1] Addr=6A57 Value=18
ROM[roms/astdelux/036431-02.ef1] Addr=6A58 Value=79
ROM[roms/astdelux/036431-02.ef1] Addr=6A59 Value=42
ROM[roms/astdelux/036431-02.ef1] Addr=6A5A Value=02
ROM[roms/astdelux/036431-02.ef1] Addr=6A5B Value=20
ROM[roms/astdelux/036431-02.ef1] Addr=6A5C Value=62
ROM[roms/astdelux/036431-02.ef1] Addr=6A5D Value=6A
ROM[roms/astdelux/036431-02.ef1] Addr=6A5E Value=9D
ROM[roms/astdelux/036431-02.ef1] Addr=6A5F Value=42
ROM[roms/astdelux/036431-02.ef1] Addr=6A60 Value=02
ROM[roms/astdelux/036431-02.ef1] Addr=6A61 Value=60
ROM[roms/astdelux/036431-02.ef1] Addr=6A62 Value=10
ROM[roms/astdelux/036431-02.ef1] Addr=6A63 Value=0D
ROM[roms/astdelux/036431-02.ef1] Addr=6A64 Value=C5
ROM[roms/astdelux/036431-02.ef1] Addr=6A65 Value=DC
ROM[roms/astdelux/036431-02.ef1] Addr=6A66 Value=B0
ROM[roms/astdelux/036431-02.ef1] Addr=6A67 Value=02
ROM[roms/astdelux/036431-02.ef1] Addr=6A68 Value=A5
ROM[roms/astdelux/036431-02.ef1] Addr=6A69 Value=DC
ROM[roms/astdelux/036431-02.ef1] Addr=6A6A Value=C5
ROM[roms/astdelux/036431-02.ef1] Addr=6A6B Value=DB
ROM[roms/astdelux/036431-02.ef1] Addr=6A6C Value=90
ROM[roms/astdelux/036431-02.ef1] Addr=6A6D Value=0F
ROM[roms/astdelux/036431-02.ef1] Addr=6A6E Value=A5
ROM[roms/astdelux/036431-02.ef1] Addr=6A6F Value=DB
ROM[roms/astdelux/036431-02.ef1] Addr=6A70 Value=60
ROM[roms/astdelux/036431-02.ef1] Addr=6A71 Value=C5
ROM[roms/astdelux/036431-02.ef1] Addr=6A72 Value=D9
ROM[roms/astdelux/036431-02.ef1] Addr=6A73 Value=B0
ROM[roms/astdelux/036431-02.ef1] Addr=6A74 Value=02
ROM[roms/astdelux/036431-02.ef1] Addr=6A75 Value=A5
ROM[roms/astdelux/036431-02.ef1] Addr=6A76 Value=D9
ROM[roms/astdelux/036431-02.ef1] Addr=6A77 Value=C5
ROM[roms/astdelux/036431-02.ef1] Addr=6A78 Value=DA
ROM[roms/astdelux/036431-02.ef1] Addr=6A79 Value=90
ROM[roms/astdelux/036431-02.ef1] Addr=6A7A Value=02
ROM[roms/astdelux/036431-02.ef1] Addr=6A7B Value=A5
ROM[roms/astdelux/036431-02.ef1] Addr=6A7C Value=DA
ROM[roms/astdelux/036431-02.ef1] Addr=6A7D Value=60
ROM[roms/astdelux/036431-02.ef1] Addr=6A7E Value=A5
ROM[roms/astdelux/036431-02.ef1] Addr=6A7F Value=22
ROM[roms/astdelux/036431-02.ef1] Addr=6A80 Value=F0
ROM[roms/astdelux/036431-02.ef1] Addr=6A81 Value=0D
ROM[roms/astdelux/036431-02.ef1] Addr=6A82 Value=A9
ROM[roms/astdelux/036431-02.ef1] Addr=6A83 Value=81
ROM[roms/astdelux/036431-02.ef1] Addr=6A84 Value=A2
ROM[roms/astdelux/036431-02.ef1] Addr=6A85 Value=C3
ROM[roms/astdelux/036431-02.ef1] Addr=6A86 Value=20
ROM[roms/astdelux/036431-02.ef1] Addr=6A87 Value=D5
ROM[roms/astdelux/036431-02.ef1] Addr=6A88 Value=7C
ROM[roms/astdelux/036431-02.ef1] Addr=6A89 Value=A0
ROM[roms/astdelux/036431-02.ef1] Addr=6A8A Value=00
ROM[roms/astdelux/036431-02.ef1] Addr=6A8B Value=A5
ROM[roms/astdelux/036431-02.ef1] Addr=6A8C Value=1E
ROM[roms/astdelux/036431-02.ef1] Addr=6A8D Value=D0
ROM[roms/astdelux/036431-02.ef1] Addr=6A8E Value=02
ROM[roms/astdelux/036431-02.ef1] Addr=6A8F Value=A0
ROM[roms/astdelux/036431-02.ef1] Addr=6A90 Value=10
ROM[roms/astdelux/036431-02.ef1] Addr=6A91 Value=84
ROM[roms/astdelux/036431-02.ef1] Addr=6A92 Value=01
ROM[roms/astdelux/036431-02.ef1] Addr=6A93 Value=A9
ROM[roms/astdelux/036431-02.ef1] Addr=6A94 Value=19
ROM[roms/astdelux/036431-02.ef1] Addr=6A95 Value=A2
ROM[roms/astdelux/036431-02.ef1] Addr=6A96 Value=DB
ROM[roms/astdelux/036431-02.ef1] Addr=6A97 Value=20
ROM[roms/astdelux/036431-02.ef1] Addr=6A98 Value=1F
ROM[roms/astdelux/036431-02.ef1] Addr=6A99 Value=7A
ROM[roms/astdelux/036431-02.ef1] Addr=6A9A Value=A9
ROM[roms/astdelux/036431-02.ef1] Addr=6A9B Value=70
ROM[roms/astdelux/036431-02.ef1] Addr=6A9C Value=20
ROM[roms/astdelux/036431-02.ef1] Addr=6A9D Value=EA
ROM[roms/astdelux/036431-02.ef1] Addr=6A9E Value=7A
ROM[roms/astdelux/036431-02.ef1] Addr=6A9F Value=A5
ROM[roms/astdelux/036431-02.ef1] Addr=6AA0 Value=22
ROM[roms/astdelux/036431-02.ef1] Addr=6AA1 Value=C9
ROM[roms/astdelux/036431-02.ef1] Addr=6AA2 Value=02
ROM[roms/astdelux/036431-02.ef1] Addr=6AA3 Value=90
ROM[roms/astdelux/036431-02.ef1] Addr=6AA4 Value=14
ROM[roms/astdelux/036431-02.ef1] Addr=6AA5 Value=A5
ROM[roms/astdelux/036431-02.ef1] Addr=6AA6 Value=1E
ROM[roms/astdelux/036431-02.ef1] Addr=6AA7 Value=D0
ROM[roms/astdelux/036431-02.ef1] Addr=6AA8 Value=10
ROM[roms/astdelux/036431-02.ef1] Addr=6AA9 Value=AD
ROM[roms/astdelux/036431-02.ef1] Addr=6AAA Value=19
ROM[roms/astdelux/036431-02.ef1] Addr=6AAB Value=02
ROM[roms/astdelux/036431-02.ef1] Addr=6AAC Value=D0
ROM[roms/astdelux/036431-02.ef1] Addr=6AAD Value=0B
ROM[roms/astdelux/036431-02.ef1] Addr=6AAE Value=AD
ROM[roms/astdelux/036431-02.ef1] Addr=6AAF Value=EB
ROM[roms/astdelux/036431-02.ef1] Addr=6AB0 Value=02
ROM[roms/astdelux/036431-02.ef1] Addr=6AB1 Value=30
ROM[roms/astdelux/036431-02.ef1] Addr=6AB2 Value=06
ROM[roms/astdelux/036431-02.ef1] Addr=6AB3 Value=A5
ROM[roms/astdelux/036431-02.ef1] Addr=6AB4 Value=76
ROM[roms/astdelux/036431-02.ef1] Addr=6AB5 Value=29
ROM[roms/astdelux/036431-02.ef1] Addr=6AB6 Value=10
ROM[roms/astdelux/036431-02.ef1] Addr=6AB7 Value=F0
ROM[roms/astdelux/036431-02.ef1] Addr=6AB8 Value=08
ROM[roms/astdelux/036431-02.ef1] Addr=6AB9 Value=A9
ROM[roms/astdelux/036431-02.ef1] Addr=6ABA Value=62
ROM[roms/astdelux/036431-02.ef1] Addr=6ABB Value=A0
ROM[roms/astdelux/036431-02.ef1] Addr=6ABC Value=03
ROM[roms/astdelux/036431-02.ef1] Addr=6ABD Value=38
ROM[roms/astdelux/036431-02.ef1] Addr=6ABE Value=20
ROM[roms/astdelux/036431-02.ef1] Addr=6ABF Value=95
ROM[roms/astdelux/036431-02.ef1] Addr=6AC0 Value=7C
ROM[roms/astdelux/036431-02.ef1] Addr=6AC1 Value=A4
ROM[roms/astdelux/036431-02.ef1] Addr=6AC2 Value=6F
ROM[roms/astdelux/036431-02.ef1] Addr=6AC3 Value=A9
ROM[roms/astdelux/036431-02.ef1] Addr=6AC4 Value=00
ROM[roms/astdelux/036431-02.ef1] Addr=6AC5 Value=20
ROM[roms/astdelux/036431-02.ef1] Addr=6AC6 Value=74
ROM[roms/astdelux/036431-02.ef1] Addr=6AC7 Value=6B
ROM[roms/astdelux/036431-02.ef1] Addr=6AC8 Value=A9
ROM[roms/astdelux/036431-02.ef1] Addr=6AC9 Value=28
ROM[roms/astdelux/036431-02.ef1] Addr=6ACA Value=20
ROM[roms/astdelux/036431-02.ef1] Addr=6ACB Value=6F
ROM[roms/astdelux/036431-02.ef1] Addr=6ACC Value=7C
ROM[roms/astdelux/036431-02.ef1] Addr=6ACD Value=A5
ROM[roms/astdelux/036431-02.ef1] Addr=6ACE Value=1E
ROM[roms/astdelux/036431-02.ef1] Addr=6ACF Value=D0
ROM[roms/astdelux/036431-02.ef1] Addr=6AD0 Value=0A
ROM[roms/astdelux/036431-02.ef1] Addr=6AD1 Value=AD
ROM[roms/astdelux/036431-02.ef1] Addr=6AD2 Value=19
ROM[roms/astdelux/036431-02.ef1] Addr=6AD3 Value=02
ROM[roms/astdelux/036431-02.ef1] Addr=6AD4 Value=30
ROM[roms/astdelux/036431-02.ef1] Addr=6AD5 Value=05
ROM[roms/astdelux/036431-02.ef1] Addr=6AD6 Value=F0
ROM[roms/astdelux/036431-02.ef1] Addr=6AD7 Value=03
ROM[roms/astdelux/036431-02.ef1] Addr=6AD8 Value=20
ROM[roms/astdelux/036431-02.ef1] Addr=6AD9 Value=89
ROM[roms/astdelux/036431-02.ef1] Addr=6ADA Value=6B
ROM[roms/astdelux/036431-02.ef1] Addr=6ADB Value=A9
ROM[roms/astdelux/036431-02.ef1] Addr=6ADC Value=00
ROM[roms/astdelux/036431-02.ef1] Addr=6ADD Value=85
ROM[roms/astdelux/036431-02.ef1] Addr=6ADE Value=01
ROM[roms/astdelux/036431-02.ef1] Addr=6ADF Value=05
ROM[roms/astdelux/036431-02.ef1] Addr=6AE0 Value=24
ROM[roms/astdelux/036431-02.ef1] Addr=6AE1 Value=05
ROM[roms/astdelux/036431-02.ef1] Addr=6AE2 Value=25
ROM[roms/astdelux/036431-02.ef1] Addr=6AE3 Value=F0
ROM[roms/astdelux/036431-02.ef1] Addr=6AE4 Value=1E
ROM[roms/astdelux/036431-02.ef1] Addr=6AE5 Value=A9
ROM[roms/astdelux/036431-02.ef1] Addr=6AE6 Value=74
ROM[roms/astdelux/036431-02.ef1] Addr=6AE7 Value=A2
ROM[roms/astdelux/036431-02.ef1] Addr=6AE8 Value=DB
ROM[roms/astdelux/036431-02.ef1] Addr=6AE9 Value=20
ROM[roms/astdelux/036431-02.ef1] Addr=6AEA Value=1F
ROM[roms/astdelux/036431-02.ef1] Addr=6AEB Value=7A
ROM[roms/astdelux/036431-02.ef1] Addr=6AEC Value=A9
ROM[roms/astdelux/036431-02.ef1] Addr=6AED Value=50
ROM[roms/astdelux/036431-02.ef1] Addr=6AEE Value=20
ROM[roms/astdelux/036431-02.ef1] Addr=6AEF Value=EA
ROM[roms/astdelux/036431-02.ef1] Addr=6AF0 Value=7A
ROM[roms/astdelux/036431-02.ef1] Addr=6AF1 Value=A9
ROM[roms/astdelux/036431-02.ef1] Addr=6AF2 Value=23
ROM[roms/astdelux/036431-02.ef1] Addr=6AF3 Value=A0
ROM[roms/astdelux/036431-02.ef1] Addr=6AF4 Value=03
ROM[roms/astdelux/036431-02.ef1] Addr=6AF5 Value=38
ROM[roms/astdelux/036431-02.ef1] Addr=6AF6 Value=20
ROM[roms/astdelux/036431-02.ef1] Addr=6AF7 Value=95
ROM[roms/astdelux/036431-02.ef1] Addr=6AF8 Value=7C
ROM[roms/astdelux/036431-02.ef1] Addr=6AF9 Value=A0
ROM[roms/astdelux/036431-02.ef1] Addr=6AFA Value=00
ROM[roms/astdelux/036431-02.ef1] Addr=6AFB Value=84
ROM[roms/astdelux/036431-02.ef1] Addr=6AFC Value=13
ROM[roms/astdelux/036431-02.ef1] Addr=6AFD Value=20
ROM[roms/astdelux/036431-02.ef1] Addr=6AFE Value=F8
ROM[roms/astdelux/036431-02.ef1] Addr=6AFF Value=79
ROM[roms/astdelux/036431-02.ef1] Addr=6B00 Value=20
ROM[roms/astdelux/036431-02.ef1] Addr=6B01 Value=42
ROM[roms/astdelux/036431-02.ef1] Addr=6B02 Value=6D
ROM[roms/astdelux/036431-02.ef1] Addr=6B03 Value=A5
ROM[roms/astdelux/036431-02.ef1] Addr=6B04 Value=22
ROM[roms/astdelux/036431-02.ef1] Addr=6B05 Value=F0
ROM[roms/astdelux/036431-02.ef1] Addr=6B06 Value=16
ROM[roms/astdelux/036431-02.ef1] Addr=6B07 Value=A5
ROM[roms/astdelux/036431-02.ef1] Addr=6B08 Value=F9
ROM[roms/astdelux/036431-02.ef1] Addr=6B09 Value=30
ROM[roms/astdelux/036431-02.ef1] Addr=6B0A Value=12
ROM[roms/astdelux/036431-02.ef1] Addr=6B0B Value=A0
ROM[roms/astdelux/036431-02.ef1] Addr=6B0C Value=0D
ROM[roms/astdelux/036431-02.ef1] Addr=6B0D Value=A9
ROM[roms/astdelux/036431-02.ef1] Addr=6B0E Value=00
ROM[roms/astdelux/036431-02.ef1] Addr=6B0F Value=20
ROM[roms/astdelux/036431-02.ef1] Addr=6B10 Value=62
ROM[roms/astdelux/036431-02.ef1] Addr=6B11 Value=71
ROM[roms/astdelux/036431-02.ef1] Addr=6B12 Value=A9
ROM[roms/astdelux/036431-02.ef1] Addr=6B13 Value=68
ROM[roms/astdelux/036431-02.ef1] Addr=6B14 Value=18
ROM[roms/astdelux/036431-02.ef1] Addr=6B15 Value=65
ROM[roms/astdelux/036431-02.ef1] Addr=6B16 Value=20
ROM[roms/astdelux/036431-02.ef1] Addr=6B17 Value=A0
ROM[roms/astdelux/036431-02.ef1] Addr=6B18 Value=03
ROM[roms/astdelux/036431-02.ef1] Addr=6B19 Value=38
ROM[roms/astdelux/036431-02.ef1] Addr=6B1A Value=20
ROM[roms/astdelux/036431-02.ef1] Addr=6B1B Value=95
ROM[roms/astdelux/036431-02.ef1] Addr=6B1C Value=7C
ROM[roms/astdelux/036431-02.ef1] Addr=6B1D Value=A2
ROM[roms/astdelux/036431-02.ef1] Addr=6B1E Value=10
ROM[roms/astdelux/036431-02.ef1] Addr=6B1F Value=A5
ROM[roms/astdelux/036431-02.ef1] Addr=6B20 Value=22
ROM[roms/astdelux/036431-02.ef1] Addr=6B21 Value=C9
ROM[roms/astdelux/036431-02.ef1] Addr=6B22 Value=01
ROM[roms/astdelux/036431-02.ef1] Addr=6B23 Value=F0
ROM[roms/astdelux/036431-02.ef1] Addr=6B24 Value=63
ROM[roms/astdelux/036431-02.ef1] Addr=6B25 Value=90
ROM[roms/astdelux/036431-02.ef1] Addr=6B26 Value=05
ROM[roms/astdelux/036431-02.ef1] Addr=6B27 Value=A5
ROM[roms/astdelux/036431-02.ef1] Addr=6B28 Value=1E
ROM[roms/astdelux/036431-02.ef1] Addr=6B29 Value=D0
ROM[roms/astdelux/036431-02.ef1] Addr=6B2A Value=01
ROM[roms/astdelux/036431-02.ef1] Addr=6B2B Value=AA
ROM[roms/astdelux/036431-02.ef1] Addr=6B2C Value=86
ROM[roms/astdelux/036431-02.ef1] Addr=6B2D Value=01
ROM[roms/astdelux/036431-02.ef1] Addr=6B2E Value=A9
ROM[roms/astdelux/036431-02.ef1] Addr=6B2F Value=C0
ROM[roms/astdelux/036431-02.ef1] Addr=6B30 Value=A2
ROM[roms/astdelux/036431-02.ef1] Addr=6B31 Value=DB
ROM[roms/astdelux/036431-02.ef1] Addr=6B32 Value=20
ROM[roms/astdelux/036431-02.ef1] Addr=6B33 Value=1F
ROM[roms/astdelux/036431-02.ef1] Addr=6B34 Value=7A
ROM[roms/astdelux/036431-02.ef1] Addr=6B35 Value=A9
ROM[roms/astdelux/036431-02.ef1] Addr=6B36 Value=50
ROM[roms/astdelux/036431-02.ef1] Addr=6B37 Value=20
ROM[roms/astdelux/036431-02.ef1] Addr=6B38 Value=EA
ROM[roms/astdelux/036431-02.ef1] Addr=6B39 Value=7A
ROM[roms/astdelux/036431-02.ef1] Addr=6B3A Value=A5
ROM[roms/astdelux/036431-02.ef1] Addr=6B3B Value=22
ROM[roms/astdelux/036431-02.ef1] Addr=6B3C Value=F0
ROM[roms/astdelux/036431-02.ef1] Addr=6B3D Value=14
ROM[roms/astdelux/036431-02.ef1] Addr=6B3E Value=A5
ROM[roms/astdelux/036431-02.ef1] Addr=6B3F Value=1E
ROM[roms/astdelux/036431-02.ef1] Addr=6B40 Value=F0
ROM[roms/astdelux/036431-02.ef1] Addr=6B41 Value=10
ROM[roms/astdelux/036431-02.ef1] Addr=6B42 Value=AD
ROM[roms/astdelux/036431-02.ef1] Addr=6B43 Value=19
ROM[roms/astdelux/036431-02.ef1] Addr=6B44 Value=02
ROM[roms/astdelux/036431-02.ef1] Addr=6B45 Value=D0
ROM[roms/astdelux/036431-02.ef1] Addr=6B46 Value=0B
ROM[roms/astdelux/036431-02.ef1] Addr=6B47 Value=AD
ROM[roms/astdelux/036431-02.ef1] Addr=6B48 Value=EB
ROM[roms/astdelux/036431-02.ef1] Addr=6B49 Value=02
ROM[roms/astdelux/036431-02.ef1] Addr=6B4A Value=30
ROM[roms/astdelux/036431-02.ef1] Addr=6B4B Value=06
ROM[roms/astdelux/036431-02.ef1] Addr=6B4C Value=A5
ROM[roms/astdelux/036431-02.ef1] Addr=6B4D Value=76
ROM[roms/astdelux/036431-02.ef1] Addr=6B4E Value=29
ROM[roms/astdelux/036431-02.ef1] Addr=6B4F Value=10
ROM[roms/astdelux/036431-02.ef1] Addr=6B50 Value=F0
ROM[roms/astdelux/036431-02.ef1] Addr=6B51 Value=08
ROM[roms/astdelux/036431-02.ef1] Addr=6B52 Value=A9
ROM[roms/astdelux/036431-02.ef1] Addr=6B53 Value=65
ROM[roms/astdelux/036431-02.ef1] Addr=6B54 Value=A0
ROM[roms/astdelux/036431-02.ef1] Addr=6B55 Value=03
ROM[roms/astdelux/036431-02.ef1] Addr=6B56 Value=38
ROM[roms/astdelux/036431-02.ef1] Addr=6B57 Value=20
ROM[roms/astdelux/036431-02.ef1] Addr=6B58 Value=95
ROM[roms/astdelux/036431-02.ef1] Addr=6B59 Value=7C
ROM[roms/astdelux/036431-02.ef1] Addr=6B5A Value=A4
ROM[roms/astdelux/036431-02.ef1] Addr=6B5B Value=70
ROM[roms/astdelux/036431-02.ef1] Addr=6B5C Value=A9
ROM[roms/astdelux/036431-02.ef1] Addr=6B5D Value=01
ROM[roms/astdelux/036431-02.ef1] Addr=6B5E Value=20
ROM[roms/astdelux/036431-02.ef1] Addr=6B5F Value=74
ROM[roms/astdelux/036431-02.ef1] Addr=6B60 Value=6B
ROM[roms/astdelux/036431-02.ef1] Addr=6B61 Value=A9
ROM[roms/astdelux/036431-02.ef1] Addr=6B62 Value=CF
ROM[roms/astdelux/036431-02.ef1] Addr=6B63 Value=20
ROM[roms/astdelux/036431-02.ef1] Addr=6B64 Value=6F
ROM[roms/astdelux/036431-02.ef1] Addr=6B65 Value=7C
ROM[roms/astdelux/036431-02.ef1] Addr=6B66 Value=A5
ROM[roms/astdelux/036431-02.ef1] Addr=6B67 Value=1E
ROM[roms/astdelux/036431-02.ef1] Addr=6B68 Value=F0
ROM[roms/astdelux/036431-02.ef1] Addr=6B69 Value=1E
ROM[roms/astdelux/036431-02.ef1] Addr=6B6A Value=AD
ROM[roms/astdelux/036431-02.ef1] Addr=6B6B Value=19
ROM[roms/astdelux/036431-02.ef1] Addr=6B6C Value=02
ROM[roms/astdelux/036431-02.ef1] Addr=6B6D Value=F0
ROM[roms/astdelux/036431-02.ef1] Addr=6B6E Value=19
ROM[roms/astdelux/036431-02.ef1] Addr=6B6F Value=30
ROM[roms/astdelux/036431-02.ef1] Addr=6B70 Value=17
ROM[roms/astdelux/036431-02.ef1] Addr=6B71 Value=4C
ROM[roms/astdelux/036431-02.ef1] Addr=6B72 Value=89
ROM[roms/astdelux/036431-02.ef1] Addr=6B73 Value=6B
ROM[roms/astdelux/036431-02.ef1] Addr=6B74 Value=45
ROM[roms/astdelux/036431-02.ef1] Addr=6B75 Value=1E
ROM[roms/astdelux/036431-02.ef1] Addr=6B76 Value=F0
ROM[roms/astdelux/036431-02.ef1] Addr=6B77 Value=09
ROM[roms/astdelux/036431-02.ef1] Addr=6B78 Value=AE
ROM[roms/astdelux/036431-02.ef1] Addr=6B79 Value=19
ROM[roms/astdelux/036431-02.ef1] Addr=6B7A Value=03
ROM[roms/astdelux/036431-02.ef1] Addr=6B7B Value=30
ROM[roms/astdelux/036431-02.ef1] Addr=6B7C Value=02
ROM[roms/astdelux/036431-02.ef1] Addr=6B7D Value=D0
ROM[roms/astdelux/036431-02.ef1] Addr=6B7E Value=01
ROM[roms/astdelux/036431-02.ef1] Addr=6B7F Value=C8
ROM[roms/astdelux/036431-02.ef1] Addr=6B80 Value=60
ROM[roms/astdelux/036431-02.ef1] Addr=6B81 Value=AE
ROM[roms/astdelux/036431-02.ef1] Addr=6B82 Value=19
ROM[roms/astdelux/036431-02.ef1] Addr=6B83 Value=02
ROM[roms/astdelux/036431-02.ef1] Addr=6B84 Value=F0
ROM[roms/astdelux/036431-02.ef1] Addr=6B85 Value=F9
ROM[roms/astdelux/036431-02.ef1] Addr=6B86 Value=30
ROM[roms/astdelux/036431-02.ef1] Addr=6B87 Value=F7
ROM[roms/astdelux/036431-02.ef1] Addr=6B88 Value=60
ROM[roms/astdelux/036431-02.ef1] Addr=6B89 Value=A5
ROM[roms/astdelux/036431-02.ef1] Addr=6B8A Value=8B
ROM[roms/astdelux/036431-02.ef1] Addr=6B8B Value=C9
ROM[roms/astdelux/036431-02.ef1] Addr=6B8C Value=C0
ROM[roms/astdelux/036431-02.ef1] Addr=6B8D Value=90
ROM[roms/astdelux/036431-02.ef1] Addr=6B8E Value=01
ROM[roms/astdelux/036431-02.ef1] Addr=6B8F Value=60
ROM[roms/astdelux/036431-02.ef1] Addr=6B90 Value=48
ROM[roms/astdelux/036431-02.ef1] Addr=6B91 Value=49
ROM[roms/astdelux/036431-02.ef1] Addr=6B92 Value=FF
ROM[roms/astdelux/036431-02.ef1] Addr=6B93 Value=69
ROM[roms/astdelux/036431-02.ef1] Addr=6B94 Value=C1
ROM[roms/astdelux/036431-02.ef1] Addr=6B95 Value=85
ROM[roms/astdelux/036431-02.ef1] Addr=6B96 Value=8B
ROM[roms/astdelux/036431-02.ef1] Addr=6B97 Value=A5
ROM[roms/astdelux/036431-02.ef1] Addr=6B98 Value=79
ROM[roms/astdelux/036431-02.ef1] Addr=6B99 Value=48
ROM[roms/astdelux/036431-02.ef1] Addr=6B9A Value=A9
ROM[roms/astdelux/036431-02.ef1] Addr=6B9B Value=40
ROM[roms/astdelux/036431-02.ef1] Addr=6B9C Value=85
ROM[roms/astdelux/036431-02.ef1] Addr=6B9D Value=79
ROM[roms/astdelux/036431-02.ef1] Addr=6B9E Value=20
ROM[roms/astdelux/036431-02.ef1] Addr=6B9F Value=20
ROM[roms/astdelux/036431-02.ef1] Addr=6BA0 Value=6E
ROM[roms/astdelux/036431-02.ef1] Addr=6BA1 Value=68
ROM[roms/astdelux/036431-02.ef1] Addr=6BA2 Value=85
ROM[roms/astdelux/036431-02.ef1] Addr=6BA3 Value=79
ROM[roms/astdelux/036431-02.ef1] Addr=6BA4 Value=68
ROM[roms/astdelux/036431-02.ef1] Addr=6BA5 Value=85
ROM[roms/astdelux/036431-02.ef1] Addr=6BA6 Value=8B
ROM[roms/astdelux/036431-02.ef1] Addr=6BA7 Value=60
ROM[roms/astdelux/036431-02.ef1] Addr=6BA8 Value=84
ROM[roms/astdelux/036431-02.ef1] Addr=6BA9 Value=01
ROM[roms/astdelux/036431-02.ef1] Addr=6BAA Value=86
ROM[roms/astdelux/036431-02.ef1] Addr=6BAB Value=0E
ROM[roms/astdelux/036431-02.ef1] Addr=6BAC Value=46
ROM[roms/astdelux/036431-02.ef1] Addr=6BAD Value=06
ROM[roms/astdelux/036431-02.ef1] Addr=6BAE Value=66
ROM[roms/astdelux/036431-02.ef1] Addr=6BAF Value=05
ROM[roms/astdelux/036431-02.ef1] Addr=6BB0 Value=46
ROM[roms/astdelux/036431-02.ef1] Addr=6BB1 Value=06
ROM[roms/astdelux/036431-02.ef1] Addr=6BB2 Value=66
ROM[roms/astdelux/036431-02.ef1] Addr=6BB3 Value=05
ROM[roms/astdelux/036431-02.ef1] Addr=6BB4 Value=46
ROM[roms/astdelux/036431-02.ef1] Addr=6BB5 Value=06
ROM[roms/astdelux/036431-02.ef1] Addr=6BB6 Value=66
ROM[roms/astdelux/036431-02.ef1] Addr=6BB7 Value=05
ROM[roms/astdelux/036431-02.ef1] Addr=6BB8 Value=46
ROM[roms/astdelux/036431-02.ef1] Addr=6BB9 Value=08
ROM[roms/astdelux/036431-02.ef1] Addr=6BBA Value=66
ROM[roms/astdelux/036431-02.ef1] Addr=6BBB Value=07
ROM[roms/astdelux/036431-02.ef1] Addr=6BBC Value=46
ROM[roms/astdelux/036431-02.ef1] Addr=6BBD Value=08
ROM[roms/astdelux/036431-02.ef1] Addr=6BBE Value=66
ROM[roms/astdelux/036431-02.ef1] Addr=6BBF Value=07
ROM[roms/astdelux/036431-02.ef1] Addr=6BC0 Value=E6
ROM[roms/astdelux/036431-02.ef1] Addr=6BC1 Value=08
ROM[roms/astdelux/036431-02.ef1] Addr=6BC2 Value=46
ROM[roms/astdelux/036431-02.ef1] Addr=6BC3 Value=08
ROM[roms/astdelux/036431-02.ef1] Addr=6BC4 Value=66
ROM[roms/astdelux/036431-02.ef1] Addr=6BC5 Value=07
ROM[roms/astdelux/036431-02.ef1] Addr=6BC6 Value=20
ROM[roms/astdelux/036431-02.ef1] Addr=6BC7 Value=27
ROM[roms/astdelux/036431-02.ef1] Addr=6BC8 Value=6C
ROM[roms/astdelux/036431-02.ef1] Addr=6BC9 Value=A6
ROM[roms/astdelux/036431-02.ef1] Addr=6BCA Value=0E
ROM[roms/astdelux/036431-02.ef1] Addr=6BCB Value=20
ROM[roms/astdelux/036431-02.ef1] Addr=6BCC Value=D1
ROM[roms/astdelux/036431-02.ef1] Addr=6BCD Value=6B
ROM[roms/astdelux/036431-02.ef1] Addr=6BCE Value=A6
ROM[roms/astdelux/036431-02.ef1] Addr=6BCF Value=0E
ROM[roms/astdelux/036431-02.ef1] Addr=6BD0 Value=60
ROM[roms/astdelux/036431-02.ef1] Addr=6BD1 Value=BD
ROM[roms/astdelux/036431-02.ef1] Addr=6BD2 Value=00
ROM[roms/astdelux/036431-02.ef1] Addr=6BD3 Value=02
ROM[roms/astdelux/036431-02.ef1] Addr=6BD4 Value=10
ROM[roms/astdelux/036431-02.ef1] Addr=6BD5 Value=13
ROM[roms/astdelux/036431-02.ef1] Addr=6BD6 Value=E0
ROM[roms/astdelux/036431-02.ef1] Addr=6BD7 Value=19
ROM[roms/astdelux/036431-02.ef1] Addr=6BD8 Value=F0
ROM[roms/astdelux/036431-02.ef1] Addr=6BD9 Value=0C
ROM[roms/astdelux/036431-02.ef1] Addr=6BDA Value=29
ROM[roms/astdelux/036431-02.ef1] Addr=6BDB Value=0C
ROM[roms/astdelux/036431-02.ef1] Addr=6BDC Value=4A
ROM[roms/astdelux/036431-02.ef1] Addr=6BDD Value=A8
ROM[roms/astdelux/036431-02.ef1] Addr=6BDE Value=B9
ROM[roms/astdelux/036431-02.ef1] Addr=6BDF Value=80
ROM[roms/astdelux/036431-02.ef1] Addr=6BE0 Value=4D
ROM[roms/astdelux/036431-02.ef1] Addr=6BE1 Value=BE
ROM[roms/astdelux/036431-02.ef1] Addr=6BE2 Value=81
ROM[roms/astdelux/036431-02.ef1] Addr=6BE3 Value=4D
ROM[roms/astdelux/036431-02.ef1] Addr=6BE4 Value=D0
ROM[roms/astdelux/036431-02.ef1] Addr=6BE5 Value=1F
ROM[roms/astdelux/036431-02.ef1] Addr=6BE6 Value=4C
ROM[roms/astdelux/036431-02.ef1] Addr=6BE7 Value=5B
ROM[roms/astdelux/036431-02.ef1] Addr=6BE8 Value=6D
ROM[roms/astdelux/036431-02.ef1] Addr=6BE9 Value=E0
ROM[roms/astdelux/036431-02.ef1] Addr=6BEA Value=19
ROM[roms/astdelux/036431-02.ef1] Addr=6BEB Value=F0
ROM[roms/astdelux/036431-02.ef1] Addr=6BEC Value=1B
ROM[roms/astdelux/036431-02.ef1] Addr=6BED Value=E0
ROM[roms/astdelux/036431-02.ef1] Addr=6BEE Value=1A
ROM[roms/astdelux/036431-02.ef1] Addr=6BEF Value=F0
ROM[roms/astdelux/036431-02.ef1] Addr=6BF0 Value=1D
ROM[roms/astdelux/036431-02.ef1] Addr=6BF1 Value=B0
ROM[roms/astdelux/036431-02.ef1] Addr=6BF2 Value=21
ROM[roms/astdelux/036431-02.ef1] Addr=6BF3 Value=0A
ROM[roms/astdelux/036431-02.ef1] Addr=6BF4 Value=10
ROM[roms/astdelux/036431-02.ef1] Addr=6BF5 Value=03
ROM[roms/astdelux/036431-02.ef1] Addr=6BF6 Value=4C
ROM[roms/astdelux/036431-02.ef1] Addr=6BF7 Value=75
ROM[roms/astdelux/036431-02.ef1] Addr=6BF8 Value=4A
ROM[roms/astdelux/036431-02.ef1] Addr=6BF9 Value=4A
ROM[roms/astdelux/036431-02.ef1] Addr=6BFA Value=4A
ROM[roms/astdelux/036431-02.ef1] Addr=6BFB Value=4A
ROM[roms/astdelux/036431-02.ef1] Addr=6BFC Value=29
ROM[roms/astdelux/036431-02.ef1] Addr=6BFD Value=06
ROM[roms/astdelux/036431-02.ef1] Addr=6BFE Value=A8
ROM[roms/astdelux/036431-02.ef1] Addr=6BFF Value=B9
ROM[roms/astdelux/036431-02.ef1] Addr=6C00 Value=9D
ROM[roms/astdelux/036431-02.ef1] Addr=6C01 Value=77
ROM[roms/astdelux/036431-02.ef1] Addr=6C02 Value=BE
ROM[roms/astdelux/036431-02.ef1] Addr=6C03 Value=9E
ROM[roms/astdelux/036431-02.ef1] Addr=6C04 Value=77
ROM[roms/astdelux/036431-02.ef1] Addr=6C05 Value=4C
ROM[roms/astdelux/036431-02.ef1] Addr=6C06 Value=D5
ROM[roms/astdelux/036431-02.ef1] Addr=6C07 Value=7C
ROM[roms/astdelux/036431-02.ef1] Addr=6C08 Value=20
ROM[roms/astdelux/036431-02.ef1] Addr=6C09 Value=81
ROM[roms/astdelux/036431-02.ef1] Addr=6C0A Value=66
ROM[roms/astdelux/036431-02.ef1] Addr=6C0B Value=4C
ROM[roms/astdelux/036431-02.ef1] Addr=6C0C Value=20
ROM[roms/astdelux/036431-02.ef1] Addr=6C0D Value=6E
ROM[roms/astdelux/036431-02.ef1] Addr=6C0E Value=A9
ROM[roms/astdelux/036431-02.ef1] Addr=6C0F Value=34
ROM[roms/astdelux/036431-02.ef1] Addr=6C10 Value=A2
ROM[roms/astdelux/036431-02.ef1] Addr=6C11 Value=C7
ROM[roms/astdelux/036431-02.ef1] Addr=6C12 Value=D0
ROM[roms/astdelux/036431-02.ef1] Addr=6C13 Value=F1
ROM[roms/astdelux/036431-02.ef1] Addr=6C14 Value=A9
ROM[roms/astdelux/036431-02.ef1] Addr=6C15 Value=70
ROM[roms/astdelux/036431-02.ef1] Addr=6C16 Value=A2
ROM[roms/astdelux/036431-02.ef1] Addr=6C17 Value=F0
ROM[roms/astdelux/036431-02.ef1] Addr=6C18 Value=20
ROM[roms/astdelux/036431-02.ef1] Addr=6C19 Value=EC
ROM[roms/astdelux/036431-02.ef1] Addr=6C1A Value=7A
ROM[roms/astdelux/036431-02.ef1] Addr=6C1B Value=A6
ROM[roms/astdelux/036431-02.ef1] Addr=6C1C Value=0E
ROM[roms/astdelux/036431-02.ef1] Addr=6C1D Value=A5
ROM[roms/astdelux/036431-02.ef1] Addr=6C1E Value=76
ROM[roms/astdelux/036431-02.ef1] Addr=6C1F Value=29
ROM[roms/astdelux/036431-02.ef1] Addr=6C20 Value=03
ROM[roms/astdelux/036431-02.ef1] Addr=6C21 Value=D0
ROM[roms/astdelux/036431-02.ef1] Addr=6C22 Value=03
ROM[roms/astdelux/036431-02.ef1] Addr=6C23 Value=DE
ROM[roms/astdelux/036431-02.ef1] Addr=6C24 Value=00
ROM[roms/astdelux/036431-02.ef1] Addr=6C25 Value=02
ROM[roms/astdelux/036431-02.ef1] Addr=6C26 Value=60
ROM[roms/astdelux/036431-02.ef1] Addr=6C27 Value=A2
ROM[roms/astdelux/036431-02.ef1] Addr=6C28 Value=05
ROM[roms/astdelux/036431-02.ef1] Addr=6C29 Value=20
ROM[roms/astdelux/036431-02.ef1] Addr=6C2A Value=38
ROM[roms/astdelux/036431-02.ef1] Addr=6C2B Value=7A
ROM[roms/astdelux/036431-02.ef1] Addr=6C2C Value=A9
ROM[roms/astdelux/036431-02.ef1] Addr=6C2D Value=70
ROM[roms/astdelux/036431-02.ef1] Addr=6C2E Value=38
ROM[roms/astdelux/036431-02.ef1] Addr=6C2F Value=E5
ROM[roms/astdelux/036431-02.ef1] Addr=6C30 Value=01
ROM[roms/astdelux/036431-02.ef1] Addr=6C31 Value=C9
ROM[roms/astdelux/036431-02.ef1] Addr=6C32 Value=A0
ROM[roms/astdelux/036431-02.ef1] Addr=6C33 Value=90
ROM[roms/astdelux/036431-02.ef1] Addr=6C34 Value=0C
ROM[roms/astdelux/036431-02.ef1] Addr=6C35 Value=48
ROM[roms/astdelux/036431-02.ef1] Addr=6C36 Value=A9
ROM[roms/astdelux/036431-02.ef1] Addr=6C37 Value=90
ROM[roms/astdelux/036431-02.ef1] Addr=6C38 Value=20
ROM[roms/astdelux/036431-02.ef1] Addr=6C39 Value=EA
ROM[roms/astdelux/036431-02.ef1] Addr=6C3A Value=7A
ROM[roms/astdelux/036431-02.ef1] Addr=6C3B Value=68
ROM[roms/astdelux/036431-02.ef1] Addr=6C3C Value=38
ROM[roms/astdelux/036431-02.ef1] Addr=6C3D Value=E9
ROM[roms/astdelux/036431-02.ef1] Addr=6C3E Value=10
ROM[roms/astdelux/036431-02.ef1] Addr=6C3F Value=D0
ROM[roms/astdelux/036431-02.ef1] Addr=6C40 Value=F0
ROM[roms/astdelux/036431-02.ef1] Addr=6C41 Value=4C
ROM[roms/astdelux/036431-02.ef1] Addr=6C42 Value=EA
ROM[roms/astdelux/036431-02.ef1] Addr=6C43 Value=7A
ROM[roms/astdelux/036431-02.ef1] Addr=6C44 Value=6A
ROM[roms/astdelux/036431-02.ef1] Addr=6C45 Value=66
ROM[roms/astdelux/036431-02.ef1] Addr=6C46 Value=10
ROM[roms/astdelux/036431-02.ef1] Addr=6C47 Value=4A
ROM[roms/astdelux/036431-02.ef1] Addr=6C48 Value=66
ROM[roms/astdelux/036431-02.ef1] Addr=6C49 Value=10
ROM[roms/astdelux/036431-02.ef1] Addr=6C4A Value=4A
ROM[roms/astdelux/036431-02.ef1] Addr=6C4B Value=66
ROM[roms/astdelux/036431-02.ef1] Addr=6C4C Value=10
ROM[roms/astdelux/036431-02.ef1] Addr=6C4D Value=4A
ROM[roms/astdelux/036431-02.ef1] Addr=6C4E Value=66
ROM[roms/astdelux/036431-02.ef1] Addr=6C4F Value=10
ROM[roms/astdelux/036431-02.ef1] Addr=6C50 Value=85
ROM[roms/astdelux/036431-02.ef1] Addr=6C51 Value=11
ROM[roms/astdelux/036431-02.ef1] Addr=6C52 Value=F8
ROM[roms/astdelux/036431-02.ef1] Addr=6C53 Value=86
ROM[roms/astdelux/036431-02.ef1] Addr=6C54 Value=12
ROM[roms/astdelux/036431-02.ef1] Addr=6C55 Value=A6
ROM[roms/astdelux/036431-02.ef1] Addr=6C56 Value=20
ROM[roms/astdelux/036431-02.ef1] Addr=6C57 Value=A5
ROM[roms/astdelux/036431-02.ef1] Addr=6C58 Value=10
ROM[roms/astdelux/036431-02.ef1] Addr=6C59 Value=29
ROM[roms/astdelux/036431-02.ef1] Addr=6C5A Value=F0
ROM[roms/astdelux/036431-02.ef1] Addr=6C5B Value=18
ROM[roms/astdelux/036431-02.ef1] Addr=6C5C Value=75
ROM[roms/astdelux/036431-02.ef1] Addr=6C5D Value=62
ROM[roms/astdelux/036431-02.ef1] Addr=6C5E Value=95
ROM[roms/astdelux/036431-02.ef1] Addr=6C5F Value=62
ROM[roms/astdelux/036431-02.ef1] Addr=6C60 Value=A5
ROM[roms/astdelux/036431-02.ef1] Addr=6C61 Value=11
ROM[roms/astdelux/036431-02.ef1] Addr=6C62 Value=75
ROM[roms/astdelux/036431-02.ef1] Addr=6C63 Value=63
ROM[roms/astdelux/036431-02.ef1] Addr=6C64 Value=95
ROM[roms/astdelux/036431-02.ef1] Addr=6C65 Value=63
ROM[roms/astdelux/036431-02.ef1] Addr=6C66 Value=A9
ROM[roms/astdelux/036431-02.ef1] Addr=6C67 Value=00
ROM[roms/astdelux/036431-02.ef1] Addr=6C68 Value=75
ROM[roms/astdelux/036431-02.ef1] Addr=6C69 Value=64
ROM[roms/astdelux/036431-02.ef1] Addr=6C6A Value=95
ROM[roms/astdelux/036431-02.ef1] Addr=6C6B Value=64
ROM[roms/astdelux/036431-02.ef1] Addr=6C6C Value=D5
ROM[roms/astdelux/036431-02.ef1] Addr=6C6D Value=6A
ROM[roms/astdelux/036431-02.ef1] Addr=6C6E Value=90
ROM[roms/astdelux/036431-02.ef1] Addr=6C6F Value=21
ROM[roms/astdelux/036431-02.ef1] Addr=6C70 Value=D0
ROM[roms/astdelux/036431-02.ef1] Addr=6C71 Value=06
ROM[roms/astdelux/036431-02.ef1] Addr=6C72 Value=B5
ROM[roms/astdelux/036431-02.ef1] Addr=6C73 Value=63
ROM[roms/astdelux/036431-02.ef1] Addr=6C74 Value=D5
ROM[roms/astdelux/036431-02.ef1] Addr=6C75 Value=69
ROM[roms/astdelux/036431-02.ef1] Addr=6C76 Value=90
ROM[roms/astdelux/036431-02.ef1] Addr=6C77 Value=19
ROM[roms/astdelux/036431-02.ef1] Addr=6C78 Value=18
ROM[roms/astdelux/036431-02.ef1] Addr=6C79 Value=A5
ROM[roms/astdelux/036431-02.ef1] Addr=6C7A Value=F8
ROM[roms/astdelux/036431-02.ef1] Addr=6C7B Value=75
ROM[roms/astdelux/036431-02.ef1] Addr=6C7C Value=69
ROM[roms/astdelux/036431-02.ef1] Addr=6C7D Value=95
ROM[roms/astdelux/036431-02.ef1] Addr=6C7E Value=69
ROM[roms/astdelux/036431-02.ef1] Addr=6C7F Value=A5
ROM[roms/astdelux/036431-02.ef1] Addr=6C80 Value=F9
ROM[roms/astdelux/036431-02.ef1] Addr=6C81 Value=75
ROM[roms/astdelux/036431-02.ef1] Addr=6C82 Value=6A
ROM[roms/astdelux/036431-02.ef1] Addr=6C83 Value=95
ROM[roms/astdelux/036431-02.ef1] Addr=6C84 Value=6A
ROM[roms/astdelux/036431-02.ef1] Addr=6C85 Value=A6
ROM[roms/astdelux/036431-02.ef1] Addr=6C86 Value=1E
ROM[roms/astdelux/036431-02.ef1] Addr=6C87 Value=B5
ROM[roms/astdelux/036431-02.ef1] Addr=6C88 Value=6F
ROM[roms/astdelux/036431-02.ef1] Addr=6C89 Value=C9
ROM[roms/astdelux/036431-02.ef1] Addr=6C8A Value=0A
ROM[roms/astdelux/036431-02.ef1] Addr=6C8B Value=B0
ROM[roms/astdelux/036431-02.ef1] Addr=6C8C Value=04
ROM[roms/astdelux/036431-02.ef1] Addr=6C8D Value=F6
ROM[roms/astdelux/036431-02.ef1] Addr=6C8E Value=6F
ROM[roms/astdelux/036431-02.ef1] Addr=6C8F Value=E6
ROM[roms/astdelux/036431-02.ef1] Addr=6C90 Value=7E
ROM[roms/astdelux/036431-02.ef1] Addr=6C91 Value=D8
ROM[roms/astdelux/036431-02.ef1] Addr=6C92 Value=A6
ROM[roms/astdelux/036431-02.ef1] Addr=6C93 Value=12
ROM[roms/astdelux/036431-02.ef1] Addr=6C94 Value=60
ROM[roms/astdelux/036431-02.ef1] Addr=6C95 Value=A5
ROM[roms/astdelux/036431-02.ef1] Addr=6C96 Value=1E
ROM[roms/astdelux/036431-02.ef1] Addr=6C97 Value=4A
ROM[roms/astdelux/036431-02.ef1] Addr=6C98 Value=6A
ROM[roms/astdelux/036431-02.ef1] Addr=6C99 Value=8D
ROM[roms/astdelux/036431-02.ef1] Addr=6C9A Value=04
ROM[roms/astdelux/036431-02.ef1] Addr=6C9B Value=3C
ROM[roms/astdelux/036431-02.ef1] Addr=6C9C Value=60
ROM[roms/astdelux/036431-02.ef1] Addr=6C9D Value=A6
ROM[roms/astdelux/036431-02.ef1] Addr=6C9E Value=22
ROM[roms/astdelux/036431-02.ef1] Addr=6C9F Value=D0
ROM[roms/astdelux/036431-02.ef1] Addr=6CA0 Value=1C
ROM[roms/astdelux/036431-02.ef1] Addr=6CA1 Value=A5
ROM[roms/astdelux/036431-02.ef1] Addr=6CA2 Value=77
ROM[roms/astdelux/036431-02.ef1] Addr=6CA3 Value=29
ROM[roms/astdelux/036431-02.ef1] Addr=6CA4 Value=04
ROM[roms/astdelux/036431-02.ef1] Addr=6CA5 Value=F0
ROM[roms/astdelux/036431-02.ef1] Addr=6CA6 Value=18
ROM[roms/astdelux/036431-02.ef1] Addr=6CA7 Value=86
ROM[roms/astdelux/036431-02.ef1] Addr=6CA8 Value=01
ROM[roms/astdelux/036431-02.ef1] Addr=6CA9 Value=A9
ROM[roms/astdelux/036431-02.ef1] Addr=6CAA Value=70
ROM[roms/astdelux/036431-02.ef1] Addr=6CAB Value=A2
ROM[roms/astdelux/036431-02.ef1] Addr=6CAC Value=68
ROM[roms/astdelux/036431-02.ef1] Addr=6CAD Value=20
ROM[roms/astdelux/036431-02.ef1] Addr=6CAE Value=1F
ROM[roms/astdelux/036431-02.ef1] Addr=6CAF Value=7A
ROM[roms/astdelux/036431-02.ef1] Addr=6CB0 Value=A9
ROM[roms/astdelux/036431-02.ef1] Addr=6CB1 Value=70
ROM[roms/astdelux/036431-02.ef1] Addr=6CB2 Value=20
ROM[roms/astdelux/036431-02.ef1] Addr=6CB3 Value=EA
ROM[roms/astdelux/036431-02.ef1] Addr=6CB4 Value=7A
ROM[roms/astdelux/036431-02.ef1] Addr=6CB5 Value=20
ROM[roms/astdelux/036431-02.ef1] Addr=6CB6 Value=48
ROM[roms/astdelux/036431-02.ef1] Addr=6CB7 Value=71
ROM[roms/astdelux/036431-02.ef1] Addr=6CB8 Value=A0
ROM[roms/astdelux/036431-02.ef1] Addr=6CB9 Value=07
ROM[roms/astdelux/036431-02.ef1] Addr=6CBA Value=20
ROM[roms/astdelux/036431-02.ef1] Addr=6CBB Value=59
ROM[roms/astdelux/036431-02.ef1] Addr=6CBC Value=71
ROM[roms/astdelux/036431-02.ef1] Addr=6CBD Value=18
ROM[roms/astdelux/036431-02.ef1] Addr=6CBE Value=60
ROM[roms/astdelux/036431-02.ef1] Addr=6CBF Value=A5
ROM[roms/astdelux/036431-02.ef1] Addr=6CC0 Value=23
ROM[roms/astdelux/036431-02.ef1] Addr=6CC1 Value=05
ROM[roms/astdelux/036431-02.ef1] Addr=6CC2 Value=24
ROM[roms/astdelux/036431-02.ef1] Addr=6CC3 Value=05
ROM[roms/astdelux/036431-02.ef1] Addr=6CC4 Value=25
ROM[roms/astdelux/036431-02.ef1] Addr=6CC5 Value=F0
ROM[roms/astdelux/036431-02.ef1] Addr=6CC6 Value=E0
ROM[roms/astdelux/036431-02.ef1] Addr=6CC7 Value=A0
ROM[roms/astdelux/036431-02.ef1] Addr=6CC8 Value=00
ROM[roms/astdelux/036431-02.ef1] Addr=6CC9 Value=20
ROM[roms/astdelux/036431-02.ef1] Addr=6CCA Value=59
ROM[roms/astdelux/036431-02.ef1] Addr=6CCB Value=71
ROM[roms/astdelux/036431-02.ef1] Addr=6CCC Value=A2
ROM[roms/astdelux/036431-02.ef1] Addr=6CCD Value=00
ROM[roms/astdelux/036431-02.ef1] Addr=6CCE Value=86
ROM[roms/astdelux/036431-02.ef1] Addr=6CCF Value=10
ROM[roms/astdelux/036431-02.ef1] Addr=6CD0 Value=86
ROM[roms/astdelux/036431-02.ef1] Addr=6CD1 Value=13
ROM[roms/astdelux/036431-02.ef1] Addr=6CD2 Value=A9
ROM[roms/astdelux/036431-02.ef1] Addr=6CD3 Value=A7
ROM[roms/astdelux/036431-02.ef1] Addr=6CD4 Value=85
ROM[roms/astdelux/036431-02.ef1] Addr=6CD5 Value=12
ROM[roms/astdelux/036431-02.ef1] Addr=6CD6 Value=A2
ROM[roms/astdelux/036431-02.ef1] Addr=6CD7 Value=23
ROM[roms/astdelux/036431-02.ef1] Addr=6CD8 Value=A9
ROM[roms/astdelux/036431-02.ef1] Addr=6CD9 Value=10
ROM[roms/astdelux/036431-02.ef1] Addr=6CDA Value=85
ROM[roms/astdelux/036431-02.ef1] Addr=6CDB Value=01
ROM[roms/astdelux/036431-02.ef1] Addr=6CDC Value=86
ROM[roms/astdelux/036431-02.ef1] Addr=6CDD Value=11
ROM[roms/astdelux/036431-02.ef1] Addr=6CDE Value=B5
ROM[roms/astdelux/036431-02.ef1] Addr=6CDF Value=00
ROM[roms/astdelux/036431-02.ef1] Addr=6CE0 Value=15
ROM[roms/astdelux/036431-02.ef1] Addr=6CE1 Value=01
ROM[roms/astdelux/036431-02.ef1] Addr=6CE2 Value=15
ROM[roms/astdelux/036431-02.ef1] Addr=6CE3 Value=02
ROM[roms/astdelux/036431-02.ef1] Addr=6CE4 Value=F0
ROM[roms/astdelux/036431-02.ef1] Addr=6CE5 Value=5A
ROM[roms/astdelux/036431-02.ef1] Addr=6CE6 Value=A9
ROM[roms/astdelux/036431-02.ef1] Addr=6CE7 Value=5F
ROM[roms/astdelux/036431-02.ef1] Addr=6CE8 Value=A6
ROM[roms/astdelux/036431-02.ef1] Addr=6CE9 Value=12
ROM[roms/astdelux/036431-02.ef1] Addr=6CEA Value=20
ROM[roms/astdelux/036431-02.ef1] Addr=6CEB Value=1F
ROM[roms/astdelux/036431-02.ef1] Addr=6CEC Value=7A
ROM[roms/astdelux/036431-02.ef1] Addr=6CED Value=A9
ROM[roms/astdelux/036431-02.ef1] Addr=6CEE Value=40
ROM[roms/astdelux/036431-02.ef1] Addr=6CEF Value=20
ROM[roms/astdelux/036431-02.ef1] Addr=6CF0 Value=EA
ROM[roms/astdelux/036431-02.ef1] Addr=6CF1 Value=7A
ROM[roms/astdelux/036431-02.ef1] Addr=6CF2 Value=A5
ROM[roms/astdelux/036431-02.ef1] Addr=6CF3 Value=10
ROM[roms/astdelux/036431-02.ef1] Addr=6CF4 Value=F8
ROM[roms/astdelux/036431-02.ef1] Addr=6CF5 Value=18
ROM[roms/astdelux/036431-02.ef1] Addr=6CF6 Value=69
ROM[roms/astdelux/036431-02.ef1] Addr=6CF7 Value=01
ROM[roms/astdelux/036431-02.ef1] Addr=6CF8 Value=D8
ROM[roms/astdelux/036431-02.ef1] Addr=6CF9 Value=85
ROM[roms/astdelux/036431-02.ef1] Addr=6CFA Value=10
ROM[roms/astdelux/036431-02.ef1] Addr=6CFB Value=A9
ROM[roms/astdelux/036431-02.ef1] Addr=6CFC Value=10
ROM[roms/astdelux/036431-02.ef1] Addr=6CFD Value=38
ROM[roms/astdelux/036431-02.ef1] Addr=6CFE Value=A0
ROM[roms/astdelux/036431-02.ef1] Addr=6CFF Value=01
ROM[roms/astdelux/036431-02.ef1] Addr=6D00 Value=20
ROM[roms/astdelux/036431-02.ef1] Addr=6D01 Value=95
ROM[roms/astdelux/036431-02.ef1] Addr=6D02 Value=7C
ROM[roms/astdelux/036431-02.ef1] Addr=6D03 Value=A9
ROM[roms/astdelux/036431-02.ef1] Addr=6D04 Value=40
ROM[roms/astdelux/036431-02.ef1] Addr=6D05 Value=AA
ROM[roms/astdelux/036431-02.ef1] Addr=6D06 Value=20
ROM[roms/astdelux/036431-02.ef1] Addr=6D07 Value=EC
ROM[roms/astdelux/036431-02.ef1] Addr=6D08 Value=7A
ROM[roms/astdelux/036431-02.ef1] Addr=6D09 Value=A0
ROM[roms/astdelux/036431-02.ef1] Addr=6D0A Value=00
ROM[roms/astdelux/036431-02.ef1] Addr=6D0B Value=20
ROM[roms/astdelux/036431-02.ef1] Addr=6D0C Value=F8
ROM[roms/astdelux/036431-02.ef1] Addr=6D0D Value=79
ROM[roms/astdelux/036431-02.ef1] Addr=6D0E Value=A5
ROM[roms/astdelux/036431-02.ef1] Addr=6D0F Value=11
ROM[roms/astdelux/036431-02.ef1] Addr=6D10 Value=A0
ROM[roms/astdelux/036431-02.ef1] Addr=6D11 Value=03
ROM[roms/astdelux/036431-02.ef1] Addr=6D12 Value=38
ROM[roms/astdelux/036431-02.ef1] Addr=6D13 Value=20
ROM[roms/astdelux/036431-02.ef1] Addr=6D14 Value=95
ROM[roms/astdelux/036431-02.ef1] Addr=6D15 Value=7C
ROM[roms/astdelux/036431-02.ef1] Addr=6D16 Value=A0
ROM[roms/astdelux/036431-02.ef1] Addr=6D17 Value=00
ROM[roms/astdelux/036431-02.ef1] Addr=6D18 Value=20
ROM[roms/astdelux/036431-02.ef1] Addr=6D19 Value=F8
ROM[roms/astdelux/036431-02.ef1] Addr=6D1A Value=79
ROM[roms/astdelux/036431-02.ef1] Addr=6D1B Value=20
ROM[roms/astdelux/036431-02.ef1] Addr=6D1C Value=42
ROM[roms/astdelux/036431-02.ef1] Addr=6D1D Value=6D
ROM[roms/astdelux/036431-02.ef1] Addr=6D1E Value=A5
ROM[roms/astdelux/036431-02.ef1] Addr=6D1F Value=10
ROM[roms/astdelux/036431-02.ef1] Addr=6D20 Value=C9
ROM[roms/astdelux/036431-02.ef1] Addr=6D21 Value=04
ROM[roms/astdelux/036431-02.ef1] Addr=6D22 Value=B0
ROM[roms/astdelux/036431-02.ef1] Addr=6D23 Value=0C
ROM[roms/astdelux/036431-02.ef1] Addr=6D24 Value=A5
ROM[roms/astdelux/036431-02.ef1] Addr=6D25 Value=12
ROM[roms/astdelux/036431-02.ef1] Addr=6D26 Value=69
ROM[roms/astdelux/036431-02.ef1] Addr=6D27 Value=02
ROM[roms/astdelux/036431-02.ef1] Addr=6D28 Value=AA
ROM[roms/astdelux/036431-02.ef1] Addr=6D29 Value=A9
ROM[roms/astdelux/036431-02.ef1] Addr=6D2A Value=B2
ROM[roms/astdelux/036431-02.ef1] Addr=6D2B Value=A0
ROM[roms/astdelux/036431-02.ef1] Addr=6D2C Value=02
ROM[roms/astdelux/036431-02.ef1] Addr=6D2D Value=20
ROM[roms/astdelux/036431-02.ef1] Addr=6D2E Value=71
ROM[roms/astdelux/036431-02.ef1] Addr=6D2F Value=7C
ROM[roms/astdelux/036431-02.ef1] Addr=6D30 Value=A5
ROM[roms/astdelux/036431-02.ef1] Addr=6D31 Value=12
ROM[roms/astdelux/036431-02.ef1] Addr=6D32 Value=38
ROM[roms/astdelux/036431-02.ef1] Addr=6D33 Value=E9
ROM[roms/astdelux/036431-02.ef1] Addr=6D34 Value=08
ROM[roms/astdelux/036431-02.ef1] Addr=6D35 Value=85
ROM[roms/astdelux/036431-02.ef1] Addr=6D36 Value=12
ROM[roms/astdelux/036431-02.ef1] Addr=6D37 Value=A6
ROM[roms/astdelux/036431-02.ef1] Addr=6D38 Value=11
ROM[roms/astdelux/036431-02.ef1] Addr=6D39 Value=E8
ROM[roms/astdelux/036431-02.ef1] Addr=6D3A Value=E8
ROM[roms/astdelux/036431-02.ef1] Addr=6D3B Value=E8
ROM[roms/astdelux/036431-02.ef1] Addr=6D3C Value=E0
ROM[roms/astdelux/036431-02.ef1] Addr=6D3D Value=41
ROM[roms/astdelux/036431-02.ef1] Addr=6D3E Value=90
ROM[roms/astdelux/036431-02.ef1] Addr=6D3F Value=98
ROM[roms/astdelux/036431-02.ef1] Addr=6D40 Value=38
ROM[roms/astdelux/036431-02.ef1] Addr=6D41 Value=60
ROM[roms/astdelux/036431-02.ef1] Addr=6D42 Value=20
ROM[roms/astdelux/036431-02.ef1] Addr=6D43 Value=48
ROM[roms/astdelux/036431-02.ef1] Addr=6D44 Value=6D
ROM[roms/astdelux/036431-02.ef1] Addr=6D45 Value=20
ROM[roms/astdelux/036431-02.ef1] Addr=6D46 Value=48
ROM[roms/astdelux/036431-02.ef1] Addr=6D47 Value=6D
ROM[roms/astdelux/036431-02.ef1] Addr=6D48 Value=A4
ROM[roms/astdelux/036431-02.ef1] Addr=6D49 Value=13
ROM[roms/astdelux/036431-02.ef1] Addr=6D4A Value=20
ROM[roms/astdelux/036431-02.ef1] Addr=6D4B Value=C5
ROM[roms/astdelux/036431-02.ef1] Addr=6D4C Value=66
ROM[roms/astdelux/036431-02.ef1] Addr=6D4D Value=E6
ROM[roms/astdelux/036431-02.ef1] Addr=6D4E Value=13
ROM[roms/astdelux/036431-02.ef1] Addr=6D4F Value=60
ROM[roms/astdelux/036431-02.ef1] Addr=6D50 Value=A2
ROM[roms/astdelux/036431-02.ef1] Addr=6D51 Value=18
ROM[roms/astdelux/036431-02.ef1] Addr=6D52 Value=BD
ROM[roms/astdelux/036431-02.ef1] Addr=6D53 Value=00
ROM[roms/astdelux/036431-02.ef1] Addr=6D54 Value=02
ROM[roms/astdelux/036431-02.ef1] Addr=6D55 Value=F0
ROM[roms/astdelux/036431-02.ef1] Addr=6D56 Value=03
ROM[roms/astdelux/036431-02.ef1] Addr=6D57 Value=CA
ROM[roms/astdelux/036431-02.ef1] Addr=6D58 Value=10
ROM[roms/astdelux/036431-02.ef1] Addr=6D59 Value=F8
ROM[roms/astdelux/036431-02.ef1] Addr=6D5A Value=60
ROM[roms/astdelux/036431-02.ef1] Addr=6D5B Value=AD
ROM[roms/astdelux/036431-02.ef1] Addr=6D5C Value=19
ROM[roms/astdelux/036431-02.ef1] Addr=6D5D Value=02
ROM[roms/astdelux/036431-02.ef1] Addr=6D5E Value=C9
ROM[roms/astdelux/036431-02.ef1] Addr=6D5F Value=A2
ROM[roms/astdelux/036431-02.ef1] Addr=6D60 Value=B0
ROM[roms/astdelux/036431-02.ef1] Addr=6D61 Value=3B
ROM[roms/astdelux/036431-02.ef1] Addr=6D62 Value=A2
ROM[roms/astdelux/036431-02.ef1] Addr=6D63 Value=07
ROM[roms/astdelux/036431-02.ef1] Addr=6D64 Value=AD
ROM[roms/astdelux/036431-02.ef1] Addr=6D65 Value=0A
ROM[roms/astdelux/036431-02.ef1] Addr=6D66 Value=2C
ROM[roms/astdelux/036431-02.ef1] Addr=6D67 Value=29
ROM[roms/astdelux/036431-02.ef1] Addr=6D68 Value=07
ROM[roms/astdelux/036431-02.ef1] Addr=6D69 Value=45
ROM[roms/astdelux/036431-02.ef1] Addr=6D6A Value=05
ROM[roms/astdelux/036431-02.ef1] Addr=6D6B Value=0A
ROM[roms/astdelux/036431-02.ef1] Addr=6D6C Value=9D
ROM[roms/astdelux/036431-02.ef1] Addr=6D6D Value=00
ROM[roms/astdelux/036431-02.ef1] Addr=6D6E Value=01
ROM[roms/astdelux/036431-02.ef1] Addr=6D6F Value=A5
ROM[roms/astdelux/036431-02.ef1] Addr=6D70 Value=06
ROM[roms/astdelux/036431-02.ef1] Addr=6D71 Value=2A
ROM[roms/astdelux/036431-02.ef1] Addr=6D72 Value=9D
ROM[roms/astdelux/036431-02.ef1] Addr=6D73 Value=10
ROM[roms/astdelux/036431-02.ef1] Addr=6D74 Value=01
ROM[roms/astdelux/036431-02.ef1] Addr=6D75 Value=AD
ROM[roms/astdelux/036431-02.ef1] Addr=6D76 Value=0A
ROM[roms/astdelux/036431-02.ef1] Addr=6D77 Value=2C
ROM[roms/astdelux/036431-02.ef1] Addr=6D78 Value=29
ROM[roms/astdelux/036431-02.ef1] Addr=6D79 Value=07
ROM[roms/astdelux/036431-02.ef1] Addr=6D7A Value=45
ROM[roms/astdelux/036431-02.ef1] Addr=6D7B Value=07
ROM[roms/astdelux/036431-02.ef1] Addr=6D7C Value=0A
ROM[roms/astdelux/036431-02.ef1] Addr=6D7D Value=9D
ROM[roms/astdelux/036431-02.ef1] Addr=6D7E Value=08
ROM[roms/astdelux/036431-02.ef1] Addr=6D7F Value=01
ROM[roms/astdelux/036431-02.ef1] Addr=6D80 Value=A5
ROM[roms/astdelux/036431-02.ef1] Addr=6D81 Value=08
ROM[roms/astdelux/036431-02.ef1] Addr=6D82 Value=2A
ROM[roms/astdelux/036431-02.ef1] Addr=6D83 Value=9D
ROM[roms/astdelux/036431-02.ef1] Addr=6D84 Value=18
ROM[roms/astdelux/036431-02.ef1] Addr=6D85 Value=01
ROM[roms/astdelux/036431-02.ef1] Addr=6D86 Value=AD
ROM[roms/astdelux/036431-02.ef1] Addr=6D87 Value=0A
ROM[roms/astdelux/036431-02.ef1] Addr=6D88 Value=2C
ROM[roms/astdelux/036431-02.ef1] Addr=6D89 Value=29
ROM[roms/astdelux/036431-02.ef1] Addr=6D8A Value=0F
ROM[roms/astdelux/036431-02.ef1] Addr=6D8B Value=69
ROM[roms/astdelux/036431-02.ef1] Addr=6D8C Value=F8
ROM[roms/astdelux/036431-02.ef1] Addr=6D8D Value=9D
ROM[roms/astdelux/036431-02.ef1] Addr=6D8E Value=20
ROM[roms/astdelux/036431-02.ef1] Addr=6D8F Value=01
ROM[roms/astdelux/036431-02.ef1] Addr=6D90 Value=20
ROM[roms/astdelux/036431-02.ef1] Addr=6D91 Value=15
ROM[roms/astdelux/036431-02.ef1] Addr=6D92 Value=6E
ROM[roms/astdelux/036431-02.ef1] Addr=6D93 Value=95
ROM[roms/astdelux/036431-02.ef1] Addr=6D94 Value=DF
ROM[roms/astdelux/036431-02.ef1] Addr=6D95 Value=20
ROM[roms/astdelux/036431-02.ef1] Addr=6D96 Value=15
ROM[roms/astdelux/036431-02.ef1] Addr=6D97 Value=6E
ROM[roms/astdelux/036431-02.ef1] Addr=6D98 Value=95
ROM[roms/astdelux/036431-02.ef1] Addr=6D99 Value=E7
ROM[roms/astdelux/036431-02.ef1] Addr=6D9A Value=CA
ROM[roms/astdelux/036431-02.ef1] Addr=6D9B Value=10
ROM[roms/astdelux/036431-02.ef1] Addr=6D9C Value=C7
ROM[roms/astdelux/036431-02.ef1] Addr=6D9D Value=A9
ROM[roms/astdelux/036431-02.ef1] Addr=6D9E Value=07
ROM[roms/astdelux/036431-02.ef1] Addr=6D9F Value=85
ROM[roms/astdelux/036431-02.ef1] Addr=6DA0 Value=12
ROM[roms/astdelux/036431-02.ef1] Addr=6DA1 Value=85
ROM[roms/astdelux/036431-02.ef1] Addr=6DA2 Value=15
ROM[roms/astdelux/036431-02.ef1] Addr=6DA3 Value=A6
ROM[roms/astdelux/036431-02.ef1] Addr=6DA4 Value=15
ROM[roms/astdelux/036431-02.ef1] Addr=6DA5 Value=AD
ROM[roms/astdelux/036431-02.ef1] Addr=6DA6 Value=19
ROM[roms/astdelux/036431-02.ef1] Addr=6DA7 Value=02
ROM[roms/astdelux/036431-02.ef1] Addr=6DA8 Value=20
ROM[roms/astdelux/036431-02.ef1] Addr=6DA9 Value=B6
ROM[roms/astdelux/036431-02.ef1] Addr=6DAA Value=70
ROM[roms/astdelux/036431-02.ef1] Addr=6DAB Value=29
ROM[roms/astdelux/036431-02.ef1] Addr=6DAC Value=F0
ROM[roms/astdelux/036431-02.ef1] Addr=6DAD Value=69
ROM[roms/astdelux/036431-02.ef1] Addr=6DAE Value=60
ROM[roms/astdelux/036431-02.ef1] Addr=6DAF Value=85
ROM[roms/astdelux/036431-02.ef1] Addr=6DB0 Value=09
ROM[roms/astdelux/036431-02.ef1] Addr=6DB1 Value=B5
ROM[roms/astdelux/036431-02.ef1] Addr=6DB2 Value=EF
ROM[roms/astdelux/036431-02.ef1] Addr=6DB3 Value=7D
ROM[roms/astdelux/036431-02.ef1] Addr=6DB4 Value=20
ROM[roms/astdelux/036431-02.ef1] Addr=6DB5 Value=01
ROM[roms/astdelux/036431-02.ef1] Addr=6DB6 Value=95
ROM[roms/astdelux/036431-02.ef1] Addr=6DB7 Value=EF
ROM[roms/astdelux/036431-02.ef1] Addr=6DB8 Value=4A
ROM[roms/astdelux/036431-02.ef1] Addr=6DB9 Value=4A
ROM[roms/astdelux/036431-02.ef1] Addr=6DBA Value=48
ROM[roms/astdelux/036431-02.ef1] Addr=6DBB Value=4A
ROM[roms/astdelux/036431-02.ef1] Addr=6DBC Value=4A
ROM[roms/astdelux/036431-02.ef1] Addr=6DBD Value=4A
ROM[roms/astdelux/036431-02.ef1] Addr=6DBE Value=29
ROM[roms/astdelux/036431-02.ef1] Addr=6DBF Value=04
ROM[roms/astdelux/036431-02.ef1] Addr=6DC0 Value=85
ROM[roms/astdelux/036431-02.ef1] Addr=6DC1 Value=0A
ROM[roms/astdelux/036431-02.ef1] Addr=6DC2 Value=05
ROM[roms/astdelux/036431-02.ef1] Addr=6DC3 Value=09
ROM[roms/astdelux/036431-02.ef1] Addr=6DC4 Value=85
ROM[roms/astdelux/036431-02.ef1] Addr=6DC5 Value=09
ROM[roms/astdelux/036431-02.ef1] Addr=6DC6 Value=20
ROM[roms/astdelux/036431-02.ef1] Addr=6DC7 Value=F6
ROM[roms/astdelux/036431-02.ef1] Addr=6DC8 Value=6D
ROM[roms/astdelux/036431-02.ef1] Addr=6DC9 Value=85
ROM[roms/astdelux/036431-02.ef1] Addr=6DCA Value=06
ROM[roms/astdelux/036431-02.ef1] Addr=6DCB Value=A5
ROM[roms/astdelux/036431-02.ef1] Addr=6DCC Value=07
ROM[roms/astdelux/036431-02.ef1] Addr=6DCD Value=85
ROM[roms/astdelux/036431-02.ef1] Addr=6DCE Value=05
ROM[roms/astdelux/036431-02.ef1] Addr=6DCF Value=8A
ROM[roms/astdelux/036431-02.ef1] Addr=6DD0 Value=18
ROM[roms/astdelux/036431-02.ef1] Addr=6DD1 Value=69
ROM[roms/astdelux/036431-02.ef1] Addr=6DD2 Value=08
ROM[roms/astdelux/036431-02.ef1] Addr=6DD3 Value=AA
ROM[roms/astdelux/036431-02.ef1] Addr=6DD4 Value=20
ROM[roms/astdelux/036431-02.ef1] Addr=6DD5 Value=F6
ROM[roms/astdelux/036431-02.ef1] Addr=6DD6 Value=6D
ROM[roms/astdelux/036431-02.ef1] Addr=6DD7 Value=20
ROM[roms/astdelux/036431-02.ef1] Addr=6DD8 Value=27
ROM[roms/astdelux/036431-02.ef1] Addr=6DD9 Value=6C
ROM[roms/astdelux/036431-02.ef1] Addr=6DDA Value=68
ROM[roms/astdelux/036431-02.ef1] Addr=6DDB Value=29
ROM[roms/astdelux/036431-02.ef1] Addr=6DDC Value=1E
ROM[roms/astdelux/036431-02.ef1] Addr=6DDD Value=AA
ROM[roms/astdelux/036431-02.ef1] Addr=6DDE Value=BD
ROM[roms/astdelux/036431-02.ef1] Addr=6DDF Value=6A
ROM[roms/astdelux/036431-02.ef1] Addr=6DE0 Value=50
ROM[roms/astdelux/036431-02.ef1] Addr=6DE1 Value=0A
ROM[roms/astdelux/036431-02.ef1] Addr=6DE2 Value=85
ROM[roms/astdelux/036431-02.ef1] Addr=6DE3 Value=10
ROM[roms/astdelux/036431-02.ef1] Addr=6DE4 Value=BD
ROM[roms/astdelux/036431-02.ef1] Addr=6DE5 Value=6B
ROM[roms/astdelux/036431-02.ef1] Addr=6DE6 Value=50
ROM[roms/astdelux/036431-02.ef1] Addr=6DE7 Value=2A
ROM[roms/astdelux/036431-02.ef1] Addr=6DE8 Value=49
ROM[roms/astdelux/036431-02.ef1] Addr=6DE9 Value=C0
ROM[roms/astdelux/036431-02.ef1] Addr=6DEA Value=85
ROM[roms/astdelux/036431-02.ef1] Addr=6DEB Value=11
ROM[roms/astdelux/036431-02.ef1] Addr=6DEC Value=A2
ROM[roms/astdelux/036431-02.ef1] Addr=6DED Value=00
ROM[roms/astdelux/036431-02.ef1] Addr=6DEE Value=20
ROM[roms/astdelux/036431-02.ef1] Addr=6DEF Value=21
ROM[roms/astdelux/036431-02.ef1] Addr=6DF0 Value=62
ROM[roms/astdelux/036431-02.ef1] Addr=6DF1 Value=C6
ROM[roms/astdelux/036431-02.ef1] Addr=6DF2 Value=15
ROM[roms/astdelux/036431-02.ef1] Addr=6DF3 Value=10
ROM[roms/astdelux/036431-02.ef1] Addr=6DF4 Value=AE
ROM[roms/astdelux/036431-02.ef1] Addr=6DF5 Value=60
ROM[roms/astdelux/036431-02.ef1] Addr=6DF6 Value=A0
ROM[roms/astdelux/036431-02.ef1] Addr=6DF7 Value=00
ROM[roms/astdelux/036431-02.ef1] Addr=6DF8 Value=B5
ROM[roms/astdelux/036431-02.ef1] Addr=6DF9 Value=DF
ROM[roms/astdelux/036431-02.ef1] Addr=6DFA Value=10
ROM[roms/astdelux/036431-02.ef1] Addr=6DFB Value=01
ROM[roms/astdelux/036431-02.ef1] Addr=6DFC Value=88
ROM[roms/astdelux/036431-02.ef1] Addr=6DFD Value=18
ROM[roms/astdelux/036431-02.ef1] Addr=6DFE Value=7D
ROM[roms/astdelux/036431-02.ef1] Addr=6DFF Value=00
ROM[roms/astdelux/036431-02.ef1] Addr=6E00 Value=01
ROM[roms/astdelux/036431-02.ef1] Addr=6E01 Value=9D
ROM[roms/astdelux/036431-02.ef1] Addr=6E02 Value=00
ROM[roms/astdelux/036431-02.ef1] Addr=6E03 Value=01
ROM[roms/astdelux/036431-02.ef1] Addr=6E04 Value=85
ROM[roms/astdelux/036431-02.ef1] Addr=6E05 Value=07
ROM[roms/astdelux/036431-02.ef1] Addr=6E06 Value=98
ROM[roms/astdelux/036431-02.ef1] Addr=6E07 Value=7D
ROM[roms/astdelux/036431-02.ef1] Addr=6E08 Value=10
ROM[roms/astdelux/036431-02.ef1] Addr=6E09 Value=01
ROM[roms/astdelux/036431-02.ef1] Addr=6E0A Value=29
ROM[roms/astdelux/036431-02.ef1] Addr=6E0B Value=07
ROM[roms/astdelux/036431-02.ef1] Addr=6E0C Value=9D
ROM[roms/astdelux/036431-02.ef1] Addr=6E0D Value=10
ROM[roms/astdelux/036431-02.ef1] Addr=6E0E Value=01
ROM[roms/astdelux/036431-02.ef1] Addr=6E0F Value=4A
ROM[roms/astdelux/036431-02.ef1] Addr=6E10 Value=85
ROM[roms/astdelux/036431-02.ef1] Addr=6E11 Value=08
ROM[roms/astdelux/036431-02.ef1] Addr=6E12 Value=66
ROM[roms/astdelux/036431-02.ef1] Addr=6E13 Value=07
ROM[roms/astdelux/036431-02.ef1] Addr=6E14 Value=60
ROM[roms/astdelux/036431-02.ef1] Addr=6E15 Value=AD
ROM[roms/astdelux/036431-02.ef1] Addr=6E16 Value=0A
ROM[roms/astdelux/036431-02.ef1] Addr=6E17 Value=2C
ROM[roms/astdelux/036431-02.ef1] Addr=6E18 Value=29
ROM[roms/astdelux/036431-02.ef1] Addr=6E19 Value=07
ROM[roms/astdelux/036431-02.ef1] Addr=6E1A Value=18
ROM[roms/astdelux/036431-02.ef1] Addr=6E1B Value=69
ROM[roms/astdelux/036431-02.ef1] Addr=6E1C Value=FC
ROM[roms/astdelux/036431-02.ef1] Addr=6E1D Value=69
ROM[roms/astdelux/036431-02.ef1] Addr=6E1E Value=00
ROM[roms/astdelux/036431-02.ef1] Addr=6E1F Value=60
ROM[roms/astdelux/036431-02.ef1] Addr=6E20 Value=A5
ROM[roms/astdelux/036431-02.ef1] Addr=6E21 Value=8B
ROM[roms/astdelux/036431-02.ef1] Addr=6E22 Value=C9
ROM[roms/astdelux/036431-02.ef1] Addr=6E23 Value=C0
ROM[roms/astdelux/036431-02.ef1] Addr=6E24 Value=B0
ROM[roms/astdelux/036431-02.ef1] Addr=6E25 Value=4A
ROM[roms/astdelux/036431-02.ef1] Addr=6E26 Value=69
ROM[roms/astdelux/036431-02.ef1] Addr=6E27 Value=06
ROM[roms/astdelux/036431-02.ef1] Addr=6E28 Value=85
ROM[roms/astdelux/036431-02.ef1] Addr=6E29 Value=8B
ROM[roms/astdelux/036431-02.ef1] Addr=6E2A Value=AD
ROM[roms/astdelux/036431-02.ef1] Addr=6E2B Value=0A
ROM[roms/astdelux/036431-02.ef1] Addr=6E2C Value=2C
ROM[roms/astdelux/036431-02.ef1] Addr=6E2D Value=29
ROM[roms/astdelux/036431-02.ef1] Addr=6E2E Value=04
ROM[roms/astdelux/036431-02.ef1] Addr=6E2F Value=85
ROM[roms/astdelux/036431-02.ef1] Addr=6E30 Value=09
ROM[roms/astdelux/036431-02.ef1] Addr=6E31 Value=AD
ROM[roms/astdelux/036431-02.ef1] Addr=6E32 Value=0A
ROM[roms/astdelux/036431-02.ef1] Addr=6E33 Value=2C
ROM[roms/astdelux/036431-02.ef1] Addr=6E34 Value=29
ROM[roms/astdelux/036431-02.ef1] Addr=6E35 Value=04
ROM[roms/astdelux/036431-02.ef1] Addr=6E36 Value=85
ROM[roms/astdelux/036431-02.ef1] Addr=6E37 Value=0A
ROM[roms/astdelux/036431-02.ef1] Addr=6E38 Value=AD
ROM[roms/astdelux/036431-02.ef1] Addr=6E39 Value=0A
ROM[roms/astdelux/036431-02.ef1] Addr=6E3A Value=2C
ROM[roms/astdelux/036431-02.ef1] Addr=6E3B Value=29
ROM[roms/astdelux/036431-02.ef1] Addr=6E3C Value=80
ROM[roms/astdelux/036431-02.ef1] Addr=6E3D Value=85
ROM[roms/astdelux/036431-02.ef1] Addr=6E3E Value=12
ROM[roms/astdelux/036431-02.ef1] Addr=6E3F Value=A9
ROM[roms/astdelux/036431-02.ef1] Addr=6E40 Value=09
ROM[roms/astdelux/036431-02.ef1] Addr=6E41 Value=85
ROM[roms/astdelux/036431-02.ef1] Addr=6E42 Value=15
ROM[roms/astdelux/036431-02.ef1] Addr=6E43 Value=A9
ROM[roms/astdelux/036431-02.ef1] Addr=6E44 Value=4D
ROM[roms/astdelux/036431-02.ef1] Addr=6E45 Value=A2
ROM[roms/astdelux/036431-02.ef1] Addr=6E46 Value=87
ROM[roms/astdelux/036431-02.ef1] Addr=6E47 Value=85
ROM[roms/astdelux/036431-02.ef1] Addr=6E48 Value=11
ROM[roms/astdelux/036431-02.ef1] Addr=6E49 Value=86
ROM[roms/astdelux/036431-02.ef1] Addr=6E4A Value=10
ROM[roms/astdelux/036431-02.ef1] Addr=6E4B Value=A0
ROM[roms/astdelux/036431-02.ef1] Addr=6E4C Value=00
ROM[roms/astdelux/036431-02.ef1] Addr=6E4D Value=A2
ROM[roms/astdelux/036431-02.ef1] Addr=6E4E Value=00
ROM[roms/astdelux/036431-02.ef1] Addr=6E4F Value=20
ROM[roms/astdelux/036431-02.ef1] Addr=6E50 Value=96
ROM[roms/astdelux/036431-02.ef1] Addr=6E51 Value=6E
ROM[roms/astdelux/036431-02.ef1] Addr=6E52 Value=AD
ROM[roms/astdelux/036431-02.ef1] Addr=6E53 Value=0A
ROM[roms/astdelux/036431-02.ef1] Addr=6E54 Value=2C
ROM[roms/astdelux/036431-02.ef1] Addr=6E55 Value=4A
ROM[roms/astdelux/036431-02.ef1] Addr=6E56 Value=A9
ROM[roms/astdelux/036431-02.ef1] Addr=6E57 Value=00
ROM[roms/astdelux/036431-02.ef1] Addr=6E58 Value=90
ROM[roms/astdelux/036431-02.ef1] Addr=6E59 Value=02
ROM[roms/astdelux/036431-02.ef1] Addr=6E5A Value=A9
ROM[roms/astdelux/036431-02.ef1] Addr=6E5B Value=70
ROM[roms/astdelux/036431-02.ef1] Addr=6E5C Value=05
ROM[roms/astdelux/036431-02.ef1] Addr=6E5D Value=09
ROM[roms/astdelux/036431-02.ef1] Addr=6E5E Value=85
ROM[roms/astdelux/036431-02.ef1] Addr=6E5F Value=09
ROM[roms/astdelux/036431-02.ef1] Addr=6E60 Value=20
ROM[roms/astdelux/036431-02.ef1] Addr=6E61 Value=96
ROM[roms/astdelux/036431-02.ef1] Addr=6E62 Value=6E
ROM[roms/astdelux/036431-02.ef1] Addr=6E63 Value=A5
ROM[roms/astdelux/036431-02.ef1] Addr=6E64 Value=09
ROM[roms/astdelux/036431-02.ef1] Addr=6E65 Value=29
ROM[roms/astdelux/036431-02.ef1] Addr=6E66 Value=04
ROM[roms/astdelux/036431-02.ef1] Addr=6E67 Value=85
ROM[roms/astdelux/036431-02.ef1] Addr=6E68 Value=09
ROM[roms/astdelux/036431-02.ef1] Addr=6E69 Value=C6
ROM[roms/astdelux/036431-02.ef1] Addr=6E6A Value=15
ROM[roms/astdelux/036431-02.ef1] Addr=6E6B Value=10
ROM[roms/astdelux/036431-02.ef1] Addr=6E6C Value=E2
ROM[roms/astdelux/036431-02.ef1] Addr=6E6D Value=20
ROM[roms/astdelux/036431-02.ef1] Addr=6E6E Value=96
ROM[roms/astdelux/036431-02.ef1] Addr=6E6F Value=6E
ROM[roms/astdelux/036431-02.ef1] Addr=6E70 Value=20
ROM[roms/astdelux/036431-02.ef1] Addr=6E71 Value=A5
ROM[roms/astdelux/036431-02.ef1] Addr=6E72 Value=6E
ROM[roms/astdelux/036431-02.ef1] Addr=6E73 Value=20
ROM[roms/astdelux/036431-02.ef1] Addr=6E74 Value=21
ROM[roms/astdelux/036431-02.ef1] Addr=6E75 Value=62
ROM[roms/astdelux/036431-02.ef1] Addr=6E76 Value=A5
ROM[roms/astdelux/036431-02.ef1] Addr=6E77 Value=8B
ROM[roms/astdelux/036431-02.ef1] Addr=6E78 Value=29
ROM[roms/astdelux/036431-02.ef1] Addr=6E79 Value=F0
ROM[roms/astdelux/036431-02.ef1] Addr=6E7A Value=C9
ROM[roms/astdelux/036431-02.ef1] Addr=6E7B Value=60
ROM[roms/astdelux/036431-02.ef1] Addr=6E7C Value=B0
ROM[roms/astdelux/036431-02.ef1] Addr=6E7D Value=02
ROM[roms/astdelux/036431-02.ef1] Addr=6E7E Value=A9
ROM[roms/astdelux/036431-02.ef1] Addr=6E7F Value=60
ROM[roms/astdelux/036431-02.ef1] Addr=6E80 Value=05
ROM[roms/astdelux/036431-02.ef1] Addr=6E81 Value=09
ROM[roms/astdelux/036431-02.ef1] Addr=6E82 Value=85
ROM[roms/astdelux/036431-02.ef1] Addr=6E83 Value=09
ROM[roms/astdelux/036431-02.ef1] Addr=6E84 Value=A2
ROM[roms/astdelux/036431-02.ef1] Addr=6E85 Value=07
ROM[roms/astdelux/036431-02.ef1] Addr=6E86 Value=20
ROM[roms/astdelux/036431-02.ef1] Addr=6E87 Value=96
ROM[roms/astdelux/036431-02.ef1] Addr=6E88 Value=6E
ROM[roms/astdelux/036431-02.ef1] Addr=6E89 Value=2C
ROM[roms/astdelux/036431-02.ef1] Addr=6E8A Value=05
ROM[roms/astdelux/036431-02.ef1] Addr=6E8B Value=24
ROM[roms/astdelux/036431-02.ef1] Addr=6E8C Value=10
ROM[roms/astdelux/036431-02.ef1] Addr=6E8D Value=37
ROM[roms/astdelux/036431-02.ef1] Addr=6E8E Value=A5
ROM[roms/astdelux/036431-02.ef1] Addr=6E8F Value=76
ROM[roms/astdelux/036431-02.ef1] Addr=6E90 Value=29
ROM[roms/astdelux/036431-02.ef1] Addr=6E91 Value=04
ROM[roms/astdelux/036431-02.ef1] Addr=6E92 Value=F0
ROM[roms/astdelux/036431-02.ef1] Addr=6E93 Value=31
ROM[roms/astdelux/036431-02.ef1] Addr=6E94 Value=A2
ROM[roms/astdelux/036431-02.ef1] Addr=6E95 Value=01
ROM[roms/astdelux/036431-02.ef1] Addr=6E96 Value=98
ROM[roms/astdelux/036431-02.ef1] Addr=6E97 Value=38
ROM[roms/astdelux/036431-02.ef1] Addr=6E98 Value=65
ROM[roms/astdelux/036431-02.ef1] Addr=6E99 Value=10
ROM[roms/astdelux/036431-02.ef1] Addr=6E9A Value=85
ROM[roms/astdelux/036431-02.ef1] Addr=6E9B Value=10
ROM[roms/astdelux/036431-02.ef1] Addr=6E9C Value=A9
ROM[roms/astdelux/036431-02.ef1] Addr=6E9D Value=00
ROM[roms/astdelux/036431-02.ef1] Addr=6E9E Value=65
ROM[roms/astdelux/036431-02.ef1] Addr=6E9F Value=11
ROM[roms/astdelux/036431-02.ef1] Addr=6EA0 Value=85
ROM[roms/astdelux/036431-02.ef1] Addr=6EA1 Value=11
ROM[roms/astdelux/036431-02.ef1] Addr=6EA2 Value=4C
ROM[roms/astdelux/036431-02.ef1] Addr=6EA3 Value=21
ROM[roms/astdelux/036431-02.ef1] Addr=6EA4 Value=62
ROM[roms/astdelux/036431-02.ef1] Addr=6EA5 Value=A5
ROM[roms/astdelux/036431-02.ef1] Addr=6EA6 Value=79
ROM[roms/astdelux/036431-02.ef1] Addr=6EA7 Value=38
ROM[roms/astdelux/036431-02.ef1] Addr=6EA8 Value=E9
ROM[roms/astdelux/036431-02.ef1] Addr=6EA9 Value=40
ROM[roms/astdelux/036431-02.ef1] Addr=6EAA Value=20
ROM[roms/astdelux/036431-02.ef1] Addr=6EAB Value=C6
ROM[roms/astdelux/036431-02.ef1] Addr=6EAC Value=6E
ROM[roms/astdelux/036431-02.ef1] Addr=6EAD Value=98
ROM[roms/astdelux/036431-02.ef1] Addr=6EAE Value=4A
ROM[roms/astdelux/036431-02.ef1] Addr=6EAF Value=A8
ROM[roms/astdelux/036431-02.ef1] Addr=6EB0 Value=A2
ROM[roms/astdelux/036431-02.ef1] Addr=6EB1 Value=53
ROM[roms/astdelux/036431-02.ef1] Addr=6EB2 Value=B9
ROM[roms/astdelux/036431-02.ef1] Addr=6EB3 Value=BC
ROM[roms/astdelux/036431-02.ef1] Addr=6EB4 Value=53
ROM[roms/astdelux/036431-02.ef1] Addr=6EB5 Value=0A
ROM[roms/astdelux/036431-02.ef1] Addr=6EB6 Value=90
ROM[roms/astdelux/036431-02.ef1] Addr=6EB7 Value=02
ROM[roms/astdelux/036431-02.ef1] Addr=6EB8 Value=E8
ROM[roms/astdelux/036431-02.ef1] Addr=6EB9 Value=18
ROM[roms/astdelux/036431-02.ef1] Addr=6EBA Value=69
ROM[roms/astdelux/036431-02.ef1] Addr=6EBB Value=C6
ROM[roms/astdelux/036431-02.ef1] Addr=6EBC Value=85
ROM[roms/astdelux/036431-02.ef1] Addr=6EBD Value=10
ROM[roms/astdelux/036431-02.ef1] Addr=6EBE Value=8A
ROM[roms/astdelux/036431-02.ef1] Addr=6EBF Value=69
ROM[roms/astdelux/036431-02.ef1] Addr=6EC0 Value=00
ROM[roms/astdelux/036431-02.ef1] Addr=6EC1 Value=85
ROM[roms/astdelux/036431-02.ef1] Addr=6EC2 Value=11
ROM[roms/astdelux/036431-02.ef1] Addr=6EC3 Value=A2
ROM[roms/astdelux/036431-02.ef1] Addr=6EC4 Value=00
ROM[roms/astdelux/036431-02.ef1] Addr=6EC5 Value=60
ROM[roms/astdelux/036431-02.ef1] Addr=6EC6 Value=4A
ROM[roms/astdelux/036431-02.ef1] Addr=6EC7 Value=85
ROM[roms/astdelux/036431-02.ef1] Addr=6EC8 Value=10
ROM[roms/astdelux/036431-02.ef1] Addr=6EC9 Value=4A
ROM[roms/astdelux/036431-02.ef1] Addr=6ECA Value=4A
ROM[roms/astdelux/036431-02.ef1] Addr=6ECB Value=4A
ROM[roms/astdelux/036431-02.ef1] Addr=6ECC Value=4A
ROM[roms/astdelux/036431-02.ef1] Addr=6ECD Value=A8
ROM[roms/astdelux/036431-02.ef1] Addr=6ECE Value=B9
ROM[roms/astdelux/036431-02.ef1] Addr=6ECF Value=EE
ROM[roms/astdelux/036431-02.ef1] Addr=6ED0 Value=6E
ROM[roms/astdelux/036431-02.ef1] Addr=6ED1 Value=0A
ROM[roms/astdelux/036431-02.ef1] Addr=6ED2 Value=85
ROM[roms/astdelux/036431-02.ef1] Addr=6ED3 Value=12
ROM[roms/astdelux/036431-02.ef1] Addr=6ED4 Value=A5
ROM[roms/astdelux/036431-02.ef1] Addr=6ED5 Value=10
ROM[roms/astdelux/036431-02.ef1] Addr=6ED6 Value=29
ROM[roms/astdelux/036431-02.ef1] Addr=6ED7 Value=0E
ROM[roms/astdelux/036431-02.ef1] Addr=6ED8 Value=90
ROM[roms/astdelux/036431-02.ef1] Addr=6ED9 Value=04
ROM[roms/astdelux/036431-02.ef1] Addr=6EDA Value=49
ROM[roms/astdelux/036431-02.ef1] Addr=6EDB Value=0E
ROM[roms/astdelux/036431-02.ef1] Addr=6EDC Value=69
ROM[roms/astdelux/036431-02.ef1] Addr=6EDD Value=01
ROM[roms/astdelux/036431-02.ef1] Addr=6EDE Value=A8
ROM[roms/astdelux/036431-02.ef1] Addr=6EDF Value=A5
ROM[roms/astdelux/036431-02.ef1] Addr=6EE0 Value=12
ROM[roms/astdelux/036431-02.ef1] Addr=6EE1 Value=29
ROM[roms/astdelux/036431-02.ef1] Addr=6EE2 Value=04
ROM[roms/astdelux/036431-02.ef1] Addr=6EE3 Value=85
ROM[roms/astdelux/036431-02.ef1] Addr=6EE4 Value=09
ROM[roms/astdelux/036431-02.ef1] Addr=6EE5 Value=06
ROM[roms/astdelux/036431-02.ef1] Addr=6EE6 Value=12
ROM[roms/astdelux/036431-02.ef1] Addr=6EE7 Value=A5
ROM[roms/astdelux/036431-02.ef1] Addr=6EE8 Value=12
ROM[roms/astdelux/036431-02.ef1] Addr=6EE9 Value=29
ROM[roms/astdelux/036431-02.ef1] Addr=6EEA Value=04
ROM[roms/astdelux/036431-02.ef1] Addr=6EEB Value=85
ROM[roms/astdelux/036431-02.ef1] Addr=6EEC Value=0A
ROM[roms/astdelux/036431-02.ef1] Addr=6EED Value=60
ROM[roms/astdelux/036431-02.ef1] Addr=6EEE Value=00
ROM[roms/astdelux/036431-02.ef1] Addr=6EEF Value=A3
ROM[roms/astdelux/036431-02.ef1] Addr=6EF0 Value=22
ROM[roms/astdelux/036431-02.ef1] Addr=6EF1 Value=81
ROM[roms/astdelux/036431-02.ef1] Addr=6EF2 Value=03
ROM[roms/astdelux/036431-02.ef1] Addr=6EF3 Value=A0
ROM[roms/astdelux/036431-02.ef1] Addr=6EF4 Value=21
ROM[roms/astdelux/036431-02.ef1] Addr=6EF5 Value=82
ROM[roms/astdelux/036431-02.ef1] Addr=6EF6 Value=46
ROM[roms/astdelux/036431-02.ef1] Addr=6EF7 Value=10
ROM[roms/astdelux/036431-02.ef1] Addr=6EF8 Value=A6
ROM[roms/astdelux/036431-02.ef1] Addr=6EF9 Value=22
ROM[roms/astdelux/036431-02.ef1] Addr=6EFA Value=F0
ROM[roms/astdelux/036431-02.ef1] Addr=6EFB Value=59
ROM[roms/astdelux/036431-02.ef1] Addr=6EFC Value=A6
ROM[roms/astdelux/036431-02.ef1] Addr=6EFD Value=A2
ROM[roms/astdelux/036431-02.ef1] Addr=6EFE Value=D0
ROM[roms/astdelux/036431-02.ef1] Addr=6EFF Value=18
ROM[roms/astdelux/036431-02.ef1] Addr=6F00 Value=A5
ROM[roms/astdelux/036431-02.ef1] Addr=6F01 Value=7E
ROM[roms/astdelux/036431-02.ef1] Addr=6F02 Value=F0
ROM[roms/astdelux/036431-02.ef1] Addr=6F03 Value=09
ROM[roms/astdelux/036431-02.ef1] Addr=6F04 Value=A0
ROM[roms/astdelux/036431-02.ef1] Addr=6F05 Value=2F
ROM[roms/astdelux/036431-02.ef1] Addr=6F06 Value=20
ROM[roms/astdelux/036431-02.ef1] Addr=6F07 Value=16
ROM[roms/astdelux/036431-02.ef1] Addr=6F08 Value=77
ROM[roms/astdelux/036431-02.ef1] Addr=6F09 Value=86
ROM[roms/astdelux/036431-02.ef1] Addr=6F0A Value=7E
ROM[roms/astdelux/036431-02.ef1] Addr=6F0B Value=F0
ROM[roms/astdelux/036431-02.ef1] Addr=6F0C Value=0B
ROM[roms/astdelux/036431-02.ef1] Addr=6F0D Value=A5
ROM[roms/astdelux/036431-02.ef1] Addr=6F0E Value=DD
ROM[roms/astdelux/036431-02.ef1] Addr=6F0F Value=F0
ROM[roms/astdelux/036431-02.ef1] Addr=6F10 Value=07
ROM[roms/astdelux/036431-02.ef1] Addr=6F11 Value=A0
ROM[roms/astdelux/036431-02.ef1] Addr=6F12 Value=5F
ROM[roms/astdelux/036431-02.ef1] Addr=6F13 Value=20
ROM[roms/astdelux/036431-02.ef1] Addr=6F14 Value=16
ROM[roms/astdelux/036431-02.ef1] Addr=6F15 Value=77
ROM[roms/astdelux/036431-02.ef1] Addr=6F16 Value=86
ROM[roms/astdelux/036431-02.ef1] Addr=6F17 Value=DD
ROM[roms/astdelux/036431-02.ef1] Addr=6F18 Value=AD
ROM[roms/astdelux/036431-02.ef1] Addr=6F19 Value=19
ROM[roms/astdelux/036431-02.ef1] Addr=6F1A Value=02
ROM[roms/astdelux/036431-02.ef1] Addr=6F1B Value=30
ROM[roms/astdelux/036431-02.ef1] Addr=6F1C Value=14
ROM[roms/astdelux/036431-02.ef1] Addr=6F1D Value=F0
ROM[roms/astdelux/036431-02.ef1] Addr=6F1E Value=12
ROM[roms/astdelux/036431-02.ef1] Addr=6F1F Value=0E
ROM[roms/astdelux/036431-02.ef1] Addr=6F20 Value=05
ROM[roms/astdelux/036431-02.ef1] Addr=6F21 Value=24
ROM[roms/astdelux/036431-02.ef1] Addr=6F22 Value=66
ROM[roms/astdelux/036431-02.ef1] Addr=6F23 Value=10
ROM[roms/astdelux/036431-02.ef1] Addr=6F24 Value=AD
ROM[roms/astdelux/036431-02.ef1] Addr=6F25 Value=E7
ROM[roms/astdelux/036431-02.ef1] Addr=6F26 Value=02
ROM[roms/astdelux/036431-02.ef1] Addr=6F27 Value=F0
ROM[roms/astdelux/036431-02.ef1] Addr=6F28 Value=08
ROM[roms/astdelux/036431-02.ef1] Addr=6F29 Value=A5
ROM[roms/astdelux/036431-02.ef1] Addr=6F2A Value=83
ROM[roms/astdelux/036431-02.ef1] Addr=6F2B Value=F0
ROM[roms/astdelux/036431-02.ef1] Addr=6F2C Value=0B
ROM[roms/astdelux/036431-02.ef1] Addr=6F2D Value=C6
ROM[roms/astdelux/036431-02.ef1] Addr=6F2E Value=83
ROM[roms/astdelux/036431-02.ef1] Addr=6F2F Value=D0
ROM[roms/astdelux/036431-02.ef1] Addr=6F30 Value=1C
ROM[roms/astdelux/036431-02.ef1] Addr=6F31 Value=AD
ROM[roms/astdelux/036431-02.ef1] Addr=6F32 Value=ED
ROM[roms/astdelux/036431-02.ef1] Addr=6F33 Value=02
ROM[roms/astdelux/036431-02.ef1] Addr=6F34 Value=85
ROM[roms/astdelux/036431-02.ef1] Addr=6F35 Value=84
ROM[roms/astdelux/036431-02.ef1] Addr=6F36 Value=10
ROM[roms/astdelux/036431-02.ef1] Addr=6F37 Value=15
ROM[roms/astdelux/036431-02.ef1] Addr=6F38 Value=C6
ROM[roms/astdelux/036431-02.ef1] Addr=6F39 Value=84
ROM[roms/astdelux/036431-02.ef1] Addr=6F3A Value=D0
ROM[roms/astdelux/036431-02.ef1] Addr=6F3B Value=11
ROM[roms/astdelux/036431-02.ef1] Addr=6F3C Value=A9
ROM[roms/astdelux/036431-02.ef1] Addr=6F3D Value=04
ROM[roms/astdelux/036431-02.ef1] Addr=6F3E Value=85
ROM[roms/astdelux/036431-02.ef1] Addr=6F3F Value=83
ROM[roms/astdelux/036431-02.ef1] Addr=6F40 Value=E6
ROM[roms/astdelux/036431-02.ef1] Addr=6F41 Value=82
ROM[roms/astdelux/036431-02.ef1] Addr=6F42 Value=A5
ROM[roms/astdelux/036431-02.ef1] Addr=6F43 Value=82
ROM[roms/astdelux/036431-02.ef1] Addr=6F44 Value=29
ROM[roms/astdelux/036431-02.ef1] Addr=6F45 Value=01
ROM[roms/astdelux/036431-02.ef1] Addr=6F46 Value=AA
ROM[roms/astdelux/036431-02.ef1] Addr=6F47 Value=BC
ROM[roms/astdelux/036431-02.ef1] Addr=6F48 Value=60
ROM[roms/astdelux/036431-02.ef1] Addr=6F49 Value=6F
ROM[roms/astdelux/036431-02.ef1] Addr=6F4A Value=20
ROM[roms/astdelux/036431-02.ef1] Addr=6F4B Value=13
ROM[roms/astdelux/036431-02.ef1] Addr=6F4C Value=77
ROM[roms/astdelux/036431-02.ef1] Addr=6F4D Value=A5
ROM[roms/astdelux/036431-02.ef1] Addr=6F4E Value=7F
ROM[roms/astdelux/036431-02.ef1] Addr=6F4F Value=AA
ROM[roms/astdelux/036431-02.ef1] Addr=6F50 Value=29
ROM[roms/astdelux/036431-02.ef1] Addr=6F51 Value=3F
ROM[roms/astdelux/036431-02.ef1] Addr=6F52 Value=F0
ROM[roms/astdelux/036431-02.ef1] Addr=6F53 Value=01
ROM[roms/astdelux/036431-02.ef1] Addr=6F54 Value=CA
ROM[roms/astdelux/036431-02.ef1] Addr=6F55 Value=86
ROM[roms/astdelux/036431-02.ef1] Addr=6F56 Value=7F
ROM[roms/astdelux/036431-02.ef1] Addr=6F57 Value=8E
ROM[roms/astdelux/036431-02.ef1] Addr=6F58 Value=00
ROM[roms/astdelux/036431-02.ef1] Addr=6F59 Value=36
ROM[roms/astdelux/036431-02.ef1] Addr=6F5A Value=A5
ROM[roms/astdelux/036431-02.ef1] Addr=6F5B Value=10
ROM[roms/astdelux/036431-02.ef1] Addr=6F5C Value=8D
ROM[roms/astdelux/036431-02.ef1] Addr=6F5D Value=03
ROM[roms/astdelux/036431-02.ef1] Addr=6F5E Value=3C
ROM[roms/astdelux/036431-02.ef1] Addr=6F5F Value=60
ROM[roms/astdelux/036431-02.ef1] Addr=6F60 Value=07
ROM[roms/astdelux/036431-02.ef1] Addr=6F61 Value=0F
ROM[roms/astdelux/036431-02.ef1] Addr=6F62 Value=86
ROM[roms/astdelux/036431-02.ef1] Addr=6F63 Value=0E
ROM[roms/astdelux/036431-02.ef1] Addr=6F64 Value=A9
ROM[roms/astdelux/036431-02.ef1] Addr=6F65 Value=50
ROM[roms/astdelux/036431-02.ef1] Addr=6F66 Value=8D
ROM[roms/astdelux/036431-02.ef1] Addr=6F67 Value=EA
ROM[roms/astdelux/036431-02.ef1] Addr=6F68 Value=02
ROM[roms/astdelux/036431-02.ef1] Addr=6F69 Value=B9
ROM[roms/astdelux/036431-02.ef1] Addr=6F6A Value=00
ROM[roms/astdelux/036431-02.ef1] Addr=6F6B Value=02
ROM[roms/astdelux/036431-02.ef1] Addr=6F6C Value=29
ROM[roms/astdelux/036431-02.ef1] Addr=6F6D Value=78
ROM[roms/astdelux/036431-02.ef1] Addr=6F6E Value=0A
ROM[roms/astdelux/036431-02.ef1] Addr=6F6F Value=10
ROM[roms/astdelux/036431-02.ef1] Addr=6F70 Value=03
ROM[roms/astdelux/036431-02.ef1] Addr=6F71 Value=4C
ROM[roms/astdelux/036431-02.ef1] Addr=6F72 Value=00
ROM[roms/astdelux/036431-02.ef1] Addr=6F73 Value=48
ROM[roms/astdelux/036431-02.ef1] Addr=6F74 Value=4A
ROM[roms/astdelux/036431-02.ef1] Addr=6F75 Value=85
ROM[roms/astdelux/036431-02.ef1] Addr=6F76 Value=0F
ROM[roms/astdelux/036431-02.ef1] Addr=6F77 Value=B9
ROM[roms/astdelux/036431-02.ef1] Addr=6F78 Value=00
ROM[roms/astdelux/036431-02.ef1] Addr=6F79 Value=02
ROM[roms/astdelux/036431-02.ef1] Addr=6F7A Value=29
ROM[roms/astdelux/036431-02.ef1] Addr=6F7B Value=07
ROM[roms/astdelux/036431-02.ef1] Addr=6F7C Value=4A
ROM[roms/astdelux/036431-02.ef1] Addr=6F7D Value=AA
ROM[roms/astdelux/036431-02.ef1] Addr=6F7E Value=F0
ROM[roms/astdelux/036431-02.ef1] Addr=6F7F Value=02
ROM[roms/astdelux/036431-02.ef1] Addr=6F80 Value=05
ROM[roms/astdelux/036431-02.ef1] Addr=6F81 Value=0F
ROM[roms/astdelux/036431-02.ef1] Addr=6F82 Value=99
ROM[roms/astdelux/036431-02.ef1] Addr=6F83 Value=00
ROM[roms/astdelux/036431-02.ef1] Addr=6F84 Value=02
ROM[roms/astdelux/036431-02.ef1] Addr=6F85 Value=A5
ROM[roms/astdelux/036431-02.ef1] Addr=6F86 Value=22
ROM[roms/astdelux/036431-02.ef1] Addr=6F87 Value=F0
ROM[roms/astdelux/036431-02.ef1] Addr=6F88 Value=0F
ROM[roms/astdelux/036431-02.ef1] Addr=6F89 Value=A5
ROM[roms/astdelux/036431-02.ef1] Addr=6F8A Value=0E
ROM[roms/astdelux/036431-02.ef1] Addr=6F8B Value=F0
ROM[roms/astdelux/036431-02.ef1] Addr=6F8C Value=04
ROM[roms/astdelux/036431-02.ef1] Addr=6F8D Value=C9
ROM[roms/astdelux/036431-02.ef1] Addr=6F8E Value=04
ROM[roms/astdelux/036431-02.ef1] Addr=6F8F Value=90
ROM[roms/astdelux/036431-02.ef1] Addr=6F90 Value=07
ROM[roms/astdelux/036431-02.ef1] Addr=6F91 Value=BD
ROM[roms/astdelux/036431-02.ef1] Addr=6F92 Value=75
ROM[roms/astdelux/036431-02.ef1] Addr=6F93 Value=4D
ROM[roms/astdelux/036431-02.ef1] Addr=6F94 Value=18
ROM[roms/astdelux/036431-02.ef1] Addr=6F95 Value=20
ROM[roms/astdelux/036431-02.ef1] Addr=6F96 Value=44
ROM[roms/astdelux/036431-02.ef1] Addr=6F97 Value=6C
ROM[roms/astdelux/036431-02.ef1] Addr=6F98 Value=BE
ROM[roms/astdelux/036431-02.ef1] Addr=6F99 Value=00
ROM[roms/astdelux/036431-02.ef1] Addr=6F9A Value=02
ROM[roms/astdelux/036431-02.ef1] Addr=6F9B Value=F0
ROM[roms/astdelux/036431-02.ef1] Addr=6F9C Value=34
ROM[roms/astdelux/036431-02.ef1] Addr=6F9D Value=20
ROM[roms/astdelux/036431-02.ef1] Addr=6F9E Value=50
ROM[roms/astdelux/036431-02.ef1] Addr=6F9F Value=6D
ROM[roms/astdelux/036431-02.ef1] Addr=6FA0 Value=30
ROM[roms/astdelux/036431-02.ef1] Addr=6FA1 Value=2F
ROM[roms/astdelux/036431-02.ef1] Addr=6FA2 Value=EE
ROM[roms/astdelux/036431-02.ef1] Addr=6FA3 Value=E7
ROM[roms/astdelux/036431-02.ef1] Addr=6FA4 Value=02
ROM[roms/astdelux/036431-02.ef1] Addr=6FA5 Value=20
ROM[roms/astdelux/036431-02.ef1] Addr=6FA6 Value=EB
ROM[roms/astdelux/036431-02.ef1] Addr=6FA7 Value=61
ROM[roms/astdelux/036431-02.ef1] Addr=6FA8 Value=20
ROM[roms/astdelux/036431-02.ef1] Addr=6FA9 Value=3B
ROM[roms/astdelux/036431-02.ef1] Addr=6FAA Value=6A
ROM[roms/astdelux/036431-02.ef1] Addr=6FAB Value=BD
ROM[roms/astdelux/036431-02.ef1] Addr=6FAC Value=21
ROM[roms/astdelux/036431-02.ef1] Addr=6FAD Value=02
ROM[roms/astdelux/036431-02.ef1] Addr=6FAE Value=29
ROM[roms/astdelux/036431-02.ef1] Addr=6FAF Value=1F
ROM[roms/astdelux/036431-02.ef1] Addr=6FB0 Value=0A
ROM[roms/astdelux/036431-02.ef1] Addr=6FB1 Value=5D
ROM[roms/astdelux/036431-02.ef1] Addr=6FB2 Value=A5
ROM[roms/astdelux/036431-02.ef1] Addr=6FB3 Value=02
ROM[roms/astdelux/036431-02.ef1] Addr=6FB4 Value=9D
ROM[roms/astdelux/036431-02.ef1] Addr=6FB5 Value=A5
ROM[roms/astdelux/036431-02.ef1] Addr=6FB6 Value=02
ROM[roms/astdelux/036431-02.ef1] Addr=6FB7 Value=20
ROM[roms/astdelux/036431-02.ef1] Addr=6FB8 Value=52
ROM[roms/astdelux/036431-02.ef1] Addr=6FB9 Value=6D
ROM[roms/astdelux/036431-02.ef1] Addr=6FBA Value=30
ROM[roms/astdelux/036431-02.ef1] Addr=6FBB Value=15
ROM[roms/astdelux/036431-02.ef1] Addr=6FBC Value=EE
ROM[roms/astdelux/036431-02.ef1] Addr=6FBD Value=E7
ROM[roms/astdelux/036431-02.ef1] Addr=6FBE Value=02
ROM[roms/astdelux/036431-02.ef1] Addr=6FBF Value=20
ROM[roms/astdelux/036431-02.ef1] Addr=6FC0 Value=EB
ROM[roms/astdelux/036431-02.ef1] Addr=6FC1 Value=61
ROM[roms/astdelux/036431-02.ef1] Addr=6FC2 Value=20
ROM[roms/astdelux/036431-02.ef1] Addr=6FC3 Value=3B
ROM[roms/astdelux/036431-02.ef1] Addr=6FC4 Value=6A
ROM[roms/astdelux/036431-02.ef1] Addr=6FC5 Value=BD
ROM[roms/astdelux/036431-02.ef1] Addr=6FC6 Value=42
ROM[roms/astdelux/036431-02.ef1] Addr=6FC7 Value=02
ROM[roms/astdelux/036431-02.ef1] Addr=6FC8 Value=29
ROM[roms/astdelux/036431-02.ef1] Addr=6FC9 Value=1F
ROM[roms/astdelux/036431-02.ef1] Addr=6FCA Value=0A
ROM[roms/astdelux/036431-02.ef1] Addr=6FCB Value=5D
ROM[roms/astdelux/036431-02.ef1] Addr=6FCC Value=C6
ROM[roms/astdelux/036431-02.ef1] Addr=6FCD Value=02
ROM[roms/astdelux/036431-02.ef1] Addr=6FCE Value=9D
ROM[roms/astdelux/036431-02.ef1] Addr=6FCF Value=C6
ROM[roms/astdelux/036431-02.ef1] Addr=6FD0 Value=02
ROM[roms/astdelux/036431-02.ef1] Addr=6FD1 Value=A6
ROM[roms/astdelux/036431-02.ef1] Addr=6FD2 Value=0E
ROM[roms/astdelux/036431-02.ef1] Addr=6FD3 Value=60
ROM[roms/astdelux/036431-02.ef1] Addr=6FD4 Value=A5
ROM[roms/astdelux/036431-02.ef1] Addr=6FD5 Value=22
ROM[roms/astdelux/036431-02.ef1] Addr=6FD6 Value=10
ROM[roms/astdelux/036431-02.ef1] Addr=6FD7 Value=4D
ROM[roms/astdelux/036431-02.ef1] Addr=6FD8 Value=85
ROM[roms/astdelux/036431-02.ef1] Addr=6FD9 Value=77
ROM[roms/astdelux/036431-02.ef1] Addr=6FDA Value=85
ROM[roms/astdelux/036431-02.ef1] Addr=6FDB Value=42
ROM[roms/astdelux/036431-02.ef1] Addr=6FDC Value=85
ROM[roms/astdelux/036431-02.ef1] Addr=6FDD Value=43
ROM[roms/astdelux/036431-02.ef1] Addr=6FDE Value=85
ROM[roms/astdelux/036431-02.ef1] Addr=6FDF Value=CE
ROM[roms/astdelux/036431-02.ef1] Addr=6FE0 Value=20
ROM[roms/astdelux/036431-02.ef1] Addr=6FE1 Value=44
ROM[roms/astdelux/036431-02.ef1] Addr=6FE2 Value=78
ROM[roms/astdelux/036431-02.ef1] Addr=6FE3 Value=A2
ROM[roms/astdelux/036431-02.ef1] Addr=6FE4 Value=03
ROM[roms/astdelux/036431-02.ef1] Addr=6FE5 Value=A0
ROM[roms/astdelux/036431-02.ef1] Addr=6FE6 Value=00
ROM[roms/astdelux/036431-02.ef1] Addr=6FE7 Value=B9
ROM[roms/astdelux/036431-02.ef1] Addr=6FE8 Value=23
ROM[roms/astdelux/036431-02.ef1] Addr=6FE9 Value=00
ROM[roms/astdelux/036431-02.ef1] Addr=6FEA Value=D5
ROM[roms/astdelux/036431-02.ef1] Addr=6FEB Value=62
ROM[roms/astdelux/036431-02.ef1] Addr=6FEC Value=B9
ROM[roms/astdelux/036431-02.ef1] Addr=6FED Value=24
ROM[roms/astdelux/036431-02.ef1] Addr=6FEE Value=00
ROM[roms/astdelux/036431-02.ef1] Addr=6FEF Value=F5
ROM[roms/astdelux/036431-02.ef1] Addr=6FF0 Value=63
ROM[roms/astdelux/036431-02.ef1] Addr=6FF1 Value=B9
ROM[roms/astdelux/036431-02.ef1] Addr=6FF2 Value=25
ROM[roms/astdelux/036431-02.ef1] Addr=6FF3 Value=00
ROM[roms/astdelux/036431-02.ef1] Addr=6FF4 Value=F5
ROM[roms/astdelux/036431-02.ef1] Addr=6FF5 Value=64
ROM[roms/astdelux/036431-02.ef1] Addr=6FF6 Value=90
ROM[roms/astdelux/036431-02.ef1] Addr=6FF7 Value=2E
ROM[roms/astdelux/036431-02.ef1] Addr=6FF8 Value=C8
ROM[roms/astdelux/036431-02.ef1] Addr=6FF9 Value=C8
ROM[roms/astdelux/036431-02.ef1] Addr=6FFA Value=C8
ROM[roms/astdelux/036431-02.ef1] Addr=6FFB Value=C0
ROM[roms/astdelux/036431-02.ef1] Addr=6FFC Value=1E
ROM[roms/astdelux/036431-02.ef1] Addr=6FFD Value=90
ROM[roms/astdelux/036431-02.ef1] Addr=6FFE Value=E8
ROM[roms/astdelux/036431-02.ef1] Addr=6FFF Value=CA
ROM[roms/astdelux/036432-02.fh1] Addr=7000 Value=CA
ROM[roms/astdelux/036432-02.fh1] Addr=7001 Value=CA
ROM[roms/astdelux/036432-02.fh1] Addr=7002 Value=10
ROM[roms/astdelux/036432-02.fh1] Addr=7003 Value=E1
ROM[roms/astdelux/036432-02.fh1] Addr=7004 Value=A5
ROM[roms/astdelux/036432-02.fh1] Addr=7005 Value=43
ROM[roms/astdelux/036432-02.fh1] Addr=7006 Value=30
ROM[roms/astdelux/036432-02.fh1] Addr=7007 Value=0E
ROM[roms/astdelux/036432-02.fh1] Addr=7008 Value=C5
ROM[roms/astdelux/036432-02.fh1] Addr=7009 Value=42
ROM[roms/astdelux/036432-02.fh1] Addr=700A Value=90
ROM[roms/astdelux/036432-02.fh1] Addr=700B Value=0A
ROM[roms/astdelux/036432-02.fh1] Addr=700C Value=69
ROM[roms/astdelux/036432-02.fh1] Addr=700D Value=02
ROM[roms/astdelux/036432-02.fh1] Addr=700E Value=C9
ROM[roms/astdelux/036432-02.fh1] Addr=700F Value=1E
ROM[roms/astdelux/036432-02.fh1] Addr=7010 Value=90
ROM[roms/astdelux/036432-02.fh1] Addr=7011 Value=02
ROM[roms/astdelux/036432-02.fh1] Addr=7012 Value=A9
ROM[roms/astdelux/036432-02.fh1] Addr=7013 Value=FF
ROM[roms/astdelux/036432-02.fh1] Addr=7014 Value=85
ROM[roms/astdelux/036432-02.fh1] Addr=7015 Value=43
ROM[roms/astdelux/036432-02.fh1] Addr=7016 Value=A6
ROM[roms/astdelux/036432-02.fh1] Addr=7017 Value=CE
ROM[roms/astdelux/036432-02.fh1] Addr=7018 Value=30
ROM[roms/astdelux/036432-02.fh1] Addr=7019 Value=05
ROM[roms/astdelux/036432-02.fh1] Addr=701A Value=A0
ROM[roms/astdelux/036432-02.fh1] Addr=701B Value=4F
ROM[roms/astdelux/036432-02.fh1] Addr=701C Value=20
ROM[roms/astdelux/036432-02.fh1] Addr=701D Value=16
ROM[roms/astdelux/036432-02.fh1] Addr=701E Value=77
ROM[roms/astdelux/036432-02.fh1] Addr=701F Value=A9
ROM[roms/astdelux/036432-02.fh1] Addr=7020 Value=00
ROM[roms/astdelux/036432-02.fh1] Addr=7021 Value=85
ROM[roms/astdelux/036432-02.fh1] Addr=7022 Value=22
ROM[roms/astdelux/036432-02.fh1] Addr=7023 Value=85
ROM[roms/astdelux/036432-02.fh1] Addr=7024 Value=41
ROM[roms/astdelux/036432-02.fh1] Addr=7025 Value=60
ROM[roms/astdelux/036432-02.fh1] Addr=7026 Value=86
ROM[roms/astdelux/036432-02.fh1] Addr=7027 Value=0C
ROM[roms/astdelux/036432-02.fh1] Addr=7028 Value=8A
ROM[roms/astdelux/036432-02.fh1] Addr=7029 Value=4A
ROM[roms/astdelux/036432-02.fh1] Addr=702A Value=AA
ROM[roms/astdelux/036432-02.fh1] Addr=702B Value=94
ROM[roms/astdelux/036432-02.fh1] Addr=702C Value=42
ROM[roms/astdelux/036432-02.fh1] Addr=702D Value=84
ROM[roms/astdelux/036432-02.fh1] Addr=702E Value=10
ROM[roms/astdelux/036432-02.fh1] Addr=702F Value=C4
ROM[roms/astdelux/036432-02.fh1] Addr=7030 Value=CE
ROM[roms/astdelux/036432-02.fh1] Addr=7031 Value=B0
ROM[roms/astdelux/036432-02.fh1] Addr=7032 Value=26
ROM[roms/astdelux/036432-02.fh1] Addr=7033 Value=84
ROM[roms/astdelux/036432-02.fh1] Addr=7034 Value=CE
ROM[roms/astdelux/036432-02.fh1] Addr=7035 Value=A9
ROM[roms/astdelux/036432-02.fh1] Addr=7036 Value=00
ROM[roms/astdelux/036432-02.fh1] Addr=7037 Value=85
ROM[roms/astdelux/036432-02.fh1] Addr=7038 Value=11
ROM[roms/astdelux/036432-02.fh1] Addr=7039 Value=98
ROM[roms/astdelux/036432-02.fh1] Addr=703A Value=38
ROM[roms/astdelux/036432-02.fh1] Addr=703B Value=E9
ROM[roms/astdelux/036432-02.fh1] Addr=703C Value=03
ROM[roms/astdelux/036432-02.fh1] Addr=703D Value=90
ROM[roms/astdelux/036432-02.fh1] Addr=703E Value=04
ROM[roms/astdelux/036432-02.fh1] Addr=703F Value=E6
ROM[roms/astdelux/036432-02.fh1] Addr=7040 Value=11
ROM[roms/astdelux/036432-02.fh1] Addr=7041 Value=D0
ROM[roms/astdelux/036432-02.fh1] Addr=7042 Value=F7
ROM[roms/astdelux/036432-02.fh1] Addr=7043 Value=A5
ROM[roms/astdelux/036432-02.fh1] Addr=7044 Value=11
ROM[roms/astdelux/036432-02.fh1] Addr=7045 Value=49
ROM[roms/astdelux/036432-02.fh1] Addr=7046 Value=FF
ROM[roms/astdelux/036432-02.fh1] Addr=7047 Value=69
ROM[roms/astdelux/036432-02.fh1] Addr=7048 Value=04
ROM[roms/astdelux/036432-02.fh1] Addr=7049 Value=85
ROM[roms/astdelux/036432-02.fh1] Addr=704A Value=11
ROM[roms/astdelux/036432-02.fh1] Addr=704B Value=06
ROM[roms/astdelux/036432-02.fh1] Addr=704C Value=11
ROM[roms/astdelux/036432-02.fh1] Addr=704D Value=65
ROM[roms/astdelux/036432-02.fh1] Addr=704E Value=11
ROM[roms/astdelux/036432-02.fh1] Addr=704F Value=06
ROM[roms/astdelux/036432-02.fh1] Addr=7050 Value=11
ROM[roms/astdelux/036432-02.fh1] Addr=7051 Value=65
ROM[roms/astdelux/036432-02.fh1] Addr=7052 Value=11
ROM[roms/astdelux/036432-02.fh1] Addr=7053 Value=85
ROM[roms/astdelux/036432-02.fh1] Addr=7054 Value=CC
ROM[roms/astdelux/036432-02.fh1] Addr=7055 Value=A9
ROM[roms/astdelux/036432-02.fh1] Addr=7056 Value=14
ROM[roms/astdelux/036432-02.fh1] Addr=7057 Value=85
ROM[roms/astdelux/036432-02.fh1] Addr=7058 Value=CB
ROM[roms/astdelux/036432-02.fh1] Addr=7059 Value=A2
ROM[roms/astdelux/036432-02.fh1] Addr=705A Value=1B
ROM[roms/astdelux/036432-02.fh1] Addr=705B Value=E4
ROM[roms/astdelux/036432-02.fh1] Addr=705C Value=10
ROM[roms/astdelux/036432-02.fh1] Addr=705D Value=F0
ROM[roms/astdelux/036432-02.fh1] Addr=705E Value=1D
ROM[roms/astdelux/036432-02.fh1] Addr=705F Value=B5
ROM[roms/astdelux/036432-02.fh1] Addr=7060 Value=41
ROM[roms/astdelux/036432-02.fh1] Addr=7061 Value=95
ROM[roms/astdelux/036432-02.fh1] Addr=7062 Value=44
ROM[roms/astdelux/036432-02.fh1] Addr=7063 Value=B5
ROM[roms/astdelux/036432-02.fh1] Addr=7064 Value=42
ROM[roms/astdelux/036432-02.fh1] Addr=7065 Value=95
ROM[roms/astdelux/036432-02.fh1] Addr=7066 Value=45
ROM[roms/astdelux/036432-02.fh1] Addr=7067 Value=B5
ROM[roms/astdelux/036432-02.fh1] Addr=7068 Value=43
ROM[roms/astdelux/036432-02.fh1] Addr=7069 Value=95
ROM[roms/astdelux/036432-02.fh1] Addr=706A Value=46
ROM[roms/astdelux/036432-02.fh1] Addr=706B Value=B5
ROM[roms/astdelux/036432-02.fh1] Addr=706C Value=20
ROM[roms/astdelux/036432-02.fh1] Addr=706D Value=95
ROM[roms/astdelux/036432-02.fh1] Addr=706E Value=23
ROM[roms/astdelux/036432-02.fh1] Addr=706F Value=B5
ROM[roms/astdelux/036432-02.fh1] Addr=7070 Value=21
ROM[roms/astdelux/036432-02.fh1] Addr=7071 Value=95
ROM[roms/astdelux/036432-02.fh1] Addr=7072 Value=24
ROM[roms/astdelux/036432-02.fh1] Addr=7073 Value=B5
ROM[roms/astdelux/036432-02.fh1] Addr=7074 Value=22
ROM[roms/astdelux/036432-02.fh1] Addr=7075 Value=95
ROM[roms/astdelux/036432-02.fh1] Addr=7076 Value=25
ROM[roms/astdelux/036432-02.fh1] Addr=7077 Value=CA
ROM[roms/astdelux/036432-02.fh1] Addr=7078 Value=CA
ROM[roms/astdelux/036432-02.fh1] Addr=7079 Value=CA
ROM[roms/astdelux/036432-02.fh1] Addr=707A Value=D0
ROM[roms/astdelux/036432-02.fh1] Addr=707B Value=DF
ROM[roms/astdelux/036432-02.fh1] Addr=707C Value=A9
ROM[roms/astdelux/036432-02.fh1] Addr=707D Value=0B
ROM[roms/astdelux/036432-02.fh1] Addr=707E Value=95
ROM[roms/astdelux/036432-02.fh1] Addr=707F Value=44
ROM[roms/astdelux/036432-02.fh1] Addr=7080 Value=A9
ROM[roms/astdelux/036432-02.fh1] Addr=7081 Value=00
ROM[roms/astdelux/036432-02.fh1] Addr=7082 Value=95
ROM[roms/astdelux/036432-02.fh1] Addr=7083 Value=45
ROM[roms/astdelux/036432-02.fh1] Addr=7084 Value=95
ROM[roms/astdelux/036432-02.fh1] Addr=7085 Value=46
ROM[roms/astdelux/036432-02.fh1] Addr=7086 Value=A9
ROM[roms/astdelux/036432-02.fh1] Addr=7087 Value=F0
ROM[roms/astdelux/036432-02.fh1] Addr=7088 Value=85
ROM[roms/astdelux/036432-02.fh1] Addr=7089 Value=77
ROM[roms/astdelux/036432-02.fh1] Addr=708A Value=A6
ROM[roms/astdelux/036432-02.fh1] Addr=708B Value=0C
ROM[roms/astdelux/036432-02.fh1] Addr=708C Value=B5
ROM[roms/astdelux/036432-02.fh1] Addr=708D Value=64
ROM[roms/astdelux/036432-02.fh1] Addr=708E Value=99
ROM[roms/astdelux/036432-02.fh1] Addr=708F Value=25
ROM[roms/astdelux/036432-02.fh1] Addr=7090 Value=00
ROM[roms/astdelux/036432-02.fh1] Addr=7091 Value=B5
ROM[roms/astdelux/036432-02.fh1] Addr=7092 Value=63
ROM[roms/astdelux/036432-02.fh1] Addr=7093 Value=99
ROM[roms/astdelux/036432-02.fh1] Addr=7094 Value=24
ROM[roms/astdelux/036432-02.fh1] Addr=7095 Value=00
ROM[roms/astdelux/036432-02.fh1] Addr=7096 Value=B5
ROM[roms/astdelux/036432-02.fh1] Addr=7097 Value=62
ROM[roms/astdelux/036432-02.fh1] Addr=7098 Value=99
ROM[roms/astdelux/036432-02.fh1] Addr=7099 Value=23
ROM[roms/astdelux/036432-02.fh1] Addr=709A Value=00
ROM[roms/astdelux/036432-02.fh1] Addr=709B Value=4C
ROM[roms/astdelux/036432-02.fh1] Addr=709C Value=FF
ROM[roms/astdelux/036432-02.fh1] Addr=709D Value=6F
ROM[roms/astdelux/036432-02.fh1] Addr=709E Value=98
ROM[roms/astdelux/036432-02.fh1] Addr=709F Value=10
ROM[roms/astdelux/036432-02.fh1] Addr=70A0 Value=09
ROM[roms/astdelux/036432-02.fh1] Addr=70A1 Value=20
ROM[roms/astdelux/036432-02.fh1] Addr=70A2 Value=B6
ROM[roms/astdelux/036432-02.fh1] Addr=70A3 Value=70
ROM[roms/astdelux/036432-02.fh1] Addr=70A4 Value=20
ROM[roms/astdelux/036432-02.fh1] Addr=70A5 Value=AA
ROM[roms/astdelux/036432-02.fh1] Addr=70A6 Value=70
ROM[roms/astdelux/036432-02.fh1] Addr=70A7 Value=4C
ROM[roms/astdelux/036432-02.fh1] Addr=70A8 Value=B6
ROM[roms/astdelux/036432-02.fh1] Addr=70A9 Value=70
ROM[roms/astdelux/036432-02.fh1] Addr=70AA Value=A8
ROM[roms/astdelux/036432-02.fh1] Addr=70AB Value=8A
ROM[roms/astdelux/036432-02.fh1] Addr=70AC Value=10
ROM[roms/astdelux/036432-02.fh1] Addr=70AD Value=0E
ROM[roms/astdelux/036432-02.fh1] Addr=70AE Value=20
ROM[roms/astdelux/036432-02.fh1] Addr=70AF Value=B6
ROM[roms/astdelux/036432-02.fh1] Addr=70B0 Value=70
ROM[roms/astdelux/036432-02.fh1] Addr=70B1 Value=20
ROM[roms/astdelux/036432-02.fh1] Addr=70B2 Value=BC
ROM[roms/astdelux/036432-02.fh1] Addr=70B3 Value=70
ROM[roms/astdelux/036432-02.fh1] Addr=70B4 Value=49
ROM[roms/astdelux/036432-02.fh1] Addr=70B5 Value=80
ROM[roms/astdelux/036432-02.fh1] Addr=70B6 Value=49
ROM[roms/astdelux/036432-02.fh1] Addr=70B7 Value=FF
ROM[roms/astdelux/036432-02.fh1] Addr=70B8 Value=18
ROM[roms/astdelux/036432-02.fh1] Addr=70B9 Value=69
ROM[roms/astdelux/036432-02.fh1] Addr=70BA Value=01
ROM[roms/astdelux/036432-02.fh1] Addr=70BB Value=60
ROM[roms/astdelux/036432-02.fh1] Addr=70BC Value=85
ROM[roms/astdelux/036432-02.fh1] Addr=70BD Value=0D
ROM[roms/astdelux/036432-02.fh1] Addr=70BE Value=98
ROM[roms/astdelux/036432-02.fh1] Addr=70BF Value=C5
ROM[roms/astdelux/036432-02.fh1] Addr=70C0 Value=0D
ROM[roms/astdelux/036432-02.fh1] Addr=70C1 Value=90
ROM[roms/astdelux/036432-02.fh1] Addr=70C2 Value=0E
ROM[roms/astdelux/036432-02.fh1] Addr=70C3 Value=A4
ROM[roms/astdelux/036432-02.fh1] Addr=70C4 Value=0D
ROM[roms/astdelux/036432-02.fh1] Addr=70C5 Value=85
ROM[roms/astdelux/036432-02.fh1] Addr=70C6 Value=0D
ROM[roms/astdelux/036432-02.fh1] Addr=70C7 Value=98
ROM[roms/astdelux/036432-02.fh1] Addr=70C8 Value=20
ROM[roms/astdelux/036432-02.fh1] Addr=70C9 Value=D1
ROM[roms/astdelux/036432-02.fh1] Addr=70CA Value=70
ROM[roms/astdelux/036432-02.fh1] Addr=70CB Value=38
ROM[roms/astdelux/036432-02.fh1] Addr=70CC Value=E9
ROM[roms/astdelux/036432-02.fh1] Addr=70CD Value=40
ROM[roms/astdelux/036432-02.fh1] Addr=70CE Value=4C
ROM[roms/astdelux/036432-02.fh1] Addr=70CF Value=B6
ROM[roms/astdelux/036432-02.fh1] Addr=70D0 Value=70
ROM[roms/astdelux/036432-02.fh1] Addr=70D1 Value=20
ROM[roms/astdelux/036432-02.fh1] Addr=70D2 Value=EB
ROM[roms/astdelux/036432-02.fh1] Addr=70D3 Value=70
ROM[roms/astdelux/036432-02.fh1] Addr=70D4 Value=AA
ROM[roms/astdelux/036432-02.fh1] Addr=70D5 Value=BD
ROM[roms/astdelux/036432-02.fh1] Addr=70D6 Value=D9
ROM[roms/astdelux/036432-02.fh1] Addr=70D7 Value=70
ROM[roms/astdelux/036432-02.fh1] Addr=70D8 Value=60
ROM[roms/astdelux/036432-02.fh1] Addr=70D9 Value=00
ROM[roms/astdelux/036432-02.fh1] Addr=70DA Value=02
ROM[roms/astdelux/036432-02.fh1] Addr=70DB Value=05
ROM[roms/astdelux/036432-02.fh1] Addr=70DC Value=07
ROM[roms/astdelux/036432-02.fh1] Addr=70DD Value=0A
ROM[roms/astdelux/036432-02.fh1] Addr=70DE Value=0C
ROM[roms/astdelux/036432-02.fh1] Addr=70DF Value=0F
ROM[roms/astdelux/036432-02.fh1] Addr=70E0 Value=11
ROM[roms/astdelux/036432-02.fh1] Addr=70E1 Value=13
ROM[roms/astdelux/036432-02.fh1] Addr=70E2 Value=15
ROM[roms/astdelux/036432-02.fh1] Addr=70E3 Value=17
ROM[roms/astdelux/036432-02.fh1] Addr=70E4 Value=19
ROM[roms/astdelux/036432-02.fh1] Addr=70E5 Value=1A
ROM[roms/astdelux/036432-02.fh1] Addr=70E6 Value=1C
ROM[roms/astdelux/036432-02.fh1] Addr=70E7 Value=1D
ROM[roms/astdelux/036432-02.fh1] Addr=70E8 Value=1F
ROM[roms/astdelux/036432-02.fh1] Addr=70E9 Value=20
ROM[roms/astdelux/036432-02.fh1] Addr=70EA Value=D5
ROM[roms/astdelux/036432-02.fh1] Addr=70EB Value=A0
ROM[roms/astdelux/036432-02.fh1] Addr=70EC Value=04
ROM[roms/astdelux/036432-02.fh1] Addr=70ED Value=C5
ROM[roms/astdelux/036432-02.fh1] Addr=70EE Value=0D
ROM[roms/astdelux/036432-02.fh1] Addr=70EF Value=90
ROM[roms/astdelux/036432-02.fh1] Addr=70F0 Value=02
ROM[roms/astdelux/036432-02.fh1] Addr=70F1 Value=E5
ROM[roms/astdelux/036432-02.fh1] Addr=70F2 Value=0D
ROM[roms/astdelux/036432-02.fh1] Addr=70F3 Value=26
ROM[roms/astdelux/036432-02.fh1] Addr=70F4 Value=0C
ROM[roms/astdelux/036432-02.fh1] Addr=70F5 Value=0A
ROM[roms/astdelux/036432-02.fh1] Addr=70F6 Value=88
ROM[roms/astdelux/036432-02.fh1] Addr=70F7 Value=10
ROM[roms/astdelux/036432-02.fh1] Addr=70F8 Value=F4
ROM[roms/astdelux/036432-02.fh1] Addr=70F9 Value=A5
ROM[roms/astdelux/036432-02.fh1] Addr=70FA Value=0C
ROM[roms/astdelux/036432-02.fh1] Addr=70FB Value=29
ROM[roms/astdelux/036432-02.fh1] Addr=70FC Value=1F
ROM[roms/astdelux/036432-02.fh1] Addr=70FD Value=60
ROM[roms/astdelux/036432-02.fh1] Addr=70FE Value=18
ROM[roms/astdelux/036432-02.fh1] Addr=70FF Value=69
ROM[roms/astdelux/036432-02.fh1] Addr=7100 Value=40
ROM[roms/astdelux/036432-02.fh1] Addr=7101 Value=10
ROM[roms/astdelux/036432-02.fh1] Addr=7102 Value=08
ROM[roms/astdelux/036432-02.fh1] Addr=7103 Value=29
ROM[roms/astdelux/036432-02.fh1] Addr=7104 Value=7F
ROM[roms/astdelux/036432-02.fh1] Addr=7105 Value=20
ROM[roms/astdelux/036432-02.fh1] Addr=7106 Value=0B
ROM[roms/astdelux/036432-02.fh1] Addr=7107 Value=71
ROM[roms/astdelux/036432-02.fh1] Addr=7108 Value=4C
ROM[roms/astdelux/036432-02.fh1] Addr=7109 Value=B6
ROM[roms/astdelux/036432-02.fh1] Addr=710A Value=70
ROM[roms/astdelux/036432-02.fh1] Addr=710B Value=C9
ROM[roms/astdelux/036432-02.fh1] Addr=710C Value=41
ROM[roms/astdelux/036432-02.fh1] Addr=710D Value=90
ROM[roms/astdelux/036432-02.fh1] Addr=710E Value=04
ROM[roms/astdelux/036432-02.fh1] Addr=710F Value=49
ROM[roms/astdelux/036432-02.fh1] Addr=7110 Value=7F
ROM[roms/astdelux/036432-02.fh1] Addr=7111 Value=69
ROM[roms/astdelux/036432-02.fh1] Addr=7112 Value=00
ROM[roms/astdelux/036432-02.fh1] Addr=7113 Value=AA
ROM[roms/astdelux/036432-02.fh1] Addr=7114 Value=BD
ROM[roms/astdelux/036432-02.fh1] Addr=7115 Value=61
ROM[roms/astdelux/036432-02.fh1] Addr=7116 Value=4B
ROM[roms/astdelux/036432-02.fh1] Addr=7117 Value=60
ROM[roms/astdelux/036432-02.fh1] Addr=7118 Value=A9
ROM[roms/astdelux/036432-02.fh1] Addr=7119 Value=04
ROM[roms/astdelux/036432-02.fh1] Addr=711A Value=85
ROM[roms/astdelux/036432-02.fh1] Addr=711B Value=76
ROM[roms/astdelux/036432-02.fh1] Addr=711C Value=20
ROM[roms/astdelux/036432-02.fh1] Addr=711D Value=A2
ROM[roms/astdelux/036432-02.fh1] Addr=711E Value=4B
ROM[roms/astdelux/036432-02.fh1] Addr=711F Value=C6
ROM[roms/astdelux/036432-02.fh1] Addr=7120 Value=76
ROM[roms/astdelux/036432-02.fh1] Addr=7121 Value=D0
ROM[roms/astdelux/036432-02.fh1] Addr=7122 Value=F9
ROM[roms/astdelux/036432-02.fh1] Addr=7123 Value=A2
ROM[roms/astdelux/036432-02.fh1] Addr=7124 Value=C9
ROM[roms/astdelux/036432-02.fh1] Addr=7125 Value=A9
ROM[roms/astdelux/036432-02.fh1] Addr=7126 Value=47
ROM[roms/astdelux/036432-02.fh1] Addr=7127 Value=85
ROM[roms/astdelux/036432-02.fh1] Addr=7128 Value=04
ROM[roms/astdelux/036432-02.fh1] Addr=7129 Value=A9
ROM[roms/astdelux/036432-02.fh1] Addr=712A Value=02
ROM[roms/astdelux/036432-02.fh1] Addr=712B Value=85
ROM[roms/astdelux/036432-02.fh1] Addr=712C Value=03
ROM[roms/astdelux/036432-02.fh1] Addr=712D Value=A9
ROM[roms/astdelux/036432-02.fh1] Addr=712E Value=C1
ROM[roms/astdelux/036432-02.fh1] Addr=712F Value=20
ROM[roms/astdelux/036432-02.fh1] Addr=7130 Value=D5
ROM[roms/astdelux/036432-02.fh1] Addr=7131 Value=7C
ROM[roms/astdelux/036432-02.fh1] Addr=7132 Value=A9
ROM[roms/astdelux/036432-02.fh1] Addr=7133 Value=BE
ROM[roms/astdelux/036432-02.fh1] Addr=7134 Value=85
ROM[roms/astdelux/036432-02.fh1] Addr=7135 Value=09
ROM[roms/astdelux/036432-02.fh1] Addr=7136 Value=A9
ROM[roms/astdelux/036432-02.fh1] Addr=7137 Value=75
ROM[roms/astdelux/036432-02.fh1] Addr=7138 Value=85
ROM[roms/astdelux/036432-02.fh1] Addr=7139 Value=0A
ROM[roms/astdelux/036432-02.fh1] Addr=713A Value=A9
ROM[roms/astdelux/036432-02.fh1] Addr=713B Value=00
ROM[roms/astdelux/036432-02.fh1] Addr=713C Value=85
ROM[roms/astdelux/036432-02.fh1] Addr=713D Value=01
ROM[roms/astdelux/036432-02.fh1] Addr=713E Value=A9
ROM[roms/astdelux/036432-02.fh1] Addr=713F Value=70
ROM[roms/astdelux/036432-02.fh1] Addr=7140 Value=A2
ROM[roms/astdelux/036432-02.fh1] Addr=7141 Value=20
ROM[roms/astdelux/036432-02.fh1] Addr=7142 Value=20
ROM[roms/astdelux/036432-02.fh1] Addr=7143 Value=7F
ROM[roms/astdelux/036432-02.fh1] Addr=7144 Value=71
ROM[roms/astdelux/036432-02.fh1] Addr=7145 Value=4C
ROM[roms/astdelux/036432-02.fh1] Addr=7146 Value=D6
ROM[roms/astdelux/036432-02.fh1] Addr=7147 Value=79
ROM[roms/astdelux/036432-02.fh1] Addr=7148 Value=A9
ROM[roms/astdelux/036432-02.fh1] Addr=7149 Value=C5
ROM[roms/astdelux/036432-02.fh1] Addr=714A Value=A2
ROM[roms/astdelux/036432-02.fh1] Addr=714B Value=C9
ROM[roms/astdelux/036432-02.fh1] Addr=714C Value=20
ROM[roms/astdelux/036432-02.fh1] Addr=714D Value=D5
ROM[roms/astdelux/036432-02.fh1] Addr=714E Value=7C
ROM[roms/astdelux/036432-02.fh1] Addr=714F Value=A2
ROM[roms/astdelux/036432-02.fh1] Addr=7150 Value=BE
ROM[roms/astdelux/036432-02.fh1] Addr=7151 Value=A9
ROM[roms/astdelux/036432-02.fh1] Addr=7152 Value=75
ROM[roms/astdelux/036432-02.fh1] Addr=7153 Value=85
ROM[roms/astdelux/036432-02.fh1] Addr=7154 Value=0A
ROM[roms/astdelux/036432-02.fh1] Addr=7155 Value=86
ROM[roms/astdelux/036432-02.fh1] Addr=7156 Value=09
ROM[roms/astdelux/036432-02.fh1] Addr=7157 Value=D0
ROM[roms/astdelux/036432-02.fh1] Addr=7158 Value=2E
ROM[roms/astdelux/036432-02.fh1] Addr=7159 Value=AD
ROM[roms/astdelux/036432-02.fh1] Addr=715A Value=03
ROM[roms/astdelux/036432-02.fh1] Addr=715B Value=28
ROM[roms/astdelux/036432-02.fh1] Addr=715C Value=29
ROM[roms/astdelux/036432-02.fh1] Addr=715D Value=03
ROM[roms/astdelux/036432-02.fh1] Addr=715E Value=A2
ROM[roms/astdelux/036432-02.fh1] Addr=715F Value=10
ROM[roms/astdelux/036432-02.fh1] Addr=7160 Value=86
ROM[roms/astdelux/036432-02.fh1] Addr=7161 Value=01
ROM[roms/astdelux/036432-02.fh1] Addr=7162 Value=0A
ROM[roms/astdelux/036432-02.fh1] Addr=7163 Value=AA
ROM[roms/astdelux/036432-02.fh1] Addr=7164 Value=BD
ROM[roms/astdelux/036432-02.fh1] Addr=7165 Value=F1
ROM[roms/astdelux/036432-02.fh1] Addr=7166 Value=71
ROM[roms/astdelux/036432-02.fh1] Addr=7167 Value=85
ROM[roms/astdelux/036432-02.fh1] Addr=7168 Value=0A
ROM[roms/astdelux/036432-02.fh1] Addr=7169 Value=BD
ROM[roms/astdelux/036432-02.fh1] Addr=716A Value=F0
ROM[roms/astdelux/036432-02.fh1] Addr=716B Value=71
ROM[roms/astdelux/036432-02.fh1] Addr=716C Value=85
ROM[roms/astdelux/036432-02.fh1] Addr=716D Value=09
ROM[roms/astdelux/036432-02.fh1] Addr=716E Value=71
ROM[roms/astdelux/036432-02.fh1] Addr=716F Value=09
ROM[roms/astdelux/036432-02.fh1] Addr=7170 Value=85
ROM[roms/astdelux/036432-02.fh1] Addr=7171 Value=09
ROM[roms/astdelux/036432-02.fh1] Addr=7172 Value=90
ROM[roms/astdelux/036432-02.fh1] Addr=7173 Value=02
ROM[roms/astdelux/036432-02.fh1] Addr=7174 Value=E6
ROM[roms/astdelux/036432-02.fh1] Addr=7175 Value=0A
ROM[roms/astdelux/036432-02.fh1] Addr=7176 Value=98
ROM[roms/astdelux/036432-02.fh1] Addr=7177 Value=0A
ROM[roms/astdelux/036432-02.fh1] Addr=7178 Value=A8
ROM[roms/astdelux/036432-02.fh1] Addr=7179 Value=B9
ROM[roms/astdelux/036432-02.fh1] Addr=717A Value=D4
ROM[roms/astdelux/036432-02.fh1] Addr=717B Value=71
ROM[roms/astdelux/036432-02.fh1] Addr=717C Value=BE
ROM[roms/astdelux/036432-02.fh1] Addr=717D Value=D5
ROM[roms/astdelux/036432-02.fh1] Addr=717E Value=71
ROM[roms/astdelux/036432-02.fh1] Addr=717F Value=20
ROM[roms/astdelux/036432-02.fh1] Addr=7180 Value=1F
ROM[roms/astdelux/036432-02.fh1] Addr=7181 Value=7A
ROM[roms/astdelux/036432-02.fh1] Addr=7182 Value=A9
ROM[roms/astdelux/036432-02.fh1] Addr=7183 Value=70
ROM[roms/astdelux/036432-02.fh1] Addr=7184 Value=20
ROM[roms/astdelux/036432-02.fh1] Addr=7185 Value=EA
ROM[roms/astdelux/036432-02.fh1] Addr=7186 Value=7A
ROM[roms/astdelux/036432-02.fh1] Addr=7187 Value=A0
ROM[roms/astdelux/036432-02.fh1] Addr=7188 Value=00
ROM[roms/astdelux/036432-02.fh1] Addr=7189 Value=A2
ROM[roms/astdelux/036432-02.fh1] Addr=718A Value=00
ROM[roms/astdelux/036432-02.fh1] Addr=718B Value=A1
ROM[roms/astdelux/036432-02.fh1] Addr=718C Value=09
ROM[roms/astdelux/036432-02.fh1] Addr=718D Value=85
ROM[roms/astdelux/036432-02.fh1] Addr=718E Value=0C
ROM[roms/astdelux/036432-02.fh1] Addr=718F Value=4A
ROM[roms/astdelux/036432-02.fh1] Addr=7190 Value=4A
ROM[roms/astdelux/036432-02.fh1] Addr=7191 Value=20
ROM[roms/astdelux/036432-02.fh1] Addr=7192 Value=B0
ROM[roms/astdelux/036432-02.fh1] Addr=7193 Value=71
ROM[roms/astdelux/036432-02.fh1] Addr=7194 Value=A1
ROM[roms/astdelux/036432-02.fh1] Addr=7195 Value=09
ROM[roms/astdelux/036432-02.fh1] Addr=7196 Value=2A
ROM[roms/astdelux/036432-02.fh1] Addr=7197 Value=26
ROM[roms/astdelux/036432-02.fh1] Addr=7198 Value=0C
ROM[roms/astdelux/036432-02.fh1] Addr=7199 Value=2A
ROM[roms/astdelux/036432-02.fh1] Addr=719A Value=A5
ROM[roms/astdelux/036432-02.fh1] Addr=719B Value=0C
ROM[roms/astdelux/036432-02.fh1] Addr=719C Value=2A
ROM[roms/astdelux/036432-02.fh1] Addr=719D Value=0A
ROM[roms/astdelux/036432-02.fh1] Addr=719E Value=20
ROM[roms/astdelux/036432-02.fh1] Addr=719F Value=B6
ROM[roms/astdelux/036432-02.fh1] Addr=71A0 Value=71
ROM[roms/astdelux/036432-02.fh1] Addr=71A1 Value=A1
ROM[roms/astdelux/036432-02.fh1] Addr=71A2 Value=09
ROM[roms/astdelux/036432-02.fh1] Addr=71A3 Value=85
ROM[roms/astdelux/036432-02.fh1] Addr=71A4 Value=0C
ROM[roms/astdelux/036432-02.fh1] Addr=71A5 Value=20
ROM[roms/astdelux/036432-02.fh1] Addr=71A6 Value=B0
ROM[roms/astdelux/036432-02.fh1] Addr=71A7 Value=71
ROM[roms/astdelux/036432-02.fh1] Addr=71A8 Value=46
ROM[roms/astdelux/036432-02.fh1] Addr=71A9 Value=0C
ROM[roms/astdelux/036432-02.fh1] Addr=71AA Value=90
ROM[roms/astdelux/036432-02.fh1] Addr=71AB Value=DF
ROM[roms/astdelux/036432-02.fh1] Addr=71AC Value=88
ROM[roms/astdelux/036432-02.fh1] Addr=71AD Value=4C
ROM[roms/astdelux/036432-02.fh1] Addr=71AE Value=55
ROM[roms/astdelux/036432-02.fh1] Addr=71AF Value=7A
ROM[roms/astdelux/036432-02.fh1] Addr=71B0 Value=E6
ROM[roms/astdelux/036432-02.fh1] Addr=71B1 Value=09
ROM[roms/astdelux/036432-02.fh1] Addr=71B2 Value=D0
ROM[roms/astdelux/036432-02.fh1] Addr=71B3 Value=02
ROM[roms/astdelux/036432-02.fh1] Addr=71B4 Value=E6
ROM[roms/astdelux/036432-02.fh1] Addr=71B5 Value=0A
ROM[roms/astdelux/036432-02.fh1] Addr=71B6 Value=29
ROM[roms/astdelux/036432-02.fh1] Addr=71B7 Value=3E
ROM[roms/astdelux/036432-02.fh1] Addr=71B8 Value=D0
ROM[roms/astdelux/036432-02.fh1] Addr=71B9 Value=04
ROM[roms/astdelux/036432-02.fh1] Addr=71BA Value=68
ROM[roms/astdelux/036432-02.fh1] Addr=71BB Value=68
ROM[roms/astdelux/036432-02.fh1] Addr=71BC Value=D0
ROM[roms/astdelux/036432-02.fh1] Addr=71BD Value=EE
ROM[roms/astdelux/036432-02.fh1] Addr=71BE Value=C9
ROM[roms/astdelux/036432-02.fh1] Addr=71BF Value=0A
ROM[roms/astdelux/036432-02.fh1] Addr=71C0 Value=90
ROM[roms/astdelux/036432-02.fh1] Addr=71C1 Value=02
ROM[roms/astdelux/036432-02.fh1] Addr=71C2 Value=69
ROM[roms/astdelux/036432-02.fh1] Addr=71C3 Value=0D
ROM[roms/astdelux/036432-02.fh1] Addr=71C4 Value=AA
ROM[roms/astdelux/036432-02.fh1] Addr=71C5 Value=BD
ROM[roms/astdelux/036432-02.fh1] Addr=71C6 Value=F6
ROM[roms/astdelux/036432-02.fh1] Addr=71C7 Value=56
ROM[roms/astdelux/036432-02.fh1] Addr=71C8 Value=91
ROM[roms/astdelux/036432-02.fh1] Addr=71C9 Value=03
ROM[roms/astdelux/036432-02.fh1] Addr=71CA Value=C8
ROM[roms/astdelux/036432-02.fh1] Addr=71CB Value=BD
ROM[roms/astdelux/036432-02.fh1] Addr=71CC Value=F7
ROM[roms/astdelux/036432-02.fh1] Addr=71CD Value=56
ROM[roms/astdelux/036432-02.fh1] Addr=71CE Value=91
ROM[roms/astdelux/036432-02.fh1] Addr=71CF Value=03
ROM[roms/astdelux/036432-02.fh1] Addr=71D0 Value=C8
ROM[roms/astdelux/036432-02.fh1] Addr=71D1 Value=A2
ROM[roms/astdelux/036432-02.fh1] Addr=71D2 Value=00
ROM[roms/astdelux/036432-02.fh1] Addr=71D3 Value=60
ROM[roms/astdelux/036432-02.fh1] Addr=71D4 Value=68
ROM[roms/astdelux/036432-02.fh1] Addr=71D5 Value=B6
ROM[roms/astdelux/036432-02.fh1] Addr=71D6 Value=72
ROM[roms/astdelux/036432-02.fh1] Addr=71D7 Value=B6
ROM[roms/astdelux/036432-02.fh1] Addr=71D8 Value=0C
ROM[roms/astdelux/036432-02.fh1] Addr=71D9 Value=AA
ROM[roms/astdelux/036432-02.fh1] Addr=71DA Value=0C
ROM[roms/astdelux/036432-02.fh1] Addr=71DB Value=A2
ROM[roms/astdelux/036432-02.fh1] Addr=71DC Value=0C
ROM[roms/astdelux/036432-02.fh1] Addr=71DD Value=9A
ROM[roms/astdelux/036432-02.fh1] Addr=71DE Value=0C
ROM[roms/astdelux/036432-02.fh1] Addr=71DF Value=92
ROM[roms/astdelux/036432-02.fh1] Addr=71E0 Value=68
ROM[roms/astdelux/036432-02.fh1] Addr=71E1 Value=C6
ROM[roms/astdelux/036432-02.fh1] Addr=71E2 Value=6E
ROM[roms/astdelux/036432-02.fh1] Addr=71E3 Value=A7
ROM[roms/astdelux/036432-02.fh1] Addr=71E4 Value=56
ROM[roms/astdelux/036432-02.fh1] Addr=71E5 Value=42
ROM[roms/astdelux/036432-02.fh1] Addr=71E6 Value=5A
ROM[roms/astdelux/036432-02.fh1] Addr=71E7 Value=42
ROM[roms/astdelux/036432-02.fh1] Addr=71E8 Value=58
ROM[roms/astdelux/036432-02.fh1] Addr=71E9 Value=42
ROM[roms/astdelux/036432-02.fh1] Addr=71EA Value=68
ROM[roms/astdelux/036432-02.fh1] Addr=71EB Value=32
ROM[roms/astdelux/036432-02.fh1] Addr=71EC Value=64
ROM[roms/astdelux/036432-02.fh1] Addr=71ED Value=C6
ROM[roms/astdelux/036432-02.fh1] Addr=71EE Value=6E
ROM[roms/astdelux/036432-02.fh1] Addr=71EF Value=D2
ROM[roms/astdelux/036432-02.fh1] Addr=71F0 Value=F8
ROM[roms/astdelux/036432-02.fh1] Addr=71F1 Value=71
ROM[roms/astdelux/036432-02.fh1] Addr=71F2 Value=AE
ROM[roms/astdelux/036432-02.fh1] Addr=71F3 Value=72
ROM[roms/astdelux/036432-02.fh1] Addr=71F4 Value=7D
ROM[roms/astdelux/036432-02.fh1] Addr=71F5 Value=73
ROM[roms/astdelux/036432-02.fh1] Addr=71F6 Value=38
ROM[roms/astdelux/036432-02.fh1] Addr=71F7 Value=74
ROM[roms/astdelux/036432-02.fh1] Addr=71F8 Value=0E
ROM[roms/astdelux/036432-02.fh1] Addr=71F9 Value=16
ROM[roms/astdelux/036432-02.fh1] Addr=71FA Value=1C
ROM[roms/astdelux/036432-02.fh1] Addr=71FB Value=32
ROM[roms/astdelux/036432-02.fh1] Addr=71FC Value=44
ROM[roms/astdelux/036432-02.fh1] Addr=71FD Value=58
ROM[roms/astdelux/036432-02.fh1] Addr=71FE Value=70
ROM[roms/astdelux/036432-02.fh1] Addr=71FF Value=78
ROM[roms/astdelux/036432-02.fh1] Addr=7200 Value=7E
ROM[roms/astdelux/036432-02.fh1] Addr=7201 Value=8A
ROM[roms/astdelux/036432-02.fh1] Addr=7202 Value=94
ROM[roms/astdelux/036432-02.fh1] Addr=7203 Value=A0
ROM[roms/astdelux/036432-02.fh1] Addr=7204 Value=A6
ROM[roms/astdelux/036432-02.fh1] Addr=7205 Value=B0
ROM[roms/astdelux/036432-02.fh1] Addr=7206 Value=63
ROM[roms/astdelux/036432-02.fh1] Addr=7207 Value=56
ROM[roms/astdelux/036432-02.fh1] Addr=7208 Value=60
ROM[roms/astdelux/036432-02.fh1] Addr=7209 Value=6E
ROM[roms/astdelux/036432-02.fh1] Addr=720A Value=3C
ROM[roms/astdelux/036432-02.fh1] Addr=720B Value=EC
ROM[roms/astdelux/036432-02.fh1] Addr=720C Value=4D
ROM[roms/astdelux/036432-02.fh1] Addr=720D Value=C0
ROM[roms/astdelux/036432-02.fh1] Addr=720E Value=A4
ROM[roms/astdelux/036432-02.fh1] Addr=720F Value=0A
ROM[roms/astdelux/036432-02.fh1] Addr=7210 Value=EA
ROM[roms/astdelux/036432-02.fh1] Addr=7211 Value=6C
ROM[roms/astdelux/036432-02.fh1] Addr=7212 Value=08
ROM[roms/astdelux/036432-02.fh1] Addr=7213 Value=00
ROM[roms/astdelux/036432-02.fh1] Addr=7214 Value=EC
ROM[roms/astdelux/036432-02.fh1] Addr=7215 Value=F2
ROM[roms/astdelux/036432-02.fh1] Addr=7216 Value=B0
ROM[roms/astdelux/036432-02.fh1] Addr=7217 Value=6E
ROM[roms/astdelux/036432-02.fh1] Addr=7218 Value=3C
ROM[roms/astdelux/036432-02.fh1] Addr=7219 Value=EC
ROM[roms/astdelux/036432-02.fh1] Addr=721A Value=48
ROM[roms/astdelux/036432-02.fh1] Addr=721B Value=5A
ROM[roms/astdelux/036432-02.fh1] Addr=721C Value=B8
ROM[roms/astdelux/036432-02.fh1] Addr=721D Value=66
ROM[roms/astdelux/036432-02.fh1] Addr=721E Value=92
ROM[roms/astdelux/036432-02.fh1] Addr=721F Value=42
ROM[roms/astdelux/036432-02.fh1] Addr=7220 Value=9A
ROM[roms/astdelux/036432-02.fh1] Addr=7221 Value=82
ROM[roms/astdelux/036432-02.fh1] Addr=7222 Value=C3
ROM[roms/astdelux/036432-02.fh1] Addr=7223 Value=12
ROM[roms/astdelux/036432-02.fh1] Addr=7224 Value=0E
ROM[roms/astdelux/036432-02.fh1] Addr=7225 Value=12
ROM[roms/astdelux/036432-02.fh1] Addr=7226 Value=90
ROM[roms/astdelux/036432-02.fh1] Addr=7227 Value=4C
ROM[roms/astdelux/036432-02.fh1] Addr=7228 Value=4D
ROM[roms/astdelux/036432-02.fh1] Addr=7229 Value=F1
ROM[roms/astdelux/036432-02.fh1] Addr=722A Value=A4
ROM[roms/astdelux/036432-02.fh1] Addr=722B Value=12
ROM[roms/astdelux/036432-02.fh1] Addr=722C Value=2D
ROM[roms/astdelux/036432-02.fh1] Addr=722D Value=D2
ROM[roms/astdelux/036432-02.fh1] Addr=722E Value=0A
ROM[roms/astdelux/036432-02.fh1] Addr=722F Value=64
ROM[roms/astdelux/036432-02.fh1] Addr=7230 Value=C2
ROM[roms/astdelux/036432-02.fh1] Addr=7231 Value=6C
ROM[roms/astdelux/036432-02.fh1] Addr=7232 Value=0F
ROM[roms/astdelux/036432-02.fh1] Addr=7233 Value=66
ROM[roms/astdelux/036432-02.fh1] Addr=7234 Value=CD
ROM[roms/astdelux/036432-02.fh1] Addr=7235 Value=82
ROM[roms/astdelux/036432-02.fh1] Addr=7236 Value=6C
ROM[roms/astdelux/036432-02.fh1] Addr=7237 Value=9A
ROM[roms/astdelux/036432-02.fh1] Addr=7238 Value=C3
ROM[roms/astdelux/036432-02.fh1] Addr=7239 Value=4A
ROM[roms/astdelux/036432-02.fh1] Addr=723A Value=85
ROM[roms/astdelux/036432-02.fh1] Addr=723B Value=C0
ROM[roms/astdelux/036432-02.fh1] Addr=723C Value=A5
ROM[roms/astdelux/036432-02.fh1] Addr=723D Value=92
ROM[roms/astdelux/036432-02.fh1] Addr=723E Value=BD
ROM[roms/astdelux/036432-02.fh1] Addr=723F Value=C2
ROM[roms/astdelux/036432-02.fh1] Addr=7240 Value=B4
ROM[roms/astdelux/036432-02.fh1] Addr=7241 Value=F0
ROM[roms/astdelux/036432-02.fh1] Addr=7242 Value=2E
ROM[roms/astdelux/036432-02.fh1] Addr=7243 Value=12
ROM[roms/astdelux/036432-02.fh1] Addr=7244 Value=0E
ROM[roms/astdelux/036432-02.fh1] Addr=7245 Value=26
ROM[roms/astdelux/036432-02.fh1] Addr=7246 Value=0D
ROM[roms/astdelux/036432-02.fh1] Addr=7247 Value=D2
ROM[roms/astdelux/036432-02.fh1] Addr=7248 Value=82
ROM[roms/astdelux/036432-02.fh1] Addr=7249 Value=4E
ROM[roms/astdelux/036432-02.fh1] Addr=724A Value=C0
ROM[roms/astdelux/036432-02.fh1] Addr=724B Value=60
ROM[roms/astdelux/036432-02.fh1] Addr=724C Value=4E
ROM[roms/astdelux/036432-02.fh1] Addr=724D Value=30
ROM[roms/astdelux/036432-02.fh1] Addr=724E Value=4D
ROM[roms/astdelux/036432-02.fh1] Addr=724F Value=80
ROM[roms/astdelux/036432-02.fh1] Addr=7250 Value=A5
ROM[roms/astdelux/036432-02.fh1] Addr=7251 Value=92
ROM[roms/astdelux/036432-02.fh1] Addr=7252 Value=BD
ROM[roms/astdelux/036432-02.fh1] Addr=7253 Value=C2
ROM[roms/astdelux/036432-02.fh1] Addr=7254 Value=BB
ROM[roms/astdelux/036432-02.fh1] Addr=7255 Value=1A
ROM[roms/astdelux/036432-02.fh1] Addr=7256 Value=4C
ROM[roms/astdelux/036432-02.fh1] Addr=7257 Value=10
ROM[roms/astdelux/036432-02.fh1] Addr=7258 Value=0E
ROM[roms/astdelux/036432-02.fh1] Addr=7259 Value=D8
ROM[roms/astdelux/036432-02.fh1] Addr=725A Value=4C
ROM[roms/astdelux/036432-02.fh1] Addr=725B Value=82
ROM[roms/astdelux/036432-02.fh1] Addr=725C Value=82
ROM[roms/astdelux/036432-02.fh1] Addr=725D Value=70
ROM[roms/astdelux/036432-02.fh1] Addr=725E Value=C2
ROM[roms/astdelux/036432-02.fh1] Addr=725F Value=6C
ROM[roms/astdelux/036432-02.fh1] Addr=7260 Value=0B
ROM[roms/astdelux/036432-02.fh1] Addr=7261 Value=6E
ROM[roms/astdelux/036432-02.fh1] Addr=7262 Value=09
ROM[roms/astdelux/036432-02.fh1] Addr=7263 Value=E6
ROM[roms/astdelux/036432-02.fh1] Addr=7264 Value=B5
ROM[roms/astdelux/036432-02.fh1] Addr=7265 Value=92
ROM[roms/astdelux/036432-02.fh1] Addr=7266 Value=3E
ROM[roms/astdelux/036432-02.fh1] Addr=7267 Value=00
ROM[roms/astdelux/036432-02.fh1] Addr=7268 Value=A5
ROM[roms/astdelux/036432-02.fh1] Addr=7269 Value=92
ROM[roms/astdelux/036432-02.fh1] Addr=726A Value=BD
ROM[roms/astdelux/036432-02.fh1] Addr=726B Value=C2
ROM[roms/astdelux/036432-02.fh1] Addr=726C Value=BE
ROM[roms/astdelux/036432-02.fh1] Addr=726D Value=0A
ROM[roms/astdelux/036432-02.fh1] Addr=726E Value=B6
ROM[roms/astdelux/036432-02.fh1] Addr=726F Value=00
ROM[roms/astdelux/036432-02.fh1] Addr=7270 Value=59
ROM[roms/astdelux/036432-02.fh1] Addr=7271 Value=62
ROM[roms/astdelux/036432-02.fh1] Addr=7272 Value=48
ROM[roms/astdelux/036432-02.fh1] Addr=7273 Value=66
ROM[roms/astdelux/036432-02.fh1] Addr=7274 Value=D2
ROM[roms/astdelux/036432-02.fh1] Addr=7275 Value=6D
ROM[roms/astdelux/036432-02.fh1] Addr=7276 Value=18
ROM[roms/astdelux/036432-02.fh1] Addr=7277 Value=4E
ROM[roms/astdelux/036432-02.fh1] Addr=7278 Value=9B
ROM[roms/astdelux/036432-02.fh1] Addr=7279 Value=64
ROM[roms/astdelux/036432-02.fh1] Addr=727A Value=09
ROM[roms/astdelux/036432-02.fh1] Addr=727B Value=02
ROM[roms/astdelux/036432-02.fh1] Addr=727C Value=3D
ROM[roms/astdelux/036432-02.fh1] Addr=727D Value=92
ROM[roms/astdelux/036432-02.fh1] Addr=727E Value=43
ROM[roms/astdelux/036432-02.fh1] Addr=727F Value=70
ROM[roms/astdelux/036432-02.fh1] Addr=7280 Value=B8
ROM[roms/astdelux/036432-02.fh1] Addr=7281 Value=00
ROM[roms/astdelux/036432-02.fh1] Addr=7282 Value=18
ROM[roms/astdelux/036432-02.fh1] Addr=7283 Value=4E
ROM[roms/astdelux/036432-02.fh1] Addr=7284 Value=9B
ROM[roms/astdelux/036432-02.fh1] Addr=7285 Value=64
ROM[roms/astdelux/036432-02.fh1] Addr=7286 Value=08
ROM[roms/astdelux/036432-02.fh1] Addr=7287 Value=C2
ROM[roms/astdelux/036432-02.fh1] Addr=7288 Value=3D
ROM[roms/astdelux/036432-02.fh1] Addr=7289 Value=92
ROM[roms/astdelux/036432-02.fh1] Addr=728A Value=43
ROM[roms/astdelux/036432-02.fh1] Addr=728B Value=71
ROM[roms/astdelux/036432-02.fh1] Addr=728C Value=20
ROM[roms/astdelux/036432-02.fh1] Addr=728D Value=4E
ROM[roms/astdelux/036432-02.fh1] Addr=728E Value=9B
ROM[roms/astdelux/036432-02.fh1] Addr=728F Value=64
ROM[roms/astdelux/036432-02.fh1] Addr=7290 Value=B8
ROM[roms/astdelux/036432-02.fh1] Addr=7291 Value=46
ROM[roms/astdelux/036432-02.fh1] Addr=7292 Value=09
ROM[roms/astdelux/036432-02.fh1] Addr=7293 Value=EC
ROM[roms/astdelux/036432-02.fh1] Addr=7294 Value=4A
ROM[roms/astdelux/036432-02.fh1] Addr=7295 Value=1A
ROM[roms/astdelux/036432-02.fh1] Addr=7296 Value=C0
ROM[roms/astdelux/036432-02.fh1] Addr=7297 Value=00
ROM[roms/astdelux/036432-02.fh1] Addr=7298 Value=3D
ROM[roms/astdelux/036432-02.fh1] Addr=7299 Value=92
ROM[roms/astdelux/036432-02.fh1] Addr=729A Value=43
ROM[roms/astdelux/036432-02.fh1] Addr=729B Value=70
ROM[roms/astdelux/036432-02.fh1] Addr=729C Value=B8
ROM[roms/astdelux/036432-02.fh1] Addr=729D Value=40
ROM[roms/astdelux/036432-02.fh1] Addr=729E Value=20
ROM[roms/astdelux/036432-02.fh1] Addr=729F Value=56
ROM[roms/astdelux/036432-02.fh1] Addr=72A0 Value=2C
ROM[roms/astdelux/036432-02.fh1] Addr=72A1 Value=52
ROM[roms/astdelux/036432-02.fh1] Addr=72A2 Value=0C
ROM[roms/astdelux/036432-02.fh1] Addr=72A3 Value=5A
ROM[roms/astdelux/036432-02.fh1] Addr=72A4 Value=93
ROM[roms/astdelux/036432-02.fh1] Addr=72A5 Value=62
ROM[roms/astdelux/036432-02.fh1] Addr=72A6 Value=CC
ROM[roms/astdelux/036432-02.fh1] Addr=72A7 Value=40
ROM[roms/astdelux/036432-02.fh1] Addr=72A8 Value=34
ROM[roms/astdelux/036432-02.fh1] Addr=72A9 Value=E4
ROM[roms/astdelux/036432-02.fh1] Addr=72AA Value=CD
ROM[roms/astdelux/036432-02.fh1] Addr=72AB Value=C2
ROM[roms/astdelux/036432-02.fh1] Addr=72AC Value=2E
ROM[roms/astdelux/036432-02.fh1] Addr=72AD Value=03
ROM[roms/astdelux/036432-02.fh1] Addr=72AE Value=0D
ROM[roms/astdelux/036432-02.fh1] Addr=72AF Value=17
ROM[roms/astdelux/036432-02.fh1] Addr=72B0 Value=1D
ROM[roms/astdelux/036432-02.fh1] Addr=72B1 Value=37
ROM[roms/astdelux/036432-02.fh1] Addr=72B2 Value=4F
ROM[roms/astdelux/036432-02.fh1] Addr=72B3 Value=67
ROM[roms/astdelux/036432-02.fh1] Addr=72B4 Value=7D
ROM[roms/astdelux/036432-02.fh1] Addr=72B5 Value=8B
ROM[roms/astdelux/036432-02.fh1] Addr=72B6 Value=91
ROM[roms/astdelux/036432-02.fh1] Addr=72B7 Value=9D
ROM[roms/astdelux/036432-02.fh1] Addr=72B8 Value=A9
ROM[roms/astdelux/036432-02.fh1] Addr=72B9 Value=B5
ROM[roms/astdelux/036432-02.fh1] Addr=72BA Value=BB
ROM[roms/astdelux/036432-02.fh1] Addr=72BB Value=64
ROM[roms/astdelux/036432-02.fh1] Addr=72BC Value=D2
ROM[roms/astdelux/036432-02.fh1] Addr=72BD Value=3B
ROM[roms/astdelux/036432-02.fh1] Addr=72BE Value=2E
ROM[roms/astdelux/036432-02.fh1] Addr=72BF Value=C2
ROM[roms/astdelux/036432-02.fh1] Addr=72C0 Value=6C
ROM[roms/astdelux/036432-02.fh1] Addr=72C1 Value=5A
ROM[roms/astdelux/036432-02.fh1] Addr=72C2 Value=4C
ROM[roms/astdelux/036432-02.fh1] Addr=72C3 Value=93
ROM[roms/astdelux/036432-02.fh1] Addr=72C4 Value=6F
ROM[roms/astdelux/036432-02.fh1] Addr=72C5 Value=BD
ROM[roms/astdelux/036432-02.fh1] Addr=72C6 Value=1A
ROM[roms/astdelux/036432-02.fh1] Addr=72C7 Value=4C
ROM[roms/astdelux/036432-02.fh1] Addr=72C8 Value=12
ROM[roms/astdelux/036432-02.fh1] Addr=72C9 Value=B0
ROM[roms/astdelux/036432-02.fh1] Addr=72CA Value=40
ROM[roms/astdelux/036432-02.fh1] Addr=72CB Value=6B
ROM[roms/astdelux/036432-02.fh1] Addr=72CC Value=2C
ROM[roms/astdelux/036432-02.fh1] Addr=72CD Value=0A
ROM[roms/astdelux/036432-02.fh1] Addr=72CE Value=6C
ROM[roms/astdelux/036432-02.fh1] Addr=72CF Value=5A
ROM[roms/astdelux/036432-02.fh1] Addr=72D0 Value=4C
ROM[roms/astdelux/036432-02.fh1] Addr=72D1 Value=93
ROM[roms/astdelux/036432-02.fh1] Addr=72D2 Value=6E
ROM[roms/astdelux/036432-02.fh1] Addr=72D3 Value=0B
ROM[roms/astdelux/036432-02.fh1] Addr=72D4 Value=6E
ROM[roms/astdelux/036432-02.fh1] Addr=72D5 Value=C0
ROM[roms/astdelux/036432-02.fh1] Addr=72D6 Value=52
ROM[roms/astdelux/036432-02.fh1] Addr=72D7 Value=6C
ROM[roms/astdelux/036432-02.fh1] Addr=72D8 Value=92
ROM[roms/astdelux/036432-02.fh1] Addr=72D9 Value=B8
ROM[roms/astdelux/036432-02.fh1] Addr=72DA Value=50
ROM[roms/astdelux/036432-02.fh1] Addr=72DB Value=4D
ROM[roms/astdelux/036432-02.fh1] Addr=72DC Value=82
ROM[roms/astdelux/036432-02.fh1] Addr=72DD Value=F2
ROM[roms/astdelux/036432-02.fh1] Addr=72DE Value=58
ROM[roms/astdelux/036432-02.fh1] Addr=72DF Value=90
ROM[roms/astdelux/036432-02.fh1] Addr=72E0 Value=4C
ROM[roms/astdelux/036432-02.fh1] Addr=72E1 Value=4D
ROM[roms/astdelux/036432-02.fh1] Addr=72E2 Value=F0
ROM[roms/astdelux/036432-02.fh1] Addr=72E3 Value=4C
ROM[roms/astdelux/036432-02.fh1] Addr=72E4 Value=80
ROM[roms/astdelux/036432-02.fh1] Addr=72E5 Value=33
ROM[roms/astdelux/036432-02.fh1] Addr=72E6 Value=70
ROM[roms/astdelux/036432-02.fh1] Addr=72E7 Value=C2
ROM[roms/astdelux/036432-02.fh1] Addr=72E8 Value=42
ROM[roms/astdelux/036432-02.fh1] Addr=72E9 Value=5A
ROM[roms/astdelux/036432-02.fh1] Addr=72EA Value=4C
ROM[roms/astdelux/036432-02.fh1] Addr=72EB Value=4C
ROM[roms/astdelux/036432-02.fh1] Addr=72EC Value=82
ROM[roms/astdelux/036432-02.fh1] Addr=72ED Value=BB
ROM[roms/astdelux/036432-02.fh1] Addr=72EE Value=52
ROM[roms/astdelux/036432-02.fh1] Addr=72EF Value=0B
ROM[roms/astdelux/036432-02.fh1] Addr=72F0 Value=58
ROM[roms/astdelux/036432-02.fh1] Addr=72F1 Value=B2
ROM[roms/astdelux/036432-02.fh1] Addr=72F2 Value=42
ROM[roms/astdelux/036432-02.fh1] Addr=72F3 Value=6C
ROM[roms/astdelux/036432-02.fh1] Addr=72F4 Value=9A
ROM[roms/astdelux/036432-02.fh1] Addr=72F5 Value=C3
ROM[roms/astdelux/036432-02.fh1] Addr=72F6 Value=4A
ROM[roms/astdelux/036432-02.fh1] Addr=72F7 Value=82
ROM[roms/astdelux/036432-02.fh1] Addr=72F8 Value=64
ROM[roms/astdelux/036432-02.fh1] Addr=72F9 Value=0A
ROM[roms/astdelux/036432-02.fh1] Addr=72FA Value=5A
ROM[roms/astdelux/036432-02.fh1] Addr=72FB Value=90
ROM[roms/astdelux/036432-02.fh1] Addr=72FC Value=00
ROM[roms/astdelux/036432-02.fh1] Addr=72FD Value=F6
ROM[roms/astdelux/036432-02.fh1] Addr=72FE Value=6C
ROM[roms/astdelux/036432-02.fh1] Addr=72FF Value=09
ROM[roms/astdelux/036432-02.fh1] Addr=7300 Value=B2
ROM[roms/astdelux/036432-02.fh1] Addr=7301 Value=3B
ROM[roms/astdelux/036432-02.fh1] Addr=7302 Value=2E
ROM[roms/astdelux/036432-02.fh1] Addr=7303 Value=C1
ROM[roms/astdelux/036432-02.fh1] Addr=7304 Value=4C
ROM[roms/astdelux/036432-02.fh1] Addr=7305 Value=4C
ROM[roms/astdelux/036432-02.fh1] Addr=7306 Value=B6
ROM[roms/astdelux/036432-02.fh1] Addr=7307 Value=2B
ROM[roms/astdelux/036432-02.fh1] Addr=7308 Value=20
ROM[roms/astdelux/036432-02.fh1] Addr=7309 Value=0D
ROM[roms/astdelux/036432-02.fh1] Addr=730A Value=A6
ROM[roms/astdelux/036432-02.fh1] Addr=730B Value=C1
ROM[roms/astdelux/036432-02.fh1] Addr=730C Value=70
ROM[roms/astdelux/036432-02.fh1] Addr=730D Value=48
ROM[roms/astdelux/036432-02.fh1] Addr=730E Value=50
ROM[roms/astdelux/036432-02.fh1] Addr=730F Value=B6
ROM[roms/astdelux/036432-02.fh1] Addr=7310 Value=52
ROM[roms/astdelux/036432-02.fh1] Addr=7311 Value=3B
ROM[roms/astdelux/036432-02.fh1] Addr=7312 Value=D2
ROM[roms/astdelux/036432-02.fh1] Addr=7313 Value=90
ROM[roms/astdelux/036432-02.fh1] Addr=7314 Value=00
ROM[roms/astdelux/036432-02.fh1] Addr=7315 Value=DA
ROM[roms/astdelux/036432-02.fh1] Addr=7316 Value=64
ROM[roms/astdelux/036432-02.fh1] Addr=7317 Value=90
ROM[roms/astdelux/036432-02.fh1] Addr=7318 Value=4C
ROM[roms/astdelux/036432-02.fh1] Addr=7319 Value=C9
ROM[roms/astdelux/036432-02.fh1] Addr=731A Value=D8
ROM[roms/astdelux/036432-02.fh1] Addr=731B Value=BE
ROM[roms/astdelux/036432-02.fh1] Addr=731C Value=0A
ROM[roms/astdelux/036432-02.fh1] Addr=731D Value=32
ROM[roms/astdelux/036432-02.fh1] Addr=731E Value=42
ROM[roms/astdelux/036432-02.fh1] Addr=731F Value=9B
ROM[roms/astdelux/036432-02.fh1] Addr=7320 Value=C2
ROM[roms/astdelux/036432-02.fh1] Addr=7321 Value=BB
ROM[roms/astdelux/036432-02.fh1] Addr=7322 Value=1A
ROM[roms/astdelux/036432-02.fh1] Addr=7323 Value=4C
ROM[roms/astdelux/036432-02.fh1] Addr=7324 Value=10
ROM[roms/astdelux/036432-02.fh1] Addr=7325 Value=0A
ROM[roms/astdelux/036432-02.fh1] Addr=7326 Value=2C
ROM[roms/astdelux/036432-02.fh1] Addr=7327 Value=CA
ROM[roms/astdelux/036432-02.fh1] Addr=7328 Value=4E
ROM[roms/astdelux/036432-02.fh1] Addr=7329 Value=7A
ROM[roms/astdelux/036432-02.fh1] Addr=732A Value=65
ROM[roms/astdelux/036432-02.fh1] Addr=732B Value=BE
ROM[roms/astdelux/036432-02.fh1] Addr=732C Value=0A
ROM[roms/astdelux/036432-02.fh1] Addr=732D Value=B6
ROM[roms/astdelux/036432-02.fh1] Addr=732E Value=1E
ROM[roms/astdelux/036432-02.fh1] Addr=732F Value=94
ROM[roms/astdelux/036432-02.fh1] Addr=7330 Value=D2
ROM[roms/astdelux/036432-02.fh1] Addr=7331 Value=A2
ROM[roms/astdelux/036432-02.fh1] Addr=7332 Value=92
ROM[roms/astdelux/036432-02.fh1] Addr=7333 Value=0A
ROM[roms/astdelux/036432-02.fh1] Addr=7334 Value=2C
ROM[roms/astdelux/036432-02.fh1] Addr=7335 Value=CA
ROM[roms/astdelux/036432-02.fh1] Addr=7336 Value=4E
ROM[roms/astdelux/036432-02.fh1] Addr=7337 Value=7A
ROM[roms/astdelux/036432-02.fh1] Addr=7338 Value=65
ROM[roms/astdelux/036432-02.fh1] Addr=7339 Value=BD
ROM[roms/astdelux/036432-02.fh1] Addr=733A Value=1A
ROM[roms/astdelux/036432-02.fh1] Addr=733B Value=4C
ROM[roms/astdelux/036432-02.fh1] Addr=733C Value=12
ROM[roms/astdelux/036432-02.fh1] Addr=733D Value=92
ROM[roms/astdelux/036432-02.fh1] Addr=733E Value=13
ROM[roms/astdelux/036432-02.fh1] Addr=733F Value=18
ROM[roms/astdelux/036432-02.fh1] Addr=7340 Value=62
ROM[roms/astdelux/036432-02.fh1] Addr=7341 Value=CA
ROM[roms/astdelux/036432-02.fh1] Addr=7342 Value=64
ROM[roms/astdelux/036432-02.fh1] Addr=7343 Value=F2
ROM[roms/astdelux/036432-02.fh1] Addr=7344 Value=42
ROM[roms/astdelux/036432-02.fh1] Addr=7345 Value=20
ROM[roms/astdelux/036432-02.fh1] Addr=7346 Value=6E
ROM[roms/astdelux/036432-02.fh1] Addr=7347 Value=A3
ROM[roms/astdelux/036432-02.fh1] Addr=7348 Value=52
ROM[roms/astdelux/036432-02.fh1] Addr=7349 Value=82
ROM[roms/astdelux/036432-02.fh1] Addr=734A Value=40
ROM[roms/astdelux/036432-02.fh1] Addr=734B Value=18
ROM[roms/astdelux/036432-02.fh1] Addr=734C Value=62
ROM[roms/astdelux/036432-02.fh1] Addr=734D Value=CA
ROM[roms/astdelux/036432-02.fh1] Addr=734E Value=64
ROM[roms/astdelux/036432-02.fh1] Addr=734F Value=F2
ROM[roms/astdelux/036432-02.fh1] Addr=7350 Value=42
ROM[roms/astdelux/036432-02.fh1] Addr=7351 Value=18
ROM[roms/astdelux/036432-02.fh1] Addr=7352 Value=6E
ROM[roms/astdelux/036432-02.fh1] Addr=7353 Value=A3
ROM[roms/astdelux/036432-02.fh1] Addr=7354 Value=52
ROM[roms/astdelux/036432-02.fh1] Addr=7355 Value=80
ROM[roms/astdelux/036432-02.fh1] Addr=7356 Value=00
ROM[roms/astdelux/036432-02.fh1] Addr=7357 Value=20
ROM[roms/astdelux/036432-02.fh1] Addr=7358 Value=62
ROM[roms/astdelux/036432-02.fh1] Addr=7359 Value=CA
ROM[roms/astdelux/036432-02.fh1] Addr=735A Value=64
ROM[roms/astdelux/036432-02.fh1] Addr=735B Value=F2
ROM[roms/astdelux/036432-02.fh1] Addr=735C Value=64
ROM[roms/astdelux/036432-02.fh1] Addr=735D Value=08
ROM[roms/astdelux/036432-02.fh1] Addr=735E Value=C2
ROM[roms/astdelux/036432-02.fh1] Addr=735F Value=BD
ROM[roms/astdelux/036432-02.fh1] Addr=7360 Value=1A
ROM[roms/astdelux/036432-02.fh1] Addr=7361 Value=4C
ROM[roms/astdelux/036432-02.fh1] Addr=7362 Value=00
ROM[roms/astdelux/036432-02.fh1] Addr=7363 Value=7D
ROM[roms/astdelux/036432-02.fh1] Addr=7364 Value=92
ROM[roms/astdelux/036432-02.fh1] Addr=7365 Value=43
ROM[roms/astdelux/036432-02.fh1] Addr=7366 Value=70
ROM[roms/astdelux/036432-02.fh1] Addr=7367 Value=48
ROM[roms/astdelux/036432-02.fh1] Addr=7368 Value=40
ROM[roms/astdelux/036432-02.fh1] Addr=7369 Value=5A
ROM[roms/astdelux/036432-02.fh1] Addr=736A Value=60
ROM[roms/astdelux/036432-02.fh1] Addr=736B Value=42
ROM[roms/astdelux/036432-02.fh1] Addr=736C Value=5A
ROM[roms/astdelux/036432-02.fh1] Addr=736D Value=96
ROM[roms/astdelux/036432-02.fh1] Addr=736E Value=F2
ROM[roms/astdelux/036432-02.fh1] Addr=736F Value=B2
ROM[roms/astdelux/036432-02.fh1] Addr=7370 Value=82
ROM[roms/astdelux/036432-02.fh1] Addr=7371 Value=56
ROM[roms/astdelux/036432-02.fh1] Addr=7372 Value=52
ROM[roms/astdelux/036432-02.fh1] Addr=7373 Value=B0
ROM[roms/astdelux/036432-02.fh1] Addr=7374 Value=7C
ROM[roms/astdelux/036432-02.fh1] Addr=7375 Value=DA
ROM[roms/astdelux/036432-02.fh1] Addr=7376 Value=5A
ROM[roms/astdelux/036432-02.fh1] Addr=7377 Value=0D
ROM[roms/astdelux/036432-02.fh1] Addr=7378 Value=E8
ROM[roms/astdelux/036432-02.fh1] Addr=7379 Value=6A
ROM[roms/astdelux/036432-02.fh1] Addr=737A Value=60
ROM[roms/astdelux/036432-02.fh1] Addr=737B Value=48
ROM[roms/astdelux/036432-02.fh1] Addr=737C Value=00
ROM[roms/astdelux/036432-02.fh1] Addr=737D Value=0D
ROM[roms/astdelux/036432-02.fh1] Addr=737E Value=17
ROM[roms/astdelux/036432-02.fh1] Addr=737F Value=1B
ROM[roms/astdelux/036432-02.fh1] Addr=7380 Value=33
ROM[roms/astdelux/036432-02.fh1] Addr=7381 Value=43
ROM[roms/astdelux/036432-02.fh1] Addr=7382 Value=59
ROM[roms/astdelux/036432-02.fh1] Addr=7383 Value=71
ROM[roms/astdelux/036432-02.fh1] Addr=7384 Value=7D
ROM[roms/astdelux/036432-02.fh1] Addr=7385 Value=87
ROM[roms/astdelux/036432-02.fh1] Addr=7386 Value=93
ROM[roms/astdelux/036432-02.fh1] Addr=7387 Value=9F
ROM[roms/astdelux/036432-02.fh1] Addr=7388 Value=AB
ROM[roms/astdelux/036432-02.fh1] Addr=7389 Value=B1
ROM[roms/astdelux/036432-02.fh1] Addr=738A Value=8A
ROM[roms/astdelux/036432-02.fh1] Addr=738B Value=5A
ROM[roms/astdelux/036432-02.fh1] Addr=738C Value=84
ROM[roms/astdelux/036432-02.fh1] Addr=738D Value=12
ROM[roms/astdelux/036432-02.fh1] Addr=738E Value=CD
ROM[roms/astdelux/036432-02.fh1] Addr=738F Value=82
ROM[roms/astdelux/036432-02.fh1] Addr=7390 Value=B9
ROM[roms/astdelux/036432-02.fh1] Addr=7391 Value=E6
ROM[roms/astdelux/036432-02.fh1] Addr=7392 Value=B2
ROM[roms/astdelux/036432-02.fh1] Addr=7393 Value=40
ROM[roms/astdelux/036432-02.fh1] Addr=7394 Value=74
ROM[roms/astdelux/036432-02.fh1] Addr=7395 Value=F2
ROM[roms/astdelux/036432-02.fh1] Addr=7396 Value=4D
ROM[roms/astdelux/036432-02.fh1] Addr=7397 Value=83
ROM[roms/astdelux/036432-02.fh1] Addr=7398 Value=D4
ROM[roms/astdelux/036432-02.fh1] Addr=7399 Value=F0
ROM[roms/astdelux/036432-02.fh1] Addr=739A Value=B2
ROM[roms/astdelux/036432-02.fh1] Addr=739B Value=42
ROM[roms/astdelux/036432-02.fh1] Addr=739C Value=B9
ROM[roms/astdelux/036432-02.fh1] Addr=739D Value=E6
ROM[roms/astdelux/036432-02.fh1] Addr=739E Value=B2
ROM[roms/astdelux/036432-02.fh1] Addr=739F Value=42
ROM[roms/astdelux/036432-02.fh1] Addr=73A0 Value=4D
ROM[roms/astdelux/036432-02.fh1] Addr=73A1 Value=F0
ROM[roms/astdelux/036432-02.fh1] Addr=73A2 Value=0E
ROM[roms/astdelux/036432-02.fh1] Addr=73A3 Value=64
ROM[roms/astdelux/036432-02.fh1] Addr=73A4 Value=0A
ROM[roms/astdelux/036432-02.fh1] Addr=73A5 Value=12
ROM[roms/astdelux/036432-02.fh1] Addr=73A6 Value=B8
ROM[roms/astdelux/036432-02.fh1] Addr=73A7 Value=46
ROM[roms/astdelux/036432-02.fh1] Addr=73A8 Value=10
ROM[roms/astdelux/036432-02.fh1] Addr=73A9 Value=62
ROM[roms/astdelux/036432-02.fh1] Addr=73AA Value=4B
ROM[roms/astdelux/036432-02.fh1] Addr=73AB Value=60
ROM[roms/astdelux/036432-02.fh1] Addr=73AC Value=82
ROM[roms/astdelux/036432-02.fh1] Addr=73AD Value=72
ROM[roms/astdelux/036432-02.fh1] Addr=73AE Value=B5
ROM[roms/astdelux/036432-02.fh1] Addr=73AF Value=C0
ROM[roms/astdelux/036432-02.fh1] Addr=73B0 Value=BE
ROM[roms/astdelux/036432-02.fh1] Addr=73B1 Value=A8
ROM[roms/astdelux/036432-02.fh1] Addr=73B2 Value=0A
ROM[roms/astdelux/036432-02.fh1] Addr=73B3 Value=64
ROM[roms/astdelux/036432-02.fh1] Addr=73B4 Value=C5
ROM[roms/astdelux/036432-02.fh1] Addr=73B5 Value=92
ROM[roms/astdelux/036432-02.fh1] Addr=73B6 Value=F0
ROM[roms/astdelux/036432-02.fh1] Addr=73B7 Value=74
ROM[roms/astdelux/036432-02.fh1] Addr=73B8 Value=9D
ROM[roms/astdelux/036432-02.fh1] Addr=73B9 Value=C2
ROM[roms/astdelux/036432-02.fh1] Addr=73BA Value=6C
ROM[roms/astdelux/036432-02.fh1] Addr=73BB Value=9A
ROM[roms/astdelux/036432-02.fh1] Addr=73BC Value=C3
ROM[roms/astdelux/036432-02.fh1] Addr=73BD Value=4A
ROM[roms/astdelux/036432-02.fh1] Addr=73BE Value=82
ROM[roms/astdelux/036432-02.fh1] Addr=73BF Value=6F
ROM[roms/astdelux/036432-02.fh1] Addr=73C0 Value=A4
ROM[roms/astdelux/036432-02.fh1] Addr=73C1 Value=F2
ROM[roms/astdelux/036432-02.fh1] Addr=73C2 Value=BD
ROM[roms/astdelux/036432-02.fh1] Addr=73C3 Value=D2
ROM[roms/astdelux/036432-02.fh1] Addr=73C4 Value=F0
ROM[roms/astdelux/036432-02.fh1] Addr=73C5 Value=6C
ROM[roms/astdelux/036432-02.fh1] Addr=73C6 Value=9E
ROM[roms/astdelux/036432-02.fh1] Addr=73C7 Value=0A
ROM[roms/astdelux/036432-02.fh1] Addr=73C8 Value=C2
ROM[roms/astdelux/036432-02.fh1] Addr=73C9 Value=42
ROM[roms/astdelux/036432-02.fh1] Addr=73CA Value=A4
ROM[roms/astdelux/036432-02.fh1] Addr=73CB Value=F2
ROM[roms/astdelux/036432-02.fh1] Addr=73CC Value=B0
ROM[roms/astdelux/036432-02.fh1] Addr=73CD Value=74
ROM[roms/astdelux/036432-02.fh1] Addr=73CE Value=9D
ROM[roms/astdelux/036432-02.fh1] Addr=73CF Value=C2
ROM[roms/astdelux/036432-02.fh1] Addr=73D0 Value=6C
ROM[roms/astdelux/036432-02.fh1] Addr=73D1 Value=9A
ROM[roms/astdelux/036432-02.fh1] Addr=73D2 Value=C3
ROM[roms/astdelux/036432-02.fh1] Addr=73D3 Value=4A
ROM[roms/astdelux/036432-02.fh1] Addr=73D4 Value=82
ROM[roms/astdelux/036432-02.fh1] Addr=73D5 Value=6F
ROM[roms/astdelux/036432-02.fh1] Addr=73D6 Value=A4
ROM[roms/astdelux/036432-02.fh1] Addr=73D7 Value=F2
ROM[roms/astdelux/036432-02.fh1] Addr=73D8 Value=BD
ROM[roms/astdelux/036432-02.fh1] Addr=73D9 Value=D2
ROM[roms/astdelux/036432-02.fh1] Addr=73DA Value=F0
ROM[roms/astdelux/036432-02.fh1] Addr=73DB Value=6E
ROM[roms/astdelux/036432-02.fh1] Addr=73DC Value=63
ROM[roms/astdelux/036432-02.fh1] Addr=73DD Value=52
ROM[roms/astdelux/036432-02.fh1] Addr=73DE Value=82
ROM[roms/astdelux/036432-02.fh1] Addr=73DF Value=02
ROM[roms/astdelux/036432-02.fh1] Addr=73E0 Value=AE
ROM[roms/astdelux/036432-02.fh1] Addr=73E1 Value=4A
ROM[roms/astdelux/036432-02.fh1] Addr=73E2 Value=92
ROM[roms/astdelux/036432-02.fh1] Addr=73E3 Value=02
ROM[roms/astdelux/036432-02.fh1] Addr=73E4 Value=82
ROM[roms/astdelux/036432-02.fh1] Addr=73E5 Value=70
ROM[roms/astdelux/036432-02.fh1] Addr=73E6 Value=C5
ROM[roms/astdelux/036432-02.fh1] Addr=73E7 Value=92
ROM[roms/astdelux/036432-02.fh1] Addr=73E8 Value=09
ROM[roms/astdelux/036432-02.fh1] Addr=73E9 Value=E6
ROM[roms/astdelux/036432-02.fh1] Addr=73EA Value=B5
ROM[roms/astdelux/036432-02.fh1] Addr=73EB Value=92
ROM[roms/astdelux/036432-02.fh1] Addr=73EC Value=3E
ROM[roms/astdelux/036432-02.fh1] Addr=73ED Value=13
ROM[roms/astdelux/036432-02.fh1] Addr=73EE Value=2D
ROM[roms/astdelux/036432-02.fh1] Addr=73EF Value=28
ROM[roms/astdelux/036432-02.fh1] Addr=73F0 Value=CF
ROM[roms/astdelux/036432-02.fh1] Addr=73F1 Value=52
ROM[roms/astdelux/036432-02.fh1] Addr=73F2 Value=B0
ROM[roms/astdelux/036432-02.fh1] Addr=73F3 Value=6E
ROM[roms/astdelux/036432-02.fh1] Addr=73F4 Value=CD
ROM[roms/astdelux/036432-02.fh1] Addr=73F5 Value=82
ROM[roms/astdelux/036432-02.fh1] Addr=73F6 Value=BE
ROM[roms/astdelux/036432-02.fh1] Addr=73F7 Value=0A
ROM[roms/astdelux/036432-02.fh1] Addr=73F8 Value=B6
ROM[roms/astdelux/036432-02.fh1] Addr=73F9 Value=00
ROM[roms/astdelux/036432-02.fh1] Addr=73FA Value=53
ROM[roms/astdelux/036432-02.fh1] Addr=73FB Value=64
ROM[roms/astdelux/036432-02.fh1] Addr=73FC Value=0A
ROM[roms/astdelux/036432-02.fh1] Addr=73FD Value=12
ROM[roms/astdelux/036432-02.fh1] Addr=73FE Value=0D
ROM[roms/astdelux/036432-02.fh1] Addr=73FF Value=0A
ROM[roms/astdelux/036432-02.fh1] Addr=7400 Value=B6
ROM[roms/astdelux/036432-02.fh1] Addr=7401 Value=1A
ROM[roms/astdelux/036432-02.fh1] Addr=7402 Value=48
ROM[roms/astdelux/036432-02.fh1] Addr=7403 Value=00
ROM[roms/astdelux/036432-02.fh1] Addr=7404 Value=18
ROM[roms/astdelux/036432-02.fh1] Addr=7405 Value=68
ROM[roms/astdelux/036432-02.fh1] Addr=7406 Value=6A
ROM[roms/astdelux/036432-02.fh1] Addr=7407 Value=4E
ROM[roms/astdelux/036432-02.fh1] Addr=7408 Value=48
ROM[roms/astdelux/036432-02.fh1] Addr=7409 Value=48
ROM[roms/astdelux/036432-02.fh1] Addr=740A Value=0B
ROM[roms/astdelux/036432-02.fh1] Addr=740B Value=A6
ROM[roms/astdelux/036432-02.fh1] Addr=740C Value=CA
ROM[roms/astdelux/036432-02.fh1] Addr=740D Value=72
ROM[roms/astdelux/036432-02.fh1] Addr=740E Value=B5
ROM[roms/astdelux/036432-02.fh1] Addr=740F Value=C0
ROM[roms/astdelux/036432-02.fh1] Addr=7410 Value=18
ROM[roms/astdelux/036432-02.fh1] Addr=7411 Value=68
ROM[roms/astdelux/036432-02.fh1] Addr=7412 Value=6A
ROM[roms/astdelux/036432-02.fh1] Addr=7413 Value=4E
ROM[roms/astdelux/036432-02.fh1] Addr=7414 Value=48
ROM[roms/astdelux/036432-02.fh1] Addr=7415 Value=46
ROM[roms/astdelux/036432-02.fh1] Addr=7416 Value=0B
ROM[roms/astdelux/036432-02.fh1] Addr=7417 Value=A6
ROM[roms/astdelux/036432-02.fh1] Addr=7418 Value=CA
ROM[roms/astdelux/036432-02.fh1] Addr=7419 Value=72
ROM[roms/astdelux/036432-02.fh1] Addr=741A Value=B0
ROM[roms/astdelux/036432-02.fh1] Addr=741B Value=00
ROM[roms/astdelux/036432-02.fh1] Addr=741C Value=20
ROM[roms/astdelux/036432-02.fh1] Addr=741D Value=68
ROM[roms/astdelux/036432-02.fh1] Addr=741E Value=6A
ROM[roms/astdelux/036432-02.fh1] Addr=741F Value=4E
ROM[roms/astdelux/036432-02.fh1] Addr=7420 Value=4D
ROM[roms/astdelux/036432-02.fh1] Addr=7421 Value=C2
ROM[roms/astdelux/036432-02.fh1] Addr=7422 Value=18
ROM[roms/astdelux/036432-02.fh1] Addr=7423 Value=5C
ROM[roms/astdelux/036432-02.fh1] Addr=7424 Value=9E
ROM[roms/astdelux/036432-02.fh1] Addr=7425 Value=52
ROM[roms/astdelux/036432-02.fh1] Addr=7426 Value=CD
ROM[roms/astdelux/036432-02.fh1] Addr=7427 Value=80
ROM[roms/astdelux/036432-02.fh1] Addr=7428 Value=3D
ROM[roms/astdelux/036432-02.fh1] Addr=7429 Value=92
ROM[roms/astdelux/036432-02.fh1] Addr=742A Value=43
ROM[roms/astdelux/036432-02.fh1] Addr=742B Value=70
ROM[roms/astdelux/036432-02.fh1] Addr=742C Value=B8
ROM[roms/astdelux/036432-02.fh1] Addr=742D Value=40
ROM[roms/astdelux/036432-02.fh1] Addr=742E Value=20
ROM[roms/astdelux/036432-02.fh1] Addr=742F Value=5C
ROM[roms/astdelux/036432-02.fh1] Addr=7430 Value=4E
ROM[roms/astdelux/036432-02.fh1] Addr=7431 Value=78
ROM[roms/astdelux/036432-02.fh1] Addr=7432 Value=0C
ROM[roms/astdelux/036432-02.fh1] Addr=7433 Value=5A
ROM[roms/astdelux/036432-02.fh1] Addr=7434 Value=93
ROM[roms/astdelux/036432-02.fh1] Addr=7435 Value=62
ROM[roms/astdelux/036432-02.fh1] Addr=7436 Value=CC
ROM[roms/astdelux/036432-02.fh1] Addr=7437 Value=40
ROM[roms/astdelux/036432-02.fh1] Addr=7438 Value=0D
ROM[roms/astdelux/036432-02.fh1] Addr=7439 Value=13
ROM[roms/astdelux/036432-02.fh1] Addr=743A Value=19
ROM[roms/astdelux/036432-02.fh1] Addr=743B Value=33
ROM[roms/astdelux/036432-02.fh1] Addr=743C Value=47
ROM[roms/astdelux/036432-02.fh1] Addr=743D Value=61
ROM[roms/astdelux/036432-02.fh1] Addr=743E Value=6B
ROM[roms/astdelux/036432-02.fh1] Addr=743F Value=73
ROM[roms/astdelux/036432-02.fh1] Addr=7440 Value=7D
ROM[roms/astdelux/036432-02.fh1] Addr=7441 Value=89
ROM[roms/astdelux/036432-02.fh1] Addr=7442 Value=93
ROM[roms/astdelux/036432-02.fh1] Addr=7443 Value=9F
ROM[roms/astdelux/036432-02.fh1] Addr=7444 Value=A5
ROM[roms/astdelux/036432-02.fh1] Addr=7445 Value=B2
ROM[roms/astdelux/036432-02.fh1] Addr=7446 Value=4E
ROM[roms/astdelux/036432-02.fh1] Addr=7447 Value=9D
ROM[roms/astdelux/036432-02.fh1] Addr=7448 Value=90
ROM[roms/astdelux/036432-02.fh1] Addr=7449 Value=B8
ROM[roms/astdelux/036432-02.fh1] Addr=744A Value=00
ROM[roms/astdelux/036432-02.fh1] Addr=744B Value=76
ROM[roms/astdelux/036432-02.fh1] Addr=744C Value=56
ROM[roms/astdelux/036432-02.fh1] Addr=744D Value=2A
ROM[roms/astdelux/036432-02.fh1] Addr=744E Value=26
ROM[roms/astdelux/036432-02.fh1] Addr=744F Value=B0
ROM[roms/astdelux/036432-02.fh1] Addr=7450 Value=40
ROM[roms/astdelux/036432-02.fh1] Addr=7451 Value=BE
ROM[roms/astdelux/036432-02.fh1] Addr=7452 Value=42
ROM[roms/astdelux/036432-02.fh1] Addr=7453 Value=A6
ROM[roms/astdelux/036432-02.fh1] Addr=7454 Value=64
ROM[roms/astdelux/036432-02.fh1] Addr=7455 Value=C1
ROM[roms/astdelux/036432-02.fh1] Addr=7456 Value=5C
ROM[roms/astdelux/036432-02.fh1] Addr=7457 Value=48
ROM[roms/astdelux/036432-02.fh1] Addr=7458 Value=52
ROM[roms/astdelux/036432-02.fh1] Addr=7459 Value=BE
ROM[roms/astdelux/036432-02.fh1] Addr=745A Value=0A
ROM[roms/astdelux/036432-02.fh1] Addr=745B Value=0A
ROM[roms/astdelux/036432-02.fh1] Addr=745C Value=64
ROM[roms/astdelux/036432-02.fh1] Addr=745D Value=C5
ROM[roms/astdelux/036432-02.fh1] Addr=745E Value=92
ROM[roms/astdelux/036432-02.fh1] Addr=745F Value=0C
ROM[roms/astdelux/036432-02.fh1] Addr=7460 Value=26
ROM[roms/astdelux/036432-02.fh1] Addr=7461 Value=B8
ROM[roms/astdelux/036432-02.fh1] Addr=7462 Value=50
ROM[roms/astdelux/036432-02.fh1] Addr=7463 Value=6A
ROM[roms/astdelux/036432-02.fh1] Addr=7464 Value=7C
ROM[roms/astdelux/036432-02.fh1] Addr=7465 Value=0C
ROM[roms/astdelux/036432-02.fh1] Addr=7466 Value=52
ROM[roms/astdelux/036432-02.fh1] Addr=7467 Value=74
ROM[roms/astdelux/036432-02.fh1] Addr=7468 Value=EC
ROM[roms/astdelux/036432-02.fh1] Addr=7469 Value=4D
ROM[roms/astdelux/036432-02.fh1] Addr=746A Value=C0
ROM[roms/astdelux/036432-02.fh1] Addr=746B Value=A4
ROM[roms/astdelux/036432-02.fh1] Addr=746C Value=EC
ROM[roms/astdelux/036432-02.fh1] Addr=746D Value=0A
ROM[roms/astdelux/036432-02.fh1] Addr=746E Value=8A
ROM[roms/astdelux/036432-02.fh1] Addr=746F Value=D4
ROM[roms/astdelux/036432-02.fh1] Addr=7470 Value=EC
ROM[roms/astdelux/036432-02.fh1] Addr=7471 Value=0A
ROM[roms/astdelux/036432-02.fh1] Addr=7472 Value=64
ROM[roms/astdelux/036432-02.fh1] Addr=7473 Value=C5
ROM[roms/astdelux/036432-02.fh1] Addr=7474 Value=92
ROM[roms/astdelux/036432-02.fh1] Addr=7475 Value=0D
ROM[roms/astdelux/036432-02.fh1] Addr=7476 Value=F2
ROM[roms/astdelux/036432-02.fh1] Addr=7477 Value=B8
ROM[roms/astdelux/036432-02.fh1] Addr=7478 Value=5A
ROM[roms/astdelux/036432-02.fh1] Addr=7479 Value=93
ROM[roms/astdelux/036432-02.fh1] Addr=747A Value=4E
ROM[roms/astdelux/036432-02.fh1] Addr=747B Value=69
ROM[roms/astdelux/036432-02.fh1] Addr=747C Value=60
ROM[roms/astdelux/036432-02.fh1] Addr=747D Value=4D
ROM[roms/astdelux/036432-02.fh1] Addr=747E Value=C0
ROM[roms/astdelux/036432-02.fh1] Addr=747F Value=9D
ROM[roms/astdelux/036432-02.fh1] Addr=7480 Value=2C
ROM[roms/astdelux/036432-02.fh1] Addr=7481 Value=6C
ROM[roms/astdelux/036432-02.fh1] Addr=7482 Value=4A
ROM[roms/astdelux/036432-02.fh1] Addr=7483 Value=0D
ROM[roms/astdelux/036432-02.fh1] Addr=7484 Value=A6
ROM[roms/astdelux/036432-02.fh1] Addr=7485 Value=C1
ROM[roms/astdelux/036432-02.fh1] Addr=7486 Value=70
ROM[roms/astdelux/036432-02.fh1] Addr=7487 Value=48
ROM[roms/astdelux/036432-02.fh1] Addr=7488 Value=68
ROM[roms/astdelux/036432-02.fh1] Addr=7489 Value=2D
ROM[roms/astdelux/036432-02.fh1] Addr=748A Value=8A
ROM[roms/astdelux/036432-02.fh1] Addr=748B Value=0D
ROM[roms/astdelux/036432-02.fh1] Addr=748C Value=D2
ROM[roms/astdelux/036432-02.fh1] Addr=748D Value=82
ROM[roms/astdelux/036432-02.fh1] Addr=748E Value=4E
ROM[roms/astdelux/036432-02.fh1] Addr=748F Value=3B
ROM[roms/astdelux/036432-02.fh1] Addr=7490 Value=66
ROM[roms/astdelux/036432-02.fh1] Addr=7491 Value=91
ROM[roms/astdelux/036432-02.fh1] Addr=7492 Value=6C
ROM[roms/astdelux/036432-02.fh1] Addr=7493 Value=0C
ROM[roms/astdelux/036432-02.fh1] Addr=7494 Value=0A
ROM[roms/astdelux/036432-02.fh1] Addr=7495 Value=0C
ROM[roms/astdelux/036432-02.fh1] Addr=7496 Value=12
ROM[roms/astdelux/036432-02.fh1] Addr=7497 Value=C5
ROM[roms/astdelux/036432-02.fh1] Addr=7498 Value=8B
ROM[roms/astdelux/036432-02.fh1] Addr=7499 Value=9D
ROM[roms/astdelux/036432-02.fh1] Addr=749A Value=2C
ROM[roms/astdelux/036432-02.fh1] Addr=749B Value=6C
ROM[roms/astdelux/036432-02.fh1] Addr=749C Value=4A
ROM[roms/astdelux/036432-02.fh1] Addr=749D Value=0D
ROM[roms/astdelux/036432-02.fh1] Addr=749E Value=D8
ROM[roms/astdelux/036432-02.fh1] Addr=749F Value=6A
ROM[roms/astdelux/036432-02.fh1] Addr=74A0 Value=60
ROM[roms/astdelux/036432-02.fh1] Addr=74A1 Value=40
ROM[roms/astdelux/036432-02.fh1] Addr=74A2 Value=00
ROM[roms/astdelux/036432-02.fh1] Addr=74A3 Value=A6
ROM[roms/astdelux/036432-02.fh1] Addr=74A4 Value=60
ROM[roms/astdelux/036432-02.fh1] Addr=74A5 Value=B9
ROM[roms/astdelux/036432-02.fh1] Addr=74A6 Value=6C
ROM[roms/astdelux/036432-02.fh1] Addr=74A7 Value=0D
ROM[roms/astdelux/036432-02.fh1] Addr=74A8 Value=F0
ROM[roms/astdelux/036432-02.fh1] Addr=74A9 Value=2D
ROM[roms/astdelux/036432-02.fh1] Addr=74AA Value=B1
ROM[roms/astdelux/036432-02.fh1] Addr=74AB Value=76
ROM[roms/astdelux/036432-02.fh1] Addr=74AC Value=52
ROM[roms/astdelux/036432-02.fh1] Addr=74AD Value=5C
ROM[roms/astdelux/036432-02.fh1] Addr=74AE Value=C2
ROM[roms/astdelux/036432-02.fh1] Addr=74AF Value=C2
ROM[roms/astdelux/036432-02.fh1] Addr=74B0 Value=6C
ROM[roms/astdelux/036432-02.fh1] Addr=74B1 Value=8B
ROM[roms/astdelux/036432-02.fh1] Addr=74B2 Value=64
ROM[roms/astdelux/036432-02.fh1] Addr=74B3 Value=2A
ROM[roms/astdelux/036432-02.fh1] Addr=74B4 Value=27
ROM[roms/astdelux/036432-02.fh1] Addr=74B5 Value=18
ROM[roms/astdelux/036432-02.fh1] Addr=74B6 Value=54
ROM[roms/astdelux/036432-02.fh1] Addr=74B7 Value=69
ROM[roms/astdelux/036432-02.fh1] Addr=74B8 Value=D8
ROM[roms/astdelux/036432-02.fh1] Addr=74B9 Value=28
ROM[roms/astdelux/036432-02.fh1] Addr=74BA Value=48
ROM[roms/astdelux/036432-02.fh1] Addr=74BB Value=0B
ROM[roms/astdelux/036432-02.fh1] Addr=74BC Value=B2
ROM[roms/astdelux/036432-02.fh1] Addr=74BD Value=4A
ROM[roms/astdelux/036432-02.fh1] Addr=74BE Value=E6
ROM[roms/astdelux/036432-02.fh1] Addr=74BF Value=B8
ROM[roms/astdelux/036432-02.fh1] Addr=74C0 Value=00
ROM[roms/astdelux/036432-02.fh1] Addr=74C1 Value=18
ROM[roms/astdelux/036432-02.fh1] Addr=74C2 Value=54
ROM[roms/astdelux/036432-02.fh1] Addr=74C3 Value=69
ROM[roms/astdelux/036432-02.fh1] Addr=74C4 Value=D8
ROM[roms/astdelux/036432-02.fh1] Addr=74C5 Value=28
ROM[roms/astdelux/036432-02.fh1] Addr=74C6 Value=46
ROM[roms/astdelux/036432-02.fh1] Addr=74C7 Value=0B
ROM[roms/astdelux/036432-02.fh1] Addr=74C8 Value=B2
ROM[roms/astdelux/036432-02.fh1] Addr=74C9 Value=4A
ROM[roms/astdelux/036432-02.fh1] Addr=74CA Value=E7
ROM[roms/astdelux/036432-02.fh1] Addr=74CB Value=20
ROM[roms/astdelux/036432-02.fh1] Addr=74CC Value=54
ROM[roms/astdelux/036432-02.fh1] Addr=74CD Value=69
ROM[roms/astdelux/036432-02.fh1] Addr=74CE Value=D8
ROM[roms/astdelux/036432-02.fh1] Addr=74CF Value=2D
ROM[roms/astdelux/036432-02.fh1] Addr=74D0 Value=C2
ROM[roms/astdelux/036432-02.fh1] Addr=74D1 Value=18
ROM[roms/astdelux/036432-02.fh1] Addr=74D2 Value=5C
ROM[roms/astdelux/036432-02.fh1] Addr=74D3 Value=CA
ROM[roms/astdelux/036432-02.fh1] Addr=74D4 Value=56
ROM[roms/astdelux/036432-02.fh1] Addr=74D5 Value=98
ROM[roms/astdelux/036432-02.fh1] Addr=74D6 Value=00
ROM[roms/astdelux/036432-02.fh1] Addr=74D7 Value=3D
ROM[roms/astdelux/036432-02.fh1] Addr=74D8 Value=92
ROM[roms/astdelux/036432-02.fh1] Addr=74D9 Value=43
ROM[roms/astdelux/036432-02.fh1] Addr=74DA Value=70
ROM[roms/astdelux/036432-02.fh1] Addr=74DB Value=9D
ROM[roms/astdelux/036432-02.fh1] Addr=74DC Value=C3
ROM[roms/astdelux/036432-02.fh1] Addr=74DD Value=20
ROM[roms/astdelux/036432-02.fh1] Addr=74DE Value=5C
ROM[roms/astdelux/036432-02.fh1] Addr=74DF Value=CA
ROM[roms/astdelux/036432-02.fh1] Addr=74E0 Value=56
ROM[roms/astdelux/036432-02.fh1] Addr=74E1 Value=2D
ROM[roms/astdelux/036432-02.fh1] Addr=74E2 Value=C2
ROM[roms/astdelux/036432-02.fh1] Addr=74E3 Value=8B
ROM[roms/astdelux/036432-02.fh1] Addr=74E4 Value=64
ROM[roms/astdelux/036432-02.fh1] Addr=74E5 Value=6C
ROM[roms/astdelux/036432-02.fh1] Addr=74E6 Value=67
ROM[roms/astdelux/036432-02.fh1] Addr=74E7 Value=24
ROM[roms/astdelux/036432-02.fh1] Addr=74E8 Value=73
ROM[roms/astdelux/036432-02.fh1] Addr=74E9 Value=10
ROM[roms/astdelux/036432-02.fh1] Addr=74EA Value=29
ROM[roms/astdelux/036432-02.fh1] Addr=74EB Value=8A
ROM[roms/astdelux/036432-02.fh1] Addr=74EC Value=F0
ROM[roms/astdelux/036432-02.fh1] Addr=74ED Value=07
ROM[roms/astdelux/036432-02.fh1] Addr=74EE Value=C0
ROM[roms/astdelux/036432-02.fh1] Addr=74EF Value=19
ROM[roms/astdelux/036432-02.fh1] Addr=74F0 Value=D0
ROM[roms/astdelux/036432-02.fh1] Addr=74F1 Value=22
ROM[roms/astdelux/036432-02.fh1] Addr=74F2 Value=69
ROM[roms/astdelux/036432-02.fh1] Addr=74F3 Value=18
ROM[roms/astdelux/036432-02.fh1] Addr=74F4 Value=A8
ROM[roms/astdelux/036432-02.fh1] Addr=74F5 Value=B9
ROM[roms/astdelux/036432-02.fh1] Addr=74F6 Value=00
ROM[roms/astdelux/036432-02.fh1] Addr=74F7 Value=02
ROM[roms/astdelux/036432-02.fh1] Addr=74F8 Value=C0
ROM[roms/astdelux/036432-02.fh1] Addr=74F9 Value=1A
ROM[roms/astdelux/036432-02.fh1] Addr=74FA Value=F0
ROM[roms/astdelux/036432-02.fh1] Addr=74FB Value=1A
ROM[roms/astdelux/036432-02.fh1] Addr=74FC Value=90
ROM[roms/astdelux/036432-02.fh1] Addr=74FD Value=2A
ROM[roms/astdelux/036432-02.fh1] Addr=74FE Value=A9
ROM[roms/astdelux/036432-02.fh1] Addr=74FF Value=00
ROM[roms/astdelux/036432-02.fh1] Addr=7500 Value=99
ROM[roms/astdelux/036432-02.fh1] Addr=7501 Value=00
ROM[roms/astdelux/036432-02.fh1] Addr=7502 Value=02
ROM[roms/astdelux/036432-02.fh1] Addr=7503 Value=A2
ROM[roms/astdelux/036432-02.fh1] Addr=7504 Value=E1
ROM[roms/astdelux/036432-02.fh1] Addr=7505 Value=68
ROM[roms/astdelux/036432-02.fh1] Addr=7506 Value=68
ROM[roms/astdelux/036432-02.fh1] Addr=7507 Value=8A
ROM[roms/astdelux/036432-02.fh1] Addr=7508 Value=6D
ROM[roms/astdelux/036432-02.fh1] Addr=7509 Value=EF
ROM[roms/astdelux/036432-02.fh1] Addr=750A Value=02
ROM[roms/astdelux/036432-02.fh1] Addr=750B Value=B0
ROM[roms/astdelux/036432-02.fh1] Addr=750C Value=04
ROM[roms/astdelux/036432-02.fh1] Addr=750D Value=A9
ROM[roms/astdelux/036432-02.fh1] Addr=750E Value=00
ROM[roms/astdelux/036432-02.fh1] Addr=750F Value=85
ROM[roms/astdelux/036432-02.fh1] Addr=7510 Value=73
ROM[roms/astdelux/036432-02.fh1] Addr=7511 Value=8D
ROM[roms/astdelux/036432-02.fh1] Addr=7512 Value=EF
ROM[roms/astdelux/036432-02.fh1] Addr=7513 Value=02
ROM[roms/astdelux/036432-02.fh1] Addr=7514 Value=18
ROM[roms/astdelux/036432-02.fh1] Addr=7515 Value=60
ROM[roms/astdelux/036432-02.fh1] Addr=7516 Value=A2
ROM[roms/astdelux/036432-02.fh1] Addr=7517 Value=80
ROM[roms/astdelux/036432-02.fh1] Addr=7518 Value=EC
ROM[roms/astdelux/036432-02.fh1] Addr=7519 Value=EF
ROM[roms/astdelux/036432-02.fh1] Addr=751A Value=02
ROM[roms/astdelux/036432-02.fh1] Addr=751B Value=90
ROM[roms/astdelux/036432-02.fh1] Addr=751C Value=06
ROM[roms/astdelux/036432-02.fh1] Addr=751D Value=A2
ROM[roms/astdelux/036432-02.fh1] Addr=751E Value=00
ROM[roms/astdelux/036432-02.fh1] Addr=751F Value=A0
ROM[roms/astdelux/036432-02.fh1] Addr=7520 Value=1A
ROM[roms/astdelux/036432-02.fh1] Addr=7521 Value=18
ROM[roms/astdelux/036432-02.fh1] Addr=7522 Value=60
ROM[roms/astdelux/036432-02.fh1] Addr=7523 Value=20
ROM[roms/astdelux/036432-02.fh1] Addr=7524 Value=07
ROM[roms/astdelux/036432-02.fh1] Addr=7525 Value=75
ROM[roms/astdelux/036432-02.fh1] Addr=7526 Value=38
ROM[roms/astdelux/036432-02.fh1] Addr=7527 Value=60
ROM[roms/astdelux/036432-02.fh1] Addr=7528 Value=A2
ROM[roms/astdelux/036432-02.fh1] Addr=7529 Value=F8
ROM[roms/astdelux/036432-02.fh1] Addr=752A Value=38
ROM[roms/astdelux/036432-02.fh1] Addr=752B Value=66
ROM[roms/astdelux/036432-02.fh1] Addr=752C Value=71
ROM[roms/astdelux/036432-02.fh1] Addr=752D Value=C4
ROM[roms/astdelux/036432-02.fh1] Addr=752E Value=72
ROM[roms/astdelux/036432-02.fh1] Addr=752F Value=F0
ROM[roms/astdelux/036432-02.fh1] Addr=7530 Value=D4
ROM[roms/astdelux/036432-02.fh1] Addr=7531 Value=84
ROM[roms/astdelux/036432-02.fh1] Addr=7532 Value=72
ROM[roms/astdelux/036432-02.fh1] Addr=7533 Value=0A
ROM[roms/astdelux/036432-02.fh1] Addr=7534 Value=29
ROM[roms/astdelux/036432-02.fh1] Addr=7535 Value=86
ROM[roms/astdelux/036432-02.fh1] Addr=7536 Value=85
ROM[roms/astdelux/036432-02.fh1] Addr=7537 Value=10
ROM[roms/astdelux/036432-02.fh1] Addr=7538 Value=30
ROM[roms/astdelux/036432-02.fh1] Addr=7539 Value=1A
ROM[roms/astdelux/036432-02.fh1] Addr=753A Value=F0
ROM[roms/astdelux/036432-02.fh1] Addr=753B Value=18
ROM[roms/astdelux/036432-02.fh1] Addr=753C Value=B9
ROM[roms/astdelux/036432-02.fh1] Addr=753D Value=21
ROM[roms/astdelux/036432-02.fh1] Addr=753E Value=02
ROM[roms/astdelux/036432-02.fh1] Addr=753F Value=C9
ROM[roms/astdelux/036432-02.fh1] Addr=7540 Value=80
ROM[roms/astdelux/036432-02.fh1] Addr=7541 Value=6A
ROM[roms/astdelux/036432-02.fh1] Addr=7542 Value=20
ROM[roms/astdelux/036432-02.fh1] Addr=7543 Value=62
ROM[roms/astdelux/036432-02.fh1] Addr=7544 Value=6A
ROM[roms/astdelux/036432-02.fh1] Addr=7545 Value=99
ROM[roms/astdelux/036432-02.fh1] Addr=7546 Value=21
ROM[roms/astdelux/036432-02.fh1] Addr=7547 Value=02
ROM[roms/astdelux/036432-02.fh1] Addr=7548 Value=B9
ROM[roms/astdelux/036432-02.fh1] Addr=7549 Value=42
ROM[roms/astdelux/036432-02.fh1] Addr=754A Value=02
ROM[roms/astdelux/036432-02.fh1] Addr=754B Value=C9
ROM[roms/astdelux/036432-02.fh1] Addr=754C Value=80
ROM[roms/astdelux/036432-02.fh1] Addr=754D Value=6A
ROM[roms/astdelux/036432-02.fh1] Addr=754E Value=20
ROM[roms/astdelux/036432-02.fh1] Addr=754F Value=62
ROM[roms/astdelux/036432-02.fh1] Addr=7550 Value=6A
ROM[roms/astdelux/036432-02.fh1] Addr=7551 Value=99
ROM[roms/astdelux/036432-02.fh1] Addr=7552 Value=42
ROM[roms/astdelux/036432-02.fh1] Addr=7553 Value=02
ROM[roms/astdelux/036432-02.fh1] Addr=7554 Value=A2
ROM[roms/astdelux/036432-02.fh1] Addr=7555 Value=00
ROM[roms/astdelux/036432-02.fh1] Addr=7556 Value=20
ROM[roms/astdelux/036432-02.fh1] Addr=7557 Value=67
ROM[roms/astdelux/036432-02.fh1] Addr=7558 Value=75
ROM[roms/astdelux/036432-02.fh1] Addr=7559 Value=A2
ROM[roms/astdelux/036432-02.fh1] Addr=755A Value=21
ROM[roms/astdelux/036432-02.fh1] Addr=755B Value=98
ROM[roms/astdelux/036432-02.fh1] Addr=755C Value=18
ROM[roms/astdelux/036432-02.fh1] Addr=755D Value=69
ROM[roms/astdelux/036432-02.fh1] Addr=755E Value=21
ROM[roms/astdelux/036432-02.fh1] Addr=755F Value=A8
ROM[roms/astdelux/036432-02.fh1] Addr=7560 Value=20
ROM[roms/astdelux/036432-02.fh1] Addr=7561 Value=67
ROM[roms/astdelux/036432-02.fh1] Addr=7562 Value=75
ROM[roms/astdelux/036432-02.fh1] Addr=7563 Value=A2
ROM[roms/astdelux/036432-02.fh1] Addr=7564 Value=B0
ROM[roms/astdelux/036432-02.fh1] Addr=7565 Value=D0
ROM[roms/astdelux/036432-02.fh1] Addr=7566 Value=9E
ROM[roms/astdelux/036432-02.fh1] Addr=7567 Value=86
ROM[roms/astdelux/036432-02.fh1] Addr=7568 Value=11
ROM[roms/astdelux/036432-02.fh1] Addr=7569 Value=B9
ROM[roms/astdelux/036432-02.fh1] Addr=756A Value=21
ROM[roms/astdelux/036432-02.fh1] Addr=756B Value=02
ROM[roms/astdelux/036432-02.fh1] Addr=756C Value=30
ROM[roms/astdelux/036432-02.fh1] Addr=756D Value=13
ROM[roms/astdelux/036432-02.fh1] Addr=756E Value=BD
ROM[roms/astdelux/036432-02.fh1] Addr=756F Value=3A
ROM[roms/astdelux/036432-02.fh1] Addr=7570 Value=02
ROM[roms/astdelux/036432-02.fh1] Addr=7571 Value=30
ROM[roms/astdelux/036432-02.fh1] Addr=7572 Value=18
ROM[roms/astdelux/036432-02.fh1] Addr=7573 Value=20
ROM[roms/astdelux/036432-02.fh1] Addr=7574 Value=B1
ROM[roms/astdelux/036432-02.fh1] Addr=7575 Value=75
ROM[roms/astdelux/036432-02.fh1] Addr=7576 Value=90
ROM[roms/astdelux/036432-02.fh1] Addr=7577 Value=13
ROM[roms/astdelux/036432-02.fh1] Addr=7578 Value=A9
ROM[roms/astdelux/036432-02.fh1] Addr=7579 Value=00
ROM[roms/astdelux/036432-02.fh1] Addr=757A Value=38
ROM[roms/astdelux/036432-02.fh1] Addr=757B Value=F9
ROM[roms/astdelux/036432-02.fh1] Addr=757C Value=21
ROM[roms/astdelux/036432-02.fh1] Addr=757D Value=02
ROM[roms/astdelux/036432-02.fh1] Addr=757E Value=4C
ROM[roms/astdelux/036432-02.fh1] Addr=757F Value=9A
ROM[roms/astdelux/036432-02.fh1] Addr=7580 Value=75
ROM[roms/astdelux/036432-02.fh1] Addr=7581 Value=BD
ROM[roms/astdelux/036432-02.fh1] Addr=7582 Value=3A
ROM[roms/astdelux/036432-02.fh1] Addr=7583 Value=02
ROM[roms/astdelux/036432-02.fh1] Addr=7584 Value=10
ROM[roms/astdelux/036432-02.fh1] Addr=7585 Value=05
ROM[roms/astdelux/036432-02.fh1] Addr=7586 Value=20
ROM[roms/astdelux/036432-02.fh1] Addr=7587 Value=B1
ROM[roms/astdelux/036432-02.fh1] Addr=7588 Value=75
ROM[roms/astdelux/036432-02.fh1] Addr=7589 Value=90
ROM[roms/astdelux/036432-02.fh1] Addr=758A Value=ED
ROM[roms/astdelux/036432-02.fh1] Addr=758B Value=B9
ROM[roms/astdelux/036432-02.fh1] Addr=758C Value=21
ROM[roms/astdelux/036432-02.fh1] Addr=758D Value=02
ROM[roms/astdelux/036432-02.fh1] Addr=758E Value=24
ROM[roms/astdelux/036432-02.fh1] Addr=758F Value=10
ROM[roms/astdelux/036432-02.fh1] Addr=7590 Value=10
ROM[roms/astdelux/036432-02.fh1] Addr=7591 Value=07
ROM[roms/astdelux/036432-02.fh1] Addr=7592 Value=C9
ROM[roms/astdelux/036432-02.fh1] Addr=7593 Value=80
ROM[roms/astdelux/036432-02.fh1] Addr=7594 Value=6A
ROM[roms/astdelux/036432-02.fh1] Addr=7595 Value=79
ROM[roms/astdelux/036432-02.fh1] Addr=7596 Value=21
ROM[roms/astdelux/036432-02.fh1] Addr=7597 Value=02
ROM[roms/astdelux/036432-02.fh1] Addr=7598 Value=4A
ROM[roms/astdelux/036432-02.fh1] Addr=7599 Value=2A
ROM[roms/astdelux/036432-02.fh1] Addr=759A Value=20
ROM[roms/astdelux/036432-02.fh1] Addr=759B Value=EA
ROM[roms/astdelux/036432-02.fh1] Addr=759C Value=68
ROM[roms/astdelux/036432-02.fh1] Addr=759D Value=10
ROM[roms/astdelux/036432-02.fh1] Addr=759E Value=06
ROM[roms/astdelux/036432-02.fh1] Addr=759F Value=C9
ROM[roms/astdelux/036432-02.fh1] Addr=75A0 Value=FB
ROM[roms/astdelux/036432-02.fh1] Addr=75A1 Value=90
ROM[roms/astdelux/036432-02.fh1] Addr=75A2 Value=08
ROM[roms/astdelux/036432-02.fh1] Addr=75A3 Value=A9
ROM[roms/astdelux/036432-02.fh1] Addr=75A4 Value=FA
ROM[roms/astdelux/036432-02.fh1] Addr=75A5 Value=C9
ROM[roms/astdelux/036432-02.fh1] Addr=75A6 Value=06
ROM[roms/astdelux/036432-02.fh1] Addr=75A7 Value=B0
ROM[roms/astdelux/036432-02.fh1] Addr=75A8 Value=02
ROM[roms/astdelux/036432-02.fh1] Addr=75A9 Value=A9
ROM[roms/astdelux/036432-02.fh1] Addr=75AA Value=06
ROM[roms/astdelux/036432-02.fh1] Addr=75AB Value=A6
ROM[roms/astdelux/036432-02.fh1] Addr=75AC Value=11
ROM[roms/astdelux/036432-02.fh1] Addr=75AD Value=9D
ROM[roms/astdelux/036432-02.fh1] Addr=75AE Value=3A
ROM[roms/astdelux/036432-02.fh1] Addr=75AF Value=02
ROM[roms/astdelux/036432-02.fh1] Addr=75B0 Value=60
ROM[roms/astdelux/036432-02.fh1] Addr=75B1 Value=B9
ROM[roms/astdelux/036432-02.fh1] Addr=75B2 Value=A5
ROM[roms/astdelux/036432-02.fh1] Addr=75B3 Value=02
ROM[roms/astdelux/036432-02.fh1] Addr=75B4 Value=DD
ROM[roms/astdelux/036432-02.fh1] Addr=75B5 Value=BE
ROM[roms/astdelux/036432-02.fh1] Addr=75B6 Value=02
ROM[roms/astdelux/036432-02.fh1] Addr=75B7 Value=B9
ROM[roms/astdelux/036432-02.fh1] Addr=75B8 Value=63
ROM[roms/astdelux/036432-02.fh1] Addr=75B9 Value=02
ROM[roms/astdelux/036432-02.fh1] Addr=75BA Value=FD
ROM[roms/astdelux/036432-02.fh1] Addr=75BB Value=7C
ROM[roms/astdelux/036432-02.fh1] Addr=75BC Value=02
ROM[roms/astdelux/036432-02.fh1] Addr=75BD Value=60
ROM[roms/astdelux/036432-02.fh1] Addr=75BE Value=1F
ROM[roms/astdelux/036432-02.fh1] Addr=75BF Value=C4
ROM[roms/astdelux/036432-02.fh1] Addr=75C0 Value=09
ROM[roms/astdelux/036432-02.fh1] Addr=75C1 Value=70
ROM[roms/astdelux/036432-02.fh1] Addr=75C2 Value=2D
ROM[roms/astdelux/036432-02.fh1] Addr=75C3 Value=9A
ROM[roms/astdelux/036432-02.fh1] Addr=75C4 Value=0B
ROM[roms/astdelux/036432-02.fh1] Addr=75C5 Value=64
ROM[roms/astdelux/036432-02.fh1] Addr=75C6 Value=38
ROM[roms/astdelux/036432-02.fh1] Addr=75C7 Value=00
ROM[roms/astdelux/036432-02.fh1] Addr=75C8 Value=00
ROM[roms/astdelux/036432-02.fh1] Addr=75C9 Value=00
ROM[roms/astdelux/036432-02.fh1] Addr=75CA Value=00
ROM[roms/astdelux/036432-02.fh1] Addr=75CB Value=00
ROM[roms/astdelux/036432-02.fh1] Addr=75CC Value=00
ROM[roms/astdelux/036432-02.fh1] Addr=75CD Value=00
ROM[roms/astdelux/036432-02.fh1] Addr=75CE Value=01
ROM[roms/astdelux/036432-02.fh1] Addr=75CF Value=08
ROM[roms/astdelux/036432-02.fh1] Addr=75D0 Value=00
ROM[roms/astdelux/036432-02.fh1] Addr=75D1 Value=00
ROM[roms/astdelux/036432-02.fh1] Addr=75D2 Value=00
ROM[roms/astdelux/036432-02.fh1] Addr=75D3 Value=00
ROM[roms/astdelux/036432-02.fh1] Addr=75D4 Value=00
ROM[roms/astdelux/036432-02.fh1] Addr=75D5 Value=00
ROM[roms/astdelux/036432-02.fh1] Addr=75D6 Value=0F
ROM[roms/astdelux/036432-02.fh1] Addr=75D7 Value=08
ROM[roms/astdelux/036432-02.fh1] Addr=75D8 Value=00
ROM[roms/astdelux/036432-02.fh1] Addr=75D9 Value=00
ROM[roms/astdelux/036432-02.fh1] Addr=75DA Value=00
ROM[roms/astdelux/036432-02.fh1] Addr=75DB Value=00
ROM[roms/astdelux/036432-02.fh1] Addr=75DC Value=16
ROM[roms/astdelux/036432-02.fh1] Addr=75DD Value=21
ROM[roms/astdelux/036432-02.fh1] Addr=75DE Value=00
ROM[roms/astdelux/036432-02.fh1] Addr=75DF Value=00
ROM[roms/astdelux/036432-02.fh1] Addr=75E0 Value=00
ROM[roms/astdelux/036432-02.fh1] Addr=75E1 Value=00
ROM[roms/astdelux/036432-02.fh1] Addr=75E2 Value=2F
ROM[roms/astdelux/036432-02.fh1] Addr=75E3 Value=36
ROM[roms/astdelux/036432-02.fh1] Addr=75E4 Value=00
ROM[roms/astdelux/036432-02.fh1] Addr=75E5 Value=00
ROM[roms/astdelux/036432-02.fh1] Addr=75E6 Value=00
ROM[roms/astdelux/036432-02.fh1] Addr=75E7 Value=00
ROM[roms/astdelux/036432-02.fh1] Addr=75E8 Value=3D
ROM[roms/astdelux/036432-02.fh1] Addr=75E9 Value=44
ROM[roms/astdelux/036432-02.fh1] Addr=75EA Value=00
ROM[roms/astdelux/036432-02.fh1] Addr=75EB Value=00
ROM[roms/astdelux/036432-02.fh1] Addr=75EC Value=00
ROM[roms/astdelux/036432-02.fh1] Addr=75ED Value=00
ROM[roms/astdelux/036432-02.fh1] Addr=75EE Value=00
ROM[roms/astdelux/036432-02.fh1] Addr=75EF Value=00
ROM[roms/astdelux/036432-02.fh1] Addr=75F0 Value=00
ROM[roms/astdelux/036432-02.fh1] Addr=75F1 Value=00
ROM[roms/astdelux/036432-02.fh1] Addr=75F2 Value=00
ROM[roms/astdelux/036432-02.fh1] Addr=75F3 Value=00
ROM[roms/astdelux/036432-02.fh1] Addr=75F4 Value=00
ROM[roms/astdelux/036432-02.fh1] Addr=75F5 Value=00
ROM[roms/astdelux/036432-02.fh1] Addr=75F6 Value=4B
ROM[roms/astdelux/036432-02.fh1] Addr=75F7 Value=52
ROM[roms/astdelux/036432-02.fh1] Addr=75F8 Value=00
ROM[roms/astdelux/036432-02.fh1] Addr=75F9 Value=00
ROM[roms/astdelux/036432-02.fh1] Addr=75FA Value=00
ROM[roms/astdelux/036432-02.fh1] Addr=75FB Value=00
ROM[roms/astdelux/036432-02.fh1] Addr=75FC Value=28
ROM[roms/astdelux/036432-02.fh1] Addr=75FD Value=21
ROM[roms/astdelux/036432-02.fh1] Addr=75FE Value=00
ROM[roms/astdelux/036432-02.fh1] Addr=75FF Value=00
ROM[roms/astdelux/036432-02.fh1] Addr=7600 Value=00
ROM[roms/astdelux/036432-02.fh1] Addr=7601 Value=00
ROM[roms/astdelux/036432-02.fh1] Addr=7602 Value=5D
ROM[roms/astdelux/036432-02.fh1] Addr=7603 Value=64
ROM[roms/astdelux/036432-02.fh1] Addr=7604 Value=00
ROM[roms/astdelux/036432-02.fh1] Addr=7605 Value=00
ROM[roms/astdelux/036432-02.fh1] Addr=7606 Value=00
ROM[roms/astdelux/036432-02.fh1] Addr=7607 Value=00
ROM[roms/astdelux/036432-02.fh1] Addr=7608 Value=00
ROM[roms/astdelux/036432-02.fh1] Addr=7609 Value=00
ROM[roms/astdelux/036432-02.fh1] Addr=760A Value=00
ROM[roms/astdelux/036432-02.fh1] Addr=760B Value=00
ROM[roms/astdelux/036432-02.fh1] Addr=760C Value=6F
ROM[roms/astdelux/036432-02.fh1] Addr=760D Value=7A
ROM[roms/astdelux/036432-02.fh1] Addr=760E Value=85
ROM[roms/astdelux/036432-02.fh1] Addr=760F Value=7A
ROM[roms/astdelux/036432-02.fh1] Addr=7610 Value=90
ROM[roms/astdelux/036432-02.fh1] Addr=7611 Value=A5
ROM[roms/astdelux/036432-02.fh1] Addr=7612 Value=00
ROM[roms/astdelux/036432-02.fh1] Addr=7613 Value=00
ROM[roms/astdelux/036432-02.fh1] Addr=7614 Value=00
ROM[roms/astdelux/036432-02.fh1] Addr=7615 Value=00
ROM[roms/astdelux/036432-02.fh1] Addr=7616 Value=90
ROM[roms/astdelux/036432-02.fh1] Addr=7617 Value=B6
ROM[roms/astdelux/036432-02.fh1] Addr=7618 Value=D3
ROM[roms/astdelux/036432-02.fh1] Addr=7619 Value=DE
ROM[roms/astdelux/036432-02.fh1] Addr=761A Value=00
ROM[roms/astdelux/036432-02.fh1] Addr=761B Value=00
ROM[roms/astdelux/036432-02.fh1] Addr=761C Value=00
ROM[roms/astdelux/036432-02.fh1] Addr=761D Value=00
ROM[roms/astdelux/036432-02.fh1] Addr=761E Value=00
ROM[roms/astdelux/036432-02.fh1] Addr=761F Value=00
ROM[roms/astdelux/036432-02.fh1] Addr=7620 Value=00
ROM[roms/astdelux/036432-02.fh1] Addr=7621 Value=00
ROM[roms/astdelux/036432-02.fh1] Addr=7622 Value=00
ROM[roms/astdelux/036432-02.fh1] Addr=7623 Value=00
ROM[roms/astdelux/036432-02.fh1] Addr=7624 Value=00
ROM[roms/astdelux/036432-02.fh1] Addr=7625 Value=00
ROM[roms/astdelux/036432-02.fh1] Addr=7626 Value=C1
ROM[roms/astdelux/036432-02.fh1] Addr=7627 Value=CC
ROM[roms/astdelux/036432-02.fh1] Addr=7628 Value=00
ROM[roms/astdelux/036432-02.fh1] Addr=7629 Value=01
ROM[roms/astdelux/036432-02.fh1] Addr=762A Value=04
ROM[roms/astdelux/036432-02.fh1] Addr=762B Value=E0
ROM[roms/astdelux/036432-02.fh1] Addr=762C Value=03
ROM[roms/astdelux/036432-02.fh1] Addr=762D Value=05
ROM[roms/astdelux/036432-02.fh1] Addr=762E Value=00
ROM[roms/astdelux/036432-02.fh1] Addr=762F Value=00
ROM[roms/astdelux/036432-02.fh1] Addr=7630 Value=01
ROM[roms/astdelux/036432-02.fh1] Addr=7631 Value=04
ROM[roms/astdelux/036432-02.fh1] Addr=7632 Value=A8
ROM[roms/astdelux/036432-02.fh1] Addr=7633 Value=FF
ROM[roms/astdelux/036432-02.fh1] Addr=7634 Value=05
ROM[roms/astdelux/036432-02.fh1] Addr=7635 Value=00
ROM[roms/astdelux/036432-02.fh1] Addr=7636 Value=00
ROM[roms/astdelux/036432-02.fh1] Addr=7637 Value=01
ROM[roms/astdelux/036432-02.fh1] Addr=7638 Value=04
ROM[roms/astdelux/036432-02.fh1] Addr=7639 Value=D0
ROM[roms/astdelux/036432-02.fh1] Addr=763A Value=03
ROM[roms/astdelux/036432-02.fh1] Addr=763B Value=05
ROM[roms/astdelux/036432-02.fh1] Addr=763C Value=00
ROM[roms/astdelux/036432-02.fh1] Addr=763D Value=00
ROM[roms/astdelux/036432-02.fh1] Addr=763E Value=7F
ROM[roms/astdelux/036432-02.fh1] Addr=763F Value=01
ROM[roms/astdelux/036432-02.fh1] Addr=7640 Value=04
ROM[roms/astdelux/036432-02.fh1] Addr=7641 Value=01
ROM[roms/astdelux/036432-02.fh1] Addr=7642 Value=10
ROM[roms/astdelux/036432-02.fh1] Addr=7643 Value=01
ROM[roms/astdelux/036432-02.fh1] Addr=7644 Value=14
ROM[roms/astdelux/036432-02.fh1] Addr=7645 Value=FF
ROM[roms/astdelux/036432-02.fh1] Addr=7646 Value=10
ROM[roms/astdelux/036432-02.fh1] Addr=7647 Value=00
ROM[roms/astdelux/036432-02.fh1] Addr=7648 Value=00
ROM[roms/astdelux/036432-02.fh1] Addr=7649 Value=7F
ROM[roms/astdelux/036432-02.fh1] Addr=764A Value=20
ROM[roms/astdelux/036432-02.fh1] Addr=764B Value=A2
ROM[roms/astdelux/036432-02.fh1] Addr=764C Value=00
ROM[roms/astdelux/036432-02.fh1] Addr=764D Value=01
ROM[roms/astdelux/036432-02.fh1] Addr=764E Value=00
ROM[roms/astdelux/036432-02.fh1] Addr=764F Value=00
ROM[roms/astdelux/036432-02.fh1] Addr=7650 Value=7F
ROM[roms/astdelux/036432-02.fh1] Addr=7651 Value=01
ROM[roms/astdelux/036432-02.fh1] Addr=7652 Value=10
ROM[roms/astdelux/036432-02.fh1] Addr=7653 Value=01
ROM[roms/astdelux/036432-02.fh1] Addr=7654 Value=20
ROM[roms/astdelux/036432-02.fh1] Addr=7655 Value=00
ROM[roms/astdelux/036432-02.fh1] Addr=7656 Value=00
ROM[roms/astdelux/036432-02.fh1] Addr=7657 Value=01
ROM[roms/astdelux/036432-02.fh1] Addr=7658 Value=02
ROM[roms/astdelux/036432-02.fh1] Addr=7659 Value=0C
ROM[roms/astdelux/036432-02.fh1] Addr=765A Value=01
ROM[roms/astdelux/036432-02.fh1] Addr=765B Value=18
ROM[roms/astdelux/036432-02.fh1] Addr=765C Value=00
ROM[roms/astdelux/036432-02.fh1] Addr=765D Value=00
ROM[roms/astdelux/036432-02.fh1] Addr=765E Value=01
ROM[roms/astdelux/036432-02.fh1] Addr=765F Value=10
ROM[roms/astdelux/036432-02.fh1] Addr=7660 Value=A4
ROM[roms/astdelux/036432-02.fh1] Addr=7661 Value=FF
ROM[roms/astdelux/036432-02.fh1] Addr=7662 Value=03
ROM[roms/astdelux/036432-02.fh1] Addr=7663 Value=00
ROM[roms/astdelux/036432-02.fh1] Addr=7664 Value=00
ROM[roms/astdelux/036432-02.fh1] Addr=7665 Value=01
ROM[roms/astdelux/036432-02.fh1] Addr=7666 Value=01
ROM[roms/astdelux/036432-02.fh1] Addr=7667 Value=04
ROM[roms/astdelux/036432-02.fh1] Addr=7668 Value=01
ROM[roms/astdelux/036432-02.fh1] Addr=7669 Value=40
ROM[roms/astdelux/036432-02.fh1] Addr=766A Value=00
ROM[roms/astdelux/036432-02.fh1] Addr=766B Value=00
ROM[roms/astdelux/036432-02.fh1] Addr=766C Value=01
ROM[roms/astdelux/036432-02.fh1] Addr=766D Value=10
ROM[roms/astdelux/036432-02.fh1] Addr=766E Value=A4
ROM[roms/astdelux/036432-02.fh1] Addr=766F Value=FF
ROM[roms/astdelux/036432-02.fh1] Addr=7670 Value=04
ROM[roms/astdelux/036432-02.fh1] Addr=7671 Value=00
ROM[roms/astdelux/036432-02.fh1] Addr=7672 Value=00
ROM[roms/astdelux/036432-02.fh1] Addr=7673 Value=01
ROM[roms/astdelux/036432-02.fh1] Addr=7674 Value=F0
ROM[roms/astdelux/036432-02.fh1] Addr=7675 Value=06
ROM[roms/astdelux/036432-02.fh1] Addr=7676 Value=00
ROM[roms/astdelux/036432-02.fh1] Addr=7677 Value=02
ROM[roms/astdelux/036432-02.fh1] Addr=7678 Value=00
ROM[roms/astdelux/036432-02.fh1] Addr=7679 Value=00
ROM[roms/astdelux/036432-02.fh1] Addr=767A Value=0F
ROM[roms/astdelux/036432-02.fh1] Addr=767B Value=10
ROM[roms/astdelux/036432-02.fh1] Addr=767C Value=A8
ROM[roms/astdelux/036432-02.fh1] Addr=767D Value=00
ROM[roms/astdelux/036432-02.fh1] Addr=767E Value=01
ROM[roms/astdelux/036432-02.fh1] Addr=767F Value=10
ROM[roms/astdelux/036432-02.fh1] Addr=7680 Value=A0
ROM[roms/astdelux/036432-02.fh1] Addr=7681 Value=00
ROM[roms/astdelux/036432-02.fh1] Addr=7682 Value=01
ROM[roms/astdelux/036432-02.fh1] Addr=7683 Value=00
ROM[roms/astdelux/036432-02.fh1] Addr=7684 Value=00
ROM[roms/astdelux/036432-02.fh1] Addr=7685 Value=01
ROM[roms/astdelux/036432-02.fh1] Addr=7686 Value=02
ROM[roms/astdelux/036432-02.fh1] Addr=7687 Value=50
ROM[roms/astdelux/036432-02.fh1] Addr=7688 Value=01
ROM[roms/astdelux/036432-02.fh1] Addr=7689 Value=70
ROM[roms/astdelux/036432-02.fh1] Addr=768A Value=00
ROM[roms/astdelux/036432-02.fh1] Addr=768B Value=00
ROM[roms/astdelux/036432-02.fh1] Addr=768C Value=07
ROM[roms/astdelux/036432-02.fh1] Addr=768D Value=10
ROM[roms/astdelux/036432-02.fh1] Addr=768E Value=A8
ROM[roms/astdelux/036432-02.fh1] Addr=768F Value=00
ROM[roms/astdelux/036432-02.fh1] Addr=7690 Value=01
ROM[roms/astdelux/036432-02.fh1] Addr=7691 Value=10
ROM[roms/astdelux/036432-02.fh1] Addr=7692 Value=A0
ROM[roms/astdelux/036432-02.fh1] Addr=7693 Value=00
ROM[roms/astdelux/036432-02.fh1] Addr=7694 Value=01
ROM[roms/astdelux/036432-02.fh1] Addr=7695 Value=00
ROM[roms/astdelux/036432-02.fh1] Addr=7696 Value=00
ROM[roms/astdelux/036432-02.fh1] Addr=7697 Value=0C
ROM[roms/astdelux/036432-02.fh1] Addr=7698 Value=02
ROM[roms/astdelux/036432-02.fh1] Addr=7699 Value=0A
ROM[roms/astdelux/036432-02.fh1] Addr=769A Value=01
ROM[roms/astdelux/036432-02.fh1] Addr=769B Value=03
ROM[roms/astdelux/036432-02.fh1] Addr=769C Value=04
ROM[roms/astdelux/036432-02.fh1] Addr=769D Value=0C
ROM[roms/astdelux/036432-02.fh1] Addr=769E Value=FF
ROM[roms/astdelux/036432-02.fh1] Addr=769F Value=02
ROM[roms/astdelux/036432-02.fh1] Addr=76A0 Value=00
ROM[roms/astdelux/036432-02.fh1] Addr=76A1 Value=00
ROM[roms/astdelux/036432-02.fh1] Addr=76A2 Value=01
ROM[roms/astdelux/036432-02.fh1] Addr=76A3 Value=18
ROM[roms/astdelux/036432-02.fh1] Addr=76A4 Value=A0
ROM[roms/astdelux/036432-02.fh1] Addr=76A5 Value=01
ROM[roms/astdelux/036432-02.fh1] Addr=76A6 Value=05
ROM[roms/astdelux/036432-02.fh1] Addr=76A7 Value=18
ROM[roms/astdelux/036432-02.fh1] Addr=76A8 Value=A5
ROM[roms/astdelux/036432-02.fh1] Addr=76A9 Value=FF
ROM[roms/astdelux/036432-02.fh1] Addr=76AA Value=05
ROM[roms/astdelux/036432-02.fh1] Addr=76AB Value=00
ROM[roms/astdelux/036432-02.fh1] Addr=76AC Value=00
ROM[roms/astdelux/036432-02.fh1] Addr=76AD Value=18
ROM[roms/astdelux/036432-02.fh1] Addr=76AE Value=02
ROM[roms/astdelux/036432-02.fh1] Addr=76AF Value=0A
ROM[roms/astdelux/036432-02.fh1] Addr=76B0 Value=01
ROM[roms/astdelux/036432-02.fh1] Addr=76B1 Value=02
ROM[roms/astdelux/036432-02.fh1] Addr=76B2 Value=02
ROM[roms/astdelux/036432-02.fh1] Addr=76B3 Value=0B
ROM[roms/astdelux/036432-02.fh1] Addr=76B4 Value=00
ROM[roms/astdelux/036432-02.fh1] Addr=76B5 Value=02
ROM[roms/astdelux/036432-02.fh1] Addr=76B6 Value=00
ROM[roms/astdelux/036432-02.fh1] Addr=76B7 Value=00
ROM[roms/astdelux/036432-02.fh1] Addr=76B8 Value=10
ROM[roms/astdelux/036432-02.fh1] Addr=76B9 Value=0C
ROM[roms/astdelux/036432-02.fh1] Addr=76BA Value=21
ROM[roms/astdelux/036432-02.fh1] Addr=76BB Value=00
ROM[roms/astdelux/036432-02.fh1] Addr=76BC Value=01
ROM[roms/astdelux/036432-02.fh1] Addr=76BD Value=0C
ROM[roms/astdelux/036432-02.fh1] Addr=76BE Value=18
ROM[roms/astdelux/036432-02.fh1] Addr=76BF Value=00
ROM[roms/astdelux/036432-02.fh1] Addr=76C0 Value=01
ROM[roms/astdelux/036432-02.fh1] Addr=76C1 Value=00
ROM[roms/astdelux/036432-02.fh1] Addr=76C2 Value=01
ROM[roms/astdelux/036432-02.fh1] Addr=76C3 Value=02
ROM[roms/astdelux/036432-02.fh1] Addr=76C4 Value=20
ROM[roms/astdelux/036432-02.fh1] Addr=76C5 Value=10
ROM[roms/astdelux/036432-02.fh1] Addr=76C6 Value=FF
ROM[roms/astdelux/036432-02.fh1] Addr=76C7 Value=04
ROM[roms/astdelux/036432-02.fh1] Addr=76C8 Value=30
ROM[roms/astdelux/036432-02.fh1] Addr=76C9 Value=02
ROM[roms/astdelux/036432-02.fh1] Addr=76CA Value=30
ROM[roms/astdelux/036432-02.fh1] Addr=76CB Value=00
ROM[roms/astdelux/036432-02.fh1] Addr=76CC Value=00
ROM[roms/astdelux/036432-02.fh1] Addr=76CD Value=01
ROM[roms/astdelux/036432-02.fh1] Addr=76CE Value=30
ROM[roms/astdelux/036432-02.fh1] Addr=76CF Value=21
ROM[roms/astdelux/036432-02.fh1] Addr=76D0 Value=01
ROM[roms/astdelux/036432-02.fh1] Addr=76D1 Value=08
ROM[roms/astdelux/036432-02.fh1] Addr=76D2 Value=00
ROM[roms/astdelux/036432-02.fh1] Addr=76D3 Value=01
ROM[roms/astdelux/036432-02.fh1] Addr=76D4 Value=80
ROM[roms/astdelux/036432-02.fh1] Addr=76D5 Value=84
ROM[roms/astdelux/036432-02.fh1] Addr=76D6 Value=01
ROM[roms/astdelux/036432-02.fh1] Addr=76D7 Value=04
ROM[roms/astdelux/036432-02.fh1] Addr=76D8 Value=30
ROM[roms/astdelux/036432-02.fh1] Addr=76D9 Value=85
ROM[roms/astdelux/036432-02.fh1] Addr=76DA Value=FF
ROM[roms/astdelux/036432-02.fh1] Addr=76DB Value=04
ROM[roms/astdelux/036432-02.fh1] Addr=76DC Value=00
ROM[roms/astdelux/036432-02.fh1] Addr=76DD Value=00
ROM[roms/astdelux/036432-02.fh1] Addr=76DE Value=04
ROM[roms/astdelux/036432-02.fh1] Addr=76DF Value=18
ROM[roms/astdelux/036432-02.fh1] Addr=76E0 Value=A5
ROM[roms/astdelux/036432-02.fh1] Addr=76E1 Value=FF
ROM[roms/astdelux/036432-02.fh1] Addr=76E2 Value=04
ROM[roms/astdelux/036432-02.fh1] Addr=76E3 Value=18
ROM[roms/astdelux/036432-02.fh1] Addr=76E4 Value=A1
ROM[roms/astdelux/036432-02.fh1] Addr=76E5 Value=01
ROM[roms/astdelux/036432-02.fh1] Addr=76E6 Value=04
ROM[roms/astdelux/036432-02.fh1] Addr=76E7 Value=00
ROM[roms/astdelux/036432-02.fh1] Addr=76E8 Value=00
ROM[roms/astdelux/036432-02.fh1] Addr=76E9 Value=10
ROM[roms/astdelux/036432-02.fh1] Addr=76EA Value=0C
ROM[roms/astdelux/036432-02.fh1] Addr=76EB Value=49
ROM[roms/astdelux/036432-02.fh1] Addr=76EC Value=00
ROM[roms/astdelux/036432-02.fh1] Addr=76ED Value=01
ROM[roms/astdelux/036432-02.fh1] Addr=76EE Value=0C
ROM[roms/astdelux/036432-02.fh1] Addr=76EF Value=30
ROM[roms/astdelux/036432-02.fh1] Addr=76F0 Value=00
ROM[roms/astdelux/036432-02.fh1] Addr=76F1 Value=01
ROM[roms/astdelux/036432-02.fh1] Addr=76F2 Value=00
ROM[roms/astdelux/036432-02.fh1] Addr=76F3 Value=00
ROM[roms/astdelux/036432-02.fh1] Addr=76F4 Value=02
ROM[roms/astdelux/036432-02.fh1] Addr=76F5 Value=C0
ROM[roms/astdelux/036432-02.fh1] Addr=76F6 Value=A4
ROM[roms/astdelux/036432-02.fh1] Addr=76F7 Value=00
ROM[roms/astdelux/036432-02.fh1] Addr=76F8 Value=01
ROM[roms/astdelux/036432-02.fh1] Addr=76F9 Value=00
ROM[roms/astdelux/036432-02.fh1] Addr=76FA Value=00
ROM[roms/astdelux/036432-02.fh1] Addr=76FB Value=01
ROM[roms/astdelux/036432-02.fh1] Addr=76FC Value=01
ROM[roms/astdelux/036432-02.fh1] Addr=76FD Value=F0
ROM[roms/astdelux/036432-02.fh1] Addr=76FE Value=01
ROM[roms/astdelux/036432-02.fh1] Addr=76FF Value=0F
ROM[roms/astdelux/036432-02.fh1] Addr=7700 Value=01
ROM[roms/astdelux/036432-02.fh1] Addr=7701 Value=FF
ROM[roms/astdelux/036432-02.fh1] Addr=7702 Value=FF
ROM[roms/astdelux/036432-02.fh1] Addr=7703 Value=0F
ROM[roms/astdelux/036432-02.fh1] Addr=7704 Value=00
ROM[roms/astdelux/036432-02.fh1] Addr=7705 Value=00
ROM[roms/astdelux/036432-02.fh1] Addr=7706 Value=01
ROM[roms/astdelux/036432-02.fh1] Addr=7707 Value=1F
ROM[roms/astdelux/036432-02.fh1] Addr=7708 Value=A2
ROM[roms/astdelux/036432-02.fh1] Addr=7709 Value=00
ROM[roms/astdelux/036432-02.fh1] Addr=770A Value=01
ROM[roms/astdelux/036432-02.fh1] Addr=770B Value=00
ROM[roms/astdelux/036432-02.fh1] Addr=770C Value=00
ROM[roms/astdelux/036432-02.fh1] Addr=770D Value=2C
ROM[roms/astdelux/036432-02.fh1] Addr=770E Value=41
ROM[roms/astdelux/036432-02.fh1] Addr=770F Value=77
ROM[roms/astdelux/036432-02.fh1] Addr=7710 Value=18
ROM[roms/astdelux/036432-02.fh1] Addr=7711 Value=90
ROM[roms/astdelux/036432-02.fh1] Addr=7712 Value=09
ROM[roms/astdelux/036432-02.fh1] Addr=7713 Value=38
ROM[roms/astdelux/036432-02.fh1] Addr=7714 Value=B0
ROM[roms/astdelux/036432-02.fh1] Addr=7715 Value=01
ROM[roms/astdelux/036432-02.fh1] Addr=7716 Value=18
ROM[roms/astdelux/036432-02.fh1] Addr=7717 Value=A5
ROM[roms/astdelux/036432-02.fh1] Addr=7718 Value=22
ROM[roms/astdelux/036432-02.fh1] Addr=7719 Value=F0
ROM[roms/astdelux/036432-02.fh1] Addr=771A Value=F2
ROM[roms/astdelux/036432-02.fh1] Addr=771B Value=B8
ROM[roms/astdelux/036432-02.fh1] Addr=771C Value=8A
ROM[roms/astdelux/036432-02.fh1] Addr=771D Value=48
ROM[roms/astdelux/036432-02.fh1] Addr=771E Value=A2
ROM[roms/astdelux/036432-02.fh1] Addr=771F Value=07
ROM[roms/astdelux/036432-02.fh1] Addr=7720 Value=90
ROM[roms/astdelux/036432-02.fh1] Addr=7721 Value=04
ROM[roms/astdelux/036432-02.fh1] Addr=7722 Value=B5
ROM[roms/astdelux/036432-02.fh1] Addr=7723 Value=9B
ROM[roms/astdelux/036432-02.fh1] Addr=7724 Value=D0
ROM[roms/astdelux/036432-02.fh1] Addr=7725 Value=15
ROM[roms/astdelux/036432-02.fh1] Addr=7726 Value=B9
ROM[roms/astdelux/036432-02.fh1] Addr=7727 Value=C8
ROM[roms/astdelux/036432-02.fh1] Addr=7728 Value=75
ROM[roms/astdelux/036432-02.fh1] Addr=7729 Value=F0
ROM[roms/astdelux/036432-02.fh1] Addr=772A Value=10
ROM[roms/astdelux/036432-02.fh1] Addr=772B Value=50
ROM[roms/astdelux/036432-02.fh1] Addr=772C Value=02
ROM[roms/astdelux/036432-02.fh1] Addr=772D Value=A9
ROM[roms/astdelux/036432-02.fh1] Addr=772E Value=00
ROM[roms/astdelux/036432-02.fh1] Addr=772F Value=48
ROM[roms/astdelux/036432-02.fh1] Addr=7730 Value=A9
ROM[roms/astdelux/036432-02.fh1] Addr=7731 Value=00
ROM[roms/astdelux/036432-02.fh1] Addr=7732 Value=95
ROM[roms/astdelux/036432-02.fh1] Addr=7733 Value=9B
ROM[roms/astdelux/036432-02.fh1] Addr=7734 Value=A9
ROM[roms/astdelux/036432-02.fh1] Addr=7735 Value=80
ROM[roms/astdelux/036432-02.fh1] Addr=7736 Value=95
ROM[roms/astdelux/036432-02.fh1] Addr=7737 Value=BB
ROM[roms/astdelux/036432-02.fh1] Addr=7738 Value=68
ROM[roms/astdelux/036432-02.fh1] Addr=7739 Value=95
ROM[roms/astdelux/036432-02.fh1] Addr=773A Value=9B
ROM[roms/astdelux/036432-02.fh1] Addr=773B Value=88
ROM[roms/astdelux/036432-02.fh1] Addr=773C Value=CA
ROM[roms/astdelux/036432-02.fh1] Addr=773D Value=10
ROM[roms/astdelux/036432-02.fh1] Addr=773E Value=E1
ROM[roms/astdelux/036432-02.fh1] Addr=773F Value=68
ROM[roms/astdelux/036432-02.fh1] Addr=7740 Value=AA
ROM[roms/astdelux/036432-02.fh1] Addr=7741 Value=60
ROM[roms/astdelux/036432-02.fh1] Addr=7742 Value=A2
ROM[roms/astdelux/036432-02.fh1] Addr=7743 Value=07
ROM[roms/astdelux/036432-02.fh1] Addr=7744 Value=B4
ROM[roms/astdelux/036432-02.fh1] Addr=7745 Value=9B
ROM[roms/astdelux/036432-02.fh1] Addr=7746 Value=F0
ROM[roms/astdelux/036432-02.fh1] Addr=7747 Value=3A
ROM[roms/astdelux/036432-02.fh1] Addr=7748 Value=B5
ROM[roms/astdelux/036432-02.fh1] Addr=7749 Value=BB
ROM[roms/astdelux/036432-02.fh1] Addr=774A Value=30
ROM[roms/astdelux/036432-02.fh1] Addr=774B Value=41
ROM[roms/astdelux/036432-02.fh1] Addr=774C Value=D6
ROM[roms/astdelux/036432-02.fh1] Addr=774D Value=AB
ROM[roms/astdelux/036432-02.fh1] Addr=774E Value=D0
ROM[roms/astdelux/036432-02.fh1] Addr=774F Value=34
ROM[roms/astdelux/036432-02.fh1] Addr=7750 Value=D6
ROM[roms/astdelux/036432-02.fh1] Addr=7751 Value=B3
ROM[roms/astdelux/036432-02.fh1] Addr=7752 Value=F0
ROM[roms/astdelux/036432-02.fh1] Addr=7753 Value=09
ROM[roms/astdelux/036432-02.fh1] Addr=7754 Value=B5
ROM[roms/astdelux/036432-02.fh1] Addr=7755 Value=A3
ROM[roms/astdelux/036432-02.fh1] Addr=7756 Value=18
ROM[roms/astdelux/036432-02.fh1] Addr=7757 Value=79
ROM[roms/astdelux/036432-02.fh1] Addr=7758 Value=2A
ROM[roms/astdelux/036432-02.fh1] Addr=7759 Value=76
ROM[roms/astdelux/036432-02.fh1] Addr=775A Value=4C
ROM[roms/astdelux/036432-02.fh1] Addr=775B Value=6B
ROM[roms/astdelux/036432-02.fh1] Addr=775C Value=77
ROM[roms/astdelux/036432-02.fh1] Addr=775D Value=C8
ROM[roms/astdelux/036432-02.fh1] Addr=775E Value=C8
ROM[roms/astdelux/036432-02.fh1] Addr=775F Value=C8
ROM[roms/astdelux/036432-02.fh1] Addr=7760 Value=C8
ROM[roms/astdelux/036432-02.fh1] Addr=7761 Value=94
ROM[roms/astdelux/036432-02.fh1] Addr=7762 Value=9B
ROM[roms/astdelux/036432-02.fh1] Addr=7763 Value=B9
ROM[roms/astdelux/036432-02.fh1] Addr=7764 Value=2B
ROM[roms/astdelux/036432-02.fh1] Addr=7765 Value=76
ROM[roms/astdelux/036432-02.fh1] Addr=7766 Value=95
ROM[roms/astdelux/036432-02.fh1] Addr=7767 Value=B3
ROM[roms/astdelux/036432-02.fh1] Addr=7768 Value=B9
ROM[roms/astdelux/036432-02.fh1] Addr=7769 Value=29
ROM[roms/astdelux/036432-02.fh1] Addr=776A Value=76
ROM[roms/astdelux/036432-02.fh1] Addr=776B Value=95
ROM[roms/astdelux/036432-02.fh1] Addr=776C Value=A3
ROM[roms/astdelux/036432-02.fh1] Addr=776D Value=B9
ROM[roms/astdelux/036432-02.fh1] Addr=776E Value=28
ROM[roms/astdelux/036432-02.fh1] Addr=776F Value=76
ROM[roms/astdelux/036432-02.fh1] Addr=7770 Value=95
ROM[roms/astdelux/036432-02.fh1] Addr=7771 Value=AB
ROM[roms/astdelux/036432-02.fh1] Addr=7772 Value=D0
ROM[roms/astdelux/036432-02.fh1] Addr=7773 Value=10
ROM[roms/astdelux/036432-02.fh1] Addr=7774 Value=B4
ROM[roms/astdelux/036432-02.fh1] Addr=7775 Value=C3
ROM[roms/astdelux/036432-02.fh1] Addr=7776 Value=D6
ROM[roms/astdelux/036432-02.fh1] Addr=7777 Value=BB
ROM[roms/astdelux/036432-02.fh1] Addr=7778 Value=D0
ROM[roms/astdelux/036432-02.fh1] Addr=7779 Value=E7
ROM[roms/astdelux/036432-02.fh1] Addr=777A Value=B4
ROM[roms/astdelux/036432-02.fh1] Addr=777B Value=9B
ROM[roms/astdelux/036432-02.fh1] Addr=777C Value=C8
ROM[roms/astdelux/036432-02.fh1] Addr=777D Value=D0
ROM[roms/astdelux/036432-02.fh1] Addr=777E Value=0E
ROM[roms/astdelux/036432-02.fh1] Addr=777F Value=A8
ROM[roms/astdelux/036432-02.fh1] Addr=7780 Value=94
ROM[roms/astdelux/036432-02.fh1] Addr=7781 Value=9B
ROM[roms/astdelux/036432-02.fh1] Addr=7782 Value=94
ROM[roms/astdelux/036432-02.fh1] Addr=7783 Value=A3
ROM[roms/astdelux/036432-02.fh1] Addr=7784 Value=B5
ROM[roms/astdelux/036432-02.fh1] Addr=7785 Value=A3
ROM[roms/astdelux/036432-02.fh1] Addr=7786 Value=9D
ROM[roms/astdelux/036432-02.fh1] Addr=7787 Value=00
ROM[roms/astdelux/036432-02.fh1] Addr=7788 Value=2C
ROM[roms/astdelux/036432-02.fh1] Addr=7789 Value=CA
ROM[roms/astdelux/036432-02.fh1] Addr=778A Value=10
ROM[roms/astdelux/036432-02.fh1] Addr=778B Value=B8
ROM[roms/astdelux/036432-02.fh1] Addr=778C Value=60
ROM[roms/astdelux/036432-02.fh1] Addr=778D Value=B9
ROM[roms/astdelux/036432-02.fh1] Addr=778E Value=28
ROM[roms/astdelux/036432-02.fh1] Addr=778F Value=76
ROM[roms/astdelux/036432-02.fh1] Addr=7790 Value=F0
ROM[roms/astdelux/036432-02.fh1] Addr=7791 Value=ED
ROM[roms/astdelux/036432-02.fh1] Addr=7792 Value=95
ROM[roms/astdelux/036432-02.fh1] Addr=7793 Value=BB
ROM[roms/astdelux/036432-02.fh1] Addr=7794 Value=C8
ROM[roms/astdelux/036432-02.fh1] Addr=7795 Value=94
ROM[roms/astdelux/036432-02.fh1] Addr=7796 Value=C3
ROM[roms/astdelux/036432-02.fh1] Addr=7797 Value=D0
ROM[roms/astdelux/036432-02.fh1] Addr=7798 Value=C8
ROM[roms/astdelux/036432-02.fh1] Addr=7799 Value=01
ROM[roms/astdelux/036432-02.fh1] Addr=779A Value=E0
ROM[roms/astdelux/036432-02.fh1] Addr=779B Value=C0
ROM[roms/astdelux/036432-02.fh1] Addr=779C Value=E1
ROM[roms/astdelux/036432-02.fh1] Addr=779D Value=E5
ROM[roms/astdelux/036432-02.fh1] Addr=779E Value=C3
ROM[roms/astdelux/036432-02.fh1] Addr=779F Value=CA
ROM[roms/astdelux/036432-02.fh1] Addr=77A0 Value=C3
ROM[roms/astdelux/036432-02.fh1] Addr=77A1 Value=AF
ROM[roms/astdelux/036432-02.fh1] Addr=77A2 Value=C3
ROM[roms/astdelux/036432-02.fh1] Addr=77A3 Value=94
ROM[roms/astdelux/036432-02.fh1] Addr=77A4 Value=C3
ROM[roms/astdelux/036432-02.fh1] Addr=77A5 Value=7F
ROM[roms/astdelux/036432-02.fh1] Addr=77A6 Value=02
ROM[roms/astdelux/036432-02.fh1] Addr=77A7 Value=04
ROM[roms/astdelux/036432-02.fh1] Addr=77A8 Value=04
ROM[roms/astdelux/036432-02.fh1] Addr=77A9 Value=05
ROM[roms/astdelux/036432-02.fh1] Addr=77AA Value=03
ROM[roms/astdelux/036432-02.fh1] Addr=77AB Value=7F
ROM[roms/astdelux/036432-02.fh1] Addr=77AC Value=7F
ROM[roms/astdelux/036432-02.fh1] Addr=77AD Value=FF
ROM[roms/astdelux/036432-02.fh1] Addr=77AE Value=FF
ROM[roms/astdelux/036432-02.fh1] Addr=77AF Value=FF
ROM[roms/astdelux/036432-02.fh1] Addr=77B0 Value=FF
ROM[roms/astdelux/036432-02.fh1] Addr=77B1 Value=FF
ROM[roms/astdelux/036432-02.fh1] Addr=77B2 Value=FF
ROM[roms/astdelux/036432-02.fh1] Addr=77B3 Value=FF
ROM[roms/astdelux/036432-02.fh1] Addr=77B4 Value=FF
ROM[roms/astdelux/036432-02.fh1] Addr=77B5 Value=FF
ROM[roms/astdelux/036432-02.fh1] Addr=77B6 Value=FF
ROM[roms/astdelux/036432-02.fh1] Addr=77B7 Value=FF
ROM[roms/astdelux/036432-02.fh1] Addr=77B8 Value=FF
ROM[roms/astdelux/036432-02.fh1] Addr=77B9 Value=FF
ROM[roms/astdelux/036432-02.fh1] Addr=77BA Value=FF
ROM[roms/astdelux/036432-02.fh1] Addr=77BB Value=FF
ROM[roms/astdelux/036432-02.fh1] Addr=77BC Value=FF
ROM[roms/astdelux/036432-02.fh1] Addr=77BD Value=FF
ROM[roms/astdelux/036432-02.fh1] Addr=77BE Value=FF
ROM[roms/astdelux/036432-02.fh1] Addr=77BF Value=FF
ROM[roms/astdelux/036432-02.fh1] Addr=77C0 Value=FF
ROM[roms/astdelux/036432-02.fh1] Addr=77C1 Value=FF
ROM[roms/astdelux/036432-02.fh1] Addr=77C2 Value=FF
ROM[roms/astdelux/036432-02.fh1] Addr=77C3 Value=FF
ROM[roms/astdelux/036432-02.fh1] Addr=77C4 Value=FF
ROM[roms/astdelux/036432-02.fh1] Addr=77C5 Value=FF
ROM[roms/astdelux/036432-02.fh1] Addr=77C6 Value=FF
ROM[roms/astdelux/036432-02.fh1] Addr=77C7 Value=FF
ROM[roms/astdelux/036432-02.fh1] Addr=77C8 Value=FF
ROM[roms/astdelux/036432-02.fh1] Addr=77C9 Value=FF
ROM[roms/astdelux/036432-02.fh1] Addr=77CA Value=FF
ROM[roms/astdelux/036432-02.fh1] Addr=77CB Value=FF
ROM[roms/astdelux/036432-02.fh1] Addr=77CC Value=FF
ROM[roms/astdelux/036432-02.fh1] Addr=77CD Value=FF
ROM[roms/astdelux/036432-02.fh1] Addr=77CE Value=FF
ROM[roms/astdelux/036432-02.fh1] Addr=77CF Value=FF
ROM[roms/astdelux/036432-02.fh1] Addr=77D0 Value=FF
ROM[roms/astdelux/036432-02.fh1] Addr=77D1 Value=FF
ROM[roms/astdelux/036432-02.fh1] Addr=77D2 Value=FF
ROM[roms/astdelux/036432-02.fh1] Addr=77D3 Value=FF
ROM[roms/astdelux/036432-02.fh1] Addr=77D4 Value=FF
ROM[roms/astdelux/036432-02.fh1] Addr=77D5 Value=FF
ROM[roms/astdelux/036432-02.fh1] Addr=77D6 Value=FF
ROM[roms/astdelux/036432-02.fh1] Addr=77D7 Value=FF
ROM[roms/astdelux/036432-02.fh1] Addr=77D8 Value=FF
ROM[roms/astdelux/036432-02.fh1] Addr=77D9 Value=FF
ROM[roms/astdelux/036432-02.fh1] Addr=77DA Value=FF
ROM[roms/astdelux/036432-02.fh1] Addr=77DB Value=FF
ROM[roms/astdelux/036432-02.fh1] Addr=77DC Value=FF
ROM[roms/astdelux/036432-02.fh1] Addr=77DD Value=FF
ROM[roms/astdelux/036432-02.fh1] Addr=77DE Value=FF
ROM[roms/astdelux/036432-02.fh1] Addr=77DF Value=FF
ROM[roms/astdelux/036432-02.fh1] Addr=77E0 Value=FF
ROM[roms/astdelux/036432-02.fh1] Addr=77E1 Value=FF
ROM[roms/astdelux/036432-02.fh1] Addr=77E2 Value=FF
ROM[roms/astdelux/036432-02.fh1] Addr=77E3 Value=FF
ROM[roms/astdelux/036432-02.fh1] Addr=77E4 Value=FF
ROM[roms/astdelux/036432-02.fh1] Addr=77E5 Value=FF
ROM[roms/astdelux/036432-02.fh1] Addr=77E6 Value=FF
ROM[roms/astdelux/036432-02.fh1] Addr=77E7 Value=FF
ROM[roms/astdelux/036432-02.fh1] Addr=77E8 Value=FF
ROM[roms/astdelux/036432-02.fh1] Addr=77E9 Value=FF
ROM[roms/astdelux/036432-02.fh1] Addr=77EA Value=FF
ROM[roms/astdelux/036432-02.fh1] Addr=77EB Value=FF
ROM[roms/astdelux/036432-02.fh1] Addr=77EC Value=FF
ROM[roms/astdelux/036432-02.fh1] Addr=77ED Value=FF
ROM[roms/astdelux/036432-02.fh1] Addr=77EE Value=FF
ROM[roms/astdelux/036432-02.fh1] Addr=77EF Value=FF
ROM[roms/astdelux/036432-02.fh1] Addr=77F0 Value=FF
ROM[roms/astdelux/036432-02.fh1] Addr=77F1 Value=FF
ROM[roms/astdelux/036432-02.fh1] Addr=77F2 Value=FF
ROM[roms/astdelux/036432-02.fh1] Addr=77F3 Value=FF
ROM[roms/astdelux/036432-02.fh1] Addr=77F4 Value=FF
ROM[roms/astdelux/036432-02.fh1] Addr=77F5 Value=FF
ROM[roms/astdelux/036432-02.fh1] Addr=77F6 Value=FF
ROM[roms/astdelux/036432-02.fh1] Addr=77F7 Value=FF
ROM[roms/astdelux/036432-02.fh1] Addr=77F8 Value=FF
ROM[roms/astdelux/036432-02.fh1] Addr=77F9 Value=FF
ROM[roms/astdelux/036432-02.fh1] Addr=77FA Value=FF
ROM[roms/astdelux/036432-02.fh1] Addr=77FB Value=FF
ROM[roms/astdelux/036432-02.fh1] Addr=77FC Value=FF
ROM[roms/astdelux/036432-02.fh1] Addr=77FD Value=FF
ROM[roms/astdelux/036432-02.fh1] Addr=77FE Value=FF
ROM[roms/astdelux/036432-02.fh1] Addr=77FF Value=FF
ROM[roms/astdelux/036433-03.j1] Addr=7800 Value=FF
ROM[roms/astdelux/036433-03.j1] Addr=7801 Value=FF
ROM[roms/astdelux/036433-03.j1] Addr=7802 Value=FF
ROM[roms/astdelux/036433-03.j1] Addr=7803 Value=FF
ROM[roms/astdelux/036433-03.j1] Addr=7804 Value=FF
ROM[roms/astdelux/036433-03.j1] Addr=7805 Value=FF
ROM[roms/astdelux/036433-03.j1] Addr=7806 Value=FF
ROM[roms/astdelux/036433-03.j1] Addr=7807 Value=FF
ROM[roms/astdelux/036433-03.j1] Addr=7808 Value=FF
ROM[roms/astdelux/036433-03.j1] Addr=7809 Value=FF
ROM[roms/astdelux/036433-03.j1] Addr=780A Value=FF
ROM[roms/astdelux/036433-03.j1] Addr=780B Value=FF
ROM[roms/astdelux/036433-03.j1] Addr=780C Value=FF
ROM[roms/astdelux/036433-03.j1] Addr=780D Value=FF
ROM[roms/astdelux/036433-03.j1] Addr=780E Value=FF
ROM[roms/astdelux/036433-03.j1] Addr=780F Value=FF
ROM[roms/astdelux/036433-03.j1] Addr=7810 Value=FF
ROM[roms/astdelux/036433-03.j1] Addr=7811 Value=FF
ROM[roms/astdelux/036433-03.j1] Addr=7812 Value=FF
ROM[roms/astdelux/036433-03.j1] Addr=7813 Value=FF
ROM[roms/astdelux/036433-03.j1] Addr=7814 Value=FF
ROM[roms/astdelux/036433-03.j1] Addr=7815 Value=FF
ROM[roms/astdelux/036433-03.j1] Addr=7816 Value=FF
ROM[roms/astdelux/036433-03.j1] Addr=7817 Value=FF
ROM[roms/astdelux/036433-03.j1] Addr=7818 Value=FF
ROM[roms/astdelux/036433-03.j1] Addr=7819 Value=FF
ROM[roms/astdelux/036433-03.j1] Addr=781A Value=FF
ROM[roms/astdelux/036433-03.j1] Addr=781B Value=FF
ROM[roms/astdelux/036433-03.j1] Addr=781C Value=FF
ROM[roms/astdelux/036433-03.j1] Addr=781D Value=FF
ROM[roms/astdelux/036433-03.j1] Addr=781E Value=FF
ROM[roms/astdelux/036433-03.j1] Addr=781F Value=FF
ROM[roms/astdelux/036433-03.j1] Addr=7820 Value=FF
ROM[roms/astdelux/036433-03.j1] Addr=7821 Value=FF
ROM[roms/astdelux/036433-03.j1] Addr=7822 Value=FF
ROM[roms/astdelux/036433-03.j1] Addr=7823 Value=FF
ROM[roms/astdelux/036433-03.j1] Addr=7824 Value=FF
ROM[roms/astdelux/036433-03.j1] Addr=7825 Value=FF
ROM[roms/astdelux/036433-03.j1] Addr=7826 Value=FF
ROM[roms/astdelux/036433-03.j1] Addr=7827 Value=FF
ROM[roms/astdelux/036433-03.j1] Addr=7828 Value=FF
ROM[roms/astdelux/036433-03.j1] Addr=7829 Value=FF
ROM[roms/astdelux/036433-03.j1] Addr=782A Value=FF
ROM[roms/astdelux/036433-03.j1] Addr=782B Value=FF
ROM[roms/astdelux/036433-03.j1] Addr=782C Value=FF
ROM[roms/astdelux/036433-03.j1] Addr=782D Value=FF
ROM[roms/astdelux/036433-03.j1] Addr=782E Value=FF
ROM[roms/astdelux/036433-03.j1] Addr=782F Value=FF
ROM[roms/astdelux/036433-03.j1] Addr=7830 Value=FF
ROM[roms/astdelux/036433-03.j1] Addr=7831 Value=FF
ROM[roms/astdelux/036433-03.j1] Addr=7832 Value=FF
ROM[roms/astdelux/036433-03.j1] Addr=7833 Value=FF
ROM[roms/astdelux/036433-03.j1] Addr=7834 Value=FF
ROM[roms/astdelux/036433-03.j1] Addr=7835 Value=FF
ROM[roms/astdelux/036433-03.j1] Addr=7836 Value=FF
ROM[roms/astdelux/036433-03.j1] Addr=7837 Value=FF
ROM[roms/astdelux/036433-03.j1] Addr=7838 Value=FF
ROM[roms/astdelux/036433-03.j1] Addr=7839 Value=FF
ROM[roms/astdelux/036433-03.j1] Addr=783A Value=FF
ROM[roms/astdelux/036433-03.j1] Addr=783B Value=FF
ROM[roms/astdelux/036433-03.j1] Addr=783C Value=FF
ROM[roms/astdelux/036433-03.j1] Addr=783D Value=FF
ROM[roms/astdelux/036433-03.j1] Addr=783E Value=FF
ROM[roms/astdelux/036433-03.j1] Addr=783F Value=FF
ROM[roms/astdelux/036433-03.j1] Addr=7840 Value=FF
ROM[roms/astdelux/036433-03.j1] Addr=7841 Value=FF
ROM[roms/astdelux/036433-03.j1] Addr=7842 Value=FF
ROM[roms/astdelux/036433-03.j1] Addr=7843 Value=FF
ROM[roms/astdelux/036433-03.j1] Addr=7844 Value=A9
ROM[roms/astdelux/036433-03.j1] Addr=7845 Value=00
ROM[roms/astdelux/036433-03.j1] Addr=7846 Value=A2
ROM[roms/astdelux/036433-03.j1] Addr=7847 Value=07
ROM[roms/astdelux/036433-03.j1] Addr=7848 Value=95
ROM[roms/astdelux/036433-03.j1] Addr=7849 Value=9B
ROM[roms/astdelux/036433-03.j1] Addr=784A Value=CA
ROM[roms/astdelux/036433-03.j1] Addr=784B Value=10
ROM[roms/astdelux/036433-03.j1] Addr=784C Value=FB
ROM[roms/astdelux/036433-03.j1] Addr=784D Value=8D
ROM[roms/astdelux/036433-03.j1] Addr=784E Value=08
ROM[roms/astdelux/036433-03.j1] Addr=784F Value=2C
ROM[roms/astdelux/036433-03.j1] Addr=7850 Value=60
ROM[roms/astdelux/036433-03.j1] Addr=7851 Value=2C
ROM[roms/astdelux/036433-03.j1] Addr=7852 Value=FF
ROM[roms/astdelux/036433-03.j1] Addr=7853 Value=01
ROM[roms/astdelux/036433-03.j1] Addr=7854 Value=10
ROM[roms/astdelux/036433-03.j1] Addr=7855 Value=01
ROM[roms/astdelux/036433-03.j1] Addr=7856 Value=40
ROM[roms/astdelux/036433-03.j1] Addr=7857 Value=48
ROM[roms/astdelux/036433-03.j1] Addr=7858 Value=98
ROM[roms/astdelux/036433-03.j1] Addr=7859 Value=48
ROM[roms/astdelux/036433-03.j1] Addr=785A Value=8A
ROM[roms/astdelux/036433-03.j1] Addr=785B Value=48
ROM[roms/astdelux/036433-03.j1] Addr=785C Value=D8
ROM[roms/astdelux/036433-03.j1] Addr=785D Value=AD
ROM[roms/astdelux/036433-03.j1] Addr=785E Value=FF
ROM[roms/astdelux/036433-03.j1] Addr=785F Value=01
ROM[roms/astdelux/036433-03.j1] Addr=7860 Value=0D
ROM[roms/astdelux/036433-03.j1] Addr=7861 Value=D0
ROM[roms/astdelux/036433-03.j1] Addr=7862 Value=01
ROM[roms/astdelux/036433-03.j1] Addr=7863 Value=D0
ROM[roms/astdelux/036433-03.j1] Addr=7864 Value=FE
ROM[roms/astdelux/036433-03.j1] Addr=7865 Value=E6
ROM[roms/astdelux/036433-03.j1] Addr=7866 Value=78
ROM[roms/astdelux/036433-03.j1] Addr=7867 Value=A5
ROM[roms/astdelux/036433-03.j1] Addr=7868 Value=78
ROM[roms/astdelux/036433-03.j1] Addr=7869 Value=29
ROM[roms/astdelux/036433-03.j1] Addr=786A Value=03
ROM[roms/astdelux/036433-03.j1] Addr=786B Value=D0
ROM[roms/astdelux/036433-03.j1] Addr=786C Value=0D
ROM[roms/astdelux/036433-03.j1] Addr=786D Value=E6
ROM[roms/astdelux/036433-03.j1] Addr=786E Value=75
ROM[roms/astdelux/036433-03.j1] Addr=786F Value=A5
ROM[roms/astdelux/036433-03.j1] Addr=7870 Value=75
ROM[roms/astdelux/036433-03.j1] Addr=7871 Value=C9
ROM[roms/astdelux/036433-03.j1] Addr=7872 Value=03
ROM[roms/astdelux/036433-03.j1] Addr=7873 Value=90
ROM[roms/astdelux/036433-03.j1] Addr=7874 Value=05
ROM[roms/astdelux/036433-03.j1] Addr=7875 Value=D0
ROM[roms/astdelux/036433-03.j1] Addr=7876 Value=FE
ROM[roms/astdelux/036433-03.j1] Addr=7877 Value=8D
ROM[roms/astdelux/036433-03.j1] Addr=7878 Value=00
ROM[roms/astdelux/036433-03.j1] Addr=7879 Value=38
ROM[roms/astdelux/036433-03.j1] Addr=787A Value=A6
ROM[roms/astdelux/036433-03.j1] Addr=787B Value=22
ROM[roms/astdelux/036433-03.j1] Addr=787C Value=D0
ROM[roms/astdelux/036433-03.j1] Addr=787D Value=1D
ROM[roms/astdelux/036433-03.j1] Addr=787E Value=A5
ROM[roms/astdelux/036433-03.j1] Addr=787F Value=42
ROM[roms/astdelux/036433-03.j1] Addr=7880 Value=25
ROM[roms/astdelux/036433-03.j1] Addr=7881 Value=43
ROM[roms/astdelux/036433-03.j1] Addr=7882 Value=10
ROM[roms/astdelux/036433-03.j1] Addr=7883 Value=17
ROM[roms/astdelux/036433-03.j1] Addr=7884 Value=8E
ROM[roms/astdelux/036433-03.j1] Addr=7885 Value=0F
ROM[roms/astdelux/036433-03.j1] Addr=7886 Value=2C
ROM[roms/astdelux/036433-03.j1] Addr=7887 Value=A2
ROM[roms/astdelux/036433-03.j1] Addr=7888 Value=04
ROM[roms/astdelux/036433-03.j1] Addr=7889 Value=CA
ROM[roms/astdelux/036433-03.j1] Addr=788A Value=D0
ROM[roms/astdelux/036433-03.j1] Addr=788B Value=FD
ROM[roms/astdelux/036433-03.j1] Addr=788C Value=A2
ROM[roms/astdelux/036433-03.j1] Addr=788D Value=07
ROM[roms/astdelux/036433-03.j1] Addr=788E Value=8E
ROM[roms/astdelux/036433-03.j1] Addr=788F Value=0F
ROM[roms/astdelux/036433-03.j1] Addr=7890 Value=2C
ROM[roms/astdelux/036433-03.j1] Addr=7891 Value=8E
ROM[roms/astdelux/036433-03.j1] Addr=7892 Value=0B
ROM[roms/astdelux/036433-03.j1] Addr=7893 Value=2C
ROM[roms/astdelux/036433-03.j1] Addr=7894 Value=AD
ROM[roms/astdelux/036433-03.j1] Addr=7895 Value=08
ROM[roms/astdelux/036433-03.j1] Addr=7896 Value=2C
ROM[roms/astdelux/036433-03.j1] Addr=7897 Value=49
ROM[roms/astdelux/036433-03.j1] Addr=7898 Value=FF
ROM[roms/astdelux/036433-03.j1] Addr=7899 Value=85
ROM[roms/astdelux/036433-03.j1] Addr=789A Value=8D
ROM[roms/astdelux/036433-03.j1] Addr=789B Value=20
ROM[roms/astdelux/036433-03.j1] Addr=789C Value=42
ROM[roms/astdelux/036433-03.j1] Addr=789D Value=77
ROM[roms/astdelux/036433-03.j1] Addr=789E Value=A2
ROM[roms/astdelux/036433-03.j1] Addr=789F Value=02
ROM[roms/astdelux/036433-03.j1] Addr=78A0 Value=BD
ROM[roms/astdelux/036433-03.j1] Addr=78A1 Value=00
ROM[roms/astdelux/036433-03.j1] Addr=78A2 Value=24
ROM[roms/astdelux/036433-03.j1] Addr=78A3 Value=0A
ROM[roms/astdelux/036433-03.j1] Addr=78A4 Value=B5
ROM[roms/astdelux/036433-03.j1] Addr=78A5 Value=96
ROM[roms/astdelux/036433-03.j1] Addr=78A6 Value=29
ROM[roms/astdelux/036433-03.j1] Addr=78A7 Value=1F
ROM[roms/astdelux/036433-03.j1] Addr=78A8 Value=90
ROM[roms/astdelux/036433-03.j1] Addr=78A9 Value=37
ROM[roms/astdelux/036433-03.j1] Addr=78AA Value=F0
ROM[roms/astdelux/036433-03.j1] Addr=78AB Value=10
ROM[roms/astdelux/036433-03.j1] Addr=78AC Value=C9
ROM[roms/astdelux/036433-03.j1] Addr=78AD Value=1B
ROM[roms/astdelux/036433-03.j1] Addr=78AE Value=B0
ROM[roms/astdelux/036433-03.j1] Addr=78AF Value=0A
ROM[roms/astdelux/036433-03.j1] Addr=78B0 Value=A8
ROM[roms/astdelux/036433-03.j1] Addr=78B1 Value=A5
ROM[roms/astdelux/036433-03.j1] Addr=78B2 Value=78
ROM[roms/astdelux/036433-03.j1] Addr=78B3 Value=29
ROM[roms/astdelux/036433-03.j1] Addr=78B4 Value=07
ROM[roms/astdelux/036433-03.j1] Addr=78B5 Value=C9
ROM[roms/astdelux/036433-03.j1] Addr=78B6 Value=07
ROM[roms/astdelux/036433-03.j1] Addr=78B7 Value=98
ROM[roms/astdelux/036433-03.j1] Addr=78B8 Value=90
ROM[roms/astdelux/036433-03.j1] Addr=78B9 Value=02
ROM[roms/astdelux/036433-03.j1] Addr=78BA Value=E9
ROM[roms/astdelux/036433-03.j1] Addr=78BB Value=01
ROM[roms/astdelux/036433-03.j1] Addr=78BC Value=95
ROM[roms/astdelux/036433-03.j1] Addr=78BD Value=96
ROM[roms/astdelux/036433-03.j1] Addr=78BE Value=AD
ROM[roms/astdelux/036433-03.j1] Addr=78BF Value=06
ROM[roms/astdelux/036433-03.j1] Addr=78C0 Value=20
ROM[roms/astdelux/036433-03.j1] Addr=78C1 Value=29
ROM[roms/astdelux/036433-03.j1] Addr=78C2 Value=80
ROM[roms/astdelux/036433-03.j1] Addr=78C3 Value=F0
ROM[roms/astdelux/036433-03.j1] Addr=78C4 Value=04
ROM[roms/astdelux/036433-03.j1] Addr=78C5 Value=A9
ROM[roms/astdelux/036433-03.j1] Addr=78C6 Value=F0
ROM[roms/astdelux/036433-03.j1] Addr=78C7 Value=85
ROM[roms/astdelux/036433-03.j1] Addr=78C8 Value=8E
ROM[roms/astdelux/036433-03.j1] Addr=78C9 Value=A5
ROM[roms/astdelux/036433-03.j1] Addr=78CA Value=8E
ROM[roms/astdelux/036433-03.j1] Addr=78CB Value=F0
ROM[roms/astdelux/036433-03.j1] Addr=78CC Value=08
ROM[roms/astdelux/036433-03.j1] Addr=78CD Value=C6
ROM[roms/astdelux/036433-03.j1] Addr=78CE Value=8E
ROM[roms/astdelux/036433-03.j1] Addr=78CF Value=A9
ROM[roms/astdelux/036433-03.j1] Addr=78D0 Value=00
ROM[roms/astdelux/036433-03.j1] Addr=78D1 Value=95
ROM[roms/astdelux/036433-03.j1] Addr=78D2 Value=96
ROM[roms/astdelux/036433-03.j1] Addr=78D3 Value=95
ROM[roms/astdelux/036433-03.j1] Addr=78D4 Value=93
ROM[roms/astdelux/036433-03.j1] Addr=78D5 Value=18
ROM[roms/astdelux/036433-03.j1] Addr=78D6 Value=B5
ROM[roms/astdelux/036433-03.j1] Addr=78D7 Value=93
ROM[roms/astdelux/036433-03.j1] Addr=78D8 Value=F0
ROM[roms/astdelux/036433-03.j1] Addr=78D9 Value=23
ROM[roms/astdelux/036433-03.j1] Addr=78DA Value=D6
ROM[roms/astdelux/036433-03.j1] Addr=78DB Value=93
ROM[roms/astdelux/036433-03.j1] Addr=78DC Value=D0
ROM[roms/astdelux/036433-03.j1] Addr=78DD Value=1F
ROM[roms/astdelux/036433-03.j1] Addr=78DE Value=38
ROM[roms/astdelux/036433-03.j1] Addr=78DF Value=B0
ROM[roms/astdelux/036433-03.j1] Addr=78E0 Value=1C
ROM[roms/astdelux/036433-03.j1] Addr=78E1 Value=C9
ROM[roms/astdelux/036433-03.j1] Addr=78E2 Value=1B
ROM[roms/astdelux/036433-03.j1] Addr=78E3 Value=B0
ROM[roms/astdelux/036433-03.j1] Addr=78E4 Value=09
ROM[roms/astdelux/036433-03.j1] Addr=78E5 Value=B5
ROM[roms/astdelux/036433-03.j1] Addr=78E6 Value=96
ROM[roms/astdelux/036433-03.j1] Addr=78E7 Value=69
ROM[roms/astdelux/036433-03.j1] Addr=78E8 Value=20
ROM[roms/astdelux/036433-03.j1] Addr=78E9 Value=90
ROM[roms/astdelux/036433-03.j1] Addr=78EA Value=D1
ROM[roms/astdelux/036433-03.j1] Addr=78EB Value=F0
ROM[roms/astdelux/036433-03.j1] Addr=78EC Value=01
ROM[roms/astdelux/036433-03.j1] Addr=78ED Value=18
ROM[roms/astdelux/036433-03.j1] Addr=78EE Value=A9
ROM[roms/astdelux/036433-03.j1] Addr=78EF Value=1F
ROM[roms/astdelux/036433-03.j1] Addr=78F0 Value=B0
ROM[roms/astdelux/036433-03.j1] Addr=78F1 Value=CA
ROM[roms/astdelux/036433-03.j1] Addr=78F2 Value=95
ROM[roms/astdelux/036433-03.j1] Addr=78F3 Value=96
ROM[roms/astdelux/036433-03.j1] Addr=78F4 Value=B5
ROM[roms/astdelux/036433-03.j1] Addr=78F5 Value=93
ROM[roms/astdelux/036433-03.j1] Addr=78F6 Value=F0
ROM[roms/astdelux/036433-03.j1] Addr=78F7 Value=01
ROM[roms/astdelux/036433-03.j1] Addr=78F8 Value=38
ROM[roms/astdelux/036433-03.j1] Addr=78F9 Value=A9
ROM[roms/astdelux/036433-03.j1] Addr=78FA Value=78
ROM[roms/astdelux/036433-03.j1] Addr=78FB Value=95
ROM[roms/astdelux/036433-03.j1] Addr=78FC Value=93
ROM[roms/astdelux/036433-03.j1] Addr=78FD Value=90
ROM[roms/astdelux/036433-03.j1] Addr=78FE Value=2A
ROM[roms/astdelux/036433-03.j1] Addr=78FF Value=A9
ROM[roms/astdelux/036433-03.j1] Addr=7900 Value=00
ROM[roms/astdelux/036433-03.j1] Addr=7901 Value=E0
ROM[roms/astdelux/036433-03.j1] Addr=7902 Value=01
ROM[roms/astdelux/036433-03.j1] Addr=7903 Value=90
ROM[roms/astdelux/036433-03.j1] Addr=7904 Value=16
ROM[roms/astdelux/036433-03.j1] Addr=7905 Value=F0
ROM[roms/astdelux/036433-03.j1] Addr=7906 Value=0C
ROM[roms/astdelux/036433-03.j1] Addr=7907 Value=A5
ROM[roms/astdelux/036433-03.j1] Addr=7908 Value=8D
ROM[roms/astdelux/036433-03.j1] Addr=7909 Value=29
ROM[roms/astdelux/036433-03.j1] Addr=790A Value=0C
ROM[roms/astdelux/036433-03.j1] Addr=790B Value=4A
ROM[roms/astdelux/036433-03.j1] Addr=790C Value=4A
ROM[roms/astdelux/036433-03.j1] Addr=790D Value=F0
ROM[roms/astdelux/036433-03.j1] Addr=790E Value=0C
ROM[roms/astdelux/036433-03.j1] Addr=790F Value=69
ROM[roms/astdelux/036433-03.j1] Addr=7910 Value=02
ROM[roms/astdelux/036433-03.j1] Addr=7911 Value=D0
ROM[roms/astdelux/036433-03.j1] Addr=7912 Value=08
ROM[roms/astdelux/036433-03.j1] Addr=7913 Value=A5
ROM[roms/astdelux/036433-03.j1] Addr=7914 Value=8D
ROM[roms/astdelux/036433-03.j1] Addr=7915 Value=29
ROM[roms/astdelux/036433-03.j1] Addr=7916 Value=10
ROM[roms/astdelux/036433-03.j1] Addr=7917 Value=F0
ROM[roms/astdelux/036433-03.j1] Addr=7918 Value=02
ROM[roms/astdelux/036433-03.j1] Addr=7919 Value=A9
ROM[roms/astdelux/036433-03.j1] Addr=791A Value=01
ROM[roms/astdelux/036433-03.j1] Addr=791B Value=38
ROM[roms/astdelux/036433-03.j1] Addr=791C Value=48
ROM[roms/astdelux/036433-03.j1] Addr=791D Value=65
ROM[roms/astdelux/036433-03.j1] Addr=791E Value=99
ROM[roms/astdelux/036433-03.j1] Addr=791F Value=85
ROM[roms/astdelux/036433-03.j1] Addr=7920 Value=99
ROM[roms/astdelux/036433-03.j1] Addr=7921 Value=68
ROM[roms/astdelux/036433-03.j1] Addr=7922 Value=38
ROM[roms/astdelux/036433-03.j1] Addr=7923 Value=65
ROM[roms/astdelux/036433-03.j1] Addr=7924 Value=8F
ROM[roms/astdelux/036433-03.j1] Addr=7925 Value=85
ROM[roms/astdelux/036433-03.j1] Addr=7926 Value=8F
ROM[roms/astdelux/036433-03.j1] Addr=7927 Value=F6
ROM[roms/astdelux/036433-03.j1] Addr=7928 Value=90
ROM[roms/astdelux/036433-03.j1] Addr=7929 Value=CA
ROM[roms/astdelux/036433-03.j1] Addr=792A Value=30
ROM[roms/astdelux/036433-03.j1] Addr=792B Value=03
ROM[roms/astdelux/036433-03.j1] Addr=792C Value=4C
ROM[roms/astdelux/036433-03.j1] Addr=792D Value=A0
ROM[roms/astdelux/036433-03.j1] Addr=792E Value=78
ROM[roms/astdelux/036433-03.j1] Addr=792F Value=A5
ROM[roms/astdelux/036433-03.j1] Addr=7930 Value=8D
ROM[roms/astdelux/036433-03.j1] Addr=7931 Value=4A
ROM[roms/astdelux/036433-03.j1] Addr=7932 Value=4A
ROM[roms/astdelux/036433-03.j1] Addr=7933 Value=4A
ROM[roms/astdelux/036433-03.j1] Addr=7934 Value=4A
ROM[roms/astdelux/036433-03.j1] Addr=7935 Value=4A
ROM[roms/astdelux/036433-03.j1] Addr=7936 Value=A8
ROM[roms/astdelux/036433-03.j1] Addr=7937 Value=A5
ROM[roms/astdelux/036433-03.j1] Addr=7938 Value=99
ROM[roms/astdelux/036433-03.j1] Addr=7939 Value=38
ROM[roms/astdelux/036433-03.j1] Addr=793A Value=F9
ROM[roms/astdelux/036433-03.j1] Addr=793B Value=A5
ROM[roms/astdelux/036433-03.j1] Addr=793C Value=77
ROM[roms/astdelux/036433-03.j1] Addr=793D Value=30
ROM[roms/astdelux/036433-03.j1] Addr=793E Value=0A
ROM[roms/astdelux/036433-03.j1] Addr=793F Value=85
ROM[roms/astdelux/036433-03.j1] Addr=7940 Value=99
ROM[roms/astdelux/036433-03.j1] Addr=7941 Value=E6
ROM[roms/astdelux/036433-03.j1] Addr=7942 Value=9A
ROM[roms/astdelux/036433-03.j1] Addr=7943 Value=C0
ROM[roms/astdelux/036433-03.j1] Addr=7944 Value=03
ROM[roms/astdelux/036433-03.j1] Addr=7945 Value=D0
ROM[roms/astdelux/036433-03.j1] Addr=7946 Value=02
ROM[roms/astdelux/036433-03.j1] Addr=7947 Value=E6
ROM[roms/astdelux/036433-03.j1] Addr=7948 Value=9A
ROM[roms/astdelux/036433-03.j1] Addr=7949 Value=A5
ROM[roms/astdelux/036433-03.j1] Addr=794A Value=8D
ROM[roms/astdelux/036433-03.j1] Addr=794B Value=29
ROM[roms/astdelux/036433-03.j1] Addr=794C Value=03
ROM[roms/astdelux/036433-03.j1] Addr=794D Value=A8
ROM[roms/astdelux/036433-03.j1] Addr=794E Value=F0
ROM[roms/astdelux/036433-03.j1] Addr=794F Value=1A
ROM[roms/astdelux/036433-03.j1] Addr=7950 Value=4A
ROM[roms/astdelux/036433-03.j1] Addr=7951 Value=69
ROM[roms/astdelux/036433-03.j1] Addr=7952 Value=00
ROM[roms/astdelux/036433-03.j1] Addr=7953 Value=49
ROM[roms/astdelux/036433-03.j1] Addr=7954 Value=FF
ROM[roms/astdelux/036433-03.j1] Addr=7955 Value=38
ROM[roms/astdelux/036433-03.j1] Addr=7956 Value=65
ROM[roms/astdelux/036433-03.j1] Addr=7957 Value=8F
ROM[roms/astdelux/036433-03.j1] Addr=7958 Value=B0
ROM[roms/astdelux/036433-03.j1] Addr=7959 Value=08
ROM[roms/astdelux/036433-03.j1] Addr=795A Value=65
ROM[roms/astdelux/036433-03.j1] Addr=795B Value=9A
ROM[roms/astdelux/036433-03.j1] Addr=795C Value=30
ROM[roms/astdelux/036433-03.j1] Addr=795D Value=0E
ROM[roms/astdelux/036433-03.j1] Addr=795E Value=85
ROM[roms/astdelux/036433-03.j1] Addr=795F Value=9A
ROM[roms/astdelux/036433-03.j1] Addr=7960 Value=A9
ROM[roms/astdelux/036433-03.j1] Addr=7961 Value=00
ROM[roms/astdelux/036433-03.j1] Addr=7962 Value=C0
ROM[roms/astdelux/036433-03.j1] Addr=7963 Value=02
ROM[roms/astdelux/036433-03.j1] Addr=7964 Value=B0
ROM[roms/astdelux/036433-03.j1] Addr=7965 Value=02
ROM[roms/astdelux/036433-03.j1] Addr=7966 Value=E6
ROM[roms/astdelux/036433-03.j1] Addr=7967 Value=8C
ROM[roms/astdelux/036433-03.j1] Addr=7968 Value=E6
ROM[roms/astdelux/036433-03.j1] Addr=7969 Value=8C
ROM[roms/astdelux/036433-03.j1] Addr=796A Value=85
ROM[roms/astdelux/036433-03.j1] Addr=796B Value=8F
ROM[roms/astdelux/036433-03.j1] Addr=796C Value=A5
ROM[roms/astdelux/036433-03.j1] Addr=796D Value=78
ROM[roms/astdelux/036433-03.j1] Addr=796E Value=4A
ROM[roms/astdelux/036433-03.j1] Addr=796F Value=B0
ROM[roms/astdelux/036433-03.j1] Addr=7970 Value=27
ROM[roms/astdelux/036433-03.j1] Addr=7971 Value=A0
ROM[roms/astdelux/036433-03.j1] Addr=7972 Value=00
ROM[roms/astdelux/036433-03.j1] Addr=7973 Value=A2
ROM[roms/astdelux/036433-03.j1] Addr=7974 Value=02
ROM[roms/astdelux/036433-03.j1] Addr=7975 Value=B5
ROM[roms/astdelux/036433-03.j1] Addr=7976 Value=90
ROM[roms/astdelux/036433-03.j1] Addr=7977 Value=F0
ROM[roms/astdelux/036433-03.j1] Addr=7978 Value=09
ROM[roms/astdelux/036433-03.j1] Addr=7979 Value=C9
ROM[roms/astdelux/036433-03.j1] Addr=797A Value=10
ROM[roms/astdelux/036433-03.j1] Addr=797B Value=90
ROM[roms/astdelux/036433-03.j1] Addr=797C Value=05
ROM[roms/astdelux/036433-03.j1] Addr=797D Value=69
ROM[roms/astdelux/036433-03.j1] Addr=797E Value=EF
ROM[roms/astdelux/036433-03.j1] Addr=797F Value=C8
ROM[roms/astdelux/036433-03.j1] Addr=7980 Value=95
ROM[roms/astdelux/036433-03.j1] Addr=7981 Value=90
ROM[roms/astdelux/036433-03.j1] Addr=7982 Value=CA
ROM[roms/astdelux/036433-03.j1] Addr=7983 Value=10
ROM[roms/astdelux/036433-03.j1] Addr=7984 Value=F0
ROM[roms/astdelux/036433-03.j1] Addr=7985 Value=98
ROM[roms/astdelux/036433-03.j1] Addr=7986 Value=D0
ROM[roms/astdelux/036433-03.j1] Addr=7987 Value=10
ROM[roms/astdelux/036433-03.j1] Addr=7988 Value=A2
ROM[roms/astdelux/036433-03.j1] Addr=7989 Value=02
ROM[roms/astdelux/036433-03.j1] Addr=798A Value=B5
ROM[roms/astdelux/036433-03.j1] Addr=798B Value=90
ROM[roms/astdelux/036433-03.j1] Addr=798C Value=F0
ROM[roms/astdelux/036433-03.j1] Addr=798D Value=07
ROM[roms/astdelux/036433-03.j1] Addr=798E Value=18
ROM[roms/astdelux/036433-03.j1] Addr=798F Value=69
ROM[roms/astdelux/036433-03.j1] Addr=7990 Value=EF
ROM[roms/astdelux/036433-03.j1] Addr=7991 Value=95
ROM[roms/astdelux/036433-03.j1] Addr=7992 Value=90
ROM[roms/astdelux/036433-03.j1] Addr=7993 Value=30
ROM[roms/astdelux/036433-03.j1] Addr=7994 Value=03
ROM[roms/astdelux/036433-03.j1] Addr=7995 Value=CA
ROM[roms/astdelux/036433-03.j1] Addr=7996 Value=10
ROM[roms/astdelux/036433-03.j1] Addr=7997 Value=F2
ROM[roms/astdelux/036433-03.j1] Addr=7998 Value=A5
ROM[roms/astdelux/036433-03.j1] Addr=7999 Value=90
ROM[roms/astdelux/036433-03.j1] Addr=799A Value=8D
ROM[roms/astdelux/036433-03.j1] Addr=799B Value=05
ROM[roms/astdelux/036433-03.j1] Addr=799C Value=3C
ROM[roms/astdelux/036433-03.j1] Addr=799D Value=A5
ROM[roms/astdelux/036433-03.j1] Addr=799E Value=91
ROM[roms/astdelux/036433-03.j1] Addr=799F Value=8D
ROM[roms/astdelux/036433-03.j1] Addr=79A0 Value=06
ROM[roms/astdelux/036433-03.j1] Addr=79A1 Value=3C
ROM[roms/astdelux/036433-03.j1] Addr=79A2 Value=A5
ROM[roms/astdelux/036433-03.j1] Addr=79A3 Value=92
ROM[roms/astdelux/036433-03.j1] Addr=79A4 Value=8D
ROM[roms/astdelux/036433-03.j1] Addr=79A5 Value=07
ROM[roms/astdelux/036433-03.j1] Addr=79A6 Value=3C
ROM[roms/astdelux/036433-03.j1] Addr=79A7 Value=A5
ROM[roms/astdelux/036433-03.j1] Addr=79A8 Value=85
ROM[roms/astdelux/036433-03.j1] Addr=79A9 Value=49
ROM[roms/astdelux/036433-03.j1] Addr=79AA Value=03
ROM[roms/astdelux/036433-03.j1] Addr=79AB Value=6A
ROM[roms/astdelux/036433-03.j1] Addr=79AC Value=6A
ROM[roms/astdelux/036433-03.j1] Addr=79AD Value=8D
ROM[roms/astdelux/036433-03.j1] Addr=79AE Value=00
ROM[roms/astdelux/036433-03.j1] Addr=79AF Value=3C
ROM[roms/astdelux/036433-03.j1] Addr=79B0 Value=6A
ROM[roms/astdelux/036433-03.j1] Addr=79B1 Value=8D
ROM[roms/astdelux/036433-03.j1] Addr=79B2 Value=01
ROM[roms/astdelux/036433-03.j1] Addr=79B3 Value=3C
ROM[roms/astdelux/036433-03.j1] Addr=79B4 Value=A5
ROM[roms/astdelux/036433-03.j1] Addr=79B5 Value=8E
ROM[roms/astdelux/036433-03.j1] Addr=79B6 Value=F0
ROM[roms/astdelux/036433-03.j1] Addr=79B7 Value=0A
ROM[roms/astdelux/036433-03.j1] Addr=79B8 Value=A9
ROM[roms/astdelux/036433-03.j1] Addr=79B9 Value=08
ROM[roms/astdelux/036433-03.j1] Addr=79BA Value=A0
ROM[roms/astdelux/036433-03.j1] Addr=79BB Value=AF
ROM[roms/astdelux/036433-03.j1] Addr=79BC Value=8D
ROM[roms/astdelux/036433-03.j1] Addr=79BD Value=00
ROM[roms/astdelux/036433-03.j1] Addr=79BE Value=2C
ROM[roms/astdelux/036433-03.j1] Addr=79BF Value=8C
ROM[roms/astdelux/036433-03.j1] Addr=79C0 Value=01
ROM[roms/astdelux/036433-03.j1] Addr=79C1 Value=2C
ROM[roms/astdelux/036433-03.j1] Addr=79C2 Value=A9
ROM[roms/astdelux/036433-03.j1] Addr=79C3 Value=00
ROM[roms/astdelux/036433-03.j1] Addr=79C4 Value=0E
ROM[roms/astdelux/036433-03.j1] Addr=79C5 Value=04
ROM[roms/astdelux/036433-03.j1] Addr=79C6 Value=20
ROM[roms/astdelux/036433-03.j1] Addr=79C7 Value=90
ROM[roms/astdelux/036433-03.j1] Addr=79C8 Value=05
ROM[roms/astdelux/036433-03.j1] Addr=79C9 Value=A5
ROM[roms/astdelux/036433-03.j1] Addr=79CA Value=FE
ROM[roms/astdelux/036433-03.j1] Addr=79CB Value=09
ROM[roms/astdelux/036433-03.j1] Addr=79CC Value=08
ROM[roms/astdelux/036433-03.j1] Addr=79CD Value=0A
ROM[roms/astdelux/036433-03.j1] Addr=79CE Value=85
ROM[roms/astdelux/036433-03.j1] Addr=79CF Value=FE
ROM[roms/astdelux/036433-03.j1] Addr=79D0 Value=68
ROM[roms/astdelux/036433-03.j1] Addr=79D1 Value=AA
ROM[roms/astdelux/036433-03.j1] Addr=79D2 Value=68
ROM[roms/astdelux/036433-03.j1] Addr=79D3 Value=A8
ROM[roms/astdelux/036433-03.j1] Addr=79D4 Value=68
ROM[roms/astdelux/036433-03.j1] Addr=79D5 Value=40
ROM[roms/astdelux/036433-03.j1] Addr=79D6 Value=A9
ROM[roms/astdelux/036433-03.j1] Addr=79D7 Value=D0
ROM[roms/astdelux/036433-03.j1] Addr=79D8 Value=D0
ROM[roms/astdelux/036433-03.j1] Addr=79D9 Value=02
ROM[roms/astdelux/036433-03.j1] Addr=79DA Value=A9
ROM[roms/astdelux/036433-03.j1] Addr=79DB Value=B0
ROM[roms/astdelux/036433-03.j1] Addr=79DC Value=A0
ROM[roms/astdelux/036433-03.j1] Addr=79DD Value=00
ROM[roms/astdelux/036433-03.j1] Addr=79DE Value=91
ROM[roms/astdelux/036433-03.j1] Addr=79DF Value=03
ROM[roms/astdelux/036433-03.j1] Addr=79E0 Value=C8
ROM[roms/astdelux/036433-03.j1] Addr=79E1 Value=91
ROM[roms/astdelux/036433-03.j1] Addr=79E2 Value=03
ROM[roms/astdelux/036433-03.j1] Addr=79E3 Value=D0
ROM[roms/astdelux/036433-03.j1] Addr=79E4 Value=70
ROM[roms/astdelux/036433-03.j1] Addr=79E5 Value=90
ROM[roms/astdelux/036433-03.j1] Addr=79E6 Value=04
ROM[roms/astdelux/036433-03.j1] Addr=79E7 Value=29
ROM[roms/astdelux/036433-03.j1] Addr=79E8 Value=0F
ROM[roms/astdelux/036433-03.j1] Addr=79E9 Value=F0
ROM[roms/astdelux/036433-03.j1] Addr=79EA Value=05
ROM[roms/astdelux/036433-03.j1] Addr=79EB Value=29
ROM[roms/astdelux/036433-03.j1] Addr=79EC Value=0F
ROM[roms/astdelux/036433-03.j1] Addr=79ED Value=18
ROM[roms/astdelux/036433-03.j1] Addr=79EE Value=69
ROM[roms/astdelux/036433-03.j1] Addr=79EF Value=01
ROM[roms/astdelux/036433-03.j1] Addr=79F0 Value=08
ROM[roms/astdelux/036433-03.j1] Addr=79F1 Value=0A
ROM[roms/astdelux/036433-03.j1] Addr=79F2 Value=A8
ROM[roms/astdelux/036433-03.j1] Addr=79F3 Value=20
ROM[roms/astdelux/036433-03.j1] Addr=79F4 Value=F8
ROM[roms/astdelux/036433-03.j1] Addr=79F5 Value=79
ROM[roms/astdelux/036433-03.j1] Addr=79F6 Value=28
ROM[roms/astdelux/036433-03.j1] Addr=79F7 Value=60
ROM[roms/astdelux/036433-03.j1] Addr=79F8 Value=C0
ROM[roms/astdelux/036433-03.j1] Addr=79F9 Value=4A
ROM[roms/astdelux/036433-03.j1] Addr=79FA Value=90
ROM[roms/astdelux/036433-03.j1] Addr=79FB Value=02
ROM[roms/astdelux/036433-03.j1] Addr=79FC Value=A0
ROM[roms/astdelux/036433-03.j1] Addr=79FD Value=00
ROM[roms/astdelux/036433-03.j1] Addr=79FE Value=BE
ROM[roms/astdelux/036433-03.j1] Addr=79FF Value=F9
ROM[roms/astdelux/036433-03.j1] Addr=7A00 Value=56
ROM[roms/astdelux/036433-03.j1] Addr=7A01 Value=B9
ROM[roms/astdelux/036433-03.j1] Addr=7A02 Value=F8
ROM[roms/astdelux/036433-03.j1] Addr=7A03 Value=56
ROM[roms/astdelux/036433-03.j1] Addr=7A04 Value=4C
ROM[roms/astdelux/036433-03.j1] Addr=7A05 Value=D5
ROM[roms/astdelux/036433-03.j1] Addr=7A06 Value=7C
ROM[roms/astdelux/036433-03.j1] Addr=7A07 Value=4A
ROM[roms/astdelux/036433-03.j1] Addr=7A08 Value=29
ROM[roms/astdelux/036433-03.j1] Addr=7A09 Value=0F
ROM[roms/astdelux/036433-03.j1] Addr=7A0A Value=09
ROM[roms/astdelux/036433-03.j1] Addr=7A0B Value=E0
ROM[roms/astdelux/036433-03.j1] Addr=7A0C Value=A0
ROM[roms/astdelux/036433-03.j1] Addr=7A0D Value=01
ROM[roms/astdelux/036433-03.j1] Addr=7A0E Value=91
ROM[roms/astdelux/036433-03.j1] Addr=7A0F Value=03
ROM[roms/astdelux/036433-03.j1] Addr=7A10 Value=88
ROM[roms/astdelux/036433-03.j1] Addr=7A11 Value=8A
ROM[roms/astdelux/036433-03.j1] Addr=7A12 Value=6A
ROM[roms/astdelux/036433-03.j1] Addr=7A13 Value=91
ROM[roms/astdelux/036433-03.j1] Addr=7A14 Value=03
ROM[roms/astdelux/036433-03.j1] Addr=7A15 Value=C8
ROM[roms/astdelux/036433-03.j1] Addr=7A16 Value=D0
ROM[roms/astdelux/036433-03.j1] Addr=7A17 Value=3D
ROM[roms/astdelux/036433-03.j1] Addr=7A18 Value=4A
ROM[roms/astdelux/036433-03.j1] Addr=7A19 Value=29
ROM[roms/astdelux/036433-03.j1] Addr=7A1A Value=0F
ROM[roms/astdelux/036433-03.j1] Addr=7A1B Value=09
ROM[roms/astdelux/036433-03.j1] Addr=7A1C Value=C0
ROM[roms/astdelux/036433-03.j1] Addr=7A1D Value=D0
ROM[roms/astdelux/036433-03.j1] Addr=7A1E Value=ED
ROM[roms/astdelux/036433-03.j1] Addr=7A1F Value=A0
ROM[roms/astdelux/036433-03.j1] Addr=7A20 Value=00
ROM[roms/astdelux/036433-03.j1] Addr=7A21 Value=84
ROM[roms/astdelux/036433-03.j1] Addr=7A22 Value=06
ROM[roms/astdelux/036433-03.j1] Addr=7A23 Value=84
ROM[roms/astdelux/036433-03.j1] Addr=7A24 Value=08
ROM[roms/astdelux/036433-03.j1] Addr=7A25 Value=0A
ROM[roms/astdelux/036433-03.j1] Addr=7A26 Value=26
ROM[roms/astdelux/036433-03.j1] Addr=7A27 Value=06
ROM[roms/astdelux/036433-03.j1] Addr=7A28 Value=0A
ROM[roms/astdelux/036433-03.j1] Addr=7A29 Value=26
ROM[roms/astdelux/036433-03.j1] Addr=7A2A Value=06
ROM[roms/astdelux/036433-03.j1] Addr=7A2B Value=85
ROM[roms/astdelux/036433-03.j1] Addr=7A2C Value=05
ROM[roms/astdelux/036433-03.j1] Addr=7A2D Value=8A
ROM[roms/astdelux/036433-03.j1] Addr=7A2E Value=0A
ROM[roms/astdelux/036433-03.j1] Addr=7A2F Value=26
ROM[roms/astdelux/036433-03.j1] Addr=7A30 Value=08
ROM[roms/astdelux/036433-03.j1] Addr=7A31 Value=0A
ROM[roms/astdelux/036433-03.j1] Addr=7A32 Value=26
ROM[roms/astdelux/036433-03.j1] Addr=7A33 Value=08
ROM[roms/astdelux/036433-03.j1] Addr=7A34 Value=85
ROM[roms/astdelux/036433-03.j1] Addr=7A35 Value=07
ROM[roms/astdelux/036433-03.j1] Addr=7A36 Value=A2
ROM[roms/astdelux/036433-03.j1] Addr=7A37 Value=05
ROM[roms/astdelux/036433-03.j1] Addr=7A38 Value=B5
ROM[roms/astdelux/036433-03.j1] Addr=7A39 Value=02
ROM[roms/astdelux/036433-03.j1] Addr=7A3A Value=A0
ROM[roms/astdelux/036433-03.j1] Addr=7A3B Value=00
ROM[roms/astdelux/036433-03.j1] Addr=7A3C Value=91
ROM[roms/astdelux/036433-03.j1] Addr=7A3D Value=03
ROM[roms/astdelux/036433-03.j1] Addr=7A3E Value=B5
ROM[roms/astdelux/036433-03.j1] Addr=7A3F Value=03
ROM[roms/astdelux/036433-03.j1] Addr=7A40 Value=29
ROM[roms/astdelux/036433-03.j1] Addr=7A41 Value=0F
ROM[roms/astdelux/036433-03.j1] Addr=7A42 Value=09
ROM[roms/astdelux/036433-03.j1] Addr=7A43 Value=A0
ROM[roms/astdelux/036433-03.j1] Addr=7A44 Value=C8
ROM[roms/astdelux/036433-03.j1] Addr=7A45 Value=91
ROM[roms/astdelux/036433-03.j1] Addr=7A46 Value=03
ROM[roms/astdelux/036433-03.j1] Addr=7A47 Value=B5
ROM[roms/astdelux/036433-03.j1] Addr=7A48 Value=00
ROM[roms/astdelux/036433-03.j1] Addr=7A49 Value=C8
ROM[roms/astdelux/036433-03.j1] Addr=7A4A Value=91
ROM[roms/astdelux/036433-03.j1] Addr=7A4B Value=03
ROM[roms/astdelux/036433-03.j1] Addr=7A4C Value=B5
ROM[roms/astdelux/036433-03.j1] Addr=7A4D Value=01
ROM[roms/astdelux/036433-03.j1] Addr=7A4E Value=29
ROM[roms/astdelux/036433-03.j1] Addr=7A4F Value=0F
ROM[roms/astdelux/036433-03.j1] Addr=7A50 Value=05
ROM[roms/astdelux/036433-03.j1] Addr=7A51 Value=01
ROM[roms/astdelux/036433-03.j1] Addr=7A52 Value=C8
ROM[roms/astdelux/036433-03.j1] Addr=7A53 Value=91
ROM[roms/astdelux/036433-03.j1] Addr=7A54 Value=03
ROM[roms/astdelux/036433-03.j1] Addr=7A55 Value=98
ROM[roms/astdelux/036433-03.j1] Addr=7A56 Value=38
ROM[roms/astdelux/036433-03.j1] Addr=7A57 Value=65
ROM[roms/astdelux/036433-03.j1] Addr=7A58 Value=03
ROM[roms/astdelux/036433-03.j1] Addr=7A59 Value=85
ROM[roms/astdelux/036433-03.j1] Addr=7A5A Value=03
ROM[roms/astdelux/036433-03.j1] Addr=7A5B Value=90
ROM[roms/astdelux/036433-03.j1] Addr=7A5C Value=02
ROM[roms/astdelux/036433-03.j1] Addr=7A5D Value=E6
ROM[roms/astdelux/036433-03.j1] Addr=7A5E Value=04
ROM[roms/astdelux/036433-03.j1] Addr=7A5F Value=60
ROM[roms/astdelux/036433-03.j1] Addr=7A60 Value=A2
ROM[roms/astdelux/036433-03.j1] Addr=7A61 Value=00
ROM[roms/astdelux/036433-03.j1] Addr=7A62 Value=A5
ROM[roms/astdelux/036433-03.j1] Addr=7A63 Value=06
ROM[roms/astdelux/036433-03.j1] Addr=7A64 Value=C9
ROM[roms/astdelux/036433-03.j1] Addr=7A65 Value=80
ROM[roms/astdelux/036433-03.j1] Addr=7A66 Value=90
ROM[roms/astdelux/036433-03.j1] Addr=7A67 Value=0A
ROM[roms/astdelux/036433-03.j1] Addr=7A68 Value=8A
ROM[roms/astdelux/036433-03.j1] Addr=7A69 Value=E5
ROM[roms/astdelux/036433-03.j1] Addr=7A6A Value=05
ROM[roms/astdelux/036433-03.j1] Addr=7A6B Value=85
ROM[roms/astdelux/036433-03.j1] Addr=7A6C Value=05
ROM[roms/astdelux/036433-03.j1] Addr=7A6D Value=8A
ROM[roms/astdelux/036433-03.j1] Addr=7A6E Value=E5
ROM[roms/astdelux/036433-03.j1] Addr=7A6F Value=06
ROM[roms/astdelux/036433-03.j1] Addr=7A70 Value=85
ROM[roms/astdelux/036433-03.j1] Addr=7A71 Value=06
ROM[roms/astdelux/036433-03.j1] Addr=7A72 Value=26
ROM[roms/astdelux/036433-03.j1] Addr=7A73 Value=09
ROM[roms/astdelux/036433-03.j1] Addr=7A74 Value=A5
ROM[roms/astdelux/036433-03.j1] Addr=7A75 Value=08
ROM[roms/astdelux/036433-03.j1] Addr=7A76 Value=C9
ROM[roms/astdelux/036433-03.j1] Addr=7A77 Value=80
ROM[roms/astdelux/036433-03.j1] Addr=7A78 Value=90
ROM[roms/astdelux/036433-03.j1] Addr=7A79 Value=0A
ROM[roms/astdelux/036433-03.j1] Addr=7A7A Value=8A
ROM[roms/astdelux/036433-03.j1] Addr=7A7B Value=E5
ROM[roms/astdelux/036433-03.j1] Addr=7A7C Value=07
ROM[roms/astdelux/036433-03.j1] Addr=7A7D Value=85
ROM[roms/astdelux/036433-03.j1] Addr=7A7E Value=07
ROM[roms/astdelux/036433-03.j1] Addr=7A7F Value=8A
ROM[roms/astdelux/036433-03.j1] Addr=7A80 Value=E5
ROM[roms/astdelux/036433-03.j1] Addr=7A81 Value=08
ROM[roms/astdelux/036433-03.j1] Addr=7A82 Value=85
ROM[roms/astdelux/036433-03.j1] Addr=7A83 Value=08
ROM[roms/astdelux/036433-03.j1] Addr=7A84 Value=26
ROM[roms/astdelux/036433-03.j1] Addr=7A85 Value=09
ROM[roms/astdelux/036433-03.j1] Addr=7A86 Value=05
ROM[roms/astdelux/036433-03.j1] Addr=7A87 Value=06
ROM[roms/astdelux/036433-03.j1] Addr=7A88 Value=F0
ROM[roms/astdelux/036433-03.j1] Addr=7A89 Value=08
ROM[roms/astdelux/036433-03.j1] Addr=7A8A Value=C9
ROM[roms/astdelux/036433-03.j1] Addr=7A8B Value=02
ROM[roms/astdelux/036433-03.j1] Addr=7A8C Value=B0
ROM[roms/astdelux/036433-03.j1] Addr=7A8D Value=24
ROM[roms/astdelux/036433-03.j1] Addr=7A8E Value=A0
ROM[roms/astdelux/036433-03.j1] Addr=7A8F Value=01
ROM[roms/astdelux/036433-03.j1] Addr=7A90 Value=D0
ROM[roms/astdelux/036433-03.j1] Addr=7A91 Value=10
ROM[roms/astdelux/036433-03.j1] Addr=7A92 Value=A0
ROM[roms/astdelux/036433-03.j1] Addr=7A93 Value=02
ROM[roms/astdelux/036433-03.j1] Addr=7A94 Value=A2
ROM[roms/astdelux/036433-03.j1] Addr=7A95 Value=09
ROM[roms/astdelux/036433-03.j1] Addr=7A96 Value=A5
ROM[roms/astdelux/036433-03.j1] Addr=7A97 Value=05
ROM[roms/astdelux/036433-03.j1] Addr=7A98 Value=05
ROM[roms/astdelux/036433-03.j1] Addr=7A99 Value=07
ROM[roms/astdelux/036433-03.j1] Addr=7A9A Value=F0
ROM[roms/astdelux/036433-03.j1] Addr=7A9B Value=16
ROM[roms/astdelux/036433-03.j1] Addr=7A9C Value=30
ROM[roms/astdelux/036433-03.j1] Addr=7A9D Value=04
ROM[roms/astdelux/036433-03.j1] Addr=7A9E Value=C8
ROM[roms/astdelux/036433-03.j1] Addr=7A9F Value=0A
ROM[roms/astdelux/036433-03.j1] Addr=7AA0 Value=10
ROM[roms/astdelux/036433-03.j1] Addr=7AA1 Value=FC
ROM[roms/astdelux/036433-03.j1] Addr=7AA2 Value=98
ROM[roms/astdelux/036433-03.j1] Addr=7AA3 Value=AA
ROM[roms/astdelux/036433-03.j1] Addr=7AA4 Value=A5
ROM[roms/astdelux/036433-03.j1] Addr=7AA5 Value=06
ROM[roms/astdelux/036433-03.j1] Addr=7AA6 Value=06
ROM[roms/astdelux/036433-03.j1] Addr=7AA7 Value=05
ROM[roms/astdelux/036433-03.j1] Addr=7AA8 Value=2A
ROM[roms/astdelux/036433-03.j1] Addr=7AA9 Value=06
ROM[roms/astdelux/036433-03.j1] Addr=7AAA Value=07
ROM[roms/astdelux/036433-03.j1] Addr=7AAB Value=26
ROM[roms/astdelux/036433-03.j1] Addr=7AAC Value=08
ROM[roms/astdelux/036433-03.j1] Addr=7AAD Value=88
ROM[roms/astdelux/036433-03.j1] Addr=7AAE Value=D0
ROM[roms/astdelux/036433-03.j1] Addr=7AAF Value=F6
ROM[roms/astdelux/036433-03.j1] Addr=7AB0 Value=85
ROM[roms/astdelux/036433-03.j1] Addr=7AB1 Value=06
ROM[roms/astdelux/036433-03.j1] Addr=7AB2 Value=8A
ROM[roms/astdelux/036433-03.j1] Addr=7AB3 Value=38
ROM[roms/astdelux/036433-03.j1] Addr=7AB4 Value=E9
ROM[roms/astdelux/036433-03.j1] Addr=7AB5 Value=0A
ROM[roms/astdelux/036433-03.j1] Addr=7AB6 Value=49
ROM[roms/astdelux/036433-03.j1] Addr=7AB7 Value=FF
ROM[roms/astdelux/036433-03.j1] Addr=7AB8 Value=0A
ROM[roms/astdelux/036433-03.j1] Addr=7AB9 Value=66
ROM[roms/astdelux/036433-03.j1] Addr=7ABA Value=09
ROM[roms/astdelux/036433-03.j1] Addr=7ABB Value=2A
ROM[roms/astdelux/036433-03.j1] Addr=7ABC Value=66
ROM[roms/astdelux/036433-03.j1] Addr=7ABD Value=09
ROM[roms/astdelux/036433-03.j1] Addr=7ABE Value=2A
ROM[roms/astdelux/036433-03.j1] Addr=7ABF Value=0A
ROM[roms/astdelux/036433-03.j1] Addr=7AC0 Value=85
ROM[roms/astdelux/036433-03.j1] Addr=7AC1 Value=09
ROM[roms/astdelux/036433-03.j1] Addr=7AC2 Value=A0
ROM[roms/astdelux/036433-03.j1] Addr=7AC3 Value=00
ROM[roms/astdelux/036433-03.j1] Addr=7AC4 Value=A5
ROM[roms/astdelux/036433-03.j1] Addr=7AC5 Value=07
ROM[roms/astdelux/036433-03.j1] Addr=7AC6 Value=91
ROM[roms/astdelux/036433-03.j1] Addr=7AC7 Value=03
ROM[roms/astdelux/036433-03.j1] Addr=7AC8 Value=A5
ROM[roms/astdelux/036433-03.j1] Addr=7AC9 Value=09
ROM[roms/astdelux/036433-03.j1] Addr=7ACA Value=29
ROM[roms/astdelux/036433-03.j1] Addr=7ACB Value=F4
ROM[roms/astdelux/036433-03.j1] Addr=7ACC Value=05
ROM[roms/astdelux/036433-03.j1] Addr=7ACD Value=08
ROM[roms/astdelux/036433-03.j1] Addr=7ACE Value=C8
ROM[roms/astdelux/036433-03.j1] Addr=7ACF Value=91
ROM[roms/astdelux/036433-03.j1] Addr=7AD0 Value=03
ROM[roms/astdelux/036433-03.j1] Addr=7AD1 Value=A5
ROM[roms/astdelux/036433-03.j1] Addr=7AD2 Value=05
ROM[roms/astdelux/036433-03.j1] Addr=7AD3 Value=C8
ROM[roms/astdelux/036433-03.j1] Addr=7AD4 Value=91
ROM[roms/astdelux/036433-03.j1] Addr=7AD5 Value=03
ROM[roms/astdelux/036433-03.j1] Addr=7AD6 Value=A5
ROM[roms/astdelux/036433-03.j1] Addr=7AD7 Value=09
ROM[roms/astdelux/036433-03.j1] Addr=7AD8 Value=29
ROM[roms/astdelux/036433-03.j1] Addr=7AD9 Value=02
ROM[roms/astdelux/036433-03.j1] Addr=7ADA Value=0A
ROM[roms/astdelux/036433-03.j1] Addr=7ADB Value=05
ROM[roms/astdelux/036433-03.j1] Addr=7ADC Value=02
ROM[roms/astdelux/036433-03.j1] Addr=7ADD Value=05
ROM[roms/astdelux/036433-03.j1] Addr=7ADE Value=06
ROM[roms/astdelux/036433-03.j1] Addr=7ADF Value=C8
ROM[roms/astdelux/036433-03.j1] Addr=7AE0 Value=91
ROM[roms/astdelux/036433-03.j1] Addr=7AE1 Value=03
ROM[roms/astdelux/036433-03.j1] Addr=7AE2 Value=4C
ROM[roms/astdelux/036433-03.j1] Addr=7AE3 Value=55
ROM[roms/astdelux/036433-03.j1] Addr=7AE4 Value=7A
ROM[roms/astdelux/036433-03.j1] Addr=7AE5 Value=20
ROM[roms/astdelux/036433-03.j1] Addr=7AE6 Value=1F
ROM[roms/astdelux/036433-03.j1] Addr=7AE7 Value=7A
ROM[roms/astdelux/036433-03.j1] Addr=7AE8 Value=A9
ROM[roms/astdelux/036433-03.j1] Addr=7AE9 Value=70
ROM[roms/astdelux/036433-03.j1] Addr=7AEA Value=A2
ROM[roms/astdelux/036433-03.j1] Addr=7AEB Value=00
ROM[roms/astdelux/036433-03.j1] Addr=7AEC Value=A0
ROM[roms/astdelux/036433-03.j1] Addr=7AED Value=01
ROM[roms/astdelux/036433-03.j1] Addr=7AEE Value=91
ROM[roms/astdelux/036433-03.j1] Addr=7AEF Value=03
ROM[roms/astdelux/036433-03.j1] Addr=7AF0 Value=88
ROM[roms/astdelux/036433-03.j1] Addr=7AF1 Value=98
ROM[roms/astdelux/036433-03.j1] Addr=7AF2 Value=91
ROM[roms/astdelux/036433-03.j1] Addr=7AF3 Value=03
ROM[roms/astdelux/036433-03.j1] Addr=7AF4 Value=C8
ROM[roms/astdelux/036433-03.j1] Addr=7AF5 Value=C8
ROM[roms/astdelux/036433-03.j1] Addr=7AF6 Value=91
ROM[roms/astdelux/036433-03.j1] Addr=7AF7 Value=03
ROM[roms/astdelux/036433-03.j1] Addr=7AF8 Value=C8
ROM[roms/astdelux/036433-03.j1] Addr=7AF9 Value=8A
ROM[roms/astdelux/036433-03.j1] Addr=7AFA Value=91
ROM[roms/astdelux/036433-03.j1] Addr=7AFB Value=03
ROM[roms/astdelux/036433-03.j1] Addr=7AFC Value=4C
ROM[roms/astdelux/036433-03.j1] Addr=7AFD Value=55
ROM[roms/astdelux/036433-03.j1] Addr=7AFE Value=7A
ROM[roms/astdelux/036433-03.j1] Addr=7AFF Value=A5
ROM[roms/astdelux/036433-03.j1] Addr=7B00 Value=78
ROM[roms/astdelux/036433-03.j1] Addr=7B01 Value=29
ROM[roms/astdelux/036433-03.j1] Addr=7B02 Value=0C
ROM[roms/astdelux/036433-03.j1] Addr=7B03 Value=D0
ROM[roms/astdelux/036433-03.j1] Addr=7B04 Value=21
ROM[roms/astdelux/036433-03.j1] Addr=7B05 Value=A5
ROM[roms/astdelux/036433-03.j1] Addr=7B06 Value=CD
ROM[roms/astdelux/036433-03.j1] Addr=7B07 Value=F0
ROM[roms/astdelux/036433-03.j1] Addr=7B08 Value=1A
ROM[roms/astdelux/036433-03.j1] Addr=7B09 Value=10
ROM[roms/astdelux/036433-03.j1] Addr=7B0A Value=1C
ROM[roms/astdelux/036433-03.j1] Addr=7B0B Value=A6
ROM[roms/astdelux/036433-03.j1] Addr=7B0C Value=CB
ROM[roms/astdelux/036433-03.j1] Addr=7B0D Value=A9
ROM[roms/astdelux/036433-03.j1] Addr=7B0E Value=06
ROM[roms/astdelux/036433-03.j1] Addr=7B0F Value=8D
ROM[roms/astdelux/036433-03.j1] Addr=7B10 Value=00
ROM[roms/astdelux/036433-03.j1] Addr=7B11 Value=3A
ROM[roms/astdelux/036433-03.j1] Addr=7B12 Value=9D
ROM[roms/astdelux/036433-03.j1] Addr=7B13 Value=00
ROM[roms/astdelux/036433-03.j1] Addr=7B14 Value=32
ROM[roms/astdelux/036433-03.j1] Addr=7B15 Value=A9
ROM[roms/astdelux/036433-03.j1] Addr=7B16 Value=0E
ROM[roms/astdelux/036433-03.j1] Addr=7B17 Value=C6
ROM[roms/astdelux/036433-03.j1] Addr=7B18 Value=CB
ROM[roms/astdelux/036433-03.j1] Addr=7B19 Value=C6
ROM[roms/astdelux/036433-03.j1] Addr=7B1A Value=CC
ROM[roms/astdelux/036433-03.j1] Addr=7B1B Value=D0
ROM[roms/astdelux/036433-03.j1] Addr=7B1C Value=06
ROM[roms/astdelux/036433-03.j1] Addr=7B1D Value=A2
ROM[roms/astdelux/036433-03.j1] Addr=7B1E Value=40
ROM[roms/astdelux/036433-03.j1] Addr=7B1F Value=86
ROM[roms/astdelux/036433-03.j1] Addr=7B20 Value=CD
ROM[roms/astdelux/036433-03.j1] Addr=7B21 Value=E6
ROM[roms/astdelux/036433-03.j1] Addr=7B22 Value=CB
ROM[roms/astdelux/036433-03.j1] Addr=7B23 Value=8D
ROM[roms/astdelux/036433-03.j1] Addr=7B24 Value=00
ROM[roms/astdelux/036433-03.j1] Addr=7B25 Value=3A
ROM[roms/astdelux/036433-03.j1] Addr=7B26 Value=60
ROM[roms/astdelux/036433-03.j1] Addr=7B27 Value=A4
ROM[roms/astdelux/036433-03.j1] Addr=7B28 Value=CC
ROM[roms/astdelux/036433-03.j1] Addr=7B29 Value=D0
ROM[roms/astdelux/036433-03.j1] Addr=7B2A Value=02
ROM[roms/astdelux/036433-03.j1] Addr=7B2B Value=84
ROM[roms/astdelux/036433-03.j1] Addr=7B2C Value=CF
ROM[roms/astdelux/036433-03.j1] Addr=7B2D Value=0A
ROM[roms/astdelux/036433-03.j1] Addr=7B2E Value=10
ROM[roms/astdelux/036433-03.j1] Addr=7B2F Value=35
ROM[roms/astdelux/036433-03.j1] Addr=7B30 Value=B9
ROM[roms/astdelux/036433-03.j1] Addr=7B31 Value=C0
ROM[roms/astdelux/036433-03.j1] Addr=7B32 Value=7B
ROM[roms/astdelux/036433-03.j1] Addr=7B33 Value=10
ROM[roms/astdelux/036433-03.j1] Addr=7B34 Value=0C
ROM[roms/astdelux/036433-03.j1] Addr=7B35 Value=85
ROM[roms/astdelux/036433-03.j1] Addr=7B36 Value=CC
ROM[roms/astdelux/036433-03.j1] Addr=7B37 Value=E6
ROM[roms/astdelux/036433-03.j1] Addr=7B38 Value=CE
ROM[roms/astdelux/036433-03.j1] Addr=7B39 Value=E6
ROM[roms/astdelux/036433-03.j1] Addr=7B3A Value=CE
ROM[roms/astdelux/036433-03.j1] Addr=7B3B Value=E6
ROM[roms/astdelux/036433-03.j1] Addr=7B3C Value=CE
ROM[roms/astdelux/036433-03.j1] Addr=7B3D Value=A5
ROM[roms/astdelux/036433-03.j1] Addr=7B3E Value=CF
ROM[roms/astdelux/036433-03.j1] Addr=7B3F Value=90
ROM[roms/astdelux/036433-03.j1] Addr=7B40 Value=0B
ROM[roms/astdelux/036433-03.j1] Addr=7B41 Value=65
ROM[roms/astdelux/036433-03.j1] Addr=7B42 Value=CE
ROM[roms/astdelux/036433-03.j1] Addr=7B43 Value=AA
ROM[roms/astdelux/036433-03.j1] Addr=7B44 Value=B5
ROM[roms/astdelux/036433-03.j1] Addr=7B45 Value=23
ROM[roms/astdelux/036433-03.j1] Addr=7B46 Value=65
ROM[roms/astdelux/036433-03.j1] Addr=7B47 Value=CF
ROM[roms/astdelux/036433-03.j1] Addr=7B48 Value=85
ROM[roms/astdelux/036433-03.j1] Addr=7B49 Value=CF
ROM[roms/astdelux/036433-03.j1] Addr=7B4A Value=B5
ROM[roms/astdelux/036433-03.j1] Addr=7B4B Value=23
ROM[roms/astdelux/036433-03.j1] Addr=7B4C Value=E6
ROM[roms/astdelux/036433-03.j1] Addr=7B4D Value=CC
ROM[roms/astdelux/036433-03.j1] Addr=7B4E Value=A6
ROM[roms/astdelux/036433-03.j1] Addr=7B4F Value=CB
ROM[roms/astdelux/036433-03.j1] Addr=7B50 Value=9D
ROM[roms/astdelux/036433-03.j1] Addr=7B51 Value=00
ROM[roms/astdelux/036433-03.j1] Addr=7B52 Value=32
ROM[roms/astdelux/036433-03.j1] Addr=7B53 Value=A9
ROM[roms/astdelux/036433-03.j1] Addr=7B54 Value=04
ROM[roms/astdelux/036433-03.j1] Addr=7B55 Value=8D
ROM[roms/astdelux/036433-03.j1] Addr=7B56 Value=00
ROM[roms/astdelux/036433-03.j1] Addr=7B57 Value=3A
ROM[roms/astdelux/036433-03.j1] Addr=7B58 Value=A9
ROM[roms/astdelux/036433-03.j1] Addr=7B59 Value=0C
ROM[roms/astdelux/036433-03.j1] Addr=7B5A Value=E8
ROM[roms/astdelux/036433-03.j1] Addr=7B5B Value=E0
ROM[roms/astdelux/036433-03.j1] Addr=7B5C Value=15
ROM[roms/astdelux/036433-03.j1] Addr=7B5D Value=90
ROM[roms/astdelux/036433-03.j1] Addr=7B5E Value=C2
ROM[roms/astdelux/036433-03.j1] Addr=7B5F Value=A2
ROM[roms/astdelux/036433-03.j1] Addr=7B60 Value=00
ROM[roms/astdelux/036433-03.j1] Addr=7B61 Value=86
ROM[roms/astdelux/036433-03.j1] Addr=7B62 Value=CD
ROM[roms/astdelux/036433-03.j1] Addr=7B63 Value=F0
ROM[roms/astdelux/036433-03.j1] Addr=7B64 Value=BE
ROM[roms/astdelux/036433-03.j1] Addr=7B65 Value=A6
ROM[roms/astdelux/036433-03.j1] Addr=7B66 Value=CB
ROM[roms/astdelux/036433-03.j1] Addr=7B67 Value=A9
ROM[roms/astdelux/036433-03.j1] Addr=7B68 Value=08
ROM[roms/astdelux/036433-03.j1] Addr=7B69 Value=9D
ROM[roms/astdelux/036433-03.j1] Addr=7B6A Value=00
ROM[roms/astdelux/036433-03.j1] Addr=7B6B Value=32
ROM[roms/astdelux/036433-03.j1] Addr=7B6C Value=8D
ROM[roms/astdelux/036433-03.j1] Addr=7B6D Value=00
ROM[roms/astdelux/036433-03.j1] Addr=7B6E Value=3A
ROM[roms/astdelux/036433-03.j1] Addr=7B6F Value=A9
ROM[roms/astdelux/036433-03.j1] Addr=7B70 Value=09
ROM[roms/astdelux/036433-03.j1] Addr=7B71 Value=8D
ROM[roms/astdelux/036433-03.j1] Addr=7B72 Value=00
ROM[roms/astdelux/036433-03.j1] Addr=7B73 Value=3A
ROM[roms/astdelux/036433-03.j1] Addr=7B74 Value=A9
ROM[roms/astdelux/036433-03.j1] Addr=7B75 Value=08
ROM[roms/astdelux/036433-03.j1] Addr=7B76 Value=8D
ROM[roms/astdelux/036433-03.j1] Addr=7B77 Value=00
ROM[roms/astdelux/036433-03.j1] Addr=7B78 Value=3A
ROM[roms/astdelux/036433-03.j1] Addr=7B79 Value=A2
ROM[roms/astdelux/036433-03.j1] Addr=7B7A Value=00
ROM[roms/astdelux/036433-03.j1] Addr=7B7B Value=B9
ROM[roms/astdelux/036433-03.j1] Addr=7B7C Value=C0
ROM[roms/astdelux/036433-03.j1] Addr=7B7D Value=7B
ROM[roms/astdelux/036433-03.j1] Addr=7B7E Value=10
ROM[roms/astdelux/036433-03.j1] Addr=7B7F Value=2A
ROM[roms/astdelux/036433-03.j1] Addr=7B80 Value=86
ROM[roms/astdelux/036433-03.j1] Addr=7B81 Value=CC
ROM[roms/astdelux/036433-03.j1] Addr=7B82 Value=AD
ROM[roms/astdelux/036433-03.j1] Addr=7B83 Value=40
ROM[roms/astdelux/036433-03.j1] Addr=7B84 Value=2C
ROM[roms/astdelux/036433-03.j1] Addr=7B85 Value=8E
ROM[roms/astdelux/036433-03.j1] Addr=7B86 Value=00
ROM[roms/astdelux/036433-03.j1] Addr=7B87 Value=3A
ROM[roms/astdelux/036433-03.j1] Addr=7B88 Value=45
ROM[roms/astdelux/036433-03.j1] Addr=7B89 Value=CF
ROM[roms/astdelux/036433-03.j1] Addr=7B8A Value=F0
ROM[roms/astdelux/036433-03.j1] Addr=7B8B Value=16
ROM[roms/astdelux/036433-03.j1] Addr=7B8C Value=A0
ROM[roms/astdelux/036433-03.j1] Addr=7B8D Value=02
ROM[roms/astdelux/036433-03.j1] Addr=7B8E Value=98
ROM[roms/astdelux/036433-03.j1] Addr=7B8F Value=65
ROM[roms/astdelux/036433-03.j1] Addr=7B90 Value=CE
ROM[roms/astdelux/036433-03.j1] Addr=7B91 Value=AA
ROM[roms/astdelux/036433-03.j1] Addr=7B92 Value=A9
ROM[roms/astdelux/036433-03.j1] Addr=7B93 Value=00
ROM[roms/astdelux/036433-03.j1] Addr=7B94 Value=95
ROM[roms/astdelux/036433-03.j1] Addr=7B95 Value=23
ROM[roms/astdelux/036433-03.j1] Addr=7B96 Value=95
ROM[roms/astdelux/036433-03.j1] Addr=7B97 Value=44
ROM[roms/astdelux/036433-03.j1] Addr=7B98 Value=CA
ROM[roms/astdelux/036433-03.j1] Addr=7B99 Value=88
ROM[roms/astdelux/036433-03.j1] Addr=7B9A Value=10
ROM[roms/astdelux/036433-03.j1] Addr=7B9B Value=F8
ROM[roms/astdelux/036433-03.j1] Addr=7B9C Value=E6
ROM[roms/astdelux/036433-03.j1] Addr=7B9D Value=D0
ROM[roms/astdelux/036433-03.j1] Addr=7B9E Value=A6
ROM[roms/astdelux/036433-03.j1] Addr=7B9F Value=CB
ROM[roms/astdelux/036433-03.j1] Addr=7BA0 Value=10
ROM[roms/astdelux/036433-03.j1] Addr=7BA1 Value=B8
ROM[roms/astdelux/036433-03.j1] Addr=7BA2 Value=E6
ROM[roms/astdelux/036433-03.j1] Addr=7BA3 Value=CE
ROM[roms/astdelux/036433-03.j1] Addr=7BA4 Value=E6
ROM[roms/astdelux/036433-03.j1] Addr=7BA5 Value=CE
ROM[roms/astdelux/036433-03.j1] Addr=7BA6 Value=E6
ROM[roms/astdelux/036433-03.j1] Addr=7BA7 Value=CE
ROM[roms/astdelux/036433-03.j1] Addr=7BA8 Value=10
ROM[roms/astdelux/036433-03.j1] Addr=7BA9 Value=F4
ROM[roms/astdelux/036433-03.j1] Addr=7BAA Value=65
ROM[roms/astdelux/036433-03.j1] Addr=7BAB Value=CE
ROM[roms/astdelux/036433-03.j1] Addr=7BAC Value=A8
ROM[roms/astdelux/036433-03.j1] Addr=7BAD Value=AD
ROM[roms/astdelux/036433-03.j1] Addr=7BAE Value=40
ROM[roms/astdelux/036433-03.j1] Addr=7BAF Value=2C
ROM[roms/astdelux/036433-03.j1] Addr=7BB0 Value=8E
ROM[roms/astdelux/036433-03.j1] Addr=7BB1 Value=00
ROM[roms/astdelux/036433-03.j1] Addr=7BB2 Value=3A
ROM[roms/astdelux/036433-03.j1] Addr=7BB3 Value=99
ROM[roms/astdelux/036433-03.j1] Addr=7BB4 Value=23
ROM[roms/astdelux/036433-03.j1] Addr=7BB5 Value=00
ROM[roms/astdelux/036433-03.j1] Addr=7BB6 Value=65
ROM[roms/astdelux/036433-03.j1] Addr=7BB7 Value=CF
ROM[roms/astdelux/036433-03.j1] Addr=7BB8 Value=85
ROM[roms/astdelux/036433-03.j1] Addr=7BB9 Value=CF
ROM[roms/astdelux/036433-03.j1] Addr=7BBA Value=E6
ROM[roms/astdelux/036433-03.j1] Addr=7BBB Value=CC
ROM[roms/astdelux/036433-03.j1] Addr=7BBC Value=A9
ROM[roms/astdelux/036433-03.j1] Addr=7BBD Value=00
ROM[roms/astdelux/036433-03.j1] Addr=7BBE Value=F0
ROM[roms/astdelux/036433-03.j1] Addr=7BBF Value=DE
ROM[roms/astdelux/036433-03.j1] Addr=7BC0 Value=00
ROM[roms/astdelux/036433-03.j1] Addr=7BC1 Value=01
ROM[roms/astdelux/036433-03.j1] Addr=7BC2 Value=02
ROM[roms/astdelux/036433-03.j1] Addr=7BC3 Value=21
ROM[roms/astdelux/036433-03.j1] Addr=7BC4 Value=22
ROM[roms/astdelux/036433-03.j1] Addr=7BC5 Value=23
ROM[roms/astdelux/036433-03.j1] Addr=7BC6 Value=FF
ROM[roms/astdelux/036433-03.j1] Addr=7BC7 Value=A4
ROM[roms/astdelux/036433-03.j1] Addr=7BC8 Value=CD
ROM[roms/astdelux/036433-03.j1] Addr=7BC9 Value=D0
ROM[roms/astdelux/036433-03.j1] Addr=7BCA Value=17
ROM[roms/astdelux/036433-03.j1] Addr=7BCB Value=A9
ROM[roms/astdelux/036433-03.j1] Addr=7BCC Value=08
ROM[roms/astdelux/036433-03.j1] Addr=7BCD Value=C5
ROM[roms/astdelux/036433-03.j1] Addr=7BCE Value=CE
ROM[roms/astdelux/036433-03.j1] Addr=7BCF Value=90
ROM[roms/astdelux/036433-03.j1] Addr=7BD0 Value=11
ROM[roms/astdelux/036433-03.j1] Addr=7BD1 Value=66
ROM[roms/astdelux/036433-03.j1] Addr=7BD2 Value=CD
ROM[roms/astdelux/036433-03.j1] Addr=7BD3 Value=A5
ROM[roms/astdelux/036433-03.j1] Addr=7BD4 Value=D0
ROM[roms/astdelux/036433-03.j1] Addr=7BD5 Value=F0
ROM[roms/astdelux/036433-03.j1] Addr=7BD6 Value=0B
ROM[roms/astdelux/036433-03.j1] Addr=7BD7 Value=A2
ROM[roms/astdelux/036433-03.j1] Addr=7BD8 Value=15
ROM[roms/astdelux/036433-03.j1] Addr=7BD9 Value=86
ROM[roms/astdelux/036433-03.j1] Addr=7BDA Value=CC
ROM[roms/astdelux/036433-03.j1] Addr=7BDB Value=CA
ROM[roms/astdelux/036433-03.j1] Addr=7BDC Value=86
ROM[roms/astdelux/036433-03.j1] Addr=7BDD Value=CB
ROM[roms/astdelux/036433-03.j1] Addr=7BDE Value=84
ROM[roms/astdelux/036433-03.j1] Addr=7BDF Value=CE
ROM[roms/astdelux/036433-03.j1] Addr=7BE0 Value=84
ROM[roms/astdelux/036433-03.j1] Addr=7BE1 Value=D0
ROM[roms/astdelux/036433-03.j1] Addr=7BE2 Value=60
ROM[roms/astdelux/036433-03.j1] Addr=7BE3 Value=2C
ROM[roms/astdelux/036433-03.j1] Addr=7BE4 Value=02
ROM[roms/astdelux/036433-03.j1] Addr=7BE5 Value=20
ROM[roms/astdelux/036433-03.j1] Addr=7BE6 Value=30
ROM[roms/astdelux/036433-03.j1] Addr=7BE7 Value=FB
ROM[roms/astdelux/036433-03.j1] Addr=7BE8 Value=20
ROM[roms/astdelux/036433-03.j1] Addr=7BE9 Value=18
ROM[roms/astdelux/036433-03.j1] Addr=7BEA Value=71
ROM[roms/astdelux/036433-03.j1] Addr=7BEB Value=A9
ROM[roms/astdelux/036433-03.j1] Addr=7BEC Value=B0
ROM[roms/astdelux/036433-03.j1] Addr=7BED Value=8D
ROM[roms/astdelux/036433-03.j1] Addr=7BEE Value=03
ROM[roms/astdelux/036433-03.j1] Addr=7BEF Value=40
ROM[roms/astdelux/036433-03.j1] Addr=7BF0 Value=A9
ROM[roms/astdelux/036433-03.j1] Addr=7BF1 Value=00
ROM[roms/astdelux/036433-03.j1] Addr=7BF2 Value=A2
ROM[roms/astdelux/036433-03.j1] Addr=7BF3 Value=03
ROM[roms/astdelux/036433-03.j1] Addr=7BF4 Value=95
ROM[roms/astdelux/036433-03.j1] Addr=7BF5 Value=61
ROM[roms/astdelux/036433-03.j1] Addr=7BF6 Value=95
ROM[roms/astdelux/036433-03.j1] Addr=7BF7 Value=64
ROM[roms/astdelux/036433-03.j1] Addr=7BF8 Value=CA
ROM[roms/astdelux/036433-03.j1] Addr=7BF9 Value=D0
ROM[roms/astdelux/036433-03.j1] Addr=7BFA Value=F9
ROM[roms/astdelux/036433-03.j1] Addr=7BFB Value=9D
ROM[roms/astdelux/036433-03.j1] Addr=7BFC Value=00
ROM[roms/astdelux/036433-03.j1] Addr=7BFD Value=02
ROM[roms/astdelux/036433-03.j1] Addr=7BFE Value=E8
ROM[roms/astdelux/036433-03.j1] Addr=7BFF Value=D0
ROM[roms/astdelux/036433-03.j1] Addr=7C00 Value=FA
ROM[roms/astdelux/036433-03.j1] Addr=7C01 Value=85
ROM[roms/astdelux/036433-03.j1] Addr=7C02 Value=DD
ROM[roms/astdelux/036433-03.j1] Addr=7C03 Value=85
ROM[roms/astdelux/036433-03.j1] Addr=7C04 Value=D3
ROM[roms/astdelux/036433-03.j1] Addr=7C05 Value=85
ROM[roms/astdelux/036433-03.j1] Addr=7C06 Value=FA
ROM[roms/astdelux/036433-03.j1] Addr=7C07 Value=85
ROM[roms/astdelux/036433-03.j1] Addr=7C08 Value=FC
ROM[roms/astdelux/036433-03.j1] Addr=7C09 Value=AD
ROM[roms/astdelux/036433-03.j1] Addr=7C0A Value=01
ROM[roms/astdelux/036433-03.j1] Addr=7C0B Value=28
ROM[roms/astdelux/036433-03.j1] Addr=7C0C Value=29
ROM[roms/astdelux/036433-03.j1] Addr=7C0D Value=02
ROM[roms/astdelux/036433-03.j1] Addr=7C0E Value=85
ROM[roms/astdelux/036433-03.j1] Addr=7C0F Value=FB
ROM[roms/astdelux/036433-03.j1] Addr=7C10 Value=85
ROM[roms/astdelux/036433-03.j1] Addr=7C11 Value=FD
ROM[roms/astdelux/036433-03.j1] Addr=7C12 Value=A9
ROM[roms/astdelux/036433-03.j1] Addr=7C13 Value=01
ROM[roms/astdelux/036433-03.j1] Addr=7C14 Value=20
ROM[roms/astdelux/036433-03.j1] Addr=7C15 Value=00
ROM[roms/astdelux/036433-03.j1] Addr=7C16 Value=63
ROM[roms/astdelux/036433-03.j1] Addr=7C17 Value=A9
ROM[roms/astdelux/036433-03.j1] Addr=7C18 Value=98
ROM[roms/astdelux/036433-03.j1] Addr=7C19 Value=8D
ROM[roms/astdelux/036433-03.j1] Addr=7C1A Value=E9
ROM[roms/astdelux/036433-03.j1] Addr=7C1B Value=02
ROM[roms/astdelux/036433-03.j1] Addr=7C1C Value=8D
ROM[roms/astdelux/036433-03.j1] Addr=7C1D Value=E8
ROM[roms/astdelux/036433-03.j1] Addr=7C1E Value=02
ROM[roms/astdelux/036433-03.j1] Addr=7C1F Value=A9
ROM[roms/astdelux/036433-03.j1] Addr=7C20 Value=7F
ROM[roms/astdelux/036433-03.j1] Addr=7C21 Value=8D
ROM[roms/astdelux/036433-03.j1] Addr=7C22 Value=EC
ROM[roms/astdelux/036433-03.j1] Addr=7C23 Value=02
ROM[roms/astdelux/036433-03.j1] Addr=7C24 Value=A9
ROM[roms/astdelux/036433-03.j1] Addr=7C25 Value=06
ROM[roms/astdelux/036433-03.j1] Addr=7C26 Value=8D
ROM[roms/astdelux/036433-03.j1] Addr=7C27 Value=EE
ROM[roms/astdelux/036433-03.j1] Addr=7C28 Value=02
ROM[roms/astdelux/036433-03.j1] Addr=7C29 Value=A9
ROM[roms/astdelux/036433-03.j1] Addr=7C2A Value=FF
ROM[roms/astdelux/036433-03.j1] Addr=7C2B Value=85
ROM[roms/astdelux/036433-03.j1] Addr=7C2C Value=42
ROM[roms/astdelux/036433-03.j1] Addr=7C2D Value=85
ROM[roms/astdelux/036433-03.j1] Addr=7C2E Value=43
ROM[roms/astdelux/036433-03.j1] Addr=7C2F Value=A9
ROM[roms/astdelux/036433-03.j1] Addr=7C30 Value=30
ROM[roms/astdelux/036433-03.j1] Addr=7C31 Value=8D
ROM[roms/astdelux/036433-03.j1] Addr=7C32 Value=ED
ROM[roms/astdelux/036433-03.j1] Addr=7C33 Value=02
ROM[roms/astdelux/036433-03.j1] Addr=7C34 Value=20
ROM[roms/astdelux/036433-03.j1] Addr=7C35 Value=CF
ROM[roms/astdelux/036433-03.j1] Addr=7C36 Value=7F
ROM[roms/astdelux/036433-03.j1] Addr=7C37 Value=AD
ROM[roms/astdelux/036433-03.j1] Addr=7C38 Value=00
ROM[roms/astdelux/036433-03.j1] Addr=7C39 Value=28
ROM[roms/astdelux/036433-03.j1] Addr=7C3A Value=29
ROM[roms/astdelux/036433-03.j1] Addr=7C3B Value=03
ROM[roms/astdelux/036433-03.j1] Addr=7C3C Value=A8
ROM[roms/astdelux/036433-03.j1] Addr=7C3D Value=B9
ROM[roms/astdelux/036433-03.j1] Addr=7C3E Value=6B
ROM[roms/astdelux/036433-03.j1] Addr=7C3F Value=7C
ROM[roms/astdelux/036433-03.j1] Addr=7C40 Value=85
ROM[roms/astdelux/036433-03.j1] Addr=7C41 Value=F8
ROM[roms/astdelux/036433-03.j1] Addr=7C42 Value=85
ROM[roms/astdelux/036433-03.j1] Addr=7C43 Value=69
ROM[roms/astdelux/036433-03.j1] Addr=7C44 Value=85
ROM[roms/astdelux/036433-03.j1] Addr=7C45 Value=6C
ROM[roms/astdelux/036433-03.j1] Addr=7C46 Value=30
ROM[roms/astdelux/036433-03.j1] Addr=7C47 Value=02
ROM[roms/astdelux/036433-03.j1] Addr=7C48 Value=A9
ROM[roms/astdelux/036433-03.j1] Addr=7C49 Value=01
ROM[roms/astdelux/036433-03.j1] Addr=7C4A Value=85
ROM[roms/astdelux/036433-03.j1] Addr=7C4B Value=6A
ROM[roms/astdelux/036433-03.j1] Addr=7C4C Value=85
ROM[roms/astdelux/036433-03.j1] Addr=7C4D Value=F9
ROM[roms/astdelux/036433-03.j1] Addr=7C4E Value=85
ROM[roms/astdelux/036433-03.j1] Addr=7C4F Value=6D
ROM[roms/astdelux/036433-03.j1] Addr=7C50 Value=A9
ROM[roms/astdelux/036433-03.j1] Addr=7C51 Value=03
ROM[roms/astdelux/036433-03.j1] Addr=7C52 Value=2D
ROM[roms/astdelux/036433-03.j1] Addr=7C53 Value=02
ROM[roms/astdelux/036433-03.j1] Addr=7C54 Value=28
ROM[roms/astdelux/036433-03.j1] Addr=7C55 Value=AA
ROM[roms/astdelux/036433-03.j1] Addr=7C56 Value=E8
ROM[roms/astdelux/036433-03.j1] Addr=7C57 Value=E8
ROM[roms/astdelux/036433-03.j1] Addr=7C58 Value=C0
ROM[roms/astdelux/036433-03.j1] Addr=7C59 Value=03
ROM[roms/astdelux/036433-03.j1] Addr=7C5A Value=D0
ROM[roms/astdelux/036433-03.j1] Addr=7C5B Value=01
ROM[roms/astdelux/036433-03.j1] Addr=7C5C Value=E8
ROM[roms/astdelux/036433-03.j1] Addr=7C5D Value=A5
ROM[roms/astdelux/036433-03.j1] Addr=7C5E Value=8D
ROM[roms/astdelux/036433-03.j1] Addr=7C5F Value=29
ROM[roms/astdelux/036433-03.j1] Addr=7C60 Value=03
ROM[roms/astdelux/036433-03.j1] Addr=7C61 Value=C9
ROM[roms/astdelux/036433-03.j1] Addr=7C62 Value=03
ROM[roms/astdelux/036433-03.j1] Addr=7C63 Value=D0
ROM[roms/astdelux/036433-03.j1] Addr=7C64 Value=01
ROM[roms/astdelux/036433-03.j1] Addr=7C65 Value=E8
ROM[roms/astdelux/036433-03.j1] Addr=7C66 Value=86
ROM[roms/astdelux/036433-03.j1] Addr=7C67 Value=6E
ROM[roms/astdelux/036433-03.j1] Addr=7C68 Value=4C
ROM[roms/astdelux/036433-03.j1] Addr=7C69 Value=44
ROM[roms/astdelux/036433-03.j1] Addr=7C6A Value=78
ROM[roms/astdelux/036433-03.j1] Addr=7C6B Value=00
ROM[roms/astdelux/036433-03.j1] Addr=7C6C Value=20
ROM[roms/astdelux/036433-03.j1] Addr=7C6D Value=50
ROM[roms/astdelux/036433-03.j1] Addr=7C6E Value=FF
ROM[roms/astdelux/036433-03.j1] Addr=7C6F Value=A2
ROM[roms/astdelux/036433-03.j1] Addr=7C70 Value=D5
ROM[roms/astdelux/036433-03.j1] Addr=7C71 Value=84
ROM[roms/astdelux/036433-03.j1] Addr=7C72 Value=09
ROM[roms/astdelux/036433-03.j1] Addr=7C73 Value=A0
ROM[roms/astdelux/036433-03.j1] Addr=7C74 Value=E0
ROM[roms/astdelux/036433-03.j1] Addr=7C75 Value=84
ROM[roms/astdelux/036433-03.j1] Addr=7C76 Value=01
ROM[roms/astdelux/036433-03.j1] Addr=7C77 Value=20
ROM[roms/astdelux/036433-03.j1] Addr=7C78 Value=1F
ROM[roms/astdelux/036433-03.j1] Addr=7C79 Value=7A
ROM[roms/astdelux/036433-03.j1] Addr=7C7A Value=A9
ROM[roms/astdelux/036433-03.j1] Addr=7C7B Value=70
ROM[roms/astdelux/036433-03.j1] Addr=7C7C Value=20
ROM[roms/astdelux/036433-03.j1] Addr=7C7D Value=EA
ROM[roms/astdelux/036433-03.j1] Addr=7C7E Value=7A
ROM[roms/astdelux/036433-03.j1] Addr=7C7F Value=4C
ROM[roms/astdelux/036433-03.j1] Addr=7C80 Value=89
ROM[roms/astdelux/036433-03.j1] Addr=7C81 Value=7C
ROM[roms/astdelux/036433-03.j1] Addr=7C82 Value=A2
ROM[roms/astdelux/036433-03.j1] Addr=7C83 Value=CA
ROM[roms/astdelux/036433-03.j1] Addr=7C84 Value=A9
ROM[roms/astdelux/036433-03.j1] Addr=7C85 Value=A4
ROM[roms/astdelux/036433-03.j1] Addr=7C86 Value=20
ROM[roms/astdelux/036433-03.j1] Addr=7C87 Value=D5
ROM[roms/astdelux/036433-03.j1] Addr=7C88 Value=7C
ROM[roms/astdelux/036433-03.j1] Addr=7C89 Value=C6
ROM[roms/astdelux/036433-03.j1] Addr=7C8A Value=09
ROM[roms/astdelux/036433-03.j1] Addr=7C8B Value=F0
ROM[roms/astdelux/036433-03.j1] Addr=7C8C Value=02
ROM[roms/astdelux/036433-03.j1] Addr=7C8D Value=10
ROM[roms/astdelux/036433-03.j1] Addr=7C8E Value=F3
ROM[roms/astdelux/036433-03.j1] Addr=7C8F Value=60
ROM[roms/astdelux/036433-03.j1] Addr=7C90 Value=A9
ROM[roms/astdelux/036433-03.j1] Addr=7C91 Value=F7
ROM[roms/astdelux/036433-03.j1] Addr=7C92 Value=A0
ROM[roms/astdelux/036433-03.j1] Addr=7C93 Value=03
ROM[roms/astdelux/036433-03.j1] Addr=7C94 Value=38
ROM[roms/astdelux/036433-03.j1] Addr=7C95 Value=08
ROM[roms/astdelux/036433-03.j1] Addr=7C96 Value=86
ROM[roms/astdelux/036433-03.j1] Addr=7C97 Value=1D
ROM[roms/astdelux/036433-03.j1] Addr=7C98 Value=88
ROM[roms/astdelux/036433-03.j1] Addr=7C99 Value=84
ROM[roms/astdelux/036433-03.j1] Addr=7C9A Value=1C
ROM[roms/astdelux/036433-03.j1] Addr=7C9B Value=18
ROM[roms/astdelux/036433-03.j1] Addr=7C9C Value=65
ROM[roms/astdelux/036433-03.j1] Addr=7C9D Value=1C
ROM[roms/astdelux/036433-03.j1] Addr=7C9E Value=85
ROM[roms/astdelux/036433-03.j1] Addr=7C9F Value=1B
ROM[roms/astdelux/036433-03.j1] Addr=7CA0 Value=28
ROM[roms/astdelux/036433-03.j1] Addr=7CA1 Value=AA
ROM[roms/astdelux/036433-03.j1] Addr=7CA2 Value=08
ROM[roms/astdelux/036433-03.j1] Addr=7CA3 Value=B5
ROM[roms/astdelux/036433-03.j1] Addr=7CA4 Value=00
ROM[roms/astdelux/036433-03.j1] Addr=7CA5 Value=4A
ROM[roms/astdelux/036433-03.j1] Addr=7CA6 Value=4A
ROM[roms/astdelux/036433-03.j1] Addr=7CA7 Value=4A
ROM[roms/astdelux/036433-03.j1] Addr=7CA8 Value=4A
ROM[roms/astdelux/036433-03.j1] Addr=7CA9 Value=28
ROM[roms/astdelux/036433-03.j1] Addr=7CAA Value=20
ROM[roms/astdelux/036433-03.j1] Addr=7CAB Value=E5
ROM[roms/astdelux/036433-03.j1] Addr=7CAC Value=79
ROM[roms/astdelux/036433-03.j1] Addr=7CAD Value=A5
ROM[roms/astdelux/036433-03.j1] Addr=7CAE Value=1C
ROM[roms/astdelux/036433-03.j1] Addr=7CAF Value=D0
ROM[roms/astdelux/036433-03.j1] Addr=7CB0 Value=01
ROM[roms/astdelux/036433-03.j1] Addr=7CB1 Value=18
ROM[roms/astdelux/036433-03.j1] Addr=7CB2 Value=A6
ROM[roms/astdelux/036433-03.j1] Addr=7CB3 Value=1B
ROM[roms/astdelux/036433-03.j1] Addr=7CB4 Value=B5
ROM[roms/astdelux/036433-03.j1] Addr=7CB5 Value=00
ROM[roms/astdelux/036433-03.j1] Addr=7CB6 Value=20
ROM[roms/astdelux/036433-03.j1] Addr=7CB7 Value=E5
ROM[roms/astdelux/036433-03.j1] Addr=7CB8 Value=79
ROM[roms/astdelux/036433-03.j1] Addr=7CB9 Value=C6
ROM[roms/astdelux/036433-03.j1] Addr=7CBA Value=1B
ROM[roms/astdelux/036433-03.j1] Addr=7CBB Value=A6
ROM[roms/astdelux/036433-03.j1] Addr=7CBC Value=1B
ROM[roms/astdelux/036433-03.j1] Addr=7CBD Value=C6
ROM[roms/astdelux/036433-03.j1] Addr=7CBE Value=1C
ROM[roms/astdelux/036433-03.j1] Addr=7CBF Value=10
ROM[roms/astdelux/036433-03.j1] Addr=7CC0 Value=E1
ROM[roms/astdelux/036433-03.j1] Addr=7CC1 Value=60
ROM[roms/astdelux/036433-03.j1] Addr=7CC2 Value=20
ROM[roms/astdelux/036433-03.j1] Addr=7CC3 Value=C5
ROM[roms/astdelux/036433-03.j1] Addr=7CC4 Value=7C
ROM[roms/astdelux/036433-03.j1] Addr=7CC5 Value=A6
ROM[roms/astdelux/036433-03.j1] Addr=7CC6 Value=0C
ROM[roms/astdelux/036433-03.j1] Addr=7CC7 Value=C6
ROM[roms/astdelux/036433-03.j1] Addr=7CC8 Value=0C
ROM[roms/astdelux/036433-03.j1] Addr=7CC9 Value=BD
ROM[roms/astdelux/036433-03.j1] Addr=7CCA Value=00
ROM[roms/astdelux/036433-03.j1] Addr=7CCB Value=28
ROM[roms/astdelux/036433-03.j1] Addr=7CCC Value=29
ROM[roms/astdelux/036433-03.j1] Addr=7CCD Value=03
ROM[roms/astdelux/036433-03.j1] Addr=7CCE Value=20
ROM[roms/astdelux/036433-03.j1] Addr=7CCF Value=EB
ROM[roms/astdelux/036433-03.j1] Addr=7CD0 Value=79
ROM[roms/astdelux/036433-03.j1] Addr=7CD1 Value=A9
ROM[roms/astdelux/036433-03.j1] Addr=7CD2 Value=0A
ROM[roms/astdelux/036433-03.j1] Addr=7CD3 Value=A2
ROM[roms/astdelux/036433-03.j1] Addr=7CD4 Value=CB
ROM[roms/astdelux/036433-03.j1] Addr=7CD5 Value=A0
ROM[roms/astdelux/036433-03.j1] Addr=7CD6 Value=00
ROM[roms/astdelux/036433-03.j1] Addr=7CD7 Value=91
ROM[roms/astdelux/036433-03.j1] Addr=7CD8 Value=03
ROM[roms/astdelux/036433-03.j1] Addr=7CD9 Value=C8
ROM[roms/astdelux/036433-03.j1] Addr=7CDA Value=8A
ROM[roms/astdelux/036433-03.j1] Addr=7CDB Value=91
ROM[roms/astdelux/036433-03.j1] Addr=7CDC Value=03
ROM[roms/astdelux/036433-03.j1] Addr=7CDD Value=4C
ROM[roms/astdelux/036433-03.j1] Addr=7CDE Value=55
ROM[roms/astdelux/036433-03.j1] Addr=7CDF Value=7A
ROM[roms/astdelux/036433-03.j1] Addr=7CE0 Value=A2
ROM[roms/astdelux/036433-03.j1] Addr=7CE1 Value=FE
ROM[roms/astdelux/036433-03.j1] Addr=7CE2 Value=9A
ROM[roms/astdelux/036433-03.j1] Addr=7CE3 Value=D8
ROM[roms/astdelux/036433-03.j1] Addr=7CE4 Value=A2
ROM[roms/astdelux/036433-03.j1] Addr=7CE5 Value=00
ROM[roms/astdelux/036433-03.j1] Addr=7CE6 Value=8E
ROM[roms/astdelux/036433-03.j1] Addr=7CE7 Value=0F
ROM[roms/astdelux/036433-03.j1] Addr=7CE8 Value=2C
ROM[roms/astdelux/036433-03.j1] Addr=7CE9 Value=A9
ROM[roms/astdelux/036433-03.j1] Addr=7CEA Value=11
ROM[roms/astdelux/036433-03.j1] Addr=7CEB Value=9D
ROM[roms/astdelux/036433-03.j1] Addr=7CEC Value=00
ROM[roms/astdelux/036433-03.j1] Addr=7CED Value=01
ROM[roms/astdelux/036433-03.j1] Addr=7CEE Value=A8
ROM[roms/astdelux/036433-03.j1] Addr=7CEF Value=5D
ROM[roms/astdelux/036433-03.j1] Addr=7CF0 Value=00
ROM[roms/astdelux/036433-03.j1] Addr=7CF1 Value=01
ROM[roms/astdelux/036433-03.j1] Addr=7CF2 Value=D0
ROM[roms/astdelux/036433-03.j1] Addr=7CF3 Value=54
ROM[roms/astdelux/036433-03.j1] Addr=7CF4 Value=98
ROM[roms/astdelux/036433-03.j1] Addr=7CF5 Value=0A
ROM[roms/astdelux/036433-03.j1] Addr=7CF6 Value=90
ROM[roms/astdelux/036433-03.j1] Addr=7CF7 Value=F3
ROM[roms/astdelux/036433-03.j1] Addr=7CF8 Value=8A
ROM[roms/astdelux/036433-03.j1] Addr=7CF9 Value=95
ROM[roms/astdelux/036433-03.j1] Addr=7CFA Value=00
ROM[roms/astdelux/036433-03.j1] Addr=7CFB Value=9D
ROM[roms/astdelux/036433-03.j1] Addr=7CFC Value=00
ROM[roms/astdelux/036433-03.j1] Addr=7CFD Value=01
ROM[roms/astdelux/036433-03.j1] Addr=7CFE Value=9D
ROM[roms/astdelux/036433-03.j1] Addr=7CFF Value=00
ROM[roms/astdelux/036433-03.j1] Addr=7D00 Value=02
ROM[roms/astdelux/036433-03.j1] Addr=7D01 Value=9D
ROM[roms/astdelux/036433-03.j1] Addr=7D02 Value=00
ROM[roms/astdelux/036433-03.j1] Addr=7D03 Value=03
ROM[roms/astdelux/036433-03.j1] Addr=7D04 Value=9D
ROM[roms/astdelux/036433-03.j1] Addr=7D05 Value=00
ROM[roms/astdelux/036433-03.j1] Addr=7D06 Value=40
ROM[roms/astdelux/036433-03.j1] Addr=7D07 Value=9D
ROM[roms/astdelux/036433-03.j1] Addr=7D08 Value=00
ROM[roms/astdelux/036433-03.j1] Addr=7D09 Value=41
ROM[roms/astdelux/036433-03.j1] Addr=7D0A Value=9D
ROM[roms/astdelux/036433-03.j1] Addr=7D0B Value=00
ROM[roms/astdelux/036433-03.j1] Addr=7D0C Value=42
ROM[roms/astdelux/036433-03.j1] Addr=7D0D Value=9D
ROM[roms/astdelux/036433-03.j1] Addr=7D0E Value=00
ROM[roms/astdelux/036433-03.j1] Addr=7D0F Value=43
ROM[roms/astdelux/036433-03.j1] Addr=7D10 Value=9D
ROM[roms/astdelux/036433-03.j1] Addr=7D11 Value=00
ROM[roms/astdelux/036433-03.j1] Addr=7D12 Value=44
ROM[roms/astdelux/036433-03.j1] Addr=7D13 Value=9D
ROM[roms/astdelux/036433-03.j1] Addr=7D14 Value=00
ROM[roms/astdelux/036433-03.j1] Addr=7D15 Value=45
ROM[roms/astdelux/036433-03.j1] Addr=7D16 Value=9D
ROM[roms/astdelux/036433-03.j1] Addr=7D17 Value=00
ROM[roms/astdelux/036433-03.j1] Addr=7D18 Value=46
ROM[roms/astdelux/036433-03.j1] Addr=7D19 Value=9D
ROM[roms/astdelux/036433-03.j1] Addr=7D1A Value=00
ROM[roms/astdelux/036433-03.j1] Addr=7D1B Value=47
ROM[roms/astdelux/036433-03.j1] Addr=7D1C Value=CA
ROM[roms/astdelux/036433-03.j1] Addr=7D1D Value=D0
ROM[roms/astdelux/036433-03.j1] Addr=7D1E Value=CA
ROM[roms/astdelux/036433-03.j1] Addr=7D1F Value=8D
ROM[roms/astdelux/036433-03.j1] Addr=7D20 Value=00
ROM[roms/astdelux/036433-03.j1] Addr=7D21 Value=34
ROM[roms/astdelux/036433-03.j1] Addr=7D22 Value=8A
ROM[roms/astdelux/036433-03.j1] Addr=7D23 Value=5D
ROM[roms/astdelux/036433-03.j1] Addr=7D24 Value=00
ROM[roms/astdelux/036433-03.j1] Addr=7D25 Value=01
ROM[roms/astdelux/036433-03.j1] Addr=7D26 Value=D0
ROM[roms/astdelux/036433-03.j1] Addr=7D27 Value=20
ROM[roms/astdelux/036433-03.j1] Addr=7D28 Value=9D
ROM[roms/astdelux/036433-03.j1] Addr=7D29 Value=00
ROM[roms/astdelux/036433-03.j1] Addr=7D2A Value=01
ROM[roms/astdelux/036433-03.j1] Addr=7D2B Value=E8
ROM[roms/astdelux/036433-03.j1] Addr=7D2C Value=2C
ROM[roms/astdelux/036433-03.j1] Addr=7D2D Value=07
ROM[roms/astdelux/036433-03.j1] Addr=7D2E Value=20
ROM[roms/astdelux/036433-03.j1] Addr=7D2F Value=10
ROM[roms/astdelux/036433-03.j1] Addr=7D30 Value=05
ROM[roms/astdelux/036433-03.j1] Addr=7D31 Value=8A
ROM[roms/astdelux/036433-03.j1] Addr=7D32 Value=D0
ROM[roms/astdelux/036433-03.j1] Addr=7D33 Value=EF
ROM[roms/astdelux/036433-03.j1] Addr=7D34 Value=F0
ROM[roms/astdelux/036433-03.j1] Addr=7D35 Value=06
ROM[roms/astdelux/036433-03.j1] Addr=7D36 Value=E0
ROM[roms/astdelux/036433-03.j1] Addr=7D37 Value=FB
ROM[roms/astdelux/036433-03.j1] Addr=7D38 Value=90
ROM[roms/astdelux/036433-03.j1] Addr=7D39 Value=E8
ROM[roms/astdelux/036433-03.j1] Addr=7D3A Value=A2
ROM[roms/astdelux/036433-03.j1] Addr=7D3B Value=00
ROM[roms/astdelux/036433-03.j1] Addr=7D3C Value=8A
ROM[roms/astdelux/036433-03.j1] Addr=7D3D Value=55
ROM[roms/astdelux/036433-03.j1] Addr=7D3E Value=00
ROM[roms/astdelux/036433-03.j1] Addr=7D3F Value=D0
ROM[roms/astdelux/036433-03.j1] Addr=7D40 Value=07
ROM[roms/astdelux/036433-03.j1] Addr=7D41 Value=A9
ROM[roms/astdelux/036433-03.j1] Addr=7D42 Value=11
ROM[roms/astdelux/036433-03.j1] Addr=7D43 Value=95
ROM[roms/astdelux/036433-03.j1] Addr=7D44 Value=00
ROM[roms/astdelux/036433-03.j1] Addr=7D45 Value=A8
ROM[roms/astdelux/036433-03.j1] Addr=7D46 Value=55
ROM[roms/astdelux/036433-03.j1] Addr=7D47 Value=00
ROM[roms/astdelux/036433-03.j1] Addr=7D48 Value=D0
ROM[roms/astdelux/036433-03.j1] Addr=7D49 Value=41
ROM[roms/astdelux/036433-03.j1] Addr=7D4A Value=98
ROM[roms/astdelux/036433-03.j1] Addr=7D4B Value=0A
ROM[roms/astdelux/036433-03.j1] Addr=7D4C Value=90
ROM[roms/astdelux/036433-03.j1] Addr=7D4D Value=F5
ROM[roms/astdelux/036433-03.j1] Addr=7D4E Value=A0
ROM[roms/astdelux/036433-03.j1] Addr=7D4F Value=00
ROM[roms/astdelux/036433-03.j1] Addr=7D50 Value=94
ROM[roms/astdelux/036433-03.j1] Addr=7D51 Value=00
ROM[roms/astdelux/036433-03.j1] Addr=7D52 Value=CA
ROM[roms/astdelux/036433-03.j1] Addr=7D53 Value=D0
ROM[roms/astdelux/036433-03.j1] Addr=7D54 Value=E7
ROM[roms/astdelux/036433-03.j1] Addr=7D55 Value=8D
ROM[roms/astdelux/036433-03.j1] Addr=7D56 Value=00
ROM[roms/astdelux/036433-03.j1] Addr=7D57 Value=34
ROM[roms/astdelux/036433-03.j1] Addr=7D58 Value=A9
ROM[roms/astdelux/036433-03.j1] Addr=7D59 Value=02
ROM[roms/astdelux/036433-03.j1] Addr=7D5A Value=85
ROM[roms/astdelux/036433-03.j1] Addr=7D5B Value=01
ROM[roms/astdelux/036433-03.j1] Addr=7D5C Value=98
ROM[roms/astdelux/036433-03.j1] Addr=7D5D Value=51
ROM[roms/astdelux/036433-03.j1] Addr=7D5E Value=00
ROM[roms/astdelux/036433-03.j1] Addr=7D5F Value=D0
ROM[roms/astdelux/036433-03.j1] Addr=7D60 Value=2E
ROM[roms/astdelux/036433-03.j1] Addr=7D61 Value=A9
ROM[roms/astdelux/036433-03.j1] Addr=7D62 Value=11
ROM[roms/astdelux/036433-03.j1] Addr=7D63 Value=91
ROM[roms/astdelux/036433-03.j1] Addr=7D64 Value=00
ROM[roms/astdelux/036433-03.j1] Addr=7D65 Value=AA
ROM[roms/astdelux/036433-03.j1] Addr=7D66 Value=51
ROM[roms/astdelux/036433-03.j1] Addr=7D67 Value=00
ROM[roms/astdelux/036433-03.j1] Addr=7D68 Value=D0
ROM[roms/astdelux/036433-03.j1] Addr=7D69 Value=25
ROM[roms/astdelux/036433-03.j1] Addr=7D6A Value=91
ROM[roms/astdelux/036433-03.j1] Addr=7D6B Value=00
ROM[roms/astdelux/036433-03.j1] Addr=7D6C Value=8A
ROM[roms/astdelux/036433-03.j1] Addr=7D6D Value=0A
ROM[roms/astdelux/036433-03.j1] Addr=7D6E Value=90
ROM[roms/astdelux/036433-03.j1] Addr=7D6F Value=F3
ROM[roms/astdelux/036433-03.j1] Addr=7D70 Value=C8
ROM[roms/astdelux/036433-03.j1] Addr=7D71 Value=D0
ROM[roms/astdelux/036433-03.j1] Addr=7D72 Value=E9
ROM[roms/astdelux/036433-03.j1] Addr=7D73 Value=8D
ROM[roms/astdelux/036433-03.j1] Addr=7D74 Value=00
ROM[roms/astdelux/036433-03.j1] Addr=7D75 Value=34
ROM[roms/astdelux/036433-03.j1] Addr=7D76 Value=E6
ROM[roms/astdelux/036433-03.j1] Addr=7D77 Value=01
ROM[roms/astdelux/036433-03.j1] Addr=7D78 Value=A6
ROM[roms/astdelux/036433-03.j1] Addr=7D79 Value=01
ROM[roms/astdelux/036433-03.j1] Addr=7D7A Value=E0
ROM[roms/astdelux/036433-03.j1] Addr=7D7B Value=04
ROM[roms/astdelux/036433-03.j1] Addr=7D7C Value=90
ROM[roms/astdelux/036433-03.j1] Addr=7D7D Value=DE
ROM[roms/astdelux/036433-03.j1] Addr=7D7E Value=A9
ROM[roms/astdelux/036433-03.j1] Addr=7D7F Value=40
ROM[roms/astdelux/036433-03.j1] Addr=7D80 Value=E0
ROM[roms/astdelux/036433-03.j1] Addr=7D81 Value=40
ROM[roms/astdelux/036433-03.j1] Addr=7D82 Value=90
ROM[roms/astdelux/036433-03.j1] Addr=7D83 Value=D6
ROM[roms/astdelux/036433-03.j1] Addr=7D84 Value=E0
ROM[roms/astdelux/036433-03.j1] Addr=7D85 Value=48
ROM[roms/astdelux/036433-03.j1] Addr=7D86 Value=90
ROM[roms/astdelux/036433-03.j1] Addr=7D87 Value=D4
ROM[roms/astdelux/036433-03.j1] Addr=7D88 Value=B0
ROM[roms/astdelux/036433-03.j1] Addr=7D89 Value=72
ROM[roms/astdelux/036433-03.j1] Addr=7D8A Value=64
ROM[roms/astdelux/036433-03.j1] Addr=7D8B Value=A0
ROM[roms/astdelux/036433-03.j1] Addr=7D8C Value=00
ROM[roms/astdelux/036433-03.j1] Addr=7D8D Value=F0
ROM[roms/astdelux/036433-03.j1] Addr=7D8E Value=0E
ROM[roms/astdelux/036433-03.j1] Addr=7D8F Value=A0
ROM[roms/astdelux/036433-03.j1] Addr=7D90 Value=00
ROM[roms/astdelux/036433-03.j1] Addr=7D91 Value=A6
ROM[roms/astdelux/036433-03.j1] Addr=7D92 Value=01
ROM[roms/astdelux/036433-03.j1] Addr=7D93 Value=E0
ROM[roms/astdelux/036433-03.j1] Addr=7D94 Value=04
ROM[roms/astdelux/036433-03.j1] Addr=7D95 Value=90
ROM[roms/astdelux/036433-03.j1] Addr=7D96 Value=06
ROM[roms/astdelux/036433-03.j1] Addr=7D97 Value=C8
ROM[roms/astdelux/036433-03.j1] Addr=7D98 Value=E0
ROM[roms/astdelux/036433-03.j1] Addr=7D99 Value=44
ROM[roms/astdelux/036433-03.j1] Addr=7D9A Value=90
ROM[roms/astdelux/036433-03.j1] Addr=7D9B Value=01
ROM[roms/astdelux/036433-03.j1] Addr=7D9C Value=C8
ROM[roms/astdelux/036433-03.j1] Addr=7D9D Value=C9
ROM[roms/astdelux/036433-03.j1] Addr=7D9E Value=10
ROM[roms/astdelux/036433-03.j1] Addr=7D9F Value=2A
ROM[roms/astdelux/036433-03.j1] Addr=7DA0 Value=29
ROM[roms/astdelux/036433-03.j1] Addr=7DA1 Value=1F
ROM[roms/astdelux/036433-03.j1] Addr=7DA2 Value=C9
ROM[roms/astdelux/036433-03.j1] Addr=7DA3 Value=02
ROM[roms/astdelux/036433-03.j1] Addr=7DA4 Value=2A
ROM[roms/astdelux/036433-03.j1] Addr=7DA5 Value=29
ROM[roms/astdelux/036433-03.j1] Addr=7DA6 Value=03
ROM[roms/astdelux/036433-03.j1] Addr=7DA7 Value=88
ROM[roms/astdelux/036433-03.j1] Addr=7DA8 Value=30
ROM[roms/astdelux/036433-03.j1] Addr=7DA9 Value=04
ROM[roms/astdelux/036433-03.j1] Addr=7DAA Value=0A
ROM[roms/astdelux/036433-03.j1] Addr=7DAB Value=0A
ROM[roms/astdelux/036433-03.j1] Addr=7DAC Value=90
ROM[roms/astdelux/036433-03.j1] Addr=7DAD Value=F9
ROM[roms/astdelux/036433-03.j1] Addr=7DAE Value=4A
ROM[roms/astdelux/036433-03.j1] Addr=7DAF Value=A0
ROM[roms/astdelux/036433-03.j1] Addr=7DB0 Value=07
ROM[roms/astdelux/036433-03.j1] Addr=7DB1 Value=8C
ROM[roms/astdelux/036433-03.j1] Addr=7DB2 Value=0F
ROM[roms/astdelux/036433-03.j1] Addr=7DB3 Value=2C
ROM[roms/astdelux/036433-03.j1] Addr=7DB4 Value=A2
ROM[roms/astdelux/036433-03.j1] Addr=7DB5 Value=20
ROM[roms/astdelux/036433-03.j1] Addr=7DB6 Value=90
ROM[roms/astdelux/036433-03.j1] Addr=7DB7 Value=02
ROM[roms/astdelux/036433-03.j1] Addr=7DB8 Value=A2
ROM[roms/astdelux/036433-03.j1] Addr=7DB9 Value=80
ROM[roms/astdelux/036433-03.j1] Addr=7DBA Value=8E
ROM[roms/astdelux/036433-03.j1] Addr=7DBB Value=00
ROM[roms/astdelux/036433-03.j1] Addr=7DBC Value=2C
ROM[roms/astdelux/036433-03.j1] Addr=7DBD Value=A2
ROM[roms/astdelux/036433-03.j1] Addr=7DBE Value=A8
ROM[roms/astdelux/036433-03.j1] Addr=7DBF Value=8E
ROM[roms/astdelux/036433-03.j1] Addr=7DC0 Value=01
ROM[roms/astdelux/036433-03.j1] Addr=7DC1 Value=2C
ROM[roms/astdelux/036433-03.j1] Addr=7DC2 Value=A2
ROM[roms/astdelux/036433-03.j1] Addr=7DC3 Value=00
ROM[roms/astdelux/036433-03.j1] Addr=7DC4 Value=2C
ROM[roms/astdelux/036433-03.j1] Addr=7DC5 Value=01
ROM[roms/astdelux/036433-03.j1] Addr=7DC6 Value=20
ROM[roms/astdelux/036433-03.j1] Addr=7DC7 Value=10
ROM[roms/astdelux/036433-03.j1] Addr=7DC8 Value=FB
ROM[roms/astdelux/036433-03.j1] Addr=7DC9 Value=2C
ROM[roms/astdelux/036433-03.j1] Addr=7DCA Value=01
ROM[roms/astdelux/036433-03.j1] Addr=7DCB Value=20
ROM[roms/astdelux/036433-03.j1] Addr=7DCC Value=30
ROM[roms/astdelux/036433-03.j1] Addr=7DCD Value=FB
ROM[roms/astdelux/036433-03.j1] Addr=7DCE Value=CA
ROM[roms/astdelux/036433-03.j1] Addr=7DCF Value=8D
ROM[roms/astdelux/036433-03.j1] Addr=7DD0 Value=00
ROM[roms/astdelux/036433-03.j1] Addr=7DD1 Value=34
ROM[roms/astdelux/036433-03.j1] Addr=7DD2 Value=D0
ROM[roms/astdelux/036433-03.j1] Addr=7DD3 Value=F0
ROM[roms/astdelux/036433-03.j1] Addr=7DD4 Value=88
ROM[roms/astdelux/036433-03.j1] Addr=7DD5 Value=10
ROM[roms/astdelux/036433-03.j1] Addr=7DD6 Value=ED
ROM[roms/astdelux/036433-03.j1] Addr=7DD7 Value=8E
ROM[roms/astdelux/036433-03.j1] Addr=7DD8 Value=01
ROM[roms/astdelux/036433-03.j1] Addr=7DD9 Value=2C
ROM[roms/astdelux/036433-03.j1] Addr=7DDA Value=A0
ROM[roms/astdelux/036433-03.j1] Addr=7DDB Value=08
ROM[roms/astdelux/036433-03.j1] Addr=7DDC Value=2C
ROM[roms/astdelux/036433-03.j1] Addr=7DDD Value=01
ROM[roms/astdelux/036433-03.j1] Addr=7DDE Value=20
ROM[roms/astdelux/036433-03.j1] Addr=7DDF Value=10
ROM[roms/astdelux/036433-03.j1] Addr=7DE0 Value=FB
ROM[roms/astdelux/036433-03.j1] Addr=7DE1 Value=2C
ROM[roms/astdelux/036433-03.j1] Addr=7DE2 Value=01
ROM[roms/astdelux/036433-03.j1] Addr=7DE3 Value=20
ROM[roms/astdelux/036433-03.j1] Addr=7DE4 Value=30
ROM[roms/astdelux/036433-03.j1] Addr=7DE5 Value=FB
ROM[roms/astdelux/036433-03.j1] Addr=7DE6 Value=CA
ROM[roms/astdelux/036433-03.j1] Addr=7DE7 Value=8D
ROM[roms/astdelux/036433-03.j1] Addr=7DE8 Value=00
ROM[roms/astdelux/036433-03.j1] Addr=7DE9 Value=34
ROM[roms/astdelux/036433-03.j1] Addr=7DEA Value=D0
ROM[roms/astdelux/036433-03.j1] Addr=7DEB Value=F0
ROM[roms/astdelux/036433-03.j1] Addr=7DEC Value=88
ROM[roms/astdelux/036433-03.j1] Addr=7DED Value=D0
ROM[roms/astdelux/036433-03.j1] Addr=7DEE Value=ED
ROM[roms/astdelux/036433-03.j1] Addr=7DEF Value=AA
ROM[roms/astdelux/036433-03.j1] Addr=7DF0 Value=D0
ROM[roms/astdelux/036433-03.j1] Addr=7DF1 Value=BC
ROM[roms/astdelux/036433-03.j1] Addr=7DF2 Value=8D
ROM[roms/astdelux/036433-03.j1] Addr=7DF3 Value=00
ROM[roms/astdelux/036433-03.j1] Addr=7DF4 Value=34
ROM[roms/astdelux/036433-03.j1] Addr=7DF5 Value=AD
ROM[roms/astdelux/036433-03.j1] Addr=7DF6 Value=07
ROM[roms/astdelux/036433-03.j1] Addr=7DF7 Value=20
ROM[roms/astdelux/036433-03.j1] Addr=7DF8 Value=30
ROM[roms/astdelux/036433-03.j1] Addr=7DF9 Value=F8
ROM[roms/astdelux/036433-03.j1] Addr=7DFA Value=10
ROM[roms/astdelux/036433-03.j1] Addr=7DFB Value=FE
ROM[roms/astdelux/036433-03.j1] Addr=7DFC Value=A9
ROM[roms/astdelux/036433-03.j1] Addr=7DFD Value=00
ROM[roms/astdelux/036433-03.j1] Addr=7DFE Value=A8
ROM[roms/astdelux/036433-03.j1] Addr=7DFF Value=AA
ROM[roms/astdelux/036433-03.j1] Addr=7E00 Value=A9
ROM[roms/astdelux/036433-03.j1] Addr=7E01 Value=48
ROM[roms/astdelux/036433-03.j1] Addr=7E02 Value=85
ROM[roms/astdelux/036433-03.j1] Addr=7E03 Value=0A
ROM[roms/astdelux/036433-03.j1] Addr=7E04 Value=A9
ROM[roms/astdelux/036433-03.j1] Addr=7E05 Value=07
ROM[roms/astdelux/036433-03.j1] Addr=7E06 Value=85
ROM[roms/astdelux/036433-03.j1] Addr=7E07 Value=0C
ROM[roms/astdelux/036433-03.j1] Addr=7E08 Value=A9
ROM[roms/astdelux/036433-03.j1] Addr=7E09 Value=55
ROM[roms/astdelux/036433-03.j1] Addr=7E0A Value=18
ROM[roms/astdelux/036433-03.j1] Addr=7E0B Value=71
ROM[roms/astdelux/036433-03.j1] Addr=7E0C Value=09
ROM[roms/astdelux/036433-03.j1] Addr=7E0D Value=C8
ROM[roms/astdelux/036433-03.j1] Addr=7E0E Value=D0
ROM[roms/astdelux/036433-03.j1] Addr=7E0F Value=FB
ROM[roms/astdelux/036433-03.j1] Addr=7E10 Value=E6
ROM[roms/astdelux/036433-03.j1] Addr=7E11 Value=0A
ROM[roms/astdelux/036433-03.j1] Addr=7E12 Value=C6
ROM[roms/astdelux/036433-03.j1] Addr=7E13 Value=0C
ROM[roms/astdelux/036433-03.j1] Addr=7E14 Value=10
ROM[roms/astdelux/036433-03.j1] Addr=7E15 Value=F5
ROM[roms/astdelux/036433-03.j1] Addr=7E16 Value=95
ROM[roms/astdelux/036433-03.j1] Addr=7E17 Value=10
ROM[roms/astdelux/036433-03.j1] Addr=7E18 Value=E8
ROM[roms/astdelux/036433-03.j1] Addr=7E19 Value=8D
ROM[roms/astdelux/036433-03.j1] Addr=7E1A Value=00
ROM[roms/astdelux/036433-03.j1] Addr=7E1B Value=34
ROM[roms/astdelux/036433-03.j1] Addr=7E1C Value=A5
ROM[roms/astdelux/036433-03.j1] Addr=7E1D Value=0A
ROM[roms/astdelux/036433-03.j1] Addr=7E1E Value=C9
ROM[roms/astdelux/036433-03.j1] Addr=7E1F Value=58
ROM[roms/astdelux/036433-03.j1] Addr=7E20 Value=90
ROM[roms/astdelux/036433-03.j1] Addr=7E21 Value=E0
ROM[roms/astdelux/036433-03.j1] Addr=7E22 Value=D0
ROM[roms/astdelux/036433-03.j1] Addr=7E23 Value=02
ROM[roms/astdelux/036433-03.j1] Addr=7E24 Value=A9
ROM[roms/astdelux/036433-03.j1] Addr=7E25 Value=60
ROM[roms/astdelux/036433-03.j1] Addr=7E26 Value=C9
ROM[roms/astdelux/036433-03.j1] Addr=7E27 Value=80
ROM[roms/astdelux/036433-03.j1] Addr=7E28 Value=90
ROM[roms/astdelux/036433-03.j1] Addr=7E29 Value=D8
ROM[roms/astdelux/036433-03.j1] Addr=7E2A Value=8D
ROM[roms/astdelux/036433-03.j1] Addr=7E2B Value=00
ROM[roms/astdelux/036433-03.j1] Addr=7E2C Value=03
ROM[roms/astdelux/036433-03.j1] Addr=7E2D Value=8D
ROM[roms/astdelux/036433-03.j1] Addr=7E2E Value=04
ROM[roms/astdelux/036433-03.j1] Addr=7E2F Value=3C
ROM[roms/astdelux/036433-03.j1] Addr=7E30 Value=CD
ROM[roms/astdelux/036433-03.j1] Addr=7E31 Value=00
ROM[roms/astdelux/036433-03.j1] Addr=7E32 Value=02
ROM[roms/astdelux/036433-03.j1] Addr=7E33 Value=F0
ROM[roms/astdelux/036433-03.j1] Addr=7E34 Value=02
ROM[roms/astdelux/036433-03.j1] Addr=7E35 Value=E6
ROM[roms/astdelux/036433-03.j1] Addr=7E36 Value=1A
ROM[roms/astdelux/036433-03.j1] Addr=7E37 Value=AD
ROM[roms/astdelux/036433-03.j1] Addr=7E38 Value=00
ROM[roms/astdelux/036433-03.j1] Addr=7E39 Value=03
ROM[roms/astdelux/036433-03.j1] Addr=7E3A Value=F0
ROM[roms/astdelux/036433-03.j1] Addr=7E3B Value=02
ROM[roms/astdelux/036433-03.j1] Addr=7E3C Value=E6
ROM[roms/astdelux/036433-03.j1] Addr=7E3D Value=1A
ROM[roms/astdelux/036433-03.j1] Addr=7E3E Value=A9
ROM[roms/astdelux/036433-03.j1] Addr=7E3F Value=10
ROM[roms/astdelux/036433-03.j1] Addr=7E40 Value=85
ROM[roms/astdelux/036433-03.j1] Addr=7E41 Value=01
ROM[roms/astdelux/036433-03.j1] Addr=7E42 Value=8D
ROM[roms/astdelux/036433-03.j1] Addr=7E43 Value=04
ROM[roms/astdelux/036433-03.j1] Addr=7E44 Value=3C
ROM[roms/astdelux/036433-03.j1] Addr=7E45 Value=A2
ROM[roms/astdelux/036433-03.j1] Addr=7E46 Value=24
ROM[roms/astdelux/036433-03.j1] Addr=7E47 Value=AD
ROM[roms/astdelux/036433-03.j1] Addr=7E48 Value=01
ROM[roms/astdelux/036433-03.j1] Addr=7E49 Value=20
ROM[roms/astdelux/036433-03.j1] Addr=7E4A Value=10
ROM[roms/astdelux/036433-03.j1] Addr=7E4B Value=FB
ROM[roms/astdelux/036433-03.j1] Addr=7E4C Value=AD
ROM[roms/astdelux/036433-03.j1] Addr=7E4D Value=01
ROM[roms/astdelux/036433-03.j1] Addr=7E4E Value=20
ROM[roms/astdelux/036433-03.j1] Addr=7E4F Value=30
ROM[roms/astdelux/036433-03.j1] Addr=7E50 Value=FB
ROM[roms/astdelux/036433-03.j1] Addr=7E51 Value=CA
ROM[roms/astdelux/036433-03.j1] Addr=7E52 Value=10
ROM[roms/astdelux/036433-03.j1] Addr=7E53 Value=F3
ROM[roms/astdelux/036433-03.j1] Addr=7E54 Value=2C
ROM[roms/astdelux/036433-03.j1] Addr=7E55 Value=02
ROM[roms/astdelux/036433-03.j1] Addr=7E56 Value=20
ROM[roms/astdelux/036433-03.j1] Addr=7E57 Value=30
ROM[roms/astdelux/036433-03.j1] Addr=7E58 Value=FB
ROM[roms/astdelux/036433-03.j1] Addr=7E59 Value=8D
ROM[roms/astdelux/036433-03.j1] Addr=7E5A Value=00
ROM[roms/astdelux/036433-03.j1] Addr=7E5B Value=34
ROM[roms/astdelux/036433-03.j1] Addr=7E5C Value=A9
ROM[roms/astdelux/036433-03.j1] Addr=7E5D Value=00
ROM[roms/astdelux/036433-03.j1] Addr=7E5E Value=85
ROM[roms/astdelux/036433-03.j1] Addr=7E5F Value=03
ROM[roms/astdelux/036433-03.j1] Addr=7E60 Value=A9
ROM[roms/astdelux/036433-03.j1] Addr=7E61 Value=40
ROM[roms/astdelux/036433-03.j1] Addr=7E62 Value=85
ROM[roms/astdelux/036433-03.j1] Addr=7E63 Value=04
ROM[roms/astdelux/036433-03.j1] Addr=7E64 Value=AD
ROM[roms/astdelux/036433-03.j1] Addr=7E65 Value=07
ROM[roms/astdelux/036433-03.j1] Addr=7E66 Value=20
ROM[roms/astdelux/036433-03.j1] Addr=7E67 Value=29
ROM[roms/astdelux/036433-03.j1] Addr=7E68 Value=80
ROM[roms/astdelux/036433-03.j1] Addr=7E69 Value=D0
ROM[roms/astdelux/036433-03.j1] Addr=7E6A Value=06
ROM[roms/astdelux/036433-03.j1] Addr=7E6B Value=8D
ROM[roms/astdelux/036433-03.j1] Addr=7E6C Value=FF
ROM[roms/astdelux/036433-03.j1] Addr=7E6D Value=01
ROM[roms/astdelux/036433-03.j1] Addr=7E6E Value=4C
ROM[roms/astdelux/036433-03.j1] Addr=7E6F Value=00
ROM[roms/astdelux/036433-03.j1] Addr=7E70 Value=60
ROM[roms/astdelux/036433-03.j1] Addr=7E71 Value=A5
ROM[roms/astdelux/036433-03.j1] Addr=7E72 Value=1A
ROM[roms/astdelux/036433-03.j1] Addr=7E73 Value=F0
ROM[roms/astdelux/036433-03.j1] Addr=7E74 Value=07
ROM[roms/astdelux/036433-03.j1] Addr=7E75 Value=A2
ROM[roms/astdelux/036433-03.j1] Addr=7E76 Value=CC
ROM[roms/astdelux/036433-03.j1] Addr=7E77 Value=A9
ROM[roms/astdelux/036433-03.j1] Addr=7E78 Value=57
ROM[roms/astdelux/036433-03.j1] Addr=7E79 Value=20
ROM[roms/astdelux/036433-03.j1] Addr=7E7A Value=18
ROM[roms/astdelux/036433-03.j1] Addr=7E7B Value=7A
ROM[roms/astdelux/036433-03.j1] Addr=7E7C Value=A2
ROM[roms/astdelux/036433-03.j1] Addr=7E7D Value=96
ROM[roms/astdelux/036433-03.j1] Addr=7E7E Value=86
ROM[roms/astdelux/036433-03.j1] Addr=7E7F Value=0D
ROM[roms/astdelux/036433-03.j1] Addr=7E80 Value=A2
ROM[roms/astdelux/036433-03.j1] Addr=7E81 Value=05
ROM[roms/astdelux/036433-03.j1] Addr=7E82 Value=B5
ROM[roms/astdelux/036433-03.j1] Addr=7E83 Value=10
ROM[roms/astdelux/036433-03.j1] Addr=7E84 Value=F0
ROM[roms/astdelux/036433-03.j1] Addr=7E85 Value=21
ROM[roms/astdelux/036433-03.j1] Addr=7E86 Value=86
ROM[roms/astdelux/036433-03.j1] Addr=7E87 Value=0C
ROM[roms/astdelux/036433-03.j1] Addr=7E88 Value=A6
ROM[roms/astdelux/036433-03.j1] Addr=7E89 Value=0D
ROM[roms/astdelux/036433-03.j1] Addr=7E8A Value=8A
ROM[roms/astdelux/036433-03.j1] Addr=7E8B Value=38
ROM[roms/astdelux/036433-03.j1] Addr=7E8C Value=E9
ROM[roms/astdelux/036433-03.j1] Addr=7E8D Value=08
ROM[roms/astdelux/036433-03.j1] Addr=7E8E Value=85
ROM[roms/astdelux/036433-03.j1] Addr=7E8F Value=0D
ROM[roms/astdelux/036433-03.j1] Addr=7E90 Value=A9
ROM[roms/astdelux/036433-03.j1] Addr=7E91 Value=20
ROM[roms/astdelux/036433-03.j1] Addr=7E92 Value=20
ROM[roms/astdelux/036433-03.j1] Addr=7E93 Value=E5
ROM[roms/astdelux/036433-03.j1] Addr=7E94 Value=7A
ROM[roms/astdelux/036433-03.j1] Addr=7E95 Value=A6
ROM[roms/astdelux/036433-03.j1] Addr=7E96 Value=0C
ROM[roms/astdelux/036433-03.j1] Addr=7E97 Value=BC
ROM[roms/astdelux/036433-03.j1] Addr=7E98 Value=EE
ROM[roms/astdelux/036433-03.j1] Addr=7E99 Value=7F
ROM[roms/astdelux/036433-03.j1] Addr=7E9A Value=20
ROM[roms/astdelux/036433-03.j1] Addr=7E9B Value=F8
ROM[roms/astdelux/036433-03.j1] Addr=7E9C Value=79
ROM[roms/astdelux/036433-03.j1] Addr=7E9D Value=A6
ROM[roms/astdelux/036433-03.j1] Addr=7E9E Value=0C
ROM[roms/astdelux/036433-03.j1] Addr=7E9F Value=BC
ROM[roms/astdelux/036433-03.j1] Addr=7EA0 Value=F4
ROM[roms/astdelux/036433-03.j1] Addr=7EA1 Value=7F
ROM[roms/astdelux/036433-03.j1] Addr=7EA2 Value=20
ROM[roms/astdelux/036433-03.j1] Addr=7EA3 Value=F8
ROM[roms/astdelux/036433-03.j1] Addr=7EA4 Value=79
ROM[roms/astdelux/036433-03.j1] Addr=7EA5 Value=A6
ROM[roms/astdelux/036433-03.j1] Addr=7EA6 Value=0C
ROM[roms/astdelux/036433-03.j1] Addr=7EA7 Value=CA
ROM[roms/astdelux/036433-03.j1] Addr=7EA8 Value=10
ROM[roms/astdelux/036433-03.j1] Addr=7EA9 Value=D8
ROM[roms/astdelux/036433-03.j1] Addr=7EAA Value=A9
ROM[roms/astdelux/036433-03.j1] Addr=7EAB Value=57
ROM[roms/astdelux/036433-03.j1] Addr=7EAC Value=A2
ROM[roms/astdelux/036433-03.j1] Addr=7EAD Value=44
ROM[roms/astdelux/036433-03.j1] Addr=7EAE Value=20
ROM[roms/astdelux/036433-03.j1] Addr=7EAF Value=18
ROM[roms/astdelux/036433-03.j1] Addr=7EB0 Value=7A
ROM[roms/astdelux/036433-03.j1] Addr=7EB1 Value=A9
ROM[roms/astdelux/036433-03.j1] Addr=7EB2 Value=93
ROM[roms/astdelux/036433-03.j1] Addr=7EB3 Value=A2
ROM[roms/astdelux/036433-03.j1] Addr=7EB4 Value=A0
ROM[roms/astdelux/036433-03.j1] Addr=7EB5 Value=20
ROM[roms/astdelux/036433-03.j1] Addr=7EB6 Value=E5
ROM[roms/astdelux/036433-03.j1] Addr=7EB7 Value=7A
ROM[roms/astdelux/036433-03.j1] Addr=7EB8 Value=A2
ROM[roms/astdelux/036433-03.j1] Addr=7EB9 Value=03
ROM[roms/astdelux/036433-03.j1] Addr=7EBA Value=86
ROM[roms/astdelux/036433-03.j1] Addr=7EBB Value=0C
ROM[roms/astdelux/036433-03.j1] Addr=7EBC Value=20
ROM[roms/astdelux/036433-03.j1] Addr=7EBD Value=C2
ROM[roms/astdelux/036433-03.j1] Addr=7EBE Value=7C
ROM[roms/astdelux/036433-03.j1] Addr=7EBF Value=C6
ROM[roms/astdelux/036433-03.j1] Addr=7EC0 Value=0C
ROM[roms/astdelux/036433-03.j1] Addr=7EC1 Value=AD
ROM[roms/astdelux/036433-03.j1] Addr=7EC2 Value=01
ROM[roms/astdelux/036433-03.j1] Addr=7EC3 Value=28
ROM[roms/astdelux/036433-03.j1] Addr=7EC4 Value=48
ROM[roms/astdelux/036433-03.j1] Addr=7EC5 Value=29
ROM[roms/astdelux/036433-03.j1] Addr=7EC6 Value=01
ROM[roms/astdelux/036433-03.j1] Addr=7EC7 Value=20
ROM[roms/astdelux/036433-03.j1] Addr=7EC8 Value=CE
ROM[roms/astdelux/036433-03.j1] Addr=7EC9 Value=7C
ROM[roms/astdelux/036433-03.j1] Addr=7ECA Value=68
ROM[roms/astdelux/036433-03.j1] Addr=7ECB Value=29
ROM[roms/astdelux/036433-03.j1] Addr=7ECC Value=02
ROM[roms/astdelux/036433-03.j1] Addr=7ECD Value=4A
ROM[roms/astdelux/036433-03.j1] Addr=7ECE Value=20
ROM[roms/astdelux/036433-03.j1] Addr=7ECF Value=CE
ROM[roms/astdelux/036433-03.j1] Addr=7ED0 Value=7C
ROM[roms/astdelux/036433-03.j1] Addr=7ED1 Value=20
ROM[roms/astdelux/036433-03.j1] Addr=7ED2 Value=C5
ROM[roms/astdelux/036433-03.j1] Addr=7ED3 Value=7C
ROM[roms/astdelux/036433-03.j1] Addr=7ED4 Value=A9
ROM[roms/astdelux/036433-03.j1] Addr=7ED5 Value=93
ROM[roms/astdelux/036433-03.j1] Addr=7ED6 Value=A2
ROM[roms/astdelux/036433-03.j1] Addr=7ED7 Value=B0
ROM[roms/astdelux/036433-03.j1] Addr=7ED8 Value=20
ROM[roms/astdelux/036433-03.j1] Addr=7ED9 Value=E5
ROM[roms/astdelux/036433-03.j1] Addr=7EDA Value=7A
ROM[roms/astdelux/036433-03.j1] Addr=7EDB Value=A9
ROM[roms/astdelux/036433-03.j1] Addr=7EDC Value=07
ROM[roms/astdelux/036433-03.j1] Addr=7EDD Value=8D
ROM[roms/astdelux/036433-03.j1] Addr=7EDE Value=0F
ROM[roms/astdelux/036433-03.j1] Addr=7EDF Value=2C
ROM[roms/astdelux/036433-03.j1] Addr=7EE0 Value=8D
ROM[roms/astdelux/036433-03.j1] Addr=7EE1 Value=0B
ROM[roms/astdelux/036433-03.j1] Addr=7EE2 Value=2C
ROM[roms/astdelux/036433-03.j1] Addr=7EE3 Value=AD
ROM[roms/astdelux/036433-03.j1] Addr=7EE4 Value=08
ROM[roms/astdelux/036433-03.j1] Addr=7EE5 Value=2C
ROM[roms/astdelux/036433-03.j1] Addr=7EE6 Value=49
ROM[roms/astdelux/036433-03.j1] Addr=7EE7 Value=FF
ROM[roms/astdelux/036433-03.j1] Addr=7EE8 Value=85
ROM[roms/astdelux/036433-03.j1] Addr=7EE9 Value=0C
ROM[roms/astdelux/036433-03.j1] Addr=7EEA Value=85
ROM[roms/astdelux/036433-03.j1] Addr=7EEB Value=8D
ROM[roms/astdelux/036433-03.j1] Addr=7EEC Value=0A
ROM[roms/astdelux/036433-03.j1] Addr=7EED Value=2A
ROM[roms/astdelux/036433-03.j1] Addr=7EEE Value=2A
ROM[roms/astdelux/036433-03.j1] Addr=7EEF Value=2A
ROM[roms/astdelux/036433-03.j1] Addr=7EF0 Value=26
ROM[roms/astdelux/036433-03.j1] Addr=7EF1 Value=0D
ROM[roms/astdelux/036433-03.j1] Addr=7EF2 Value=29
ROM[roms/astdelux/036433-03.j1] Addr=7EF3 Value=07
ROM[roms/astdelux/036433-03.j1] Addr=7EF4 Value=20
ROM[roms/astdelux/036433-03.j1] Addr=7EF5 Value=CE
ROM[roms/astdelux/036433-03.j1] Addr=7EF6 Value=7C
ROM[roms/astdelux/036433-03.j1] Addr=7EF7 Value=A5
ROM[roms/astdelux/036433-03.j1] Addr=7EF8 Value=0D
ROM[roms/astdelux/036433-03.j1] Addr=7EF9 Value=29
ROM[roms/astdelux/036433-03.j1] Addr=7EFA Value=01
ROM[roms/astdelux/036433-03.j1] Addr=7EFB Value=20
ROM[roms/astdelux/036433-03.j1] Addr=7EFC Value=CE
ROM[roms/astdelux/036433-03.j1] Addr=7EFD Value=7C
ROM[roms/astdelux/036433-03.j1] Addr=7EFE Value=A5
ROM[roms/astdelux/036433-03.j1] Addr=7EFF Value=0C
ROM[roms/astdelux/036433-03.j1] Addr=7F00 Value=4A
ROM[roms/astdelux/036433-03.j1] Addr=7F01 Value=4A
ROM[roms/astdelux/036433-03.j1] Addr=7F02 Value=29
ROM[roms/astdelux/036433-03.j1] Addr=7F03 Value=03
ROM[roms/astdelux/036433-03.j1] Addr=7F04 Value=20
ROM[roms/astdelux/036433-03.j1] Addr=7F05 Value=CE
ROM[roms/astdelux/036433-03.j1] Addr=7F06 Value=7C
ROM[roms/astdelux/036433-03.j1] Addr=7F07 Value=A5
ROM[roms/astdelux/036433-03.j1] Addr=7F08 Value=0C
ROM[roms/astdelux/036433-03.j1] Addr=7F09 Value=29
ROM[roms/astdelux/036433-03.j1] Addr=7F0A Value=03
ROM[roms/astdelux/036433-03.j1] Addr=7F0B Value=20
ROM[roms/astdelux/036433-03.j1] Addr=7F0C Value=CE
ROM[roms/astdelux/036433-03.j1] Addr=7F0D Value=7C
ROM[roms/astdelux/036433-03.j1] Addr=7F0E Value=20
ROM[roms/astdelux/036433-03.j1] Addr=7F0F Value=34
ROM[roms/astdelux/036433-03.j1] Addr=7F10 Value=7C
ROM[roms/astdelux/036433-03.j1] Addr=7F11 Value=A4
ROM[roms/astdelux/036433-03.j1] Addr=7F12 Value=6E
ROM[roms/astdelux/036433-03.j1] Addr=7F13 Value=A9
ROM[roms/astdelux/036433-03.j1] Addr=7F14 Value=96
ROM[roms/astdelux/036433-03.j1] Addr=7F15 Value=A2
ROM[roms/astdelux/036433-03.j1] Addr=7F16 Value=94
ROM[roms/astdelux/036433-03.j1] Addr=7F17 Value=C8
ROM[roms/astdelux/036433-03.j1] Addr=7F18 Value=20
ROM[roms/astdelux/036433-03.j1] Addr=7F19 Value=71
ROM[roms/astdelux/036433-03.j1] Addr=7F1A Value=7C
ROM[roms/astdelux/036433-03.j1] Addr=7F1B Value=A9
ROM[roms/astdelux/036433-03.j1] Addr=7F1C Value=10
ROM[roms/astdelux/036433-03.j1] Addr=7F1D Value=85
ROM[roms/astdelux/036433-03.j1] Addr=7F1E Value=01
ROM[roms/astdelux/036433-03.j1] Addr=7F1F Value=A5
ROM[roms/astdelux/036433-03.j1] Addr=7F20 Value=F9
ROM[roms/astdelux/036433-03.j1] Addr=7F21 Value=30
ROM[roms/astdelux/036433-03.j1] Addr=7F22 Value=0A
ROM[roms/astdelux/036433-03.j1] Addr=7F23 Value=A9
ROM[roms/astdelux/036433-03.j1] Addr=7F24 Value=8E
ROM[roms/astdelux/036433-03.j1] Addr=7F25 Value=A2
ROM[roms/astdelux/036433-03.j1] Addr=7F26 Value=83
ROM[roms/astdelux/036433-03.j1] Addr=7F27 Value=20
ROM[roms/astdelux/036433-03.j1] Addr=7F28 Value=E5
ROM[roms/astdelux/036433-03.j1] Addr=7F29 Value=7A
ROM[roms/astdelux/036433-03.j1] Addr=7F2A Value=20
ROM[roms/astdelux/036433-03.j1] Addr=7F2B Value=90
ROM[roms/astdelux/036433-03.j1] Addr=7F2C Value=7C
ROM[roms/astdelux/036433-03.j1] Addr=7F2D Value=A5
ROM[roms/astdelux/036433-03.j1] Addr=7F2E Value=D4
ROM[roms/astdelux/036433-03.j1] Addr=7F2F Value=F0
ROM[roms/astdelux/036433-03.j1] Addr=7F30 Value=07
ROM[roms/astdelux/036433-03.j1] Addr=7F31 Value=A2
ROM[roms/astdelux/036433-03.j1] Addr=7F32 Value=CB
ROM[roms/astdelux/036433-03.j1] Addr=7F33 Value=A9
ROM[roms/astdelux/036433-03.j1] Addr=7F34 Value=F4
ROM[roms/astdelux/036433-03.j1] Addr=7F35 Value=20
ROM[roms/astdelux/036433-03.j1] Addr=7F36 Value=D5
ROM[roms/astdelux/036433-03.j1] Addr=7F37 Value=7C
ROM[roms/astdelux/036433-03.j1] Addr=7F38 Value=E6
ROM[roms/astdelux/036433-03.j1] Addr=7F39 Value=76
ROM[roms/astdelux/036433-03.j1] Addr=7F3A Value=AD
ROM[roms/astdelux/036433-03.j1] Addr=7F3B Value=04
ROM[roms/astdelux/036433-03.j1] Addr=7F3C Value=20
ROM[roms/astdelux/036433-03.j1] Addr=7F3D Value=2D
ROM[roms/astdelux/036433-03.j1] Addr=7F3E Value=05
ROM[roms/astdelux/036433-03.j1] Addr=7F3F Value=24
ROM[roms/astdelux/036433-03.j1] Addr=7F40 Value=2D
ROM[roms/astdelux/036433-03.j1] Addr=7F41 Value=07
ROM[roms/astdelux/036433-03.j1] Addr=7F42 Value=24
ROM[roms/astdelux/036433-03.j1] Addr=7F43 Value=2D
ROM[roms/astdelux/036433-03.j1] Addr=7F44 Value=06
ROM[roms/astdelux/036433-03.j1] Addr=7F45 Value=24
ROM[roms/astdelux/036433-03.j1] Addr=7F46 Value=10
ROM[roms/astdelux/036433-03.j1] Addr=7F47 Value=0F
ROM[roms/astdelux/036433-03.j1] Addr=7F48 Value=24
ROM[roms/astdelux/036433-03.j1] Addr=7F49 Value=21
ROM[roms/astdelux/036433-03.j1] Addr=7F4A Value=30
ROM[roms/astdelux/036433-03.j1] Addr=7F4B Value=0B
ROM[roms/astdelux/036433-03.j1] Addr=7F4C Value=85
ROM[roms/astdelux/036433-03.j1] Addr=7F4D Value=CD
ROM[roms/astdelux/036433-03.j1] Addr=7F4E Value=85
ROM[roms/astdelux/036433-03.j1] Addr=7F4F Value=21
ROM[roms/astdelux/036433-03.j1] Addr=7F50 Value=A2
ROM[roms/astdelux/036433-03.j1] Addr=7F51 Value=15
ROM[roms/astdelux/036433-03.j1] Addr=7F52 Value=86
ROM[roms/astdelux/036433-03.j1] Addr=7F53 Value=CC
ROM[roms/astdelux/036433-03.j1] Addr=7F54 Value=CA
ROM[roms/astdelux/036433-03.j1] Addr=7F55 Value=86
ROM[roms/astdelux/036433-03.j1] Addr=7F56 Value=CB
ROM[roms/astdelux/036433-03.j1] Addr=7F57 Value=A5
ROM[roms/astdelux/036433-03.j1] Addr=7F58 Value=21
ROM[roms/astdelux/036433-03.j1] Addr=7F59 Value=F0
ROM[roms/astdelux/036433-03.j1] Addr=7F5A Value=1C
ROM[roms/astdelux/036433-03.j1] Addr=7F5B Value=A5
ROM[roms/astdelux/036433-03.j1] Addr=7F5C Value=CD
ROM[roms/astdelux/036433-03.j1] Addr=7F5D Value=F0
ROM[roms/astdelux/036433-03.j1] Addr=7F5E Value=18
ROM[roms/astdelux/036433-03.j1] Addr=7F5F Value=A9
ROM[roms/astdelux/036433-03.j1] Addr=7F60 Value=94
ROM[roms/astdelux/036433-03.j1] Addr=7F61 Value=A2
ROM[roms/astdelux/036433-03.j1] Addr=7F62 Value=72
ROM[roms/astdelux/036433-03.j1] Addr=7F63 Value=20
ROM[roms/astdelux/036433-03.j1] Addr=7F64 Value=E5
ROM[roms/astdelux/036433-03.j1] Addr=7F65 Value=7A
ROM[roms/astdelux/036433-03.j1] Addr=7F66 Value=A2
ROM[roms/astdelux/036433-03.j1] Addr=7F67 Value=F2
ROM[roms/astdelux/036433-03.j1] Addr=7F68 Value=A9
ROM[roms/astdelux/036433-03.j1] Addr=7F69 Value=57
ROM[roms/astdelux/036433-03.j1] Addr=7F6A Value=20
ROM[roms/astdelux/036433-03.j1] Addr=7F6B Value=18
ROM[roms/astdelux/036433-03.j1] Addr=7F6C Value=7A
ROM[roms/astdelux/036433-03.j1] Addr=7F6D Value=20
ROM[roms/astdelux/036433-03.j1] Addr=7F6E Value=FF
ROM[roms/astdelux/036433-03.j1] Addr=7F6F Value=7A
ROM[roms/astdelux/036433-03.j1] Addr=7F70 Value=A5
ROM[roms/astdelux/036433-03.j1] Addr=7F71 Value=78
ROM[roms/astdelux/036433-03.j1] Addr=7F72 Value=18
ROM[roms/astdelux/036433-03.j1] Addr=7F73 Value=69
ROM[roms/astdelux/036433-03.j1] Addr=7F74 Value=04
ROM[roms/astdelux/036433-03.j1] Addr=7F75 Value=85
ROM[roms/astdelux/036433-03.j1] Addr=7F76 Value=78
ROM[roms/astdelux/036433-03.j1] Addr=7F77 Value=A9
ROM[roms/astdelux/036433-03.j1] Addr=7F78 Value=7F
ROM[roms/astdelux/036433-03.j1] Addr=7F79 Value=AA
ROM[roms/astdelux/036433-03.j1] Addr=7F7A Value=20
ROM[roms/astdelux/036433-03.j1] Addr=7F7B Value=1F
ROM[roms/astdelux/036433-03.j1] Addr=7F7C Value=7A
ROM[roms/astdelux/036433-03.j1] Addr=7F7D Value=20
ROM[roms/astdelux/036433-03.j1] Addr=7F7E Value=DA
ROM[roms/astdelux/036433-03.j1] Addr=7F7F Value=79
ROM[roms/astdelux/036433-03.j1] Addr=7F80 Value=A0
ROM[roms/astdelux/036433-03.j1] Addr=7F81 Value=08
ROM[roms/astdelux/036433-03.j1] Addr=7F82 Value=A9
ROM[roms/astdelux/036433-03.j1] Addr=7F83 Value=00
ROM[roms/astdelux/036433-03.j1] Addr=7F84 Value=99
ROM[roms/astdelux/036433-03.j1] Addr=7F85 Value=FF
ROM[roms/astdelux/036433-03.j1] Addr=7F86 Value=2B
ROM[roms/astdelux/036433-03.j1] Addr=7F87 Value=88
ROM[roms/astdelux/036433-03.j1] Addr=7F88 Value=D0
ROM[roms/astdelux/036433-03.j1] Addr=7F89 Value=FA
ROM[roms/astdelux/036433-03.j1] Addr=7F8A Value=20
ROM[roms/astdelux/036433-03.j1] Addr=7F8B Value=A4
ROM[roms/astdelux/036433-03.j1] Addr=7F8C Value=7F
ROM[roms/astdelux/036433-03.j1] Addr=7F8D Value=05
ROM[roms/astdelux/036433-03.j1] Addr=7F8E Value=88
ROM[roms/astdelux/036433-03.j1] Addr=7F8F Value=05
ROM[roms/astdelux/036433-03.j1] Addr=7F90 Value=87
ROM[roms/astdelux/036433-03.j1] Addr=7F91 Value=05
ROM[roms/astdelux/036433-03.j1] Addr=7F92 Value=86
ROM[roms/astdelux/036433-03.j1] Addr=7F93 Value=F0
ROM[roms/astdelux/036433-03.j1] Addr=7F94 Value=02
ROM[roms/astdelux/036433-03.j1] Addr=7F95 Value=A9
ROM[roms/astdelux/036433-03.j1] Addr=7F96 Value=A4
ROM[roms/astdelux/036433-03.j1] Addr=7F97 Value=8D
ROM[roms/astdelux/036433-03.j1] Addr=7F98 Value=01
ROM[roms/astdelux/036433-03.j1] Addr=7F99 Value=2C
ROM[roms/astdelux/036433-03.j1] Addr=7F9A Value=4A
ROM[roms/astdelux/036433-03.j1] Addr=7F9B Value=8D
ROM[roms/astdelux/036433-03.j1] Addr=7F9C Value=00
ROM[roms/astdelux/036433-03.j1] Addr=7F9D Value=2C
ROM[roms/astdelux/036433-03.j1] Addr=7F9E Value=8D
ROM[roms/astdelux/036433-03.j1] Addr=7F9F Value=00
ROM[roms/astdelux/036433-03.j1] Addr=7FA0 Value=30
ROM[roms/astdelux/036433-03.j1] Addr=7FA1 Value=4C
ROM[roms/astdelux/036433-03.j1] Addr=7FA2 Value=3E
ROM[roms/astdelux/036433-03.j1] Addr=7FA3 Value=7E
ROM[roms/astdelux/036433-03.j1] Addr=7FA4 Value=20
ROM[roms/astdelux/036433-03.j1] Addr=7FA5 Value=A7
ROM[roms/astdelux/036433-03.j1] Addr=7FA6 Value=7F
ROM[roms/astdelux/036433-03.j1] Addr=7FA7 Value=A2
ROM[roms/astdelux/036433-03.j1] Addr=7FA8 Value=07
ROM[roms/astdelux/036433-03.j1] Addr=7FA9 Value=3E
ROM[roms/astdelux/036433-03.j1] Addr=7FAA Value=00
ROM[roms/astdelux/036433-03.j1] Addr=7FAB Value=24
ROM[roms/astdelux/036433-03.j1] Addr=7FAC Value=6A
ROM[roms/astdelux/036433-03.j1] Addr=7FAD Value=CA
ROM[roms/astdelux/036433-03.j1] Addr=7FAE Value=10
ROM[roms/astdelux/036433-03.j1] Addr=7FAF Value=F9
ROM[roms/astdelux/036433-03.j1] Addr=7FB0 Value=20
ROM[roms/astdelux/036433-03.j1] Addr=7FB1 Value=C4
ROM[roms/astdelux/036433-03.j1] Addr=7FB2 Value=7F
ROM[roms/astdelux/036433-03.j1] Addr=7FB3 Value=A2
ROM[roms/astdelux/036433-03.j1] Addr=7FB4 Value=04
ROM[roms/astdelux/036433-03.j1] Addr=7FB5 Value=3E
ROM[roms/astdelux/036433-03.j1] Addr=7FB6 Value=03
ROM[roms/astdelux/036433-03.j1] Addr=7FB7 Value=20
ROM[roms/astdelux/036433-03.j1] Addr=7FB8 Value=6A
ROM[roms/astdelux/036433-03.j1] Addr=7FB9 Value=CA
ROM[roms/astdelux/036433-03.j1] Addr=7FBA Value=10
ROM[roms/astdelux/036433-03.j1] Addr=7FBB Value=F9
ROM[roms/astdelux/036433-03.j1] Addr=7FBC Value=8E
ROM[roms/astdelux/036433-03.j1] Addr=7FBD Value=04
ROM[roms/astdelux/036433-03.j1] Addr=7FBE Value=3C
ROM[roms/astdelux/036433-03.j1] Addr=7FBF Value=A2
ROM[roms/astdelux/036433-03.j1] Addr=7FC0 Value=64
ROM[roms/astdelux/036433-03.j1] Addr=7FC1 Value=CA
ROM[roms/astdelux/036433-03.j1] Addr=7FC2 Value=10
ROM[roms/astdelux/036433-03.j1] Addr=7FC3 Value=FD
ROM[roms/astdelux/036433-03.j1] Addr=7FC4 Value=AA
ROM[roms/astdelux/036433-03.j1] Addr=7FC5 Value=59
ROM[roms/astdelux/036433-03.j1] Addr=7FC6 Value=16
ROM[roms/astdelux/036433-03.j1] Addr=7FC7 Value=00
ROM[roms/astdelux/036433-03.j1] Addr=7FC8 Value=99
ROM[roms/astdelux/036433-03.j1] Addr=7FC9 Value=86
ROM[roms/astdelux/036433-03.j1] Addr=7FCA Value=00
ROM[roms/astdelux/036433-03.j1] Addr=7FCB Value=96
ROM[roms/astdelux/036433-03.j1] Addr=7FCC Value=16
ROM[roms/astdelux/036433-03.j1] Addr=7FCD Value=C8
ROM[roms/astdelux/036433-03.j1] Addr=7FCE Value=60
ROM[roms/astdelux/036433-03.j1] Addr=7FCF Value=A5
ROM[roms/astdelux/036433-03.j1] Addr=7FD0 Value=76
ROM[roms/astdelux/036433-03.j1] Addr=7FD1 Value=29
ROM[roms/astdelux/036433-03.j1] Addr=7FD2 Value=03
ROM[roms/astdelux/036433-03.j1] Addr=7FD3 Value=AA
ROM[roms/astdelux/036433-03.j1] Addr=7FD4 Value=AD
ROM[roms/astdelux/036433-03.j1] Addr=7FD5 Value=0A
ROM[roms/astdelux/036433-03.j1] Addr=7FD6 Value=2C
ROM[roms/astdelux/036433-03.j1] Addr=7FD7 Value=95
ROM[roms/astdelux/036433-03.j1] Addr=7FD8 Value=D5
ROM[roms/astdelux/036433-03.j1] Addr=7FD9 Value=A0
ROM[roms/astdelux/036433-03.j1] Addr=7FDA Value=00
ROM[roms/astdelux/036433-03.j1] Addr=7FDB Value=A2
ROM[roms/astdelux/036433-03.j1] Addr=7FDC Value=04
ROM[roms/astdelux/036433-03.j1] Addr=7FDD Value=D5
ROM[roms/astdelux/036433-03.j1] Addr=7FDE Value=D4
ROM[roms/astdelux/036433-03.j1] Addr=7FDF Value=D0
ROM[roms/astdelux/036433-03.j1] Addr=7FE0 Value=01
ROM[roms/astdelux/036433-03.j1] Addr=7FE1 Value=C8
ROM[roms/astdelux/036433-03.j1] Addr=7FE2 Value=CA
ROM[roms/astdelux/036433-03.j1] Addr=7FE3 Value=D0
ROM[roms/astdelux/036433-03.j1] Addr=7FE4 Value=F8
ROM[roms/astdelux/036433-03.j1] Addr=7FE5 Value=C0
ROM[roms/astdelux/036433-03.j1] Addr=7FE6 Value=04
ROM[roms/astdelux/036433-03.j1] Addr=7FE7 Value=AD
ROM[roms/astdelux/036433-03.j1] Addr=7FE8 Value=08
ROM[roms/astdelux/036433-03.j1] Addr=7FE9 Value=2C
ROM[roms/astdelux/036433-03.j1] Addr=7FEA Value=6A
ROM[roms/astdelux/036433-03.j1] Addr=7FEB Value=85
ROM[roms/astdelux/036433-03.j1] Addr=7FEC Value=D4
ROM[roms/astdelux/036433-03.j1] Addr=7FED Value=60
ROM[roms/astdelux/036433-03.j1] Addr=7FEE Value=38
ROM[roms/astdelux/036433-03.j1] Addr=7FEF Value=30
ROM[roms/astdelux/036433-03.j1] Addr=7FF0 Value=1C
ROM[roms/astdelux/036433-03.j1] Addr=7FF1 Value=1E
ROM[roms/astdelux/036433-03.j1] Addr=7FF2 Value=24
ROM[roms/astdelux/036433-03.j1] Addr=7FF3 Value=28
ROM[roms/astdelux/036433-03.j1] Addr=7FF4 Value=06
ROM[roms/astdelux/036433-03.j1] Addr=7FF5 Value=06
ROM[roms/astdelux/036433-03.j1] Addr=7FF6 Value=04
ROM[roms/astdelux/036433-03.j1] Addr=7FF7 Value=04
ROM[roms/astdelux/036433-03.j1] Addr=7FF8 Value=04
ROM[roms/astdelux/036433-03.j1] Addr=7FF9 Value=04
ROM[roms/astdelux/036433-03.j1] Addr=7FFA Value=51
ROM[roms/astdelux/036433-03.j1] Addr=7FFB Value=78
ROM[roms/astdelux/036433-03.j1] Addr=7FFC Value=E0
ROM[roms/astdelux/036433-03.j1] Addr=7FFD Value=7C
ROM[roms/astdelux/036433-03.j1] Addr=7FFE Value=E0
ROM[roms/astdelux/036433-03.j1] Addr=7FFF Value=7C
ROM[roms/astdelux/036800-02.r2] Addr=4800 Value=B9
ROM[roms/astdelux/036800-02.r2] Addr=4801 Value=00
ROM[roms/astdelux/036800-02.r2] Addr=4802 Value=02
ROM[roms/astdelux/036800-02.r2] Addr=4803 Value=29
ROM[roms/astdelux/036800-02.r2] Addr=4804 Value=3C
ROM[roms/astdelux/036800-02.r2] Addr=4805 Value=4A
ROM[roms/astdelux/036800-02.r2] Addr=4806 Value=4A
ROM[roms/astdelux/036800-02.r2] Addr=4807 Value=AA
ROM[roms/astdelux/036800-02.r2] Addr=4808 Value=BD
ROM[roms/astdelux/036800-02.r2] Addr=4809 Value=F8
ROM[roms/astdelux/036800-02.r2] Addr=480A Value=02
ROM[roms/astdelux/036800-02.r2] Addr=480B Value=10
ROM[roms/astdelux/036800-02.r2] Addr=480C Value=31
ROM[roms/astdelux/036800-02.r2] Addr=480D Value=86
ROM[roms/astdelux/036800-02.r2] Addr=480E Value=1A
ROM[roms/astdelux/036800-02.r2] Addr=480F Value=A9
ROM[roms/astdelux/036800-02.r2] Addr=4810 Value=05
ROM[roms/astdelux/036800-02.r2] Addr=4811 Value=20
ROM[roms/astdelux/036800-02.r2] Addr=4812 Value=B2
ROM[roms/astdelux/036800-02.r2] Addr=4813 Value=48
ROM[roms/astdelux/036800-02.r2] Addr=4814 Value=20
ROM[roms/astdelux/036800-02.r2] Addr=4815 Value=50
ROM[roms/astdelux/036800-02.r2] Addr=4816 Value=6D
ROM[roms/astdelux/036800-02.r2] Addr=4817 Value=EE
ROM[roms/astdelux/036800-02.r2] Addr=4818 Value=E7
ROM[roms/astdelux/036800-02.r2] Addr=4819 Value=02
ROM[roms/astdelux/036800-02.r2] Addr=481A Value=B9
ROM[roms/astdelux/036800-02.r2] Addr=481B Value=00
ROM[roms/astdelux/036800-02.r2] Addr=481C Value=02
ROM[roms/astdelux/036800-02.r2] Addr=481D Value=48
ROM[roms/astdelux/036800-02.r2] Addr=481E Value=20
ROM[roms/astdelux/036800-02.r2] Addr=481F Value=EB
ROM[roms/astdelux/036800-02.r2] Addr=4820 Value=61
ROM[roms/astdelux/036800-02.r2] Addr=4821 Value=68
ROM[roms/astdelux/036800-02.r2] Addr=4822 Value=9D
ROM[roms/astdelux/036800-02.r2] Addr=4823 Value=00
ROM[roms/astdelux/036800-02.r2] Addr=4824 Value=02
ROM[roms/astdelux/036800-02.r2] Addr=4825 Value=A9
ROM[roms/astdelux/036800-02.r2] Addr=4826 Value=00
ROM[roms/astdelux/036800-02.r2] Addr=4827 Value=99
ROM[roms/astdelux/036800-02.r2] Addr=4828 Value=00
ROM[roms/astdelux/036800-02.r2] Addr=4829 Value=02
ROM[roms/astdelux/036800-02.r2] Addr=482A Value=A6
ROM[roms/astdelux/036800-02.r2] Addr=482B Value=1A
ROM[roms/astdelux/036800-02.r2] Addr=482C Value=BD
ROM[roms/astdelux/036800-02.r2] Addr=482D Value=F8
ROM[roms/astdelux/036800-02.r2] Addr=482E Value=02
ROM[roms/astdelux/036800-02.r2] Addr=482F Value=10
ROM[roms/astdelux/036800-02.r2] Addr=4830 Value=1D
ROM[roms/astdelux/036800-02.r2] Addr=4831 Value=48
ROM[roms/astdelux/036800-02.r2] Addr=4832 Value=A9
ROM[roms/astdelux/036800-02.r2] Addr=4833 Value=7F
ROM[roms/astdelux/036800-02.r2] Addr=4834 Value=9D
ROM[roms/astdelux/036800-02.r2] Addr=4835 Value=F8
ROM[roms/astdelux/036800-02.r2] Addr=4836 Value=02
ROM[roms/astdelux/036800-02.r2] Addr=4837 Value=68
ROM[roms/astdelux/036800-02.r2] Addr=4838 Value=4A
ROM[roms/astdelux/036800-02.r2] Addr=4839 Value=29
ROM[roms/astdelux/036800-02.r2] Addr=483A Value=0F
ROM[roms/astdelux/036800-02.r2] Addr=483B Value=AA
ROM[roms/astdelux/036800-02.r2] Addr=483C Value=10
ROM[roms/astdelux/036800-02.r2] Addr=483D Value=EE
ROM[roms/astdelux/036800-02.r2] Addr=483E Value=4A
ROM[roms/astdelux/036800-02.r2] Addr=483F Value=B0
ROM[roms/astdelux/036800-02.r2] Addr=4840 Value=10
ROM[roms/astdelux/036800-02.r2] Addr=4841 Value=A9
ROM[roms/astdelux/036800-02.r2] Addr=4842 Value=00
ROM[roms/astdelux/036800-02.r2] Addr=4843 Value=9D
ROM[roms/astdelux/036800-02.r2] Addr=4844 Value=F8
ROM[roms/astdelux/036800-02.r2] Addr=4845 Value=02
ROM[roms/astdelux/036800-02.r2] Addr=4846 Value=A9
ROM[roms/astdelux/036800-02.r2] Addr=4847 Value=20
ROM[roms/astdelux/036800-02.r2] Addr=4848 Value=20
ROM[roms/astdelux/036800-02.r2] Addr=4849 Value=B2
ROM[roms/astdelux/036800-02.r2] Addr=484A Value=48
ROM[roms/astdelux/036800-02.r2] Addr=484B Value=20
ROM[roms/astdelux/036800-02.r2] Addr=484C Value=AC
ROM[roms/astdelux/036800-02.r2] Addr=484D Value=49
ROM[roms/astdelux/036800-02.r2] Addr=484E Value=A6
ROM[roms/astdelux/036800-02.r2] Addr=484F Value=0E
ROM[roms/astdelux/036800-02.r2] Addr=4850 Value=60
ROM[roms/astdelux/036800-02.r2] Addr=4851 Value=A9
ROM[roms/astdelux/036800-02.r2] Addr=4852 Value=10
ROM[roms/astdelux/036800-02.r2] Addr=4853 Value=86
ROM[roms/astdelux/036800-02.r2] Addr=4854 Value=1A
ROM[roms/astdelux/036800-02.r2] Addr=4855 Value=20
ROM[roms/astdelux/036800-02.r2] Addr=4856 Value=B2
ROM[roms/astdelux/036800-02.r2] Addr=4857 Value=48
ROM[roms/astdelux/036800-02.r2] Addr=4858 Value=20
ROM[roms/astdelux/036800-02.r2] Addr=4859 Value=50
ROM[roms/astdelux/036800-02.r2] Addr=485A Value=6D
ROM[roms/astdelux/036800-02.r2] Addr=485B Value=20
ROM[roms/astdelux/036800-02.r2] Addr=485C Value=EB
ROM[roms/astdelux/036800-02.r2] Addr=485D Value=61
ROM[roms/astdelux/036800-02.r2] Addr=485E Value=EE
ROM[roms/astdelux/036800-02.r2] Addr=485F Value=E7
ROM[roms/astdelux/036800-02.r2] Addr=4860 Value=02
ROM[roms/astdelux/036800-02.r2] Addr=4861 Value=EE
ROM[roms/astdelux/036800-02.r2] Addr=4862 Value=FF
ROM[roms/astdelux/036800-02.r2] Addr=4863 Value=02
ROM[roms/astdelux/036800-02.r2] Addr=4864 Value=A5
ROM[roms/astdelux/036800-02.r2] Addr=4865 Value=1A
ROM[roms/astdelux/036800-02.r2] Addr=4866 Value=0A
ROM[roms/astdelux/036800-02.r2] Addr=4867 Value=0A
ROM[roms/astdelux/036800-02.r2] Addr=4868 Value=09
ROM[roms/astdelux/036800-02.r2] Addr=4869 Value=42
ROM[roms/astdelux/036800-02.r2] Addr=486A Value=9D
ROM[roms/astdelux/036800-02.r2] Addr=486B Value=00
ROM[roms/astdelux/036800-02.r2] Addr=486C Value=02
ROM[roms/astdelux/036800-02.r2] Addr=486D Value=86
ROM[roms/astdelux/036800-02.r2] Addr=486E Value=10
ROM[roms/astdelux/036800-02.r2] Addr=486F Value=A6
ROM[roms/astdelux/036800-02.r2] Addr=4870 Value=1A
ROM[roms/astdelux/036800-02.r2] Addr=4871 Value=A9
ROM[roms/astdelux/036800-02.r2] Addr=4872 Value=7E
ROM[roms/astdelux/036800-02.r2] Addr=4873 Value=9D
ROM[roms/astdelux/036800-02.r2] Addr=4874 Value=F8
ROM[roms/astdelux/036800-02.r2] Addr=4875 Value=02
ROM[roms/astdelux/036800-02.r2] Addr=4876 Value=A5
ROM[roms/astdelux/036800-02.r2] Addr=4877 Value=79
ROM[roms/astdelux/036800-02.r2] Addr=4878 Value=69
ROM[roms/astdelux/036800-02.r2] Addr=4879 Value=20
ROM[roms/astdelux/036800-02.r2] Addr=487A Value=9D
ROM[roms/astdelux/036800-02.r2] Addr=487B Value=F1
ROM[roms/astdelux/036800-02.r2] Addr=487C Value=02
ROM[roms/astdelux/036800-02.r2] Addr=487D Value=20
ROM[roms/astdelux/036800-02.r2] Addr=487E Value=A7
ROM[roms/astdelux/036800-02.r2] Addr=487F Value=48
ROM[roms/astdelux/036800-02.r2] Addr=4880 Value=86
ROM[roms/astdelux/036800-02.r2] Addr=4881 Value=1A
ROM[roms/astdelux/036800-02.r2] Addr=4882 Value=A6
ROM[roms/astdelux/036800-02.r2] Addr=4883 Value=10
ROM[roms/astdelux/036800-02.r2] Addr=4884 Value=20
ROM[roms/astdelux/036800-02.r2] Addr=4885 Value=52
ROM[roms/astdelux/036800-02.r2] Addr=4886 Value=6D
ROM[roms/astdelux/036800-02.r2] Addr=4887 Value=20
ROM[roms/astdelux/036800-02.r2] Addr=4888 Value=EB
ROM[roms/astdelux/036800-02.r2] Addr=4889 Value=61
ROM[roms/astdelux/036800-02.r2] Addr=488A Value=EE
ROM[roms/astdelux/036800-02.r2] Addr=488B Value=E7
ROM[roms/astdelux/036800-02.r2] Addr=488C Value=02
ROM[roms/astdelux/036800-02.r2] Addr=488D Value=A5
ROM[roms/astdelux/036800-02.r2] Addr=488E Value=1A
ROM[roms/astdelux/036800-02.r2] Addr=488F Value=0A
ROM[roms/astdelux/036800-02.r2] Addr=4890 Value=0A
ROM[roms/astdelux/036800-02.r2] Addr=4891 Value=09
ROM[roms/astdelux/036800-02.r2] Addr=4892 Value=42
ROM[roms/astdelux/036800-02.r2] Addr=4893 Value=9D
ROM[roms/astdelux/036800-02.r2] Addr=4894 Value=00
ROM[roms/astdelux/036800-02.r2] Addr=4895 Value=02
ROM[roms/astdelux/036800-02.r2] Addr=4896 Value=A6
ROM[roms/astdelux/036800-02.r2] Addr=4897 Value=1A
ROM[roms/astdelux/036800-02.r2] Addr=4898 Value=A9
ROM[roms/astdelux/036800-02.r2] Addr=4899 Value=7E
ROM[roms/astdelux/036800-02.r2] Addr=489A Value=9D
ROM[roms/astdelux/036800-02.r2] Addr=489B Value=F8
ROM[roms/astdelux/036800-02.r2] Addr=489C Value=02
ROM[roms/astdelux/036800-02.r2] Addr=489D Value=A5
ROM[roms/astdelux/036800-02.r2] Addr=489E Value=79
ROM[roms/astdelux/036800-02.r2] Addr=489F Value=E9
ROM[roms/astdelux/036800-02.r2] Addr=48A0 Value=20
ROM[roms/astdelux/036800-02.r2] Addr=48A1 Value=9D
ROM[roms/astdelux/036800-02.r2] Addr=48A2 Value=F1
ROM[roms/astdelux/036800-02.r2] Addr=48A3 Value=02
ROM[roms/astdelux/036800-02.r2] Addr=48A4 Value=A6
ROM[roms/astdelux/036800-02.r2] Addr=48A5 Value=0E
ROM[roms/astdelux/036800-02.r2] Addr=48A6 Value=60
ROM[roms/astdelux/036800-02.r2] Addr=48A7 Value=A2
ROM[roms/astdelux/036800-02.r2] Addr=48A8 Value=06
ROM[roms/astdelux/036800-02.r2] Addr=48A9 Value=BD
ROM[roms/astdelux/036800-02.r2] Addr=48AA Value=F8
ROM[roms/astdelux/036800-02.r2] Addr=48AB Value=02
ROM[roms/astdelux/036800-02.r2] Addr=48AC Value=F0
ROM[roms/astdelux/036800-02.r2] Addr=48AD Value=03
ROM[roms/astdelux/036800-02.r2] Addr=48AE Value=CA
ROM[roms/astdelux/036800-02.r2] Addr=48AF Value=10
ROM[roms/astdelux/036800-02.r2] Addr=48B0 Value=F8
ROM[roms/astdelux/036800-02.r2] Addr=48B1 Value=60
ROM[roms/astdelux/036800-02.r2] Addr=48B2 Value=A6
ROM[roms/astdelux/036800-02.r2] Addr=48B3 Value=0E
ROM[roms/astdelux/036800-02.r2] Addr=48B4 Value=F0
ROM[roms/astdelux/036800-02.r2] Addr=48B5 Value=04
ROM[roms/astdelux/036800-02.r2] Addr=48B6 Value=E0
ROM[roms/astdelux/036800-02.r2] Addr=48B7 Value=04
ROM[roms/astdelux/036800-02.r2] Addr=48B8 Value=90
ROM[roms/astdelux/036800-02.r2] Addr=48B9 Value=F7
ROM[roms/astdelux/036800-02.r2] Addr=48BA Value=18
ROM[roms/astdelux/036800-02.r2] Addr=48BB Value=4C
ROM[roms/astdelux/036800-02.r2] Addr=48BC Value=44
ROM[roms/astdelux/036800-02.r2] Addr=48BD Value=6C
ROM[roms/astdelux/036800-02.r2] Addr=48BE Value=86
ROM[roms/astdelux/036800-02.r2] Addr=48BF Value=10
ROM[roms/astdelux/036800-02.r2] Addr=48C0 Value=A0
ROM[roms/astdelux/036800-02.r2] Addr=48C1 Value=19
ROM[roms/astdelux/036800-02.r2] Addr=48C2 Value=84
ROM[roms/astdelux/036800-02.r2] Addr=48C3 Value=11
ROM[roms/astdelux/036800-02.r2] Addr=48C4 Value=E6
ROM[roms/astdelux/036800-02.r2] Addr=48C5 Value=19
ROM[roms/astdelux/036800-02.r2] Addr=48C6 Value=BD
ROM[roms/astdelux/036800-02.r2] Addr=48C7 Value=00
ROM[roms/astdelux/036800-02.r2] Addr=48C8 Value=02
ROM[roms/astdelux/036800-02.r2] Addr=48C9 Value=4A
ROM[roms/astdelux/036800-02.r2] Addr=48CA Value=4A
ROM[roms/astdelux/036800-02.r2] Addr=48CB Value=29
ROM[roms/astdelux/036800-02.r2] Addr=48CC Value=0F
ROM[roms/astdelux/036800-02.r2] Addr=48CD Value=AA
ROM[roms/astdelux/036800-02.r2] Addr=48CE Value=BC
ROM[roms/astdelux/036800-02.r2] Addr=48CF Value=F8
ROM[roms/astdelux/036800-02.r2] Addr=48D0 Value=02
ROM[roms/astdelux/036800-02.r2] Addr=48D1 Value=C0
ROM[roms/astdelux/036800-02.r2] Addr=48D2 Value=04
ROM[roms/astdelux/036800-02.r2] Addr=48D3 Value=90
ROM[roms/astdelux/036800-02.r2] Addr=48D4 Value=1C
ROM[roms/astdelux/036800-02.r2] Addr=48D5 Value=A5
ROM[roms/astdelux/036800-02.r2] Addr=48D6 Value=76
ROM[roms/astdelux/036800-02.r2] Addr=48D7 Value=29
ROM[roms/astdelux/036800-02.r2] Addr=48D8 Value=0F
ROM[roms/astdelux/036800-02.r2] Addr=48D9 Value=D0
ROM[roms/astdelux/036800-02.r2] Addr=48DA Value=07
ROM[roms/astdelux/036800-02.r2] Addr=48DB Value=98
ROM[roms/astdelux/036800-02.r2] Addr=48DC Value=38
ROM[roms/astdelux/036800-02.r2] Addr=48DD Value=E9
ROM[roms/astdelux/036800-02.r2] Addr=48DE Value=02
ROM[roms/astdelux/036800-02.r2] Addr=48DF Value=9D
ROM[roms/astdelux/036800-02.r2] Addr=48E0 Value=F8
ROM[roms/astdelux/036800-02.r2] Addr=48E1 Value=02
ROM[roms/astdelux/036800-02.r2] Addr=48E2 Value=AD
ROM[roms/astdelux/036800-02.r2] Addr=48E3 Value=19
ROM[roms/astdelux/036800-02.r2] Addr=48E4 Value=02
ROM[roms/astdelux/036800-02.r2] Addr=48E5 Value=F0
ROM[roms/astdelux/036800-02.r2] Addr=48E6 Value=02
ROM[roms/astdelux/036800-02.r2] Addr=48E7 Value=10
ROM[roms/astdelux/036800-02.r2] Addr=48E8 Value=0A
ROM[roms/astdelux/036800-02.r2] Addr=48E9 Value=98
ROM[roms/astdelux/036800-02.r2] Addr=48EA Value=29
ROM[roms/astdelux/036800-02.r2] Addr=48EB Value=01
ROM[roms/astdelux/036800-02.r2] Addr=48EC Value=09
ROM[roms/astdelux/036800-02.r2] Addr=48ED Value=02
ROM[roms/astdelux/036800-02.r2] Addr=48EE Value=9D
ROM[roms/astdelux/036800-02.r2] Addr=48EF Value=F8
ROM[roms/astdelux/036800-02.r2] Addr=48F0 Value=02
ROM[roms/astdelux/036800-02.r2] Addr=48F1 Value=E6
ROM[roms/astdelux/036800-02.r2] Addr=48F2 Value=11
ROM[roms/astdelux/036800-02.r2] Addr=48F3 Value=A4
ROM[roms/astdelux/036800-02.r2] Addr=48F4 Value=11
ROM[roms/astdelux/036800-02.r2] Addr=48F5 Value=86
ROM[roms/astdelux/036800-02.r2] Addr=48F6 Value=1A
ROM[roms/astdelux/036800-02.r2] Addr=48F7 Value=A6
ROM[roms/astdelux/036800-02.r2] Addr=48F8 Value=10
ROM[roms/astdelux/036800-02.r2] Addr=48F9 Value=20
ROM[roms/astdelux/036800-02.r2] Addr=48FA Value=22
ROM[roms/astdelux/036800-02.r2] Addr=48FB Value=4A
ROM[roms/astdelux/036800-02.r2] Addr=48FC Value=20
ROM[roms/astdelux/036800-02.r2] Addr=48FD Value=FD
ROM[roms/astdelux/036800-02.r2] Addr=48FE Value=49
ROM[roms/astdelux/036800-02.r2] Addr=48FF Value=85
ROM[roms/astdelux/036800-02.r2] Addr=4900 Value=13
ROM[roms/astdelux/036800-02.r2] Addr=4901 Value=A5
ROM[roms/astdelux/036800-02.r2] Addr=4902 Value=0C
ROM[roms/astdelux/036800-02.r2] Addr=4903 Value=85
ROM[roms/astdelux/036800-02.r2] Addr=4904 Value=12
ROM[roms/astdelux/036800-02.r2] Addr=4905 Value=A5
ROM[roms/astdelux/036800-02.r2] Addr=4906 Value=11
ROM[roms/astdelux/036800-02.r2] Addr=4907 Value=18
ROM[roms/astdelux/036800-02.r2] Addr=4908 Value=69
ROM[roms/astdelux/036800-02.r2] Addr=4909 Value=21
ROM[roms/astdelux/036800-02.r2] Addr=490A Value=A8
ROM[roms/astdelux/036800-02.r2] Addr=490B Value=8A
ROM[roms/astdelux/036800-02.r2] Addr=490C Value=69
ROM[roms/astdelux/036800-02.r2] Addr=490D Value=21
ROM[roms/astdelux/036800-02.r2] Addr=490E Value=AA
ROM[roms/astdelux/036800-02.r2] Addr=490F Value=20
ROM[roms/astdelux/036800-02.r2] Addr=4910 Value=22
ROM[roms/astdelux/036800-02.r2] Addr=4911 Value=4A
ROM[roms/astdelux/036800-02.r2] Addr=4912 Value=20
ROM[roms/astdelux/036800-02.r2] Addr=4913 Value=FD
ROM[roms/astdelux/036800-02.r2] Addr=4914 Value=49
ROM[roms/astdelux/036800-02.r2] Addr=4915 Value=20
ROM[roms/astdelux/036800-02.r2] Addr=4916 Value=32
ROM[roms/astdelux/036800-02.r2] Addr=4917 Value=4A
ROM[roms/astdelux/036800-02.r2] Addr=4918 Value=A6
ROM[roms/astdelux/036800-02.r2] Addr=4919 Value=1A
ROM[roms/astdelux/036800-02.r2] Addr=491A Value=85
ROM[roms/astdelux/036800-02.r2] Addr=491B Value=12
ROM[roms/astdelux/036800-02.r2] Addr=491C Value=A0
ROM[roms/astdelux/036800-02.r2] Addr=491D Value=19
ROM[roms/astdelux/036800-02.r2] Addr=491E Value=C4
ROM[roms/astdelux/036800-02.r2] Addr=491F Value=11
ROM[roms/astdelux/036800-02.r2] Addr=4920 Value=D0
ROM[roms/astdelux/036800-02.r2] Addr=4921 Value=19
ROM[roms/astdelux/036800-02.r2] Addr=4922 Value=49
ROM[roms/astdelux/036800-02.r2] Addr=4923 Value=80
ROM[roms/astdelux/036800-02.r2] Addr=4924 Value=E5
ROM[roms/astdelux/036800-02.r2] Addr=4925 Value=79
ROM[roms/astdelux/036800-02.r2] Addr=4926 Value=10
ROM[roms/astdelux/036800-02.r2] Addr=4927 Value=02
ROM[roms/astdelux/036800-02.r2] Addr=4928 Value=49
ROM[roms/astdelux/036800-02.r2] Addr=4929 Value=FF
ROM[roms/astdelux/036800-02.r2] Addr=492A Value=C9
ROM[roms/astdelux/036800-02.r2] Addr=492B Value=10
ROM[roms/astdelux/036800-02.r2] Addr=492C Value=B0
ROM[roms/astdelux/036800-02.r2] Addr=492D Value=0D
ROM[roms/astdelux/036800-02.r2] Addr=492E Value=A5
ROM[roms/astdelux/036800-02.r2] Addr=492F Value=12
ROM[roms/astdelux/036800-02.r2] Addr=4930 Value=FD
ROM[roms/astdelux/036800-02.r2] Addr=4931 Value=F1
ROM[roms/astdelux/036800-02.r2] Addr=4932 Value=02
ROM[roms/astdelux/036800-02.r2] Addr=4933 Value=10
ROM[roms/astdelux/036800-02.r2] Addr=4934 Value=02
ROM[roms/astdelux/036800-02.r2] Addr=4935 Value=49
ROM[roms/astdelux/036800-02.r2] Addr=4936 Value=FF
ROM[roms/astdelux/036800-02.r2] Addr=4937 Value=C9
ROM[roms/astdelux/036800-02.r2] Addr=4938 Value=40
ROM[roms/astdelux/036800-02.r2] Addr=4939 Value=90
ROM[roms/astdelux/036800-02.r2] Addr=493A Value=31
ROM[roms/astdelux/036800-02.r2] Addr=493B Value=A5
ROM[roms/astdelux/036800-02.r2] Addr=493C Value=12
ROM[roms/astdelux/036800-02.r2] Addr=493D Value=38
ROM[roms/astdelux/036800-02.r2] Addr=493E Value=FD
ROM[roms/astdelux/036800-02.r2] Addr=493F Value=F1
ROM[roms/astdelux/036800-02.r2] Addr=4940 Value=02
ROM[roms/astdelux/036800-02.r2] Addr=4941 Value=85
ROM[roms/astdelux/036800-02.r2] Addr=4942 Value=12
ROM[roms/astdelux/036800-02.r2] Addr=4943 Value=10
ROM[roms/astdelux/036800-02.r2] Addr=4944 Value=02
ROM[roms/astdelux/036800-02.r2] Addr=4945 Value=49
ROM[roms/astdelux/036800-02.r2] Addr=4946 Value=FF
ROM[roms/astdelux/036800-02.r2] Addr=4947 Value=C9
ROM[roms/astdelux/036800-02.r2] Addr=4948 Value=08
ROM[roms/astdelux/036800-02.r2] Addr=4949 Value=90
ROM[roms/astdelux/036800-02.r2] Addr=494A Value=21
ROM[roms/astdelux/036800-02.r2] Addr=494B Value=A9
ROM[roms/astdelux/036800-02.r2] Addr=494C Value=01
ROM[roms/astdelux/036800-02.r2] Addr=494D Value=A0
ROM[roms/astdelux/036800-02.r2] Addr=494E Value=19
ROM[roms/astdelux/036800-02.r2] Addr=494F Value=C4
ROM[roms/astdelux/036800-02.r2] Addr=4950 Value=11
ROM[roms/astdelux/036800-02.r2] Addr=4951 Value=D0
ROM[roms/astdelux/036800-02.r2] Addr=4952 Value=0D
ROM[roms/astdelux/036800-02.r2] Addr=4953 Value=A6
ROM[roms/astdelux/036800-02.r2] Addr=4954 Value=19
ROM[roms/astdelux/036800-02.r2] Addr=4955 Value=E0
ROM[roms/astdelux/036800-02.r2] Addr=4956 Value=07
ROM[roms/astdelux/036800-02.r2] Addr=4957 Value=90
ROM[roms/astdelux/036800-02.r2] Addr=4958 Value=02
ROM[roms/astdelux/036800-02.r2] Addr=4959 Value=A2
ROM[roms/astdelux/036800-02.r2] Addr=495A Value=00
ROM[roms/astdelux/036800-02.r2] Addr=495B Value=BD
ROM[roms/astdelux/036800-02.r2] Addr=495C Value=A4
ROM[roms/astdelux/036800-02.r2] Addr=495D Value=49
ROM[roms/astdelux/036800-02.r2] Addr=495E Value=A6
ROM[roms/astdelux/036800-02.r2] Addr=495F Value=1A
ROM[roms/astdelux/036800-02.r2] Addr=4960 Value=06
ROM[roms/astdelux/036800-02.r2] Addr=4961 Value=12
ROM[roms/astdelux/036800-02.r2] Addr=4962 Value=90
ROM[roms/astdelux/036800-02.r2] Addr=4963 Value=02
ROM[roms/astdelux/036800-02.r2] Addr=4964 Value=49
ROM[roms/astdelux/036800-02.r2] Addr=4965 Value=FF
ROM[roms/astdelux/036800-02.r2] Addr=4966 Value=7D
ROM[roms/astdelux/036800-02.r2] Addr=4967 Value=F1
ROM[roms/astdelux/036800-02.r2] Addr=4968 Value=02
ROM[roms/astdelux/036800-02.r2] Addr=4969 Value=9D
ROM[roms/astdelux/036800-02.r2] Addr=496A Value=F1
ROM[roms/astdelux/036800-02.r2] Addr=496B Value=02
ROM[roms/astdelux/036800-02.r2] Addr=496C Value=AD
ROM[roms/astdelux/036800-02.r2] Addr=496D Value=F0
ROM[roms/astdelux/036800-02.r2] Addr=496E Value=02
ROM[roms/astdelux/036800-02.r2] Addr=496F Value=4A
ROM[roms/astdelux/036800-02.r2] Addr=4970 Value=18
ROM[roms/astdelux/036800-02.r2] Addr=4971 Value=65
ROM[roms/astdelux/036800-02.r2] Addr=4972 Value=D3
ROM[roms/astdelux/036800-02.r2] Addr=4973 Value=0A
ROM[roms/astdelux/036800-02.r2] Addr=4974 Value=CD
ROM[roms/astdelux/036800-02.r2] Addr=4975 Value=57
ROM[roms/astdelux/036800-02.r2] Addr=4976 Value=69
ROM[roms/astdelux/036800-02.r2] Addr=4977 Value=90
ROM[roms/astdelux/036800-02.r2] Addr=4978 Value=03
ROM[roms/astdelux/036800-02.r2] Addr=4979 Value=AD
ROM[roms/astdelux/036800-02.r2] Addr=497A Value=57
ROM[roms/astdelux/036800-02.r2] Addr=497B Value=69
ROM[roms/astdelux/036800-02.r2] Addr=497C Value=6D
ROM[roms/astdelux/036800-02.r2] Addr=497D Value=58
ROM[roms/astdelux/036800-02.r2] Addr=497E Value=69
ROM[roms/astdelux/036800-02.r2] Addr=497F Value=85
ROM[roms/astdelux/036800-02.r2] Addr=4980 Value=11
ROM[roms/astdelux/036800-02.r2] Addr=4981 Value=48
ROM[roms/astdelux/036800-02.r2] Addr=4982 Value=BD
ROM[roms/astdelux/036800-02.r2] Addr=4983 Value=F1
ROM[roms/astdelux/036800-02.r2] Addr=4984 Value=02
ROM[roms/astdelux/036800-02.r2] Addr=4985 Value=20
ROM[roms/astdelux/036800-02.r2] Addr=4986 Value=FE
ROM[roms/astdelux/036800-02.r2] Addr=4987 Value=70
ROM[roms/astdelux/036800-02.r2] Addr=4988 Value=20
ROM[roms/astdelux/036800-02.r2] Addr=4989 Value=BB
ROM[roms/astdelux/036800-02.r2] Addr=498A Value=49
ROM[roms/astdelux/036800-02.r2] Addr=498B Value=A6
ROM[roms/astdelux/036800-02.r2] Addr=498C Value=10
ROM[roms/astdelux/036800-02.r2] Addr=498D Value=9D
ROM[roms/astdelux/036800-02.r2] Addr=498E Value=21
ROM[roms/astdelux/036800-02.r2] Addr=498F Value=02
ROM[roms/astdelux/036800-02.r2] Addr=4990 Value=68
ROM[roms/astdelux/036800-02.r2] Addr=4991 Value=85
ROM[roms/astdelux/036800-02.r2] Addr=4992 Value=11
ROM[roms/astdelux/036800-02.r2] Addr=4993 Value=A6
ROM[roms/astdelux/036800-02.r2] Addr=4994 Value=1A
ROM[roms/astdelux/036800-02.r2] Addr=4995 Value=BD
ROM[roms/astdelux/036800-02.r2] Addr=4996 Value=F1
ROM[roms/astdelux/036800-02.r2] Addr=4997 Value=02
ROM[roms/astdelux/036800-02.r2] Addr=4998 Value=20
ROM[roms/astdelux/036800-02.r2] Addr=4999 Value=01
ROM[roms/astdelux/036800-02.r2] Addr=499A Value=71
ROM[roms/astdelux/036800-02.r2] Addr=499B Value=20
ROM[roms/astdelux/036800-02.r2] Addr=499C Value=BB
ROM[roms/astdelux/036800-02.r2] Addr=499D Value=49
ROM[roms/astdelux/036800-02.r2] Addr=499E Value=A6
ROM[roms/astdelux/036800-02.r2] Addr=499F Value=10
ROM[roms/astdelux/036800-02.r2] Addr=49A0 Value=9D
ROM[roms/astdelux/036800-02.r2] Addr=49A1 Value=42
ROM[roms/astdelux/036800-02.r2] Addr=49A2 Value=02
ROM[roms/astdelux/036800-02.r2] Addr=49A3 Value=60
ROM[roms/astdelux/036800-02.r2] Addr=49A4 Value=01
ROM[roms/astdelux/036800-02.r2] Addr=49A5 Value=02
ROM[roms/astdelux/036800-02.r2] Addr=49A6 Value=03
ROM[roms/astdelux/036800-02.r2] Addr=49A7 Value=03
ROM[roms/astdelux/036800-02.r2] Addr=49A8 Value=03
ROM[roms/astdelux/036800-02.r2] Addr=49A9 Value=04
ROM[roms/astdelux/036800-02.r2] Addr=49AA Value=04
ROM[roms/astdelux/036800-02.r2] Addr=49AB Value=11
ROM[roms/astdelux/036800-02.r2] Addr=49AC Value=CE
ROM[roms/astdelux/036800-02.r2] Addr=49AD Value=FF
ROM[roms/astdelux/036800-02.r2] Addr=49AE Value=02
ROM[roms/astdelux/036800-02.r2] Addr=49AF Value=D0
ROM[roms/astdelux/036800-02.r2] Addr=49B0 Value=09
ROM[roms/astdelux/036800-02.r2] Addr=49B1 Value=98
ROM[roms/astdelux/036800-02.r2] Addr=49B2 Value=48
ROM[roms/astdelux/036800-02.r2] Addr=49B3 Value=A0
ROM[roms/astdelux/036800-02.r2] Addr=49B4 Value=3F
ROM[roms/astdelux/036800-02.r2] Addr=49B5 Value=20
ROM[roms/astdelux/036800-02.r2] Addr=49B6 Value=16
ROM[roms/astdelux/036800-02.r2] Addr=49B7 Value=77
ROM[roms/astdelux/036800-02.r2] Addr=49B8 Value=68
ROM[roms/astdelux/036800-02.r2] Addr=49B9 Value=A8
ROM[roms/astdelux/036800-02.r2] Addr=49BA Value=60
ROM[roms/astdelux/036800-02.r2] Addr=49BB Value=A8
ROM[roms/astdelux/036800-02.r2] Addr=49BC Value=10
ROM[roms/astdelux/036800-02.r2] Addr=49BD Value=05
ROM[roms/astdelux/036800-02.r2] Addr=49BE Value=49
ROM[roms/astdelux/036800-02.r2] Addr=49BF Value=FF
ROM[roms/astdelux/036800-02.r2] Addr=49C0 Value=18
ROM[roms/astdelux/036800-02.r2] Addr=49C1 Value=69
ROM[roms/astdelux/036800-02.r2] Addr=49C2 Value=01
ROM[roms/astdelux/036800-02.r2] Addr=49C3 Value=85
ROM[roms/astdelux/036800-02.r2] Addr=49C4 Value=12
ROM[roms/astdelux/036800-02.r2] Addr=49C5 Value=A9
ROM[roms/astdelux/036800-02.r2] Addr=49C6 Value=00
ROM[roms/astdelux/036800-02.r2] Addr=49C7 Value=85
ROM[roms/astdelux/036800-02.r2] Addr=49C8 Value=13
ROM[roms/astdelux/036800-02.r2] Addr=49C9 Value=06
ROM[roms/astdelux/036800-02.r2] Addr=49CA Value=11
ROM[roms/astdelux/036800-02.r2] Addr=49CB Value=B0
ROM[roms/astdelux/036800-02.r2] Addr=49CC Value=0D
ROM[roms/astdelux/036800-02.r2] Addr=49CD Value=D0
ROM[roms/astdelux/036800-02.r2] Addr=49CE Value=12
ROM[roms/astdelux/036800-02.r2] Addr=49CF Value=A5
ROM[roms/astdelux/036800-02.r2] Addr=49D0 Value=13
ROM[roms/astdelux/036800-02.r2] Addr=49D1 Value=C0
ROM[roms/astdelux/036800-02.r2] Addr=49D2 Value=00
ROM[roms/astdelux/036800-02.r2] Addr=49D3 Value=10
ROM[roms/astdelux/036800-02.r2] Addr=49D4 Value=04
ROM[roms/astdelux/036800-02.r2] Addr=49D5 Value=49
ROM[roms/astdelux/036800-02.r2] Addr=49D6 Value=FF
ROM[roms/astdelux/036800-02.r2] Addr=49D7 Value=69
ROM[roms/astdelux/036800-02.r2] Addr=49D8 Value=00
ROM[roms/astdelux/036800-02.r2] Addr=49D9 Value=60
ROM[roms/astdelux/036800-02.r2] Addr=49DA Value=A5
ROM[roms/astdelux/036800-02.r2] Addr=49DB Value=13
ROM[roms/astdelux/036800-02.r2] Addr=49DC Value=18
ROM[roms/astdelux/036800-02.r2] Addr=49DD Value=65
ROM[roms/astdelux/036800-02.r2] Addr=49DE Value=12
ROM[roms/astdelux/036800-02.r2] Addr=49DF Value=85
ROM[roms/astdelux/036800-02.r2] Addr=49E0 Value=13
ROM[roms/astdelux/036800-02.r2] Addr=49E1 Value=46
ROM[roms/astdelux/036800-02.r2] Addr=49E2 Value=12
ROM[roms/astdelux/036800-02.r2] Addr=49E3 Value=D0
ROM[roms/astdelux/036800-02.r2] Addr=49E4 Value=E4
ROM[roms/astdelux/036800-02.r2] Addr=49E5 Value=F0
ROM[roms/astdelux/036800-02.r2] Addr=49E6 Value=E8
ROM[roms/astdelux/036800-02.r2] Addr=49E7 Value=C9
ROM[roms/astdelux/036800-02.r2] Addr=49E8 Value=10
ROM[roms/astdelux/036800-02.r2] Addr=49E9 Value=90
ROM[roms/astdelux/036800-02.r2] Addr=49EA Value=11
ROM[roms/astdelux/036800-02.r2] Addr=49EB Value=C9
ROM[roms/astdelux/036800-02.r2] Addr=49EC Value=F0
ROM[roms/astdelux/036800-02.r2] Addr=49ED Value=B0
ROM[roms/astdelux/036800-02.r2] Addr=49EE Value=0D
ROM[roms/astdelux/036800-02.r2] Addr=49EF Value=85
ROM[roms/astdelux/036800-02.r2] Addr=49F0 Value=15
ROM[roms/astdelux/036800-02.r2] Addr=49F1 Value=A9
ROM[roms/astdelux/036800-02.r2] Addr=49F2 Value=00
ROM[roms/astdelux/036800-02.r2] Addr=49F3 Value=38
ROM[roms/astdelux/036800-02.r2] Addr=49F4 Value=E5
ROM[roms/astdelux/036800-02.r2] Addr=49F5 Value=0C
ROM[roms/astdelux/036800-02.r2] Addr=49F6 Value=85
ROM[roms/astdelux/036800-02.r2] Addr=49F7 Value=0C
ROM[roms/astdelux/036800-02.r2] Addr=49F8 Value=A9
ROM[roms/astdelux/036800-02.r2] Addr=49F9 Value=00
ROM[roms/astdelux/036800-02.r2] Addr=49FA Value=E5
ROM[roms/astdelux/036800-02.r2] Addr=49FB Value=15
ROM[roms/astdelux/036800-02.r2] Addr=49FC Value=60
ROM[roms/astdelux/036800-02.r2] Addr=49FD Value=C9
ROM[roms/astdelux/036800-02.r2] Addr=49FE Value=04
ROM[roms/astdelux/036800-02.r2] Addr=49FF Value=90
ROM[roms/astdelux/036800-02.r2] Addr=4A00 Value=FB
ROM[roms/astdelux/036800-02.r2] Addr=4A01 Value=C9
ROM[roms/astdelux/036800-02.r2] Addr=4A02 Value=FC
ROM[roms/astdelux/036800-02.r2] Addr=4A03 Value=B0
ROM[roms/astdelux/036800-02.r2] Addr=4A04 Value=F7
ROM[roms/astdelux/036800-02.r2] Addr=4A05 Value=A4
ROM[roms/astdelux/036800-02.r2] Addr=4A06 Value=D3
ROM[roms/astdelux/036800-02.r2] Addr=4A07 Value=C0
ROM[roms/astdelux/036800-02.r2] Addr=4A08 Value=05
ROM[roms/astdelux/036800-02.r2] Addr=4A09 Value=90
ROM[roms/astdelux/036800-02.r2] Addr=4A0A Value=DC
ROM[roms/astdelux/036800-02.r2] Addr=4A0B Value=A4
ROM[roms/astdelux/036800-02.r2] Addr=4A0C Value=19
ROM[roms/astdelux/036800-02.r2] Addr=4A0D Value=C0
ROM[roms/astdelux/036800-02.r2] Addr=4A0E Value=03
ROM[roms/astdelux/036800-02.r2] Addr=4A0F Value=90
ROM[roms/astdelux/036800-02.r2] Addr=4A10 Value=D6
ROM[roms/astdelux/036800-02.r2] Addr=4A11 Value=85
ROM[roms/astdelux/036800-02.r2] Addr=4A12 Value=15
ROM[roms/astdelux/036800-02.r2] Addr=4A13 Value=8A
ROM[roms/astdelux/036800-02.r2] Addr=4A14 Value=E0
ROM[roms/astdelux/036800-02.r2] Addr=4A15 Value=21
ROM[roms/astdelux/036800-02.r2] Addr=4A16 Value=B0
ROM[roms/astdelux/036800-02.r2] Addr=4A17 Value=01
ROM[roms/astdelux/036800-02.r2] Addr=4A18 Value=4A
ROM[roms/astdelux/036800-02.r2] Addr=4A19 Value=4A
ROM[roms/astdelux/036800-02.r2] Addr=4A1A Value=6A
ROM[roms/astdelux/036800-02.r2] Addr=4A1B Value=45
ROM[roms/astdelux/036800-02.r2] Addr=4A1C Value=15
ROM[roms/astdelux/036800-02.r2] Addr=4A1D Value=30
ROM[roms/astdelux/036800-02.r2] Addr=4A1E Value=D2
ROM[roms/astdelux/036800-02.r2] Addr=4A1F Value=A5
ROM[roms/astdelux/036800-02.r2] Addr=4A20 Value=15
ROM[roms/astdelux/036800-02.r2] Addr=4A21 Value=60
ROM[roms/astdelux/036800-02.r2] Addr=4A22 Value=B9
ROM[roms/astdelux/036800-02.r2] Addr=4A23 Value=A5
ROM[roms/astdelux/036800-02.r2] Addr=4A24 Value=02
ROM[roms/astdelux/036800-02.r2] Addr=4A25 Value=38
ROM[roms/astdelux/036800-02.r2] Addr=4A26 Value=FD
ROM[roms/astdelux/036800-02.r2] Addr=4A27 Value=A5
ROM[roms/astdelux/036800-02.r2] Addr=4A28 Value=02
ROM[roms/astdelux/036800-02.r2] Addr=4A29 Value=85
ROM[roms/astdelux/036800-02.r2] Addr=4A2A Value=0C
ROM[roms/astdelux/036800-02.r2] Addr=4A2B Value=B9
ROM[roms/astdelux/036800-02.r2] Addr=4A2C Value=63
ROM[roms/astdelux/036800-02.r2] Addr=4A2D Value=02
ROM[roms/astdelux/036800-02.r2] Addr=4A2E Value=FD
ROM[roms/astdelux/036800-02.r2] Addr=4A2F Value=63
ROM[roms/astdelux/036800-02.r2] Addr=4A30 Value=02
ROM[roms/astdelux/036800-02.r2] Addr=4A31 Value=60
ROM[roms/astdelux/036800-02.r2] Addr=4A32 Value=85
ROM[roms/astdelux/036800-02.r2] Addr=4A33 Value=14
ROM[roms/astdelux/036800-02.r2] Addr=4A34 Value=10
ROM[roms/astdelux/036800-02.r2] Addr=4A35 Value=03
ROM[roms/astdelux/036800-02.r2] Addr=4A36 Value=20
ROM[roms/astdelux/036800-02.r2] Addr=4A37 Value=B6
ROM[roms/astdelux/036800-02.r2] Addr=4A38 Value=70
ROM[roms/astdelux/036800-02.r2] Addr=4A39 Value=85
ROM[roms/astdelux/036800-02.r2] Addr=4A3A Value=15
ROM[roms/astdelux/036800-02.r2] Addr=4A3B Value=A5
ROM[roms/astdelux/036800-02.r2] Addr=4A3C Value=13
ROM[roms/astdelux/036800-02.r2] Addr=4A3D Value=10
ROM[roms/astdelux/036800-02.r2] Addr=4A3E Value=03
ROM[roms/astdelux/036800-02.r2] Addr=4A3F Value=20
ROM[roms/astdelux/036800-02.r2] Addr=4A40 Value=B6
ROM[roms/astdelux/036800-02.r2] Addr=4A41 Value=70
ROM[roms/astdelux/036800-02.r2] Addr=4A42 Value=05
ROM[roms/astdelux/036800-02.r2] Addr=4A43 Value=15
ROM[roms/astdelux/036800-02.r2] Addr=4A44 Value=A2
ROM[roms/astdelux/036800-02.r2] Addr=4A45 Value=07
ROM[roms/astdelux/036800-02.r2] Addr=4A46 Value=0A
ROM[roms/astdelux/036800-02.r2] Addr=4A47 Value=30
ROM[roms/astdelux/036800-02.r2] Addr=4A48 Value=03
ROM[roms/astdelux/036800-02.r2] Addr=4A49 Value=CA
ROM[roms/astdelux/036800-02.r2] Addr=4A4A Value=D0
ROM[roms/astdelux/036800-02.r2] Addr=4A4B Value=FA
ROM[roms/astdelux/036800-02.r2] Addr=4A4C Value=E0
ROM[roms/astdelux/036800-02.r2] Addr=4A4D Value=04
ROM[roms/astdelux/036800-02.r2] Addr=4A4E Value=B0
ROM[roms/astdelux/036800-02.r2] Addr=4A4F Value=12
ROM[roms/astdelux/036800-02.r2] Addr=4A50 Value=46
ROM[roms/astdelux/036800-02.r2] Addr=4A51 Value=13
ROM[roms/astdelux/036800-02.r2] Addr=4A52 Value=66
ROM[roms/astdelux/036800-02.r2] Addr=4A53 Value=12
ROM[roms/astdelux/036800-02.r2] Addr=4A54 Value=46
ROM[roms/astdelux/036800-02.r2] Addr=4A55 Value=14
ROM[roms/astdelux/036800-02.r2] Addr=4A56 Value=66
ROM[roms/astdelux/036800-02.r2] Addr=4A57 Value=0C
ROM[roms/astdelux/036800-02.r2] Addr=4A58 Value=CA
ROM[roms/astdelux/036800-02.r2] Addr=4A59 Value=10
ROM[roms/astdelux/036800-02.r2] Addr=4A5A Value=F5
ROM[roms/astdelux/036800-02.r2] Addr=4A5B Value=A6
ROM[roms/astdelux/036800-02.r2] Addr=4A5C Value=12
ROM[roms/astdelux/036800-02.r2] Addr=4A5D Value=A4
ROM[roms/astdelux/036800-02.r2] Addr=4A5E Value=0C
ROM[roms/astdelux/036800-02.r2] Addr=4A5F Value=4C
ROM[roms/astdelux/036800-02.r2] Addr=4A60 Value=9E
ROM[roms/astdelux/036800-02.r2] Addr=4A61 Value=70
ROM[roms/astdelux/036800-02.r2] Addr=4A62 Value=06
ROM[roms/astdelux/036800-02.r2] Addr=4A63 Value=12
ROM[roms/astdelux/036800-02.r2] Addr=4A64 Value=26
ROM[roms/astdelux/036800-02.r2] Addr=4A65 Value=13
ROM[roms/astdelux/036800-02.r2] Addr=4A66 Value=06
ROM[roms/astdelux/036800-02.r2] Addr=4A67 Value=0C
ROM[roms/astdelux/036800-02.r2] Addr=4A68 Value=26
ROM[roms/astdelux/036800-02.r2] Addr=4A69 Value=14
ROM[roms/astdelux/036800-02.r2] Addr=4A6A Value=E8
ROM[roms/astdelux/036800-02.r2] Addr=4A6B Value=E0
ROM[roms/astdelux/036800-02.r2] Addr=4A6C Value=07
ROM[roms/astdelux/036800-02.r2] Addr=4A6D Value=90
ROM[roms/astdelux/036800-02.r2] Addr=4A6E Value=F3
ROM[roms/astdelux/036800-02.r2] Addr=4A6F Value=A6
ROM[roms/astdelux/036800-02.r2] Addr=4A70 Value=13
ROM[roms/astdelux/036800-02.r2] Addr=4A71 Value=A4
ROM[roms/astdelux/036800-02.r2] Addr=4A72 Value=14
ROM[roms/astdelux/036800-02.r2] Addr=4A73 Value=B0
ROM[roms/astdelux/036800-02.r2] Addr=4A74 Value=EA
ROM[roms/astdelux/036800-02.r2] Addr=4A75 Value=4A
ROM[roms/astdelux/036800-02.r2] Addr=4A76 Value=4A
ROM[roms/astdelux/036800-02.r2] Addr=4A77 Value=4A
ROM[roms/astdelux/036800-02.r2] Addr=4A78 Value=29
ROM[roms/astdelux/036800-02.r2] Addr=4A79 Value=0F
ROM[roms/astdelux/036800-02.r2] Addr=4A7A Value=AA
ROM[roms/astdelux/036800-02.r2] Addr=4A7B Value=BD
ROM[roms/astdelux/036800-02.r2] Addr=4A7C Value=F8
ROM[roms/astdelux/036800-02.r2] Addr=4A7D Value=02
ROM[roms/astdelux/036800-02.r2] Addr=4A7E Value=4A
ROM[roms/astdelux/036800-02.r2] Addr=4A7F Value=A9
ROM[roms/astdelux/036800-02.r2] Addr=4A80 Value=00
ROM[roms/astdelux/036800-02.r2] Addr=4A81 Value=6A
ROM[roms/astdelux/036800-02.r2] Addr=4A82 Value=6A
ROM[roms/astdelux/036800-02.r2] Addr=4A83 Value=85
ROM[roms/astdelux/036800-02.r2] Addr=4A84 Value=11
ROM[roms/astdelux/036800-02.r2] Addr=4A85 Value=BD
ROM[roms/astdelux/036800-02.r2] Addr=4A86 Value=F1
ROM[roms/astdelux/036800-02.r2] Addr=4A87 Value=02
ROM[roms/astdelux/036800-02.r2] Addr=4A88 Value=4A
ROM[roms/astdelux/036800-02.r2] Addr=4A89 Value=4A
ROM[roms/astdelux/036800-02.r2] Addr=4A8A Value=24
ROM[roms/astdelux/036800-02.r2] Addr=4A8B Value=11
ROM[roms/astdelux/036800-02.r2] Addr=4A8C Value=50
ROM[roms/astdelux/036800-02.r2] Addr=4A8D Value=02
ROM[roms/astdelux/036800-02.r2] Addr=4A8E Value=29
ROM[roms/astdelux/036800-02.r2] Addr=4A8F Value=1E
ROM[roms/astdelux/036800-02.r2] Addr=4A90 Value=29
ROM[roms/astdelux/036800-02.r2] Addr=4A91 Value=3E
ROM[roms/astdelux/036800-02.r2] Addr=4A92 Value=05
ROM[roms/astdelux/036800-02.r2] Addr=4A93 Value=11
ROM[roms/astdelux/036800-02.r2] Addr=4A94 Value=A8
ROM[roms/astdelux/036800-02.r2] Addr=4A95 Value=BE
ROM[roms/astdelux/036800-02.r2] Addr=4A96 Value=2B
ROM[roms/astdelux/036800-02.r2] Addr=4A97 Value=50
ROM[roms/astdelux/036800-02.r2] Addr=4A98 Value=B9
ROM[roms/astdelux/036800-02.r2] Addr=4A99 Value=2A
ROM[roms/astdelux/036800-02.r2] Addr=4A9A Value=50
ROM[roms/astdelux/036800-02.r2] Addr=4A9B Value=4C
ROM[roms/astdelux/036800-02.r2] Addr=4A9C Value=D5
ROM[roms/astdelux/036800-02.r2] Addr=4A9D Value=7C
ROM[roms/astdelux/036800-02.r2] Addr=4A9E Value=AD
ROM[roms/astdelux/036800-02.r2] Addr=4A9F Value=F0
ROM[roms/astdelux/036800-02.r2] Addr=4AA0 Value=02
ROM[roms/astdelux/036800-02.r2] Addr=4AA1 Value=F0
ROM[roms/astdelux/036800-02.r2] Addr=4AA2 Value=13
ROM[roms/astdelux/036800-02.r2] Addr=4AA3 Value=18
ROM[roms/astdelux/036800-02.r2] Addr=4AA4 Value=A2
ROM[roms/astdelux/036800-02.r2] Addr=4AA5 Value=02
ROM[roms/astdelux/036800-02.r2] Addr=4AA6 Value=69
ROM[roms/astdelux/036800-02.r2] Addr=4AA7 Value=02
ROM[roms/astdelux/036800-02.r2] Addr=4AA8 Value=C9
ROM[roms/astdelux/036800-02.r2] Addr=4AA9 Value=05
ROM[roms/astdelux/036800-02.r2] Addr=4AAA Value=90
ROM[roms/astdelux/036800-02.r2] Addr=4AAB Value=03
ROM[roms/astdelux/036800-02.r2] Addr=4AAC Value=E8
ROM[roms/astdelux/036800-02.r2] Addr=4AAD Value=A9
ROM[roms/astdelux/036800-02.r2] Addr=4AAE Value=05
ROM[roms/astdelux/036800-02.r2] Addr=4AAF Value=86
ROM[roms/astdelux/036800-02.r2] Addr=4AB0 Value=11
ROM[roms/astdelux/036800-02.r2] Addr=4AB1 Value=CD
ROM[roms/astdelux/036800-02.r2] Addr=4AB2 Value=E7
ROM[roms/astdelux/036800-02.r2] Addr=4AB3 Value=02
ROM[roms/astdelux/036800-02.r2] Addr=4AB4 Value=B0
ROM[roms/astdelux/036800-02.r2] Addr=4AB5 Value=01
ROM[roms/astdelux/036800-02.r2] Addr=4AB6 Value=60
ROM[roms/astdelux/036800-02.r2] Addr=4AB7 Value=AE
ROM[roms/astdelux/036800-02.r2] Addr=4AB8 Value=FF
ROM[roms/astdelux/036800-02.r2] Addr=4AB9 Value=02
ROM[roms/astdelux/036800-02.r2] Addr=4ABA Value=D0
ROM[roms/astdelux/036800-02.r2] Addr=4ABB Value=FA
ROM[roms/astdelux/036800-02.r2] Addr=4ABC Value=AC
ROM[roms/astdelux/036800-02.r2] Addr=4ABD Value=E7
ROM[roms/astdelux/036800-02.r2] Addr=4ABE Value=02
ROM[roms/astdelux/036800-02.r2] Addr=4ABF Value=BD
ROM[roms/astdelux/036800-02.r2] Addr=4AC0 Value=00
ROM[roms/astdelux/036800-02.r2] Addr=4AC1 Value=02
ROM[roms/astdelux/036800-02.r2] Addr=4AC2 Value=D0
ROM[roms/astdelux/036800-02.r2] Addr=4AC3 Value=02
ROM[roms/astdelux/036800-02.r2] Addr=4AC4 Value=86
ROM[roms/astdelux/036800-02.r2] Addr=4AC5 Value=10
ROM[roms/astdelux/036800-02.r2] Addr=4AC6 Value=10
ROM[roms/astdelux/036800-02.r2] Addr=4AC7 Value=01
ROM[roms/astdelux/036800-02.r2] Addr=4AC8 Value=88
ROM[roms/astdelux/036800-02.r2] Addr=4AC9 Value=E8
ROM[roms/astdelux/036800-02.r2] Addr=4ACA Value=E0
ROM[roms/astdelux/036800-02.r2] Addr=4ACB Value=19
ROM[roms/astdelux/036800-02.r2] Addr=4ACC Value=90
ROM[roms/astdelux/036800-02.r2] Addr=4ACD Value=F1
ROM[roms/astdelux/036800-02.r2] Addr=4ACE Value=A6
ROM[roms/astdelux/036800-02.r2] Addr=4ACF Value=1E
ROM[roms/astdelux/036800-02.r2] Addr=4AD0 Value=B5
ROM[roms/astdelux/036800-02.r2] Addr=4AD1 Value=D1
ROM[roms/astdelux/036800-02.r2] Addr=4AD2 Value=F0
ROM[roms/astdelux/036800-02.r2] Addr=4AD3 Value=04
ROM[roms/astdelux/036800-02.r2] Addr=4AD4 Value=C4
ROM[roms/astdelux/036800-02.r2] Addr=4AD5 Value=11
ROM[roms/astdelux/036800-02.r2] Addr=4AD6 Value=90
ROM[roms/astdelux/036800-02.r2] Addr=4AD7 Value=DE
ROM[roms/astdelux/036800-02.r2] Addr=4AD8 Value=A0
ROM[roms/astdelux/036800-02.r2] Addr=4AD9 Value=1A
ROM[roms/astdelux/036800-02.r2] Addr=4ADA Value=94
ROM[roms/astdelux/036800-02.r2] Addr=4ADB Value=D1
ROM[roms/astdelux/036800-02.r2] Addr=4ADC Value=A6
ROM[roms/astdelux/036800-02.r2] Addr=4ADD Value=10
ROM[roms/astdelux/036800-02.r2] Addr=4ADE Value=20
ROM[roms/astdelux/036800-02.r2] Addr=4ADF Value=E7
ROM[roms/astdelux/036800-02.r2] Addr=4AE0 Value=69
ROM[roms/astdelux/036800-02.r2] Addr=4AE1 Value=20
ROM[roms/astdelux/036800-02.r2] Addr=4AE2 Value=4D
ROM[roms/astdelux/036800-02.r2] Addr=4AE3 Value=4B
ROM[roms/astdelux/036800-02.r2] Addr=4AE4 Value=A0
ROM[roms/astdelux/036800-02.r2] Addr=4AE5 Value=02
ROM[roms/astdelux/036800-02.r2] Addr=4AE6 Value=84
ROM[roms/astdelux/036800-02.r2] Addr=4AE7 Value=DD
ROM[roms/astdelux/036800-02.r2] Addr=4AE8 Value=98
ROM[roms/astdelux/036800-02.r2] Addr=4AE9 Value=0A
ROM[roms/astdelux/036800-02.r2] Addr=4AEA Value=0A
ROM[roms/astdelux/036800-02.r2] Addr=4AEB Value=09
ROM[roms/astdelux/036800-02.r2] Addr=4AEC Value=42
ROM[roms/astdelux/036800-02.r2] Addr=4AED Value=9D
ROM[roms/astdelux/036800-02.r2] Addr=4AEE Value=00
ROM[roms/astdelux/036800-02.r2] Addr=4AEF Value=02
ROM[roms/astdelux/036800-02.r2] Addr=4AF0 Value=EE
ROM[roms/astdelux/036800-02.r2] Addr=4AF1 Value=E7
ROM[roms/astdelux/036800-02.r2] Addr=4AF2 Value=02
ROM[roms/astdelux/036800-02.r2] Addr=4AF3 Value=EE
ROM[roms/astdelux/036800-02.r2] Addr=4AF4 Value=FF
ROM[roms/astdelux/036800-02.r2] Addr=4AF5 Value=02
ROM[roms/astdelux/036800-02.r2] Addr=4AF6 Value=B9
ROM[roms/astdelux/036800-02.r2] Addr=4AF7 Value=47
ROM[roms/astdelux/036800-02.r2] Addr=4AF8 Value=4B
ROM[roms/astdelux/036800-02.r2] Addr=4AF9 Value=99
ROM[roms/astdelux/036800-02.r2] Addr=4AFA Value=F8
ROM[roms/astdelux/036800-02.r2] Addr=4AFB Value=02
ROM[roms/astdelux/036800-02.r2] Addr=4AFC Value=B9
ROM[roms/astdelux/036800-02.r2] Addr=4AFD Value=4A
ROM[roms/astdelux/036800-02.r2] Addr=4AFE Value=4B
ROM[roms/astdelux/036800-02.r2] Addr=4AFF Value=99
ROM[roms/astdelux/036800-02.r2] Addr=4B00 Value=F1
ROM[roms/astdelux/036800-02.r2] Addr=4B01 Value=02
ROM[roms/astdelux/036800-02.r2] Addr=4B02 Value=B9
ROM[roms/astdelux/036800-02.r2] Addr=4B03 Value=3B
ROM[roms/astdelux/036800-02.r2] Addr=4B04 Value=4B
ROM[roms/astdelux/036800-02.r2] Addr=4B05 Value=18
ROM[roms/astdelux/036800-02.r2] Addr=4B06 Value=7D
ROM[roms/astdelux/036800-02.r2] Addr=4B07 Value=A5
ROM[roms/astdelux/036800-02.r2] Addr=4B08 Value=02
ROM[roms/astdelux/036800-02.r2] Addr=4B09 Value=9D
ROM[roms/astdelux/036800-02.r2] Addr=4B0A Value=A5
ROM[roms/astdelux/036800-02.r2] Addr=4B0B Value=02
ROM[roms/astdelux/036800-02.r2] Addr=4B0C Value=B9
ROM[roms/astdelux/036800-02.r2] Addr=4B0D Value=3E
ROM[roms/astdelux/036800-02.r2] Addr=4B0E Value=4B
ROM[roms/astdelux/036800-02.r2] Addr=4B0F Value=7D
ROM[roms/astdelux/036800-02.r2] Addr=4B10 Value=63
ROM[roms/astdelux/036800-02.r2] Addr=4B11 Value=02
ROM[roms/astdelux/036800-02.r2] Addr=4B12 Value=9D
ROM[roms/astdelux/036800-02.r2] Addr=4B13 Value=63
ROM[roms/astdelux/036800-02.r2] Addr=4B14 Value=02
ROM[roms/astdelux/036800-02.r2] Addr=4B15 Value=B9
ROM[roms/astdelux/036800-02.r2] Addr=4B16 Value=41
ROM[roms/astdelux/036800-02.r2] Addr=4B17 Value=4B
ROM[roms/astdelux/036800-02.r2] Addr=4B18 Value=18
ROM[roms/astdelux/036800-02.r2] Addr=4B19 Value=7D
ROM[roms/astdelux/036800-02.r2] Addr=4B1A Value=C6
ROM[roms/astdelux/036800-02.r2] Addr=4B1B Value=02
ROM[roms/astdelux/036800-02.r2] Addr=4B1C Value=9D
ROM[roms/astdelux/036800-02.r2] Addr=4B1D Value=C6
ROM[roms/astdelux/036800-02.r2] Addr=4B1E Value=02
ROM[roms/astdelux/036800-02.r2] Addr=4B1F Value=B9
ROM[roms/astdelux/036800-02.r2] Addr=4B20 Value=44
ROM[roms/astdelux/036800-02.r2] Addr=4B21 Value=4B
ROM[roms/astdelux/036800-02.r2] Addr=4B22 Value=7D
ROM[roms/astdelux/036800-02.r2] Addr=4B23 Value=84
ROM[roms/astdelux/036800-02.r2] Addr=4B24 Value=02
ROM[roms/astdelux/036800-02.r2] Addr=4B25 Value=9D
ROM[roms/astdelux/036800-02.r2] Addr=4B26 Value=84
ROM[roms/astdelux/036800-02.r2] Addr=4B27 Value=02
ROM[roms/astdelux/036800-02.r2] Addr=4B28 Value=88
ROM[roms/astdelux/036800-02.r2] Addr=4B29 Value=30
ROM[roms/astdelux/036800-02.r2] Addr=4B2A Value=8B
ROM[roms/astdelux/036800-02.r2] Addr=4B2B Value=86
ROM[roms/astdelux/036800-02.r2] Addr=4B2C Value=10
ROM[roms/astdelux/036800-02.r2] Addr=4B2D Value=20
ROM[roms/astdelux/036800-02.r2] Addr=4B2E Value=52
ROM[roms/astdelux/036800-02.r2] Addr=4B2F Value=6D
ROM[roms/astdelux/036800-02.r2] Addr=4B30 Value=84
ROM[roms/astdelux/036800-02.r2] Addr=4B31 Value=11
ROM[roms/astdelux/036800-02.r2] Addr=4B32 Value=A4
ROM[roms/astdelux/036800-02.r2] Addr=4B33 Value=10
ROM[roms/astdelux/036800-02.r2] Addr=4B34 Value=20
ROM[roms/astdelux/036800-02.r2] Addr=4B35 Value=EB
ROM[roms/astdelux/036800-02.r2] Addr=4B36 Value=61
ROM[roms/astdelux/036800-02.r2] Addr=4B37 Value=A4
ROM[roms/astdelux/036800-02.r2] Addr=4B38 Value=11
ROM[roms/astdelux/036800-02.r2] Addr=4B39 Value=10
ROM[roms/astdelux/036800-02.r2] Addr=4B3A Value=AD
ROM[roms/astdelux/036800-02.r2] Addr=4B3B Value=00
ROM[roms/astdelux/036800-02.r2] Addr=4B3C Value=58
ROM[roms/astdelux/036800-02.r2] Addr=4B3D Value=70
ROM[roms/astdelux/036800-02.r2] Addr=4B3E Value=00
ROM[roms/astdelux/036800-02.r2] Addr=4B3F Value=FF
ROM[roms/astdelux/036800-02.r2] Addr=4B40 Value=00
ROM[roms/astdelux/036800-02.r2] Addr=4B41 Value=40
ROM[roms/astdelux/036800-02.r2] Addr=4B42 Value=50
ROM[roms/astdelux/036800-02.r2] Addr=4B43 Value=00
ROM[roms/astdelux/036800-02.r2] Addr=4B44 Value=FF
ROM[roms/astdelux/036800-02.r2] Addr=4B45 Value=00
ROM[roms/astdelux/036800-02.r2] Addr=4B46 Value=00
ROM[roms/astdelux/036800-02.r2] Addr=4B47 Value=83
ROM[roms/astdelux/036800-02.r2] Addr=4B48 Value=85
ROM[roms/astdelux/036800-02.r2] Addr=4B49 Value=81
ROM[roms/astdelux/036800-02.r2] Addr=4B4A Value=F0
ROM[roms/astdelux/036800-02.r2] Addr=4B4B Value=98
ROM[roms/astdelux/036800-02.r2] Addr=4B4C Value=40
ROM[roms/astdelux/036800-02.r2] Addr=4B4D Value=20
ROM[roms/astdelux/036800-02.r2] Addr=4B4E Value=53
ROM[roms/astdelux/036800-02.r2] Addr=4B4F Value=4B
ROM[roms/astdelux/036800-02.r2] Addr=4B50 Value=9D
ROM[roms/astdelux/036800-02.r2] Addr=4B51 Value=21
ROM[roms/astdelux/036800-02.r2] Addr=4B52 Value=02
ROM[roms/astdelux/036800-02.r2] Addr=4B53 Value=A0
ROM[roms/astdelux/036800-02.r2] Addr=4B54 Value=06
ROM[roms/astdelux/036800-02.r2] Addr=4B55 Value=AD
ROM[roms/astdelux/036800-02.r2] Addr=4B56 Value=0A
ROM[roms/astdelux/036800-02.r2] Addr=4B57 Value=2C
ROM[roms/astdelux/036800-02.r2] Addr=4B58 Value=10
ROM[roms/astdelux/036800-02.r2] Addr=4B59 Value=02
ROM[roms/astdelux/036800-02.r2] Addr=4B5A Value=A0
ROM[roms/astdelux/036800-02.r2] Addr=4B5B Value=FA
ROM[roms/astdelux/036800-02.r2] Addr=4B5C Value=98
ROM[roms/astdelux/036800-02.r2] Addr=4B5D Value=9D
ROM[roms/astdelux/036800-02.r2] Addr=4B5E Value=42
ROM[roms/astdelux/036800-02.r2] Addr=4B5F Value=02
ROM[roms/astdelux/036800-02.r2] Addr=4B60 Value=60
ROM[roms/astdelux/036800-02.r2] Addr=4B61 Value=00
ROM[roms/astdelux/036800-02.r2] Addr=4B62 Value=03
ROM[roms/astdelux/036800-02.r2] Addr=4B63 Value=06
ROM[roms/astdelux/036800-02.r2] Addr=4B64 Value=09
ROM[roms/astdelux/036800-02.r2] Addr=4B65 Value=0C
ROM[roms/astdelux/036800-02.r2] Addr=4B66 Value=10
ROM[roms/astdelux/036800-02.r2] Addr=4B67 Value=13
ROM[roms/astdelux/036800-02.r2] Addr=4B68 Value=16
ROM[roms/astdelux/036800-02.r2] Addr=4B69 Value=19
ROM[roms/astdelux/036800-02.r2] Addr=4B6A Value=1C
ROM[roms/astdelux/036800-02.r2] Addr=4B6B Value=1F
ROM[roms/astdelux/036800-02.r2] Addr=4B6C Value=22
ROM[roms/astdelux/036800-02.r2] Addr=4B6D Value=25
ROM[roms/astdelux/036800-02.r2] Addr=4B6E Value=28
ROM[roms/astdelux/036800-02.r2] Addr=4B6F Value=2B
ROM[roms/astdelux/036800-02.r2] Addr=4B70 Value=2E
ROM[roms/astdelux/036800-02.r2] Addr=4B71 Value=31
ROM[roms/astdelux/036800-02.r2] Addr=4B72 Value=33
ROM[roms/astdelux/036800-02.r2] Addr=4B73 Value=36
ROM[roms/astdelux/036800-02.r2] Addr=4B74 Value=39
ROM[roms/astdelux/036800-02.r2] Addr=4B75 Value=3C
ROM[roms/astdelux/036800-02.r2] Addr=4B76 Value=3F
ROM[roms/astdelux/036800-02.r2] Addr=4B77 Value=41
ROM[roms/astdelux/036800-02.r2] Addr=4B78 Value=44
ROM[roms/astdelux/036800-02.r2] Addr=4B79 Value=47
ROM[roms/astdelux/036800-02.r2] Addr=4B7A Value=49
ROM[roms/astdelux/036800-02.r2] Addr=4B7B Value=4C
ROM[roms/astdelux/036800-02.r2] Addr=4B7C Value=4E
ROM[roms/astdelux/036800-02.r2] Addr=4B7D Value=51
ROM[roms/astdelux/036800-02.r2] Addr=4B7E Value=53
ROM[roms/astdelux/036800-02.r2] Addr=4B7F Value=55
ROM[roms/astdelux/036800-02.r2] Addr=4B80 Value=58
ROM[roms/astdelux/036800-02.r2] Addr=4B81 Value=5A
ROM[roms/astdelux/036800-02.r2] Addr=4B82 Value=5C
ROM[roms/astdelux/036800-02.r2] Addr=4B83 Value=5E
ROM[roms/astdelux/036800-02.r2] Addr=4B84 Value=60
ROM[roms/astdelux/036800-02.r2] Addr=4B85 Value=62
ROM[roms/astdelux/036800-02.r2] Addr=4B86 Value=64
ROM[roms/astdelux/036800-02.r2] Addr=4B87 Value=66
ROM[roms/astdelux/036800-02.r2] Addr=4B88 Value=68
ROM[roms/astdelux/036800-02.r2] Addr=4B89 Value=6A
ROM[roms/astdelux/036800-02.r2] Addr=4B8A Value=6B
ROM[roms/astdelux/036800-02.r2] Addr=4B8B Value=6D
ROM[roms/astdelux/036800-02.r2] Addr=4B8C Value=6F
ROM[roms/astdelux/036800-02.r2] Addr=4B8D Value=70
ROM[roms/astdelux/036800-02.r2] Addr=4B8E Value=71
ROM[roms/astdelux/036800-02.r2] Addr=4B8F Value=73
ROM[roms/astdelux/036800-02.r2] Addr=4B90 Value=74
ROM[roms/astdelux/036800-02.r2] Addr=4B91 Value=75
ROM[roms/astdelux/036800-02.r2] Addr=4B92 Value=76
ROM[roms/astdelux/036800-02.r2] Addr=4B93 Value=78
ROM[roms/astdelux/036800-02.r2] Addr=4B94 Value=79
ROM[roms/astdelux/036800-02.r2] Addr=4B95 Value=7A
ROM[roms/astdelux/036800-02.r2] Addr=4B96 Value=7A
ROM[roms/astdelux/036800-02.r2] Addr=4B97 Value=7B
ROM[roms/astdelux/036800-02.r2] Addr=4B98 Value=7C
ROM[roms/astdelux/036800-02.r2] Addr=4B99 Value=7D
ROM[roms/astdelux/036800-02.r2] Addr=4B9A Value=7D
ROM[roms/astdelux/036800-02.r2] Addr=4B9B Value=7E
ROM[roms/astdelux/036800-02.r2] Addr=4B9C Value=7E
ROM[roms/astdelux/036800-02.r2] Addr=4B9D Value=7E
ROM[roms/astdelux/036800-02.r2] Addr=4B9E Value=7F
ROM[roms/astdelux/036800-02.r2] Addr=4B9F Value=7F
ROM[roms/astdelux/036800-02.r2] Addr=4BA0 Value=7F
ROM[roms/astdelux/036800-02.r2] Addr=4BA1 Value=7F
ROM[roms/astdelux/036800-02.r2] Addr=4BA2 Value=A5
ROM[roms/astdelux/036800-02.r2] Addr=4BA3 Value=76
ROM[roms/astdelux/036800-02.r2] Addr=4BA4 Value=29
ROM[roms/astdelux/036800-02.r2] Addr=4BA5 Value=03
ROM[roms/astdelux/036800-02.r2] Addr=4BA6 Value=AA
ROM[roms/astdelux/036800-02.r2] Addr=4BA7 Value=18
ROM[roms/astdelux/036800-02.r2] Addr=4BA8 Value=69
ROM[roms/astdelux/036800-02.r2] Addr=4BA9 Value=FE
ROM[roms/astdelux/036800-02.r2] Addr=4BAA Value=75
ROM[roms/astdelux/036800-02.r2] Addr=4BAB Value=86
ROM[roms/astdelux/036800-02.r2] Addr=4BAC Value=95
ROM[roms/astdelux/036800-02.r2] Addr=4BAD Value=86
ROM[roms/astdelux/036800-02.r2] Addr=4BAE Value=29
ROM[roms/astdelux/036800-02.r2] Addr=4BAF Value=F0
ROM[roms/astdelux/036800-02.r2] Addr=4BB0 Value=18
ROM[roms/astdelux/036800-02.r2] Addr=4BB1 Value=75
ROM[roms/astdelux/036800-02.r2] Addr=4BB2 Value=86
ROM[roms/astdelux/036800-02.r2] Addr=4BB3 Value=0A
ROM[roms/astdelux/036800-02.r2] Addr=4BB4 Value=20
ROM[roms/astdelux/036800-02.r2] Addr=4BB5 Value=C6
ROM[roms/astdelux/036800-02.r2] Addr=4BB6 Value=6E
ROM[roms/astdelux/036800-02.r2] Addr=4BB7 Value=B9
ROM[roms/astdelux/036800-02.r2] Addr=4BB8 Value=02
ROM[roms/astdelux/036800-02.r2] Addr=4BB9 Value=50
ROM[roms/astdelux/036800-02.r2] Addr=4BBA Value=85
ROM[roms/astdelux/036800-02.r2] Addr=4BBB Value=10
ROM[roms/astdelux/036800-02.r2] Addr=4BBC Value=B9
ROM[roms/astdelux/036800-02.r2] Addr=4BBD Value=03
ROM[roms/astdelux/036800-02.r2] Addr=4BBE Value=50
ROM[roms/astdelux/036800-02.r2] Addr=4BBF Value=85
ROM[roms/astdelux/036800-02.r2] Addr=4BC0 Value=11
ROM[roms/astdelux/036800-02.r2] Addr=4BC1 Value=8A
ROM[roms/astdelux/036800-02.r2] Addr=4BC2 Value=0A
ROM[roms/astdelux/036800-02.r2] Addr=4BC3 Value=AA
ROM[roms/astdelux/036800-02.r2] Addr=4BC4 Value=0A
ROM[roms/astdelux/036800-02.r2] Addr=4BC5 Value=29
ROM[roms/astdelux/036800-02.r2] Addr=4BC6 Value=04
ROM[roms/astdelux/036800-02.r2] Addr=4BC7 Value=45
ROM[roms/astdelux/036800-02.r2] Addr=4BC8 Value=09
ROM[roms/astdelux/036800-02.r2] Addr=4BC9 Value=85
ROM[roms/astdelux/036800-02.r2] Addr=4BCA Value=09
ROM[roms/astdelux/036800-02.r2] Addr=4BCB Value=BD
ROM[roms/astdelux/036800-02.r2] Addr=4BCC Value=9D
ROM[roms/astdelux/036800-02.r2] Addr=4BCD Value=77
ROM[roms/astdelux/036800-02.r2] Addr=4BCE Value=0A
ROM[roms/astdelux/036800-02.r2] Addr=4BCF Value=85
ROM[roms/astdelux/036800-02.r2] Addr=4BD0 Value=03
ROM[roms/astdelux/036800-02.r2] Addr=4BD1 Value=BD
ROM[roms/astdelux/036800-02.r2] Addr=4BD2 Value=9E
ROM[roms/astdelux/036800-02.r2] Addr=4BD3 Value=77
ROM[roms/astdelux/036800-02.r2] Addr=4BD4 Value=2A
ROM[roms/astdelux/036800-02.r2] Addr=4BD5 Value=49
ROM[roms/astdelux/036800-02.r2] Addr=4BD6 Value=C0
ROM[roms/astdelux/036800-02.r2] Addr=4BD7 Value=85
ROM[roms/astdelux/036800-02.r2] Addr=4BD8 Value=04
ROM[roms/astdelux/036800-02.r2] Addr=4BD9 Value=A2
ROM[roms/astdelux/036800-02.r2] Addr=4BDA Value=0C
ROM[roms/astdelux/036800-02.r2] Addr=4BDB Value=20
ROM[roms/astdelux/036800-02.r2] Addr=4BDC Value=21
ROM[roms/astdelux/036800-02.r2] Addr=4BDD Value=62
ROM[roms/astdelux/036800-02.r2] Addr=4BDE Value=4C
ROM[roms/astdelux/036800-02.r2] Addr=4BDF Value=D6
ROM[roms/astdelux/036800-02.r2] Addr=4BE0 Value=79
ROM[roms/astdelux/036800-02.r2] Addr=4BE1 Value=A5
ROM[roms/astdelux/036800-02.r2] Addr=4BE2 Value=22
ROM[roms/astdelux/036800-02.r2] Addr=4BE3 Value=F0
ROM[roms/astdelux/036800-02.r2] Addr=4BE4 Value=0E
ROM[roms/astdelux/036800-02.r2] Addr=4BE5 Value=A5
ROM[roms/astdelux/036800-02.r2] Addr=4BE6 Value=74
ROM[roms/astdelux/036800-02.r2] Addr=4BE7 Value=D0
ROM[roms/astdelux/036800-02.r2] Addr=4BE8 Value=03
ROM[roms/astdelux/036800-02.r2] Addr=4BE9 Value=4C
ROM[roms/astdelux/036800-02.r2] Addr=4BEA Value=F6
ROM[roms/astdelux/036800-02.r2] Addr=4BEB Value=4C
ROM[roms/astdelux/036800-02.r2] Addr=4BEC Value=C6
ROM[roms/astdelux/036800-02.r2] Addr=4BED Value=74
ROM[roms/astdelux/036800-02.r2] Addr=4BEE Value=20
ROM[roms/astdelux/036800-02.r2] Addr=4BEF Value=EB
ROM[roms/astdelux/036800-02.r2] Addr=4BF0 Value=60
ROM[roms/astdelux/036800-02.r2] Addr=4BF1 Value=18
ROM[roms/astdelux/036800-02.r2] Addr=4BF2 Value=60
ROM[roms/astdelux/036800-02.r2] Addr=4BF3 Value=85
ROM[roms/astdelux/036800-02.r2] Addr=4BF4 Value=13
ROM[roms/astdelux/036800-02.r2] Addr=4BF5 Value=A5
ROM[roms/astdelux/036800-02.r2] Addr=4BF6 Value=8D
ROM[roms/astdelux/036800-02.r2] Addr=4BF7 Value=29
ROM[roms/astdelux/036800-02.r2] Addr=4BF8 Value=03
ROM[roms/astdelux/036800-02.r2] Addr=4BF9 Value=D0
ROM[roms/astdelux/036800-02.r2] Addr=4BFA Value=06
ROM[roms/astdelux/036800-02.r2] Addr=4BFB Value=A9
ROM[roms/astdelux/036800-02.r2] Addr=4BFC Value=02
ROM[roms/astdelux/036800-02.r2] Addr=4BFD Value=85
ROM[roms/astdelux/036800-02.r2] Addr=4BFE Value=8C
ROM[roms/astdelux/036800-02.r2] Addr=4BFF Value=D0
ROM[roms/astdelux/036800-02.r2] Addr=4C00 Value=56
ROM[roms/astdelux/036800-02.r2] Addr=4C01 Value=18
ROM[roms/astdelux/036800-02.r2] Addr=4C02 Value=69
ROM[roms/astdelux/036800-02.r2] Addr=4C03 Value=07
ROM[roms/astdelux/036800-02.r2] Addr=4C04 Value=A8
ROM[roms/astdelux/036800-02.r2] Addr=4C05 Value=A5
ROM[roms/astdelux/036800-02.r2] Addr=4C06 Value=42
ROM[roms/astdelux/036800-02.r2] Addr=4C07 Value=25
ROM[roms/astdelux/036800-02.r2] Addr=4C08 Value=43
ROM[roms/astdelux/036800-02.r2] Addr=4C09 Value=10
ROM[roms/astdelux/036800-02.r2] Addr=4C0A Value=4C
ROM[roms/astdelux/036800-02.r2] Addr=4C0B Value=20
ROM[roms/astdelux/036800-02.r2] Addr=4C0C Value=59
ROM[roms/astdelux/036800-02.r2] Addr=4C0D Value=71
ROM[roms/astdelux/036800-02.r2] Addr=4C0E Value=A5
ROM[roms/astdelux/036800-02.r2] Addr=4C0F Value=8C
ROM[roms/astdelux/036800-02.r2] Addr=4C10 Value=C9
ROM[roms/astdelux/036800-02.r2] Addr=4C11 Value=40
ROM[roms/astdelux/036800-02.r2] Addr=4C12 Value=B0
ROM[roms/astdelux/036800-02.r2] Addr=4C13 Value=FE
ROM[roms/astdelux/036800-02.r2] Addr=4C14 Value=85
ROM[roms/astdelux/036800-02.r2] Addr=4C15 Value=10
ROM[roms/astdelux/036800-02.r2] Addr=4C16 Value=A0
ROM[roms/astdelux/036800-02.r2] Addr=4C17 Value=0B
ROM[roms/astdelux/036800-02.r2] Addr=4C18 Value=20
ROM[roms/astdelux/036800-02.r2] Addr=4C19 Value=59
ROM[roms/astdelux/036800-02.r2] Addr=4C1A Value=71
ROM[roms/astdelux/036800-02.r2] Addr=4C1B Value=A2
ROM[roms/astdelux/036800-02.r2] Addr=4C1C Value=00
ROM[roms/astdelux/036800-02.r2] Addr=4C1D Value=86
ROM[roms/astdelux/036800-02.r2] Addr=4C1E Value=11
ROM[roms/astdelux/036800-02.r2] Addr=4C1F Value=E8
ROM[roms/astdelux/036800-02.r2] Addr=4C20 Value=86
ROM[roms/astdelux/036800-02.r2] Addr=4C21 Value=12
ROM[roms/astdelux/036800-02.r2] Addr=4C22 Value=F8
ROM[roms/astdelux/036800-02.r2] Addr=4C23 Value=46
ROM[roms/astdelux/036800-02.r2] Addr=4C24 Value=10
ROM[roms/astdelux/036800-02.r2] Addr=4C25 Value=90
ROM[roms/astdelux/036800-02.r2] Addr=4C26 Value=07
ROM[roms/astdelux/036800-02.r2] Addr=4C27 Value=A5
ROM[roms/astdelux/036800-02.r2] Addr=4C28 Value=11
ROM[roms/astdelux/036800-02.r2] Addr=4C29 Value=18
ROM[roms/astdelux/036800-02.r2] Addr=4C2A Value=65
ROM[roms/astdelux/036800-02.r2] Addr=4C2B Value=12
ROM[roms/astdelux/036800-02.r2] Addr=4C2C Value=85
ROM[roms/astdelux/036800-02.r2] Addr=4C2D Value=11
ROM[roms/astdelux/036800-02.r2] Addr=4C2E Value=F0
ROM[roms/astdelux/036800-02.r2] Addr=4C2F Value=08
ROM[roms/astdelux/036800-02.r2] Addr=4C30 Value=A5
ROM[roms/astdelux/036800-02.r2] Addr=4C31 Value=12
ROM[roms/astdelux/036800-02.r2] Addr=4C32 Value=65
ROM[roms/astdelux/036800-02.r2] Addr=4C33 Value=12
ROM[roms/astdelux/036800-02.r2] Addr=4C34 Value=85
ROM[roms/astdelux/036800-02.r2] Addr=4C35 Value=12
ROM[roms/astdelux/036800-02.r2] Addr=4C36 Value=90
ROM[roms/astdelux/036800-02.r2] Addr=4C37 Value=EB
ROM[roms/astdelux/036800-02.r2] Addr=4C38 Value=D8
ROM[roms/astdelux/036800-02.r2] Addr=4C39 Value=A2
ROM[roms/astdelux/036800-02.r2] Addr=4C3A Value=00
ROM[roms/astdelux/036800-02.r2] Addr=4C3B Value=A0
ROM[roms/astdelux/036800-02.r2] Addr=4C3C Value=01
ROM[roms/astdelux/036800-02.r2] Addr=4C3D Value=A9
ROM[roms/astdelux/036800-02.r2] Addr=4C3E Value=11
ROM[roms/astdelux/036800-02.r2] Addr=4C3F Value=38
ROM[roms/astdelux/036800-02.r2] Addr=4C40 Value=20
ROM[roms/astdelux/036800-02.r2] Addr=4C41 Value=95
ROM[roms/astdelux/036800-02.r2] Addr=4C42 Value=7C
ROM[roms/astdelux/036800-02.r2] Addr=4C43 Value=A5
ROM[roms/astdelux/036800-02.r2] Addr=4C44 Value=8D
ROM[roms/astdelux/036800-02.r2] Addr=4C45 Value=29
ROM[roms/astdelux/036800-02.r2] Addr=4C46 Value=03
ROM[roms/astdelux/036800-02.r2] Addr=4C47 Value=C9
ROM[roms/astdelux/036800-02.r2] Addr=4C48 Value=03
ROM[roms/astdelux/036800-02.r2] Addr=4C49 Value=D0
ROM[roms/astdelux/036800-02.r2] Addr=4C4A Value=0C
ROM[roms/astdelux/036800-02.r2] Addr=4C4B Value=A5
ROM[roms/astdelux/036800-02.r2] Addr=4C4C Value=8F
ROM[roms/astdelux/036800-02.r2] Addr=4C4D Value=4A
ROM[roms/astdelux/036800-02.r2] Addr=4C4E Value=90
ROM[roms/astdelux/036800-02.r2] Addr=4C4F Value=07
ROM[roms/astdelux/036800-02.r2] Addr=4C50 Value=A9
ROM[roms/astdelux/036800-02.r2] Addr=4C51 Value=20
ROM[roms/astdelux/036800-02.r2] Addr=4C52 Value=A2
ROM[roms/astdelux/036800-02.r2] Addr=4C53 Value=CB
ROM[roms/astdelux/036800-02.r2] Addr=4C54 Value=20
ROM[roms/astdelux/036800-02.r2] Addr=4C55 Value=D5
ROM[roms/astdelux/036800-02.r2] Addr=4C56 Value=7C
ROM[roms/astdelux/036800-02.r2] Addr=4C57 Value=A0
ROM[roms/astdelux/036800-02.r2] Addr=4C58 Value=06
ROM[roms/astdelux/036800-02.r2] Addr=4C59 Value=A6
ROM[roms/astdelux/036800-02.r2] Addr=4C5A Value=8C
ROM[roms/astdelux/036800-02.r2] Addr=4C5B Value=D0
ROM[roms/astdelux/036800-02.r2] Addr=4C5C Value=02
ROM[roms/astdelux/036800-02.r2] Addr=4C5D Value=86
ROM[roms/astdelux/036800-02.r2] Addr=4C5E Value=8A
ROM[roms/astdelux/036800-02.r2] Addr=4C5F Value=AD
ROM[roms/astdelux/036800-02.r2] Addr=4C60 Value=01
ROM[roms/astdelux/036800-02.r2] Addr=4C61 Value=28
ROM[roms/astdelux/036800-02.r2] Addr=4C62 Value=4A
ROM[roms/astdelux/036800-02.r2] Addr=4C63 Value=90
ROM[roms/astdelux/036800-02.r2] Addr=4C64 Value=10
ROM[roms/astdelux/036800-02.r2] Addr=4C65 Value=24
ROM[roms/astdelux/036800-02.r2] Addr=4C66 Value=8A
ROM[roms/astdelux/036800-02.r2] Addr=4C67 Value=30
ROM[roms/astdelux/036800-02.r2] Addr=4C68 Value=0C
ROM[roms/astdelux/036800-02.r2] Addr=4C69 Value=E0
ROM[roms/astdelux/036800-02.r2] Addr=4C6A Value=01
ROM[roms/astdelux/036800-02.r2] Addr=4C6B Value=90
ROM[roms/astdelux/036800-02.r2] Addr=4C6C Value=04
ROM[roms/astdelux/036800-02.r2] Addr=4C6D Value=D0
ROM[roms/astdelux/036800-02.r2] Addr=4C6E Value=06
ROM[roms/astdelux/036800-02.r2] Addr=4C6F Value=66
ROM[roms/astdelux/036800-02.r2] Addr=4C70 Value=13
ROM[roms/astdelux/036800-02.r2] Addr=4C71 Value=A0
ROM[roms/astdelux/036800-02.r2] Addr=4C72 Value=0C
ROM[roms/astdelux/036800-02.r2] Addr=4C73 Value=D0
ROM[roms/astdelux/036800-02.r2] Addr=4C74 Value=08
ROM[roms/astdelux/036800-02.r2] Addr=4C75 Value=A9
ROM[roms/astdelux/036800-02.r2] Addr=4C76 Value=FF
ROM[roms/astdelux/036800-02.r2] Addr=4C77 Value=85
ROM[roms/astdelux/036800-02.r2] Addr=4C78 Value=8A
ROM[roms/astdelux/036800-02.r2] Addr=4C79 Value=C0
ROM[roms/astdelux/036800-02.r2] Addr=4C7A Value=0C
ROM[roms/astdelux/036800-02.r2] Addr=4C7B Value=D0
ROM[roms/astdelux/036800-02.r2] Addr=4C7C Value=09
ROM[roms/astdelux/036800-02.r2] Addr=4C7D Value=20
ROM[roms/astdelux/036800-02.r2] Addr=4C7E Value=DB
ROM[roms/astdelux/036800-02.r2] Addr=4C7F Value=60
ROM[roms/astdelux/036800-02.r2] Addr=4C80 Value=18
ROM[roms/astdelux/036800-02.r2] Addr=4C81 Value=A9
ROM[roms/astdelux/036800-02.r2] Addr=4C82 Value=00
ROM[roms/astdelux/036800-02.r2] Addr=4C83 Value=85
ROM[roms/astdelux/036800-02.r2] Addr=4C84 Value=85
ROM[roms/astdelux/036800-02.r2] Addr=4C85 Value=60
ROM[roms/astdelux/036800-02.r2] Addr=4C86 Value=8A
ROM[roms/astdelux/036800-02.r2] Addr=4C87 Value=F0
ROM[roms/astdelux/036800-02.r2] Addr=4C88 Value=F7
ROM[roms/astdelux/036800-02.r2] Addr=4C89 Value=20
ROM[roms/astdelux/036800-02.r2] Addr=4C8A Value=DB
ROM[roms/astdelux/036800-02.r2] Addr=4C8B Value=60
ROM[roms/astdelux/036800-02.r2] Addr=4C8C Value=A4
ROM[roms/astdelux/036800-02.r2] Addr=4C8D Value=8C
ROM[roms/astdelux/036800-02.r2] Addr=4C8E Value=A2
ROM[roms/astdelux/036800-02.r2] Addr=4C8F Value=01
ROM[roms/astdelux/036800-02.r2] Addr=4C90 Value=AD
ROM[roms/astdelux/036800-02.r2] Addr=4C91 Value=03
ROM[roms/astdelux/036800-02.r2] Addr=4C92 Value=24
ROM[roms/astdelux/036800-02.r2] Addr=4C93 Value=30
ROM[roms/astdelux/036800-02.r2] Addr=4C94 Value=20
ROM[roms/astdelux/036800-02.r2] Addr=4C95 Value=C0
ROM[roms/astdelux/036800-02.r2] Addr=4C96 Value=02
ROM[roms/astdelux/036800-02.r2] Addr=4C97 Value=90
ROM[roms/astdelux/036800-02.r2] Addr=4C98 Value=49
ROM[roms/astdelux/036800-02.r2] Addr=4C99 Value=AD
ROM[roms/astdelux/036800-02.r2] Addr=4C9A Value=04
ROM[roms/astdelux/036800-02.r2] Addr=4C9B Value=24
ROM[roms/astdelux/036800-02.r2] Addr=4C9C Value=10
ROM[roms/astdelux/036800-02.r2] Addr=4C9D Value=44
ROM[roms/astdelux/036800-02.r2] Addr=4C9E Value=8D
ROM[roms/astdelux/036800-02.r2] Addr=4C9F Value=04
ROM[roms/astdelux/036800-02.r2] Addr=4CA0 Value=3C
ROM[roms/astdelux/036800-02.r2] Addr=4CA1 Value=20
ROM[roms/astdelux/036800-02.r2] Addr=4CA2 Value=D0
ROM[roms/astdelux/036800-02.r2] Addr=4CA3 Value=60
ROM[roms/astdelux/036800-02.r2] Addr=4CA4 Value=20
ROM[roms/astdelux/036800-02.r2] Addr=4CA5 Value=E3
ROM[roms/astdelux/036800-02.r2] Addr=4CA6 Value=7B
ROM[roms/astdelux/036800-02.r2] Addr=4CA7 Value=20
ROM[roms/astdelux/036800-02.r2] Addr=4CA8 Value=59
ROM[roms/astdelux/036800-02.r2] Addr=4CA9 Value=69
ROM[roms/astdelux/036800-02.r2] Addr=4CAA Value=20
ROM[roms/astdelux/036800-02.r2] Addr=4CAB Value=1B
ROM[roms/astdelux/036800-02.r2] Addr=4CAC Value=6A
ROM[roms/astdelux/036800-02.r2] Addr=4CAD Value=A5
ROM[roms/astdelux/036800-02.r2] Addr=4CAE Value=6E
ROM[roms/astdelux/036800-02.r2] Addr=4CAF Value=85
ROM[roms/astdelux/036800-02.r2] Addr=4CB0 Value=70
ROM[roms/astdelux/036800-02.r2] Addr=4CB1 Value=A2
ROM[roms/astdelux/036800-02.r2] Addr=4CB2 Value=02
ROM[roms/astdelux/036800-02.r2] Addr=4CB3 Value=C6
ROM[roms/astdelux/036800-02.r2] Addr=4CB4 Value=8C
ROM[roms/astdelux/036800-02.r2] Addr=4CB5 Value=86
ROM[roms/astdelux/036800-02.r2] Addr=4CB6 Value=22
ROM[roms/astdelux/036800-02.r2] Addr=4CB7 Value=C6
ROM[roms/astdelux/036800-02.r2] Addr=4CB8 Value=8C
ROM[roms/astdelux/036800-02.r2] Addr=4CB9 Value=8E
ROM[roms/astdelux/036800-02.r2] Addr=4CBA Value=04
ROM[roms/astdelux/036800-02.r2] Addr=4CBB Value=3C
ROM[roms/astdelux/036800-02.r2] Addr=4CBC Value=86
ROM[roms/astdelux/036800-02.r2] Addr=4CBD Value=85
ROM[roms/astdelux/036800-02.r2] Addr=4CBE Value=20
ROM[roms/astdelux/036800-02.r2] Addr=4CBF Value=D0
ROM[roms/astdelux/036800-02.r2] Addr=4CC0 Value=60
ROM[roms/astdelux/036800-02.r2] Addr=4CC1 Value=20
ROM[roms/astdelux/036800-02.r2] Addr=4CC2 Value=E3
ROM[roms/astdelux/036800-02.r2] Addr=4CC3 Value=7B
ROM[roms/astdelux/036800-02.r2] Addr=4CC4 Value=20
ROM[roms/astdelux/036800-02.r2] Addr=4CC5 Value=1B
ROM[roms/astdelux/036800-02.r2] Addr=4CC6 Value=6A
ROM[roms/astdelux/036800-02.r2] Addr=4CC7 Value=A9
ROM[roms/astdelux/036800-02.r2] Addr=4CC8 Value=80
ROM[roms/astdelux/036800-02.r2] Addr=4CC9 Value=85
ROM[roms/astdelux/036800-02.r2] Addr=4CCA Value=74
ROM[roms/astdelux/036800-02.r2] Addr=4CCB Value=0A
ROM[roms/astdelux/036800-02.r2] Addr=4CCC Value=85
ROM[roms/astdelux/036800-02.r2] Addr=4CCD Value=1E
ROM[roms/astdelux/036800-02.r2] Addr=4CCE Value=85
ROM[roms/astdelux/036800-02.r2] Addr=4CCF Value=1F
ROM[roms/astdelux/036800-02.r2] Addr=4CD0 Value=85
ROM[roms/astdelux/036800-02.r2] Addr=4CD1 Value=20
ROM[roms/astdelux/036800-02.r2] Addr=4CD2 Value=85
ROM[roms/astdelux/036800-02.r2] Addr=4CD3 Value=9A
ROM[roms/astdelux/036800-02.r2] Addr=4CD4 Value=85
ROM[roms/astdelux/036800-02.r2] Addr=4CD5 Value=99
ROM[roms/astdelux/036800-02.r2] Addr=4CD6 Value=A5
ROM[roms/astdelux/036800-02.r2] Addr=4CD7 Value=6E
ROM[roms/astdelux/036800-02.r2] Addr=4CD8 Value=85
ROM[roms/astdelux/036800-02.r2] Addr=4CD9 Value=6F
ROM[roms/astdelux/036800-02.r2] Addr=4CDA Value=A9
ROM[roms/astdelux/036800-02.r2] Addr=4CDB Value=04
ROM[roms/astdelux/036800-02.r2] Addr=4CDC Value=85
ROM[roms/astdelux/036800-02.r2] Addr=4CDD Value=84
ROM[roms/astdelux/036800-02.r2] Addr=4CDE Value=8D
ROM[roms/astdelux/036800-02.r2] Addr=4CDF Value=00
ROM[roms/astdelux/036800-02.r2] Addr=4CE0 Value=3E
ROM[roms/astdelux/036800-02.r2] Addr=4CE1 Value=60
ROM[roms/astdelux/036800-02.r2] Addr=4CE2 Value=A5
ROM[roms/astdelux/036800-02.r2] Addr=4CE3 Value=76
ROM[roms/astdelux/036800-02.r2] Addr=4CE4 Value=29
ROM[roms/astdelux/036800-02.r2] Addr=4CE5 Value=0F
ROM[roms/astdelux/036800-02.r2] Addr=4CE6 Value=D0
ROM[roms/astdelux/036800-02.r2] Addr=4CE7 Value=0C
ROM[roms/astdelux/036800-02.r2] Addr=4CE8 Value=A9
ROM[roms/astdelux/036800-02.r2] Addr=4CE9 Value=01
ROM[roms/astdelux/036800-02.r2] Addr=4CEA Value=C5
ROM[roms/astdelux/036800-02.r2] Addr=4CEB Value=8C
ROM[roms/astdelux/036800-02.r2] Addr=4CEC Value=F0
ROM[roms/astdelux/036800-02.r2] Addr=4CED Value=02
ROM[roms/astdelux/036800-02.r2] Addr=4CEE Value=A9
ROM[roms/astdelux/036800-02.r2] Addr=4CEF Value=03
ROM[roms/astdelux/036800-02.r2] Addr=4CF0 Value=45
ROM[roms/astdelux/036800-02.r2] Addr=4CF1 Value=85
ROM[roms/astdelux/036800-02.r2] Addr=4CF2 Value=85
ROM[roms/astdelux/036800-02.r2] Addr=4CF3 Value=85
ROM[roms/astdelux/036800-02.r2] Addr=4CF4 Value=18
ROM[roms/astdelux/036800-02.r2] Addr=4CF5 Value=60
ROM[roms/astdelux/036800-02.r2] Addr=4CF6 Value=A5
ROM[roms/astdelux/036800-02.r2] Addr=4CF7 Value=76
ROM[roms/astdelux/036800-02.r2] Addr=4CF8 Value=29
ROM[roms/astdelux/036800-02.r2] Addr=4CF9 Value=3F
ROM[roms/astdelux/036800-02.r2] Addr=4CFA Value=D0
ROM[roms/astdelux/036800-02.r2] Addr=4CFB Value=0A
ROM[roms/astdelux/036800-02.r2] Addr=4CFC Value=AD
ROM[roms/astdelux/036800-02.r2] Addr=4CFD Value=ED
ROM[roms/astdelux/036800-02.r2] Addr=4CFE Value=02
ROM[roms/astdelux/036800-02.r2] Addr=4CFF Value=C9
ROM[roms/astdelux/036800-02.r2] Addr=4D00 Value=08
ROM[roms/astdelux/036800-02.r2] Addr=4D01 Value=F0
ROM[roms/astdelux/036800-02.r2] Addr=4D02 Value=03
ROM[roms/astdelux/036800-02.r2] Addr=4D03 Value=CE
ROM[roms/astdelux/036800-02.r2] Addr=4D04 Value=ED
ROM[roms/astdelux/036800-02.r2] Addr=4D05 Value=02
ROM[roms/astdelux/036800-02.r2] Addr=4D06 Value=A6
ROM[roms/astdelux/036800-02.r2] Addr=4D07 Value=1E
ROM[roms/astdelux/036800-02.r2] Addr=4D08 Value=B5
ROM[roms/astdelux/036800-02.r2] Addr=4D09 Value=6F
ROM[roms/astdelux/036800-02.r2] Addr=4D0A Value=D0
ROM[roms/astdelux/036800-02.r2] Addr=4D0B Value=1C
ROM[roms/astdelux/036800-02.r2] Addr=4D0C Value=AD
ROM[roms/astdelux/036800-02.r2] Addr=4D0D Value=1D
ROM[roms/astdelux/036800-02.r2] Addr=4D0E Value=02
ROM[roms/astdelux/036800-02.r2] Addr=4D0F Value=0D
ROM[roms/astdelux/036800-02.r2] Addr=4D10 Value=1E
ROM[roms/astdelux/036800-02.r2] Addr=4D11 Value=02
ROM[roms/astdelux/036800-02.r2] Addr=4D12 Value=0D
ROM[roms/astdelux/036800-02.r2] Addr=4D13 Value=1F
ROM[roms/astdelux/036800-02.r2] Addr=4D14 Value=02
ROM[roms/astdelux/036800-02.r2] Addr=4D15 Value=0D
ROM[roms/astdelux/036800-02.r2] Addr=4D16 Value=20
ROM[roms/astdelux/036800-02.r2] Addr=4D17 Value=02
ROM[roms/astdelux/036800-02.r2] Addr=4D18 Value=D0
ROM[roms/astdelux/036800-02.r2] Addr=4D19 Value=0E
ROM[roms/astdelux/036800-02.r2] Addr=4D1A Value=A0
ROM[roms/astdelux/036800-02.r2] Addr=4D1B Value=07
ROM[roms/astdelux/036800-02.r2] Addr=4D1C Value=20
ROM[roms/astdelux/036800-02.r2] Addr=4D1D Value=59
ROM[roms/astdelux/036800-02.r2] Addr=4D1E Value=71
ROM[roms/astdelux/036800-02.r2] Addr=4D1F Value=A5
ROM[roms/astdelux/036800-02.r2] Addr=4D20 Value=22
ROM[roms/astdelux/036800-02.r2] Addr=4D21 Value=C9
ROM[roms/astdelux/036800-02.r2] Addr=4D22 Value=02
ROM[roms/astdelux/036800-02.r2] Addr=4D23 Value=90
ROM[roms/astdelux/036800-02.r2] Addr=4D24 Value=03
ROM[roms/astdelux/036800-02.r2] Addr=4D25 Value=20
ROM[roms/astdelux/036800-02.r2] Addr=4D26 Value=EB
ROM[roms/astdelux/036800-02.r2] Addr=4D27 Value=60
ROM[roms/astdelux/036800-02.r2] Addr=4D28 Value=AD
ROM[roms/astdelux/036800-02.r2] Addr=4D29 Value=19
ROM[roms/astdelux/036800-02.r2] Addr=4D2A Value=02
ROM[roms/astdelux/036800-02.r2] Addr=4D2B Value=D0
ROM[roms/astdelux/036800-02.r2] Addr=4D2C Value=37
ROM[roms/astdelux/036800-02.r2] Addr=4D2D Value=AD
ROM[roms/astdelux/036800-02.r2] Addr=4D2E Value=EB
ROM[roms/astdelux/036800-02.r2] Addr=4D2F Value=02
ROM[roms/astdelux/036800-02.r2] Addr=4D30 Value=C9
ROM[roms/astdelux/036800-02.r2] Addr=4D31 Value=80
ROM[roms/astdelux/036800-02.r2] Addr=4D32 Value=D0
ROM[roms/astdelux/036800-02.r2] Addr=4D33 Value=30
ROM[roms/astdelux/036800-02.r2] Addr=4D34 Value=A9
ROM[roms/astdelux/036800-02.r2] Addr=4D35 Value=10
ROM[roms/astdelux/036800-02.r2] Addr=4D36 Value=20
ROM[roms/astdelux/036800-02.r2] Addr=4D37 Value=00
ROM[roms/astdelux/036800-02.r2] Addr=4D38 Value=63
ROM[roms/astdelux/036800-02.r2] Addr=4D39 Value=A6
ROM[roms/astdelux/036800-02.r2] Addr=4D3A Value=22
ROM[roms/astdelux/036800-02.r2] Addr=4D3B Value=A5
ROM[roms/astdelux/036800-02.r2] Addr=4D3C Value=6F
ROM[roms/astdelux/036800-02.r2] Addr=4D3D Value=05
ROM[roms/astdelux/036800-02.r2] Addr=4D3E Value=70
ROM[roms/astdelux/036800-02.r2] Addr=4D3F Value=F0
ROM[roms/astdelux/036800-02.r2] Addr=4D40 Value=25
ROM[roms/astdelux/036800-02.r2] Addr=4D41 Value=20
ROM[roms/astdelux/036800-02.r2] Addr=4D42 Value=EB
ROM[roms/astdelux/036800-02.r2] Addr=4D43 Value=67
ROM[roms/astdelux/036800-02.r2] Addr=4D44 Value=CA
ROM[roms/astdelux/036800-02.r2] Addr=4D45 Value=F0
ROM[roms/astdelux/036800-02.r2] Addr=4D46 Value=1D
ROM[roms/astdelux/036800-02.r2] Addr=4D47 Value=A9
ROM[roms/astdelux/036800-02.r2] Addr=4D48 Value=80
ROM[roms/astdelux/036800-02.r2] Addr=4D49 Value=85
ROM[roms/astdelux/036800-02.r2] Addr=4D4A Value=74
ROM[roms/astdelux/036800-02.r2] Addr=4D4B Value=A5
ROM[roms/astdelux/036800-02.r2] Addr=4D4C Value=1E
ROM[roms/astdelux/036800-02.r2] Addr=4D4D Value=49
ROM[roms/astdelux/036800-02.r2] Addr=4D4E Value=01
ROM[roms/astdelux/036800-02.r2] Addr=4D4F Value=AA
ROM[roms/astdelux/036800-02.r2] Addr=4D50 Value=B5
ROM[roms/astdelux/036800-02.r2] Addr=4D51 Value=6F
ROM[roms/astdelux/036800-02.r2] Addr=4D52 Value=F0
ROM[roms/astdelux/036800-02.r2] Addr=4D53 Value=10
ROM[roms/astdelux/036800-02.r2] Addr=4D54 Value=86
ROM[roms/astdelux/036800-02.r2] Addr=4D55 Value=1E
ROM[roms/astdelux/036800-02.r2] Addr=4D56 Value=8A
ROM[roms/astdelux/036800-02.r2] Addr=4D57 Value=6A
ROM[roms/astdelux/036800-02.r2] Addr=4D58 Value=6A
ROM[roms/astdelux/036800-02.r2] Addr=4D59 Value=8D
ROM[roms/astdelux/036800-02.r2] Addr=4D5A Value=04
ROM[roms/astdelux/036800-02.r2] Addr=4D5B Value=3C
ROM[roms/astdelux/036800-02.r2] Addr=4D5C Value=8A
ROM[roms/astdelux/036800-02.r2] Addr=4D5D Value=0A
ROM[roms/astdelux/036800-02.r2] Addr=4D5E Value=85
ROM[roms/astdelux/036800-02.r2] Addr=4D5F Value=1F
ROM[roms/astdelux/036800-02.r2] Addr=4D60 Value=05
ROM[roms/astdelux/036800-02.r2] Addr=4D61 Value=1E
ROM[roms/astdelux/036800-02.r2] Addr=4D62 Value=85
ROM[roms/astdelux/036800-02.r2] Addr=4D63 Value=20
ROM[roms/astdelux/036800-02.r2] Addr=4D64 Value=18
ROM[roms/astdelux/036800-02.r2] Addr=4D65 Value=60
ROM[roms/astdelux/036800-02.r2] Addr=4D66 Value=86
ROM[roms/astdelux/036800-02.r2] Addr=4D67 Value=21
ROM[roms/astdelux/036800-02.r2] Addr=4D68 Value=A9
ROM[roms/astdelux/036800-02.r2] Addr=4D69 Value=FF
ROM[roms/astdelux/036800-02.r2] Addr=4D6A Value=85
ROM[roms/astdelux/036800-02.r2] Addr=4D6B Value=22
ROM[roms/astdelux/036800-02.r2] Addr=4D6C Value=A9
ROM[roms/astdelux/036800-02.r2] Addr=4D6D Value=03
ROM[roms/astdelux/036800-02.r2] Addr=4D6E Value=85
ROM[roms/astdelux/036800-02.r2] Addr=4D6F Value=85
ROM[roms/astdelux/036800-02.r2] Addr=4D70 Value=8D
ROM[roms/astdelux/036800-02.r2] Addr=4D71 Value=04
ROM[roms/astdelux/036800-02.r2] Addr=4D72 Value=3C
ROM[roms/astdelux/036800-02.r2] Addr=4D73 Value=D0
ROM[roms/astdelux/036800-02.r2] Addr=4D74 Value=EF
ROM[roms/astdelux/036800-02.r2] Addr=4D75 Value=10
ROM[roms/astdelux/036800-02.r2] Addr=4D76 Value=05
ROM[roms/astdelux/036800-02.r2] Addr=4D77 Value=02
ROM[roms/astdelux/036800-02.r2] Addr=4D78 Value=FF
ROM[roms/astdelux/036800-02.r2] Addr=4D79 Value=FF
ROM[roms/astdelux/036800-02.r2] Addr=4D7A Value=FF
ROM[roms/astdelux/036800-02.r2] Addr=4D7B Value=FF
ROM[roms/astdelux/036800-02.r2] Addr=4D7C Value=FF
ROM[roms/astdelux/036800-02.r2] Addr=4D7D Value=FF
ROM[roms/astdelux/036800-02.r2] Addr=4D7E Value=FF
ROM[roms/astdelux/036800-02.r2] Addr=4D7F Value=FF
ROM[roms/astdelux/036800-02.r2] Addr=4D80 Value=15
ROM[roms/astdelux/036800-02.r2] Addr=4D81 Value=C7
ROM[roms/astdelux/036800-02.r2] Addr=4D82 Value=FA
ROM[roms/astdelux/036800-02.r2] Addr=4D83 Value=C6
ROM[roms/astdelux/036800-02.r2] Addr=4D84 Value=DB
ROM[roms/astdelux/036800-02.r2] Addr=4D85 Value=C6
ROM[roms/astdelux/036800-02.r2] Addr=4D86 Value=C4
ROM[roms/astdelux/036800-02.r2] Addr=4D87 Value=C6
ROM[roms/astdelux/036800-02.r2] Addr=4D88 Value=0D
ROM[roms/astdelux/036800-02.r2] Addr=4D89 Value=F8
ROM[roms/astdelux/036800-02.r2] Addr=4D8A Value=78
ROM[roms/astdelux/036800-02.r2] Addr=4D8B Value=F8
ROM[roms/astdelux/036800-02.r2] Addr=4D8C Value=0D
ROM[roms/astdelux/036800-02.r2] Addr=4D8D Value=FD
ROM[roms/astdelux/036800-02.r2] Addr=4D8E Value=78
ROM[roms/astdelux/036800-02.r2] Addr=4D8F Value=F8
ROM[roms/astdelux/036800-02.r2] Addr=4D90 Value=09
ROM[roms/astdelux/036800-02.r2] Addr=4D91 Value=FD
ROM[roms/astdelux/036800-02.r2] Addr=4D92 Value=78
ROM[roms/astdelux/036800-02.r2] Addr=4D93 Value=F8
ROM[roms/astdelux/036800-02.r2] Addr=4D94 Value=0B
ROM[roms/astdelux/036800-02.r2] Addr=4D95 Value=F1
ROM[roms/astdelux/036800-02.r2] Addr=4D96 Value=78
ROM[roms/astdelux/036800-02.r2] Addr=4D97 Value=F8
ROM[roms/astdelux/036800-02.r2] Addr=4D98 Value=0A
ROM[roms/astdelux/036800-02.r2] Addr=4D99 Value=F5
ROM[roms/astdelux/036800-02.r2] Addr=4D9A Value=78
ROM[roms/astdelux/036800-02.r2] Addr=4D9B Value=F8
ROM[roms/astdelux/036800-02.r2] Addr=4D9C Value=08
ROM[roms/astdelux/036800-02.r2] Addr=4D9D Value=F9
ROM[roms/astdelux/036800-02.r2] Addr=4D9E Value=78
ROM[roms/astdelux/036800-02.r2] Addr=4D9F Value=F8
ROM[roms/astdelux/036800-02.r2] Addr=4DA0 Value=09
ROM[roms/astdelux/036800-02.r2] Addr=4DA1 Value=F3
ROM[roms/astdelux/036800-02.r2] Addr=4DA2 Value=78
ROM[roms/astdelux/036800-02.r2] Addr=4DA3 Value=F8
ROM[roms/astdelux/036800-02.r2] Addr=4DA4 Value=0D
ROM[roms/astdelux/036800-02.r2] Addr=4DA5 Value=F3
ROM[roms/astdelux/036800-02.r2] Addr=4DA6 Value=78
ROM[roms/astdelux/036800-02.r2] Addr=4DA7 Value=F8
ROM[roms/astdelux/036800-02.r2] Addr=4DA8 Value=80
ROM[roms/astdelux/036800-02.r2] Addr=4DA9 Value=54
ROM[roms/astdelux/036800-02.r2] Addr=4DAA Value=00
ROM[roms/astdelux/036800-02.r2] Addr=4DAB Value=06
ROM[roms/astdelux/036800-02.r2] Addr=4DAC Value=78
ROM[roms/astdelux/036800-02.r2] Addr=4DAD Value=F8
ROM[roms/astdelux/036800-02.r2] Addr=4DAE Value=0F
ROM[roms/astdelux/036800-02.r2] Addr=4DAF Value=F1
ROM[roms/astdelux/036800-02.r2] Addr=4DB0 Value=78
ROM[roms/astdelux/036800-02.r2] Addr=4DB1 Value=F8
ROM[roms/astdelux/036800-02.r2] Addr=4DB2 Value=0A
ROM[roms/astdelux/036800-02.r2] Addr=4DB3 Value=FE
ROM[roms/astdelux/036800-02.r2] Addr=4DB4 Value=00
ROM[roms/astdelux/036800-02.r2] Addr=4DB5 Value=D0
ROM[roms/astdelux/036800-02.r2] Addr=4DB6 Value=00
ROM[roms/astdelux/036800-02.r2] Addr=4DB7 Value=30
ROM[roms/astdelux/036800-02.r2] Addr=4DB8 Value=80
ROM[roms/astdelux/036800-02.r2] Addr=4DB9 Value=07
ROM[roms/astdelux/036800-02.r2] Addr=4DBA Value=78
ROM[roms/astdelux/036800-02.r2] Addr=4DBB Value=F8
ROM[roms/astdelux/036800-02.r2] Addr=4DBC Value=80
ROM[roms/astdelux/036800-02.r2] Addr=4DBD Value=37
ROM[roms/astdelux/036800-02.r2] Addr=4DBE Value=80
ROM[roms/astdelux/036800-02.r2] Addr=4DBF Value=07
ROM[roms/astdelux/036800-02.r2] Addr=4DC0 Value=78
ROM[roms/astdelux/036800-02.r2] Addr=4DC1 Value=F8
ROM[roms/astdelux/036800-02.r2] Addr=4DC2 Value=80
ROM[roms/astdelux/036800-02.r2] Addr=4DC3 Value=37
ROM[roms/astdelux/036800-02.r2] Addr=4DC4 Value=80
ROM[roms/astdelux/036800-02.r2] Addr=4DC5 Value=03
ROM[roms/astdelux/036800-02.r2] Addr=4DC6 Value=78
ROM[roms/astdelux/036800-02.r2] Addr=4DC7 Value=F8
ROM[roms/astdelux/036800-02.r2] Addr=4DC8 Value=E0
ROM[roms/astdelux/036800-02.r2] Addr=4DC9 Value=40
ROM[roms/astdelux/036800-02.r2] Addr=4DCA Value=A0
ROM[roms/astdelux/036800-02.r2] Addr=4DCB Value=02
ROM[roms/astdelux/036800-02.r2] Addr=4DCC Value=78
ROM[roms/astdelux/036800-02.r2] Addr=4DCD Value=F8
ROM[roms/astdelux/036800-02.r2] Addr=4DCE Value=C0
ROM[roms/astdelux/036800-02.r2] Addr=4DCF Value=35
ROM[roms/astdelux/036800-02.r2] Addr=4DD0 Value=80
ROM[roms/astdelux/036800-02.r2] Addr=4DD1 Value=03
ROM[roms/astdelux/036800-02.r2] Addr=4DD2 Value=78
ROM[roms/astdelux/036800-02.r2] Addr=4DD3 Value=F8
ROM[roms/astdelux/036800-02.r2] Addr=4DD4 Value=80
ROM[roms/astdelux/036800-02.r2] Addr=4DD5 Value=33
ROM[roms/astdelux/036800-02.r2] Addr=4DD6 Value=00
ROM[roms/astdelux/036800-02.r2] Addr=4DD7 Value=00
ROM[roms/astdelux/036800-02.r2] Addr=4DD8 Value=78
ROM[roms/astdelux/036800-02.r2] Addr=4DD9 Value=F8
ROM[roms/astdelux/036800-02.r2] Addr=4DDA Value=A0
ROM[roms/astdelux/036800-02.r2] Addr=4DDB Value=42
ROM[roms/astdelux/036800-02.r2] Addr=4DDC Value=E0
ROM[roms/astdelux/036800-02.r2] Addr=4DDD Value=00
ROM[roms/astdelux/036800-02.r2] Addr=4DDE Value=78
ROM[roms/astdelux/036800-02.r2] Addr=4DDF Value=F8
ROM[roms/astdelux/036800-02.r2] Addr=4DE0 Value=A0
ROM[roms/astdelux/036800-02.r2] Addr=4DE1 Value=42
ROM[roms/astdelux/036800-02.r2] Addr=4DE2 Value=E0
ROM[roms/astdelux/036800-02.r2] Addr=4DE3 Value=04
ROM[roms/astdelux/036800-02.r2] Addr=4DE4 Value=78
ROM[roms/astdelux/036800-02.r2] Addr=4DE5 Value=F8
ROM[roms/astdelux/036800-02.r2] Addr=4DE6 Value=E0
ROM[roms/astdelux/036800-02.r2] Addr=4DE7 Value=44
ROM[roms/astdelux/036800-02.r2] Addr=4DE8 Value=80
ROM[roms/astdelux/036800-02.r2] Addr=4DE9 Value=07
ROM[roms/astdelux/036800-02.r2] Addr=4DEA Value=78
ROM[roms/astdelux/036800-02.r2] Addr=4DEB Value=F8
ROM[roms/astdelux/036800-02.r2] Addr=4DEC Value=E0
ROM[roms/astdelux/036800-02.r2] Addr=4DED Value=40
ROM[roms/astdelux/036800-02.r2] Addr=4DEE Value=A0
ROM[roms/astdelux/036800-02.r2] Addr=4DEF Value=06
ROM[roms/astdelux/036800-02.r2] Addr=4DF0 Value=78
ROM[roms/astdelux/036800-02.r2] Addr=4DF1 Value=F8
ROM[roms/astdelux/036800-02.r2] Addr=4DF2 Value=00
ROM[roms/astdelux/036800-02.r2] Addr=4DF3 Value=D0
ROM[roms/astdelux/036800-02.r2] Addr=4DF4 Value=07
ROM[roms/astdelux/036800-02.r2] Addr=4DF5 Value=F8
ROM[roms/astdelux/036800-02.r2] Addr=4DF6 Value=78
ROM[roms/astdelux/036800-02.r2] Addr=4DF7 Value=F8
ROM[roms/astdelux/036800-02.r2] Addr=4DF8 Value=07
ROM[roms/astdelux/036800-02.r2] Addr=4DF9 Value=FF
ROM[roms/astdelux/036800-02.r2] Addr=4DFA Value=78
ROM[roms/astdelux/036800-02.r2] Addr=4DFB Value=F8
ROM[roms/astdelux/036800-02.r2] Addr=4DFC Value=03
ROM[roms/astdelux/036800-02.r2] Addr=4DFD Value=FF
ROM[roms/astdelux/036800-02.r2] Addr=4DFE Value=78
ROM[roms/astdelux/036800-02.r2] Addr=4DFF Value=F8
ROM[roms/astdelux/036800-02.r2] Addr=4E00 Value=C0
ROM[roms/astdelux/036800-02.r2] Addr=4E01 Value=40
ROM[roms/astdelux/036800-02.r2] Addr=4E02 Value=40
ROM[roms/astdelux/036800-02.r2] Addr=4E03 Value=02
ROM[roms/astdelux/036800-02.r2] Addr=4E04 Value=78
ROM[roms/astdelux/036800-02.r2] Addr=4E05 Value=F8
ROM[roms/astdelux/036800-02.r2] Addr=4E06 Value=80
ROM[roms/astdelux/036800-02.r2] Addr=4E07 Value=35
ROM[roms/astdelux/036800-02.r2] Addr=4E08 Value=00
ROM[roms/astdelux/036800-02.r2] Addr=4E09 Value=03
ROM[roms/astdelux/036800-02.r2] Addr=4E0A Value=78
ROM[roms/astdelux/036800-02.r2] Addr=4E0B Value=F8
ROM[roms/astdelux/036800-02.r2] Addr=4E0C Value=00
ROM[roms/astdelux/036800-02.r2] Addr=4E0D Value=FB
ROM[roms/astdelux/036800-02.r2] Addr=4E0E Value=78
ROM[roms/astdelux/036800-02.r2] Addr=4E0F Value=F8
ROM[roms/astdelux/036800-02.r2] Addr=4E10 Value=40
ROM[roms/astdelux/036800-02.r2] Addr=4E11 Value=42
ROM[roms/astdelux/036800-02.r2] Addr=4E12 Value=C0
ROM[roms/astdelux/036800-02.r2] Addr=4E13 Value=00
ROM[roms/astdelux/036800-02.r2] Addr=4E14 Value=78
ROM[roms/astdelux/036800-02.r2] Addr=4E15 Value=F8
ROM[roms/astdelux/036800-02.r2] Addr=4E16 Value=40
ROM[roms/astdelux/036800-02.r2] Addr=4E17 Value=42
ROM[roms/astdelux/036800-02.r2] Addr=4E18 Value=C0
ROM[roms/astdelux/036800-02.r2] Addr=4E19 Value=04
ROM[roms/astdelux/036800-02.r2] Addr=4E1A Value=78
ROM[roms/astdelux/036800-02.r2] Addr=4E1B Value=F8
ROM[roms/astdelux/036800-02.r2] Addr=4E1C Value=C0
ROM[roms/astdelux/036800-02.r2] Addr=4E1D Value=44
ROM[roms/astdelux/036800-02.r2] Addr=4E1E Value=00
ROM[roms/astdelux/036800-02.r2] Addr=4E1F Value=07
ROM[roms/astdelux/036800-02.r2] Addr=4E20 Value=78
ROM[roms/astdelux/036800-02.r2] Addr=4E21 Value=F8
ROM[roms/astdelux/036800-02.r2] Addr=4E22 Value=C0
ROM[roms/astdelux/036800-02.r2] Addr=4E23 Value=40
ROM[roms/astdelux/036800-02.r2] Addr=4E24 Value=40
ROM[roms/astdelux/036800-02.r2] Addr=4E25 Value=06
ROM[roms/astdelux/036800-02.r2] Addr=4E26 Value=78
ROM[roms/astdelux/036800-02.r2] Addr=4E27 Value=F8
ROM[roms/astdelux/036800-02.r2] Addr=4E28 Value=00
ROM[roms/astdelux/036800-02.r2] Addr=4E29 Value=D0
ROM[roms/astdelux/036800-02.r2] Addr=4E2A Value=00
ROM[roms/astdelux/036800-02.r2] Addr=4E2B Value=30
ROM[roms/astdelux/036800-02.r2] Addr=4E2C Value=80
ROM[roms/astdelux/036800-02.r2] Addr=4E2D Value=06
ROM[roms/astdelux/036800-02.r2] Addr=4E2E Value=78
ROM[roms/astdelux/036800-02.r2] Addr=4E2F Value=F8
ROM[roms/astdelux/036800-02.r2] Addr=4E30 Value=80
ROM[roms/astdelux/036800-02.r2] Addr=4E31 Value=36
ROM[roms/astdelux/036800-02.r2] Addr=4E32 Value=80
ROM[roms/astdelux/036800-02.r2] Addr=4E33 Value=06
ROM[roms/astdelux/036800-02.r2] Addr=4E34 Value=78
ROM[roms/astdelux/036800-02.r2] Addr=4E35 Value=F8
ROM[roms/astdelux/036800-02.r2] Addr=4E36 Value=80
ROM[roms/astdelux/036800-02.r2] Addr=4E37 Value=36
ROM[roms/astdelux/036800-02.r2] Addr=4E38 Value=80
ROM[roms/astdelux/036800-02.r2] Addr=4E39 Value=02
ROM[roms/astdelux/036800-02.r2] Addr=4E3A Value=78
ROM[roms/astdelux/036800-02.r2] Addr=4E3B Value=F8
ROM[roms/astdelux/036800-02.r2] Addr=4E3C Value=40
ROM[roms/astdelux/036800-02.r2] Addr=4E3D Value=31
ROM[roms/astdelux/036800-02.r2] Addr=4E3E Value=C0
ROM[roms/astdelux/036800-02.r2] Addr=4E3F Value=03
ROM[roms/astdelux/036800-02.r2] Addr=4E40 Value=78
ROM[roms/astdelux/036800-02.r2] Addr=4E41 Value=F8
ROM[roms/astdelux/036800-02.r2] Addr=4E42 Value=40
ROM[roms/astdelux/036800-02.r2] Addr=4E43 Value=35
ROM[roms/astdelux/036800-02.r2] Addr=4E44 Value=80
ROM[roms/astdelux/036800-02.r2] Addr=4E45 Value=02
ROM[roms/astdelux/036800-02.r2] Addr=4E46 Value=78
ROM[roms/astdelux/036800-02.r2] Addr=4E47 Value=F8
ROM[roms/astdelux/036800-02.r2] Addr=4E48 Value=80
ROM[roms/astdelux/036800-02.r2] Addr=4E49 Value=32
ROM[roms/astdelux/036800-02.r2] Addr=4E4A Value=00
ROM[roms/astdelux/036800-02.r2] Addr=4E4B Value=00
ROM[roms/astdelux/036800-02.r2] Addr=4E4C Value=78
ROM[roms/astdelux/036800-02.r2] Addr=4E4D Value=F8
ROM[roms/astdelux/036800-02.r2] Addr=4E4E Value=C0
ROM[roms/astdelux/036800-02.r2] Addr=4E4F Value=33
ROM[roms/astdelux/036800-02.r2] Addr=4E50 Value=40
ROM[roms/astdelux/036800-02.r2] Addr=4E51 Value=01
ROM[roms/astdelux/036800-02.r2] Addr=4E52 Value=78
ROM[roms/astdelux/036800-02.r2] Addr=4E53 Value=F8
ROM[roms/astdelux/036800-02.r2] Addr=4E54 Value=C0
ROM[roms/astdelux/036800-02.r2] Addr=4E55 Value=33
ROM[roms/astdelux/036800-02.r2] Addr=4E56 Value=40
ROM[roms/astdelux/036800-02.r2] Addr=4E57 Value=05
ROM[roms/astdelux/036800-02.r2] Addr=4E58 Value=78
ROM[roms/astdelux/036800-02.r2] Addr=4E59 Value=F8
ROM[roms/astdelux/036800-02.r2] Addr=4E5A Value=A0
ROM[roms/astdelux/036800-02.r2] Addr=4E5B Value=44
ROM[roms/astdelux/036800-02.r2] Addr=4E5C Value=80
ROM[roms/astdelux/036800-02.r2] Addr=4E5D Value=06
ROM[roms/astdelux/036800-02.r2] Addr=4E5E Value=78
ROM[roms/astdelux/036800-02.r2] Addr=4E5F Value=F8
ROM[roms/astdelux/036800-02.r2] Addr=4E60 Value=40
ROM[roms/astdelux/036800-02.r2] Addr=4E61 Value=31
ROM[roms/astdelux/036800-02.r2] Addr=4E62 Value=C0
ROM[roms/astdelux/036800-02.r2] Addr=4E63 Value=07
ROM[roms/astdelux/036800-02.r2] Addr=4E64 Value=78
ROM[roms/astdelux/036800-02.r2] Addr=4E65 Value=F8
ROM[roms/astdelux/036800-02.r2] Addr=4E66 Value=00
ROM[roms/astdelux/036800-02.r2] Addr=4E67 Value=D0
ROM[roms/astdelux/036800-02.r2] Addr=4E68 Value=0E
ROM[roms/astdelux/036800-02.r2] Addr=4E69 Value=F1
ROM[roms/astdelux/036800-02.r2] Addr=4E6A Value=CA
ROM[roms/astdelux/036800-02.r2] Addr=4E6B Value=F8
ROM[roms/astdelux/036800-02.r2] Addr=4E6C Value=0B
ROM[roms/astdelux/036800-02.r2] Addr=4E6D Value=F6
ROM[roms/astdelux/036800-02.r2] Addr=4E6E Value=00
ROM[roms/astdelux/036800-02.r2] Addr=4E6F Value=60
ROM[roms/astdelux/036800-02.r2] Addr=4E70 Value=80
ROM[roms/astdelux/036800-02.r2] Addr=4E71 Value=D6
ROM[roms/astdelux/036800-02.r2] Addr=4E72 Value=DB
ROM[roms/astdelux/036800-02.r2] Addr=4E73 Value=F6
ROM[roms/astdelux/036800-02.r2] Addr=4E74 Value=CA
ROM[roms/astdelux/036800-02.r2] Addr=4E75 Value=F8
ROM[roms/astdelux/036800-02.r2] Addr=4E76 Value=DB
ROM[roms/astdelux/036800-02.r2] Addr=4E77 Value=F2
ROM[roms/astdelux/036800-02.r2] Addr=4E78 Value=DF
ROM[roms/astdelux/036800-02.r2] Addr=4E79 Value=F2
ROM[roms/astdelux/036800-02.r2] Addr=4E7A Value=CD
ROM[roms/astdelux/036800-02.r2] Addr=4E7B Value=F2
ROM[roms/astdelux/036800-02.r2] Addr=4E7C Value=CD
ROM[roms/astdelux/036800-02.r2] Addr=4E7D Value=F8
ROM[roms/astdelux/036800-02.r2] Addr=4E7E Value=CD
ROM[roms/astdelux/036800-02.r2] Addr=4E7F Value=F6
ROM[roms/astdelux/036800-02.r2] Addr=4E80 Value=DF
ROM[roms/astdelux/036800-02.r2] Addr=4E81 Value=F6
ROM[roms/astdelux/036800-02.r2] Addr=4E82 Value=00
ROM[roms/astdelux/036800-02.r2] Addr=4E83 Value=D0
ROM[roms/astdelux/036800-02.r2] Addr=4E84 Value=09
ROM[roms/astdelux/036800-02.r2] Addr=4E85 Value=F0
ROM[roms/astdelux/036800-02.r2] Addr=4E86 Value=7B
ROM[roms/astdelux/036800-02.r2] Addr=4E87 Value=F1
ROM[roms/astdelux/036800-02.r2] Addr=4E88 Value=78
ROM[roms/astdelux/036800-02.r2] Addr=4E89 Value=F1
ROM[roms/astdelux/036800-02.r2] Addr=4E8A Value=7F
ROM[roms/astdelux/036800-02.r2] Addr=4E8B Value=F2
ROM[roms/astdelux/036800-02.r2] Addr=4E8C Value=7F
ROM[roms/astdelux/036800-02.r2] Addr=4E8D Value=F0
ROM[roms/astdelux/036800-02.r2] Addr=4E8E Value=79
ROM[roms/astdelux/036800-02.r2] Addr=4E8F Value=F6
ROM[roms/astdelux/036800-02.r2] Addr=4E90 Value=7E
ROM[roms/astdelux/036800-02.r2] Addr=4E91 Value=F8
ROM[roms/astdelux/036800-02.r2] Addr=4E92 Value=78
ROM[roms/astdelux/036800-02.r2] Addr=4E93 Value=F7
ROM[roms/astdelux/036800-02.r2] Addr=4E94 Value=7B
ROM[roms/astdelux/036800-02.r2] Addr=4E95 Value=F7
ROM[roms/astdelux/036800-02.r2] Addr=4E96 Value=7B
ROM[roms/astdelux/036800-02.r2] Addr=4E97 Value=F1
ROM[roms/astdelux/036800-02.r2] Addr=4E98 Value=79
ROM[roms/astdelux/036800-02.r2] Addr=4E99 Value=F5
ROM[roms/astdelux/036800-02.r2] Addr=4E9A Value=79
ROM[roms/astdelux/036800-02.r2] Addr=4E9B Value=F9
ROM[roms/astdelux/036800-02.r2] Addr=4E9C Value=7F
ROM[roms/astdelux/036800-02.r2] Addr=4E9D Value=F2
ROM[roms/astdelux/036800-02.r2] Addr=4E9E Value=80
ROM[roms/astdelux/036800-02.r2] Addr=4E9F Value=30
ROM[roms/astdelux/036800-02.r2] Addr=4EA0 Value=00
ROM[roms/astdelux/036800-02.r2] Addr=4EA1 Value=02
ROM[roms/astdelux/036800-02.r2] Addr=4EA2 Value=80
ROM[roms/astdelux/036800-02.r2] Addr=4EA3 Value=41
ROM[roms/astdelux/036800-02.r2] Addr=4EA4 Value=C0
ROM[roms/astdelux/036800-02.r2] Addr=4EA5 Value=72
ROM[roms/astdelux/036800-02.r2] Addr=4EA6 Value=00
ROM[roms/astdelux/036800-02.r2] Addr=4EA7 Value=32
ROM[roms/astdelux/036800-02.r2] Addr=4EA8 Value=80
ROM[roms/astdelux/036800-02.r2] Addr=4EA9 Value=74
ROM[roms/astdelux/036800-02.r2] Addr=4EAA Value=60
ROM[roms/astdelux/036800-02.r2] Addr=4EAB Value=41
ROM[roms/astdelux/036800-02.r2] Addr=4EAC Value=40
ROM[roms/astdelux/036800-02.r2] Addr=4EAD Value=77
ROM[roms/astdelux/036800-02.r2] Addr=4EAE Value=A0
ROM[roms/astdelux/036800-02.r2] Addr=4EAF Value=44
ROM[roms/astdelux/036800-02.r2] Addr=4EB0 Value=00
ROM[roms/astdelux/036800-02.r2] Addr=4EB1 Value=77
ROM[roms/astdelux/036800-02.r2] Addr=4EB2 Value=80
ROM[roms/astdelux/036800-02.r2] Addr=4EB3 Value=37
ROM[roms/astdelux/036800-02.r2] Addr=4EB4 Value=C0
ROM[roms/astdelux/036800-02.r2] Addr=4EB5 Value=72
ROM[roms/astdelux/036800-02.r2] Addr=4EB6 Value=C0
ROM[roms/astdelux/036800-02.r2] Addr=4EB7 Value=44
ROM[roms/astdelux/036800-02.r2] Addr=4EB8 Value=E0
ROM[roms/astdelux/036800-02.r2] Addr=4EB9 Value=77
ROM[roms/astdelux/036800-02.r2] Addr=4EBA Value=00
ROM[roms/astdelux/036800-02.r2] Addr=4EBB Value=47
ROM[roms/astdelux/036800-02.r2] Addr=4EBC Value=80
ROM[roms/astdelux/036800-02.r2] Addr=4EBD Value=70
ROM[roms/astdelux/036800-02.r2] Addr=4EBE Value=60
ROM[roms/astdelux/036800-02.r2] Addr=4EBF Value=46
ROM[roms/astdelux/036800-02.r2] Addr=4EC0 Value=A0
ROM[roms/astdelux/036800-02.r2] Addr=4EC1 Value=73
ROM[roms/astdelux/036800-02.r2] Addr=4EC2 Value=A0
ROM[roms/astdelux/036800-02.r2] Addr=4EC3 Value=41
ROM[roms/astdelux/036800-02.r2] Addr=4EC4 Value=C0
ROM[roms/astdelux/036800-02.r2] Addr=4EC5 Value=72
ROM[roms/astdelux/036800-02.r2] Addr=4EC6 Value=80
ROM[roms/astdelux/036800-02.r2] Addr=4EC7 Value=35
ROM[roms/astdelux/036800-02.r2] Addr=4EC8 Value=40
ROM[roms/astdelux/036800-02.r2] Addr=4EC9 Value=72
ROM[roms/astdelux/036800-02.r2] Addr=4ECA Value=60
ROM[roms/astdelux/036800-02.r2] Addr=4ECB Value=42
ROM[roms/astdelux/036800-02.r2] Addr=4ECC Value=A0
ROM[roms/astdelux/036800-02.r2] Addr=4ECD Value=71
ROM[roms/astdelux/036800-02.r2] Addr=4ECE Value=60
ROM[roms/astdelux/036800-02.r2] Addr=4ECF Value=41
ROM[roms/astdelux/036800-02.r2] Addr=4ED0 Value=60
ROM[roms/astdelux/036800-02.r2] Addr=4ED1 Value=77
ROM[roms/astdelux/036800-02.r2] Addr=4ED2 Value=80
ROM[roms/astdelux/036800-02.r2] Addr=4ED3 Value=21
ROM[roms/astdelux/036800-02.r2] Addr=4ED4 Value=80
ROM[roms/astdelux/036800-02.r2] Addr=4ED5 Value=03
ROM[roms/astdelux/036800-02.r2] Addr=4ED6 Value=20
ROM[roms/astdelux/036800-02.r2] Addr=4ED7 Value=42
ROM[roms/astdelux/036800-02.r2] Addr=4ED8 Value=80
ROM[roms/astdelux/036800-02.r2] Addr=4ED9 Value=72
ROM[roms/astdelux/036800-02.r2] Addr=4EDA Value=80
ROM[roms/astdelux/036800-02.r2] Addr=4EDB Value=23
ROM[roms/astdelux/036800-02.r2] Addr=4EDC Value=00
ROM[roms/astdelux/036800-02.r2] Addr=4EDD Value=76
ROM[roms/astdelux/036800-02.r2] Addr=4EDE Value=C0
ROM[roms/astdelux/036800-02.r2] Addr=4EDF Value=40
ROM[roms/astdelux/036800-02.r2] Addr=4EE0 Value=80
ROM[roms/astdelux/036800-02.r2] Addr=4EE1 Value=77
ROM[roms/astdelux/036800-02.r2] Addr=4EE2 Value=40
ROM[roms/astdelux/036800-02.r2] Addr=4EE3 Value=45
ROM[roms/astdelux/036800-02.r2] Addr=4EE4 Value=C0
ROM[roms/astdelux/036800-02.r2] Addr=4EE5 Value=76
ROM[roms/astdelux/036800-02.r2] Addr=4EE6 Value=C0
ROM[roms/astdelux/036800-02.r2] Addr=4EE7 Value=36
ROM[roms/astdelux/036800-02.r2] Addr=4EE8 Value=40
ROM[roms/astdelux/036800-02.r2] Addr=4EE9 Value=73
ROM[roms/astdelux/036800-02.r2] Addr=4EEA Value=A0
ROM[roms/astdelux/036800-02.r2] Addr=4EEB Value=45
ROM[roms/astdelux/036800-02.r2] Addr=4EEC Value=A0
ROM[roms/astdelux/036800-02.r2] Addr=4EED Value=77
ROM[roms/astdelux/036800-02.r2] Addr=4EEE Value=C0
ROM[roms/astdelux/036800-02.r2] Addr=4EEF Value=46
ROM[roms/astdelux/036800-02.r2] Addr=4EF0 Value=20
ROM[roms/astdelux/036800-02.r2] Addr=4EF1 Value=71
ROM[roms/astdelux/036800-02.r2] Addr=4EF2 Value=A0
ROM[roms/astdelux/036800-02.r2] Addr=4EF3 Value=45
ROM[roms/astdelux/036800-02.r2] Addr=4EF4 Value=E0
ROM[roms/astdelux/036800-02.r2] Addr=4EF5 Value=73
ROM[roms/astdelux/036800-02.r2] Addr=4EF6 Value=20
ROM[roms/astdelux/036800-02.r2] Addr=4EF7 Value=42
ROM[roms/astdelux/036800-02.r2] Addr=4EF8 Value=80
ROM[roms/astdelux/036800-02.r2] Addr=4EF9 Value=72
ROM[roms/astdelux/036800-02.r2] Addr=4EFA Value=00
ROM[roms/astdelux/036800-02.r2] Addr=4EFB Value=35
ROM[roms/astdelux/036800-02.r2] Addr=4EFC Value=80
ROM[roms/astdelux/036800-02.r2] Addr=4EFD Value=72
ROM[roms/astdelux/036800-02.r2] Addr=4EFE Value=80
ROM[roms/astdelux/036800-02.r2] Addr=4EFF Value=42
ROM[roms/astdelux/036800-02.r2] Addr=4F00 Value=20
ROM[roms/astdelux/036800-02.r2] Addr=4F01 Value=71
ROM[roms/astdelux/036800-02.r2] Addr=4F02 Value=C0
ROM[roms/astdelux/036800-02.r2] Addr=4F03 Value=40
ROM[roms/astdelux/036800-02.r2] Addr=4F04 Value=A0
ROM[roms/astdelux/036800-02.r2] Addr=4F05 Value=77
ROM[roms/astdelux/036800-02.r2] Addr=4F06 Value=00
ROM[roms/astdelux/036800-02.r2] Addr=4F07 Value=22
ROM[roms/astdelux/036800-02.r2] Addr=4F08 Value=80
ROM[roms/astdelux/036800-02.r2] Addr=4F09 Value=03
ROM[roms/astdelux/036800-02.r2] Addr=4F0A Value=80
ROM[roms/astdelux/036800-02.r2] Addr=4F0B Value=42
ROM[roms/astdelux/036800-02.r2] Addr=4F0C Value=E0
ROM[roms/astdelux/036800-02.r2] Addr=4F0D Value=71
ROM[roms/astdelux/036800-02.r2] Addr=4F0E Value=80
ROM[roms/astdelux/036800-02.r2] Addr=4F0F Value=23
ROM[roms/astdelux/036800-02.r2] Addr=4F10 Value=00
ROM[roms/astdelux/036800-02.r2] Addr=4F11 Value=76
ROM[roms/astdelux/036800-02.r2] Addr=4F12 Value=00
ROM[roms/astdelux/036800-02.r2] Addr=4F13 Value=40
ROM[roms/astdelux/036800-02.r2] Addr=4F14 Value=A0
ROM[roms/astdelux/036800-02.r2] Addr=4F15 Value=77
ROM[roms/astdelux/036800-02.r2] Addr=4F16 Value=A0
ROM[roms/astdelux/036800-02.r2] Addr=4F17 Value=45
ROM[roms/astdelux/036800-02.r2] Addr=4F18 Value=80
ROM[roms/astdelux/036800-02.r2] Addr=4F19 Value=76
ROM[roms/astdelux/036800-02.r2] Addr=4F1A Value=40
ROM[roms/astdelux/036800-02.r2] Addr=4F1B Value=36
ROM[roms/astdelux/036800-02.r2] Addr=4F1C Value=C0
ROM[roms/astdelux/036800-02.r2] Addr=4F1D Value=73
ROM[roms/astdelux/036800-02.r2] Addr=4F1E Value=40
ROM[roms/astdelux/036800-02.r2] Addr=4F1F Value=46
ROM[roms/astdelux/036800-02.r2] Addr=4F20 Value=40
ROM[roms/astdelux/036800-02.r2] Addr=4F21 Value=77
ROM[roms/astdelux/036800-02.r2] Addr=4F22 Value=80
ROM[roms/astdelux/036800-02.r2] Addr=4F23 Value=46
ROM[roms/astdelux/036800-02.r2] Addr=4F24 Value=A0
ROM[roms/astdelux/036800-02.r2] Addr=4F25 Value=71
ROM[roms/astdelux/036800-02.r2] Addr=4F26 Value=60
ROM[roms/astdelux/036800-02.r2] Addr=4F27 Value=54
ROM[roms/astdelux/036800-02.r2] Addr=4F28 Value=10
ROM[roms/astdelux/036800-02.r2] Addr=4F29 Value=72
ROM[roms/astdelux/036800-02.r2] Addr=4F2A Value=60
ROM[roms/astdelux/036800-02.r2] Addr=4F2B Value=42
ROM[roms/astdelux/036800-02.r2] Addr=4F2C Value=00
ROM[roms/astdelux/036800-02.r2] Addr=4F2D Value=72
ROM[roms/astdelux/036800-02.r2] Addr=4F2E Value=80
ROM[roms/astdelux/036800-02.r2] Addr=4F2F Value=34
ROM[roms/astdelux/036800-02.r2] Addr=4F30 Value=C0
ROM[roms/astdelux/036800-02.r2] Addr=4F31 Value=72
ROM[roms/astdelux/036800-02.r2] Addr=4F32 Value=C0
ROM[roms/astdelux/036800-02.r2] Addr=4F33 Value=42
ROM[roms/astdelux/036800-02.r2] Addr=4F34 Value=80
ROM[roms/astdelux/036800-02.r2] Addr=4F35 Value=70
ROM[roms/astdelux/036800-02.r2] Addr=4F36 Value=00
ROM[roms/astdelux/036800-02.r2] Addr=4F37 Value=40
ROM[roms/astdelux/036800-02.r2] Addr=4F38 Value=80
ROM[roms/astdelux/036800-02.r2] Addr=4F39 Value=77
ROM[roms/astdelux/036800-02.r2] Addr=4F3A Value=03
ROM[roms/astdelux/036800-02.r2] Addr=4F3B Value=F3
ROM[roms/astdelux/036800-02.r2] Addr=4F3C Value=C0
ROM[roms/astdelux/036800-02.r2] Addr=4F3D Value=42
ROM[roms/astdelux/036800-02.r2] Addr=4F3E Value=60
ROM[roms/astdelux/036800-02.r2] Addr=4F3F Value=71
ROM[roms/astdelux/036800-02.r2] Addr=4F40 Value=77
ROM[roms/astdelux/036800-02.r2] Addr=4F41 Value=F3
ROM[roms/astdelux/036800-02.r2] Addr=4F42 Value=C0
ROM[roms/astdelux/036800-02.r2] Addr=4F43 Value=44
ROM[roms/astdelux/036800-02.r2] Addr=4F44 Value=80
ROM[roms/astdelux/036800-02.r2] Addr=4F45 Value=77
ROM[roms/astdelux/036800-02.r2] Addr=4F46 Value=20
ROM[roms/astdelux/036800-02.r2] Addr=4F47 Value=46
ROM[roms/astdelux/036800-02.r2] Addr=4F48 Value=20
ROM[roms/astdelux/036800-02.r2] Addr=4F49 Value=76
ROM[roms/astdelux/036800-02.r2] Addr=4F4A Value=A0
ROM[roms/astdelux/036800-02.r2] Addr=4F4B Value=44
ROM[roms/astdelux/036800-02.r2] Addr=4F4C Value=20
ROM[roms/astdelux/036800-02.r2] Addr=4F4D Value=72
ROM[roms/astdelux/036800-02.r2] Addr=4F4E Value=E0
ROM[roms/astdelux/036800-02.r2] Addr=4F4F Value=46
ROM[roms/astdelux/036800-02.r2] Addr=4F50 Value=E0
ROM[roms/astdelux/036800-02.r2] Addr=4F51 Value=76
ROM[roms/astdelux/036800-02.r2] Addr=4F52 Value=20
ROM[roms/astdelux/036800-02.r2] Addr=4F53 Value=46
ROM[roms/astdelux/036800-02.r2] Addr=4F54 Value=20
ROM[roms/astdelux/036800-02.r2] Addr=4F55 Value=72
ROM[roms/astdelux/036800-02.r2] Addr=4F56 Value=00
ROM[roms/astdelux/036800-02.r2] Addr=4F57 Value=50
ROM[roms/astdelux/036800-02.r2] Addr=4F58 Value=20
ROM[roms/astdelux/036800-02.r2] Addr=4F59 Value=72
ROM[roms/astdelux/036800-02.r2] Addr=4F5A Value=E0
ROM[roms/astdelux/036800-02.r2] Addr=4F5B Value=42
ROM[roms/astdelux/036800-02.r2] Addr=4F5C Value=80
ROM[roms/astdelux/036800-02.r2] Addr=4F5D Value=71
ROM[roms/astdelux/036800-02.r2] Addr=4F5E Value=00
ROM[roms/astdelux/036800-02.r2] Addr=4F5F Value=30
ROM[roms/astdelux/036800-02.r2] Addr=4F60 Value=C0
ROM[roms/astdelux/036800-02.r2] Addr=4F61 Value=72
ROM[roms/astdelux/036800-02.r2] Addr=4F62 Value=C0
ROM[roms/astdelux/036800-02.r2] Addr=4F63 Value=42
ROM[roms/astdelux/036800-02.r2] Addr=4F64 Value=00
ROM[roms/astdelux/036800-02.r2] Addr=4F65 Value=70
ROM[roms/astdelux/036800-02.r2] Addr=4F66 Value=A0
ROM[roms/astdelux/036800-02.r2] Addr=4F67 Value=44
ROM[roms/astdelux/036800-02.r2] Addr=4F68 Value=80
ROM[roms/astdelux/036800-02.r2] Addr=4F69 Value=77
ROM[roms/astdelux/036800-02.r2] Addr=4F6A Value=80
ROM[roms/astdelux/036800-02.r2] Addr=4F6B Value=23
ROM[roms/astdelux/036800-02.r2] Addr=4F6C Value=00
ROM[roms/astdelux/036800-02.r2] Addr=4F6D Value=02
ROM[roms/astdelux/036800-02.r2] Addr=4F6E Value=00
ROM[roms/astdelux/036800-02.r2] Addr=4F6F Value=43
ROM[roms/astdelux/036800-02.r2] Addr=4F70 Value=E0
ROM[roms/astdelux/036800-02.r2] Addr=4F71 Value=70
ROM[roms/astdelux/036800-02.r2] Addr=4F72 Value=00
ROM[roms/astdelux/036800-02.r2] Addr=4F73 Value=22
ROM[roms/astdelux/036800-02.r2] Addr=4F74 Value=80
ROM[roms/astdelux/036800-02.r2] Addr=4F75 Value=77
ROM[roms/astdelux/036800-02.r2] Addr=4F76 Value=60
ROM[roms/astdelux/036800-02.r2] Addr=4F77 Value=45
ROM[roms/astdelux/036800-02.r2] Addr=4F78 Value=40
ROM[roms/astdelux/036800-02.r2] Addr=4F79 Value=77
ROM[roms/astdelux/036800-02.r2] Addr=4F7A Value=80
ROM[roms/astdelux/036800-02.r2] Addr=4F7B Value=46
ROM[roms/astdelux/036800-02.r2] Addr=4F7C Value=A0
ROM[roms/astdelux/036800-02.r2] Addr=4F7D Value=75
ROM[roms/astdelux/036800-02.r2] Addr=4F7E Value=40
ROM[roms/astdelux/036800-02.r2] Addr=4F7F Value=44
ROM[roms/astdelux/036800-02.r2] Addr=4F80 Value=20
ROM[roms/astdelux/036800-02.r2] Addr=4F81 Value=72
ROM[roms/astdelux/036800-02.r2] Addr=4F82 Value=40
ROM[roms/astdelux/036800-02.r2] Addr=4F83 Value=47
ROM[roms/astdelux/036800-02.r2] Addr=4F84 Value=40
ROM[roms/astdelux/036800-02.r2] Addr=4F85 Value=76
ROM[roms/astdelux/036800-02.r2] Addr=4F86 Value=C0
ROM[roms/astdelux/036800-02.r2] Addr=4F87 Value=45
ROM[roms/astdelux/036800-02.r2] Addr=4F88 Value=80
ROM[roms/astdelux/036800-02.r2] Addr=4F89 Value=72
ROM[roms/astdelux/036800-02.r2] Addr=4F8A Value=70
ROM[roms/astdelux/036800-02.r2] Addr=4F8B Value=50
ROM[roms/astdelux/036800-02.r2] Addr=4F8C Value=20
ROM[roms/astdelux/036800-02.r2] Addr=4F8D Value=72
ROM[roms/astdelux/036800-02.r2] Addr=4F8E Value=00
ROM[roms/astdelux/036800-02.r2] Addr=4F8F Value=43
ROM[roms/astdelux/036800-02.r2] Addr=4F90 Value=C0
ROM[roms/astdelux/036800-02.r2] Addr=4F91 Value=70
ROM[roms/astdelux/036800-02.r2] Addr=4F92 Value=C0
ROM[roms/astdelux/036800-02.r2] Addr=4F93 Value=30
ROM[roms/astdelux/036800-02.r2] Addr=4F94 Value=C0
ROM[roms/astdelux/036800-02.r2] Addr=4F95 Value=72
ROM[roms/astdelux/036800-02.r2] Addr=4F96 Value=C0
ROM[roms/astdelux/036800-02.r2] Addr=4F97 Value=42
ROM[roms/astdelux/036800-02.r2] Addr=4F98 Value=80
ROM[roms/astdelux/036800-02.r2] Addr=4F99 Value=74
ROM[roms/astdelux/036800-02.r2] Addr=4F9A Value=60
ROM[roms/astdelux/036800-02.r2] Addr=4F9B Value=45
ROM[roms/astdelux/036800-02.r2] Addr=4F9C Value=60
ROM[roms/astdelux/036800-02.r2] Addr=4F9D Value=77
ROM[roms/astdelux/036800-02.r2] Addr=4F9E Value=80
ROM[roms/astdelux/036800-02.r2] Addr=4F9F Value=23
ROM[roms/astdelux/036800-02.r2] Addr=4FA0 Value=80
ROM[roms/astdelux/036800-02.r2] Addr=4FA1 Value=01
ROM[roms/astdelux/036800-02.r2] Addr=4FA2 Value=40
ROM[roms/astdelux/036800-02.r2] Addr=4FA3 Value=43
ROM[roms/astdelux/036800-02.r2] Addr=4FA4 Value=40
ROM[roms/astdelux/036800-02.r2] Addr=4FA5 Value=70
ROM[roms/astdelux/036800-02.r2] Addr=4FA6 Value=C0
ROM[roms/astdelux/036800-02.r2] Addr=4FA7 Value=30
ROM[roms/astdelux/036800-02.r2] Addr=4FA8 Value=00
ROM[roms/astdelux/036800-02.r2] Addr=4FA9 Value=76
ROM[roms/astdelux/036800-02.r2] Addr=4FAA Value=7F
ROM[roms/astdelux/036800-02.r2] Addr=4FAB Value=F6
ROM[roms/astdelux/036800-02.r2] Addr=4FAC Value=E0
ROM[roms/astdelux/036800-02.r2] Addr=4FAD Value=46
ROM[roms/astdelux/036800-02.r2] Addr=4FAE Value=20
ROM[roms/astdelux/036800-02.r2] Addr=4FAF Value=75
ROM[roms/astdelux/036800-02.r2] Addr=4FB0 Value=40
ROM[roms/astdelux/036800-02.r2] Addr=4FB1 Value=40
ROM[roms/astdelux/036800-02.r2] Addr=4FB2 Value=40
ROM[roms/astdelux/036800-02.r2] Addr=4FB3 Value=72
ROM[roms/astdelux/036800-02.r2] Addr=4FB4 Value=C0
ROM[roms/astdelux/036800-02.r2] Addr=4FB5 Value=47
ROM[roms/astdelux/036800-02.r2] Addr=4FB6 Value=80
ROM[roms/astdelux/036800-02.r2] Addr=4FB7 Value=75
ROM[roms/astdelux/036800-02.r2] Addr=4FB8 Value=20
ROM[roms/astdelux/036800-02.r2] Addr=4FB9 Value=45
ROM[roms/astdelux/036800-02.r2] Addr=4FBA Value=C0
ROM[roms/astdelux/036800-02.r2] Addr=4FBB Value=72
ROM[roms/astdelux/036800-02.r2] Addr=4FBC Value=A0
ROM[roms/astdelux/036800-02.r2] Addr=4FBD Value=41
ROM[roms/astdelux/036800-02.r2] Addr=4FBE Value=E0
ROM[roms/astdelux/036800-02.r2] Addr=4FBF Value=73
ROM[roms/astdelux/036800-02.r2] Addr=4FC0 Value=20
ROM[roms/astdelux/036800-02.r2] Addr=4FC1 Value=43
ROM[roms/astdelux/036800-02.r2] Addr=4FC2 Value=40
ROM[roms/astdelux/036800-02.r2] Addr=4FC3 Value=70
ROM[roms/astdelux/036800-02.r2] Addr=4FC4 Value=40
ROM[roms/astdelux/036800-02.r2] Addr=4FC5 Value=31
ROM[roms/astdelux/036800-02.r2] Addr=4FC6 Value=C0
ROM[roms/astdelux/036800-02.r2] Addr=4FC7 Value=72
ROM[roms/astdelux/036800-02.r2] Addr=4FC8 Value=80
ROM[roms/astdelux/036800-02.r2] Addr=4FC9 Value=42
ROM[roms/astdelux/036800-02.r2] Addr=4FCA Value=20
ROM[roms/astdelux/036800-02.r2] Addr=4FCB Value=75
ROM[roms/astdelux/036800-02.r2] Addr=4FCC Value=7F
ROM[roms/astdelux/036800-02.r2] Addr=4FCD Value=F6
ROM[roms/astdelux/036800-02.r2] Addr=4FCE Value=00
ROM[roms/astdelux/036800-02.r2] Addr=4FCF Value=32
ROM[roms/astdelux/036800-02.r2] Addr=4FD0 Value=80
ROM[roms/astdelux/036800-02.r2] Addr=4FD1 Value=00
ROM[roms/astdelux/036800-02.r2] Addr=4FD2 Value=20
ROM[roms/astdelux/036800-02.r2] Addr=4FD3 Value=43
ROM[roms/astdelux/036800-02.r2] Addr=4FD4 Value=80
ROM[roms/astdelux/036800-02.r2] Addr=4FD5 Value=74
ROM[roms/astdelux/036800-02.r2] Addr=4FD6 Value=00
ROM[roms/astdelux/036800-02.r2] Addr=4FD7 Value=21
ROM[roms/astdelux/036800-02.r2] Addr=4FD8 Value=80
ROM[roms/astdelux/036800-02.r2] Addr=4FD9 Value=77
ROM[roms/astdelux/036800-02.r2] Addr=4FDA Value=A0
ROM[roms/astdelux/036800-02.r2] Addr=4FDB Value=46
ROM[roms/astdelux/036800-02.r2] Addr=4FDC Value=A0
ROM[roms/astdelux/036800-02.r2] Addr=4FDD Value=76
ROM[roms/astdelux/036800-02.r2] Addr=4FDE Value=E0
ROM[roms/astdelux/036800-02.r2] Addr=4FDF Value=46
ROM[roms/astdelux/036800-02.r2] Addr=4FE0 Value=A0
ROM[roms/astdelux/036800-02.r2] Addr=4FE1 Value=74
ROM[roms/astdelux/036800-02.r2] Addr=4FE2 Value=80
ROM[roms/astdelux/036800-02.r2] Addr=4FE3 Value=40
ROM[roms/astdelux/036800-02.r2] Addr=4FE4 Value=40
ROM[roms/astdelux/036800-02.r2] Addr=4FE5 Value=72
ROM[roms/astdelux/036800-02.r2] Addr=4FE6 Value=E0
ROM[roms/astdelux/036800-02.r2] Addr=4FE7 Value=47
ROM[roms/astdelux/036800-02.r2] Addr=4FE8 Value=C0
ROM[roms/astdelux/036800-02.r2] Addr=4FE9 Value=74
ROM[roms/astdelux/036800-02.r2] Addr=4FEA Value=A0
ROM[roms/astdelux/036800-02.r2] Addr=4FEB Value=44
ROM[roms/astdelux/036800-02.r2] Addr=4FEC Value=E0
ROM[roms/astdelux/036800-02.r2] Addr=4FED Value=72
ROM[roms/astdelux/036800-02.r2] Addr=4FEE Value=60
ROM[roms/astdelux/036800-02.r2] Addr=4FEF Value=42
ROM[roms/astdelux/036800-02.r2] Addr=4FF0 Value=80
ROM[roms/astdelux/036800-02.r2] Addr=4FF1 Value=73
ROM[roms/astdelux/036800-02.r2] Addr=4FF2 Value=20
ROM[roms/astdelux/036800-02.r2] Addr=4FF3 Value=43
ROM[roms/astdelux/036800-02.r2] Addr=4FF4 Value=60
ROM[roms/astdelux/036800-02.r2] Addr=4FF5 Value=74
ROM[roms/astdelux/036800-02.r2] Addr=4FF6 Value=80
ROM[roms/astdelux/036800-02.r2] Addr=4FF7 Value=31
ROM[roms/astdelux/036800-02.r2] Addr=4FF8 Value=80
ROM[roms/astdelux/036800-02.r2] Addr=4FF9 Value=72
ROM[roms/astdelux/036800-02.r2] Addr=4FFA Value=60
ROM[roms/astdelux/036800-02.r2] Addr=4FFB Value=42
ROM[roms/astdelux/036800-02.r2] Addr=4FFC Value=A0
ROM[roms/astdelux/036800-02.r2] Addr=4FFD Value=75
ROM[roms/astdelux/036800-02.r2] Addr=4FFE Value=80
ROM[roms/astdelux/036800-02.r2] Addr=4FFF Value=46
ROM[roms/astdelux/036799-01.np2] Addr=5000 Value=80
ROM[roms/astdelux/036799-01.np2] Addr=5001 Value=76
ROM[roms/astdelux/036799-01.np2] Addr=5002 Value=84
ROM[roms/astdelux/036799-01.np2] Addr=5003 Value=4E
ROM[roms/astdelux/036799-01.np2] Addr=5004 Value=9E
ROM[roms/astdelux/036799-01.np2] Addr=5005 Value=4E
ROM[roms/astdelux/036799-01.np2] Addr=5006 Value=D2
ROM[roms/astdelux/036799-01.np2] Addr=5007 Value=4E
ROM[roms/astdelux/036799-01.np2] Addr=5008 Value=06
ROM[roms/astdelux/036799-01.np2] Addr=5009 Value=4F
ROM[roms/astdelux/036799-01.np2] Addr=500A Value=3A
ROM[roms/astdelux/036799-01.np2] Addr=500B Value=4F
ROM[roms/astdelux/036799-01.np2] Addr=500C Value=6A
ROM[roms/astdelux/036799-01.np2] Addr=500D Value=4F
ROM[roms/astdelux/036799-01.np2] Addr=500E Value=9E
ROM[roms/astdelux/036799-01.np2] Addr=500F Value=4F
ROM[roms/astdelux/036799-01.np2] Addr=5010 Value=CE
ROM[roms/astdelux/036799-01.np2] Addr=5011 Value=4F
ROM[roms/astdelux/036799-01.np2] Addr=5012 Value=80
ROM[roms/astdelux/036799-01.np2] Addr=5013 Value=51
ROM[roms/astdelux/036799-01.np2] Addr=5014 Value=80
ROM[roms/astdelux/036799-01.np2] Addr=5015 Value=03
ROM[roms/astdelux/036799-01.np2] Addr=5016 Value=0E
ROM[roms/astdelux/036799-01.np2] Addr=5017 Value=FA
ROM[roms/astdelux/036799-01.np2] Addr=5018 Value=0F
ROM[roms/astdelux/036799-01.np2] Addr=5019 Value=F8
ROM[roms/astdelux/036799-01.np2] Addr=501A Value=0E
ROM[roms/astdelux/036799-01.np2] Addr=501B Value=FE
ROM[roms/astdelux/036799-01.np2] Addr=501C Value=08
ROM[roms/astdelux/036799-01.np2] Addr=501D Value=FF
ROM[roms/astdelux/036799-01.np2] Addr=501E Value=0A
ROM[roms/astdelux/036799-01.np2] Addr=501F Value=FE
ROM[roms/astdelux/036799-01.np2] Addr=5020 Value=0B
ROM[roms/astdelux/036799-01.np2] Addr=5021 Value=F8
ROM[roms/astdelux/036799-01.np2] Addr=5022 Value=0A
ROM[roms/astdelux/036799-01.np2] Addr=5023 Value=FA
ROM[roms/astdelux/036799-01.np2] Addr=5024 Value=08
ROM[roms/astdelux/036799-01.np2] Addr=5025 Value=FB
ROM[roms/astdelux/036799-01.np2] Addr=5026 Value=80
ROM[roms/astdelux/036799-01.np2] Addr=5027 Value=55
ROM[roms/astdelux/036799-01.np2] Addr=5028 Value=80
ROM[roms/astdelux/036799-01.np2] Addr=5029 Value=07
ROM[roms/astdelux/036799-01.np2] Addr=502A Value=45
ROM[roms/astdelux/036799-01.np2] Addr=502B Value=C8
ROM[roms/astdelux/036799-01.np2] Addr=502C Value=4E
ROM[roms/astdelux/036799-01.np2] Addr=502D Value=C8
ROM[roms/astdelux/036799-01.np2] Addr=502E Value=57
ROM[roms/astdelux/036799-01.np2] Addr=502F Value=C8
ROM[roms/astdelux/036799-01.np2] Addr=5030 Value=60
ROM[roms/astdelux/036799-01.np2] Addr=5031 Value=C8
ROM[roms/astdelux/036799-01.np2] Addr=5032 Value=69
ROM[roms/astdelux/036799-01.np2] Addr=5033 Value=C8
ROM[roms/astdelux/036799-01.np2] Addr=5034 Value=72
ROM[roms/astdelux/036799-01.np2] Addr=5035 Value=C8
ROM[roms/astdelux/036799-01.np2] Addr=5036 Value=7B
ROM[roms/astdelux/036799-01.np2] Addr=5037 Value=C8
ROM[roms/astdelux/036799-01.np2] Addr=5038 Value=84
ROM[roms/astdelux/036799-01.np2] Addr=5039 Value=C8
ROM[roms/astdelux/036799-01.np2] Addr=503A Value=8D
ROM[roms/astdelux/036799-01.np2] Addr=503B Value=C8
ROM[roms/astdelux/036799-01.np2] Addr=503C Value=96
ROM[roms/astdelux/036799-01.np2] Addr=503D Value=C8
ROM[roms/astdelux/036799-01.np2] Addr=503E Value=9F
ROM[roms/astdelux/036799-01.np2] Addr=503F Value=C8
ROM[roms/astdelux/036799-01.np2] Addr=5040 Value=A8
ROM[roms/astdelux/036799-01.np2] Addr=5041 Value=C8
ROM[roms/astdelux/036799-01.np2] Addr=5042 Value=B1
ROM[roms/astdelux/036799-01.np2] Addr=5043 Value=C8
ROM[roms/astdelux/036799-01.np2] Addr=5044 Value=BA
ROM[roms/astdelux/036799-01.np2] Addr=5045 Value=C8
ROM[roms/astdelux/036799-01.np2] Addr=5046 Value=C3
ROM[roms/astdelux/036799-01.np2] Addr=5047 Value=C8
ROM[roms/astdelux/036799-01.np2] Addr=5048 Value=CC
ROM[roms/astdelux/036799-01.np2] Addr=5049 Value=C8
ROM[roms/astdelux/036799-01.np2] Addr=504A Value=D5
ROM[roms/astdelux/036799-01.np2] Addr=504B Value=C8
ROM[roms/astdelux/036799-01.np2] Addr=504C Value=DE
ROM[roms/astdelux/036799-01.np2] Addr=504D Value=C8
ROM[roms/astdelux/036799-01.np2] Addr=504E Value=E7
ROM[roms/astdelux/036799-01.np2] Addr=504F Value=C8
ROM[roms/astdelux/036799-01.np2] Addr=5050 Value=F0
ROM[roms/astdelux/036799-01.np2] Addr=5051 Value=C8
ROM[roms/astdelux/036799-01.np2] Addr=5052 Value=F9
ROM[roms/astdelux/036799-01.np2] Addr=5053 Value=C8
ROM[roms/astdelux/036799-01.np2] Addr=5054 Value=02
ROM[roms/astdelux/036799-01.np2] Addr=5055 Value=C9
ROM[roms/astdelux/036799-01.np2] Addr=5056 Value=0B
ROM[roms/astdelux/036799-01.np2] Addr=5057 Value=C9
ROM[roms/astdelux/036799-01.np2] Addr=5058 Value=14
ROM[roms/astdelux/036799-01.np2] Addr=5059 Value=C9
ROM[roms/astdelux/036799-01.np2] Addr=505A Value=1D
ROM[roms/astdelux/036799-01.np2] Addr=505B Value=C9
ROM[roms/astdelux/036799-01.np2] Addr=505C Value=26
ROM[roms/astdelux/036799-01.np2] Addr=505D Value=C9
ROM[roms/astdelux/036799-01.np2] Addr=505E Value=2F
ROM[roms/astdelux/036799-01.np2] Addr=505F Value=C9
ROM[roms/astdelux/036799-01.np2] Addr=5060 Value=38
ROM[roms/astdelux/036799-01.np2] Addr=5061 Value=C9
ROM[roms/astdelux/036799-01.np2] Addr=5062 Value=41
ROM[roms/astdelux/036799-01.np2] Addr=5063 Value=C9
ROM[roms/astdelux/036799-01.np2] Addr=5064 Value=4A
ROM[roms/astdelux/036799-01.np2] Addr=5065 Value=C9
ROM[roms/astdelux/036799-01.np2] Addr=5066 Value=53
ROM[roms/astdelux/036799-01.np2] Addr=5067 Value=C9
ROM[roms/astdelux/036799-01.np2] Addr=5068 Value=5C
ROM[roms/astdelux/036799-01.np2] Addr=5069 Value=C9
ROM[roms/astdelux/036799-01.np2] Addr=506A Value=65
ROM[roms/astdelux/036799-01.np2] Addr=506B Value=C9
ROM[roms/astdelux/036799-01.np2] Addr=506C Value=69
ROM[roms/astdelux/036799-01.np2] Addr=506D Value=C9
ROM[roms/astdelux/036799-01.np2] Addr=506E Value=6F
ROM[roms/astdelux/036799-01.np2] Addr=506F Value=C9
ROM[roms/astdelux/036799-01.np2] Addr=5070 Value=75
ROM[roms/astdelux/036799-01.np2] Addr=5071 Value=C9
ROM[roms/astdelux/036799-01.np2] Addr=5072 Value=7B
ROM[roms/astdelux/036799-01.np2] Addr=5073 Value=C9
ROM[roms/astdelux/036799-01.np2] Addr=5074 Value=81
ROM[roms/astdelux/036799-01.np2] Addr=5075 Value=C9
ROM[roms/astdelux/036799-01.np2] Addr=5076 Value=87
ROM[roms/astdelux/036799-01.np2] Addr=5077 Value=C9
ROM[roms/astdelux/036799-01.np2] Addr=5078 Value=8D
ROM[roms/astdelux/036799-01.np2] Addr=5079 Value=C9
ROM[roms/astdelux/036799-01.np2] Addr=507A Value=93
ROM[roms/astdelux/036799-01.np2] Addr=507B Value=C9
ROM[roms/astdelux/036799-01.np2] Addr=507C Value=97
ROM[roms/astdelux/036799-01.np2] Addr=507D Value=C9
ROM[roms/astdelux/036799-01.np2] Addr=507E Value=9D
ROM[roms/astdelux/036799-01.np2] Addr=507F Value=C9
ROM[roms/astdelux/036799-01.np2] Addr=5080 Value=A3
ROM[roms/astdelux/036799-01.np2] Addr=5081 Value=C9
ROM[roms/astdelux/036799-01.np2] Addr=5082 Value=A9
ROM[roms/astdelux/036799-01.np2] Addr=5083 Value=C9
ROM[roms/astdelux/036799-01.np2] Addr=5084 Value=AF
ROM[roms/astdelux/036799-01.np2] Addr=5085 Value=C9
ROM[roms/astdelux/036799-01.np2] Addr=5086 Value=B5
ROM[roms/astdelux/036799-01.np2] Addr=5087 Value=C9
ROM[roms/astdelux/036799-01.np2] Addr=5088 Value=BB
ROM[roms/astdelux/036799-01.np2] Addr=5089 Value=C9
ROM[roms/astdelux/036799-01.np2] Addr=508A Value=80
ROM[roms/astdelux/036799-01.np2] Addr=508B Value=43
ROM[roms/astdelux/036799-01.np2] Addr=508C Value=00
ROM[roms/astdelux/036799-01.np2] Addr=508D Value=76
ROM[roms/astdelux/036799-01.np2] Addr=508E Value=C0
ROM[roms/astdelux/036799-01.np2] Addr=508F Value=55
ROM[roms/astdelux/036799-01.np2] Addr=5090 Value=00
ROM[roms/astdelux/036799-01.np2] Addr=5091 Value=73
ROM[roms/astdelux/036799-01.np2] Addr=5092 Value=C0
ROM[roms/astdelux/036799-01.np2] Addr=5093 Value=55
ROM[roms/astdelux/036799-01.np2] Addr=5094 Value=00
ROM[roms/astdelux/036799-01.np2] Addr=5095 Value=77
ROM[roms/astdelux/036799-01.np2] Addr=5096 Value=80
ROM[roms/astdelux/036799-01.np2] Addr=5097 Value=43
ROM[roms/astdelux/036799-01.np2] Addr=5098 Value=00
ROM[roms/astdelux/036799-01.np2] Addr=5099 Value=72
ROM[roms/astdelux/036799-01.np2] Addr=509A Value=00
ROM[roms/astdelux/036799-01.np2] Addr=509B Value=D0
ROM[roms/astdelux/036799-01.np2] Addr=509C Value=00
ROM[roms/astdelux/036799-01.np2] Addr=509D Value=43
ROM[roms/astdelux/036799-01.np2] Addr=509E Value=A0
ROM[roms/astdelux/036799-01.np2] Addr=509F Value=76
ROM[roms/astdelux/036799-01.np2] Addr=50A0 Value=20
ROM[roms/astdelux/036799-01.np2] Addr=50A1 Value=55
ROM[roms/astdelux/036799-01.np2] Addr=50A2 Value=40
ROM[roms/astdelux/036799-01.np2] Addr=50A3 Value=73
ROM[roms/astdelux/036799-01.np2] Addr=50A4 Value=50
ROM[roms/astdelux/036799-01.np2] Addr=50A5 Value=56
ROM[roms/astdelux/036799-01.np2] Addr=50A6 Value=90
ROM[roms/astdelux/036799-01.np2] Addr=50A7 Value=76
ROM[roms/astdelux/036799-01.np2] Addr=50A8 Value=E0
ROM[roms/astdelux/036799-01.np2] Addr=50A9 Value=43
ROM[roms/astdelux/036799-01.np2] Addr=50AA Value=40
ROM[roms/astdelux/036799-01.np2] Addr=50AB Value=71
ROM[roms/astdelux/036799-01.np2] Addr=50AC Value=00
ROM[roms/astdelux/036799-01.np2] Addr=50AD Value=D0
ROM[roms/astdelux/036799-01.np2] Addr=50AE Value=80
ROM[roms/astdelux/036799-01.np2] Addr=50AF Value=42
ROM[roms/astdelux/036799-01.np2] Addr=50B0 Value=20
ROM[roms/astdelux/036799-01.np2] Addr=50B1 Value=77
ROM[roms/astdelux/036799-01.np2] Addr=50B2 Value=80
ROM[roms/astdelux/036799-01.np2] Addr=50B3 Value=54
ROM[roms/astdelux/036799-01.np2] Addr=50B4 Value=70
ROM[roms/astdelux/036799-01.np2] Addr=50B5 Value=73
ROM[roms/astdelux/036799-01.np2] Addr=50B6 Value=C0
ROM[roms/astdelux/036799-01.np2] Addr=50B7 Value=56
ROM[roms/astdelux/036799-01.np2] Addr=50B8 Value=20
ROM[roms/astdelux/036799-01.np2] Addr=50B9 Value=76
ROM[roms/astdelux/036799-01.np2] Addr=50BA Value=00
ROM[roms/astdelux/036799-01.np2] Addr=50BB Value=52
ROM[roms/astdelux/036799-01.np2] Addr=50BC Value=40
ROM[roms/astdelux/036799-01.np2] Addr=50BD Value=70
ROM[roms/astdelux/036799-01.np2] Addr=50BE Value=00
ROM[roms/astdelux/036799-01.np2] Addr=50BF Value=D0
ROM[roms/astdelux/036799-01.np2] Addr=50C0 Value=C0
ROM[roms/astdelux/036799-01.np2] Addr=50C1 Value=41
ROM[roms/astdelux/036799-01.np2] Addr=50C2 Value=A0
ROM[roms/astdelux/036799-01.np2] Addr=50C3 Value=77
ROM[roms/astdelux/036799-01.np2] Addr=50C4 Value=40
ROM[roms/astdelux/036799-01.np2] Addr=50C5 Value=50
ROM[roms/astdelux/036799-01.np2] Addr=50C6 Value=80
ROM[roms/astdelux/036799-01.np2] Addr=50C7 Value=73
ROM[roms/astdelux/036799-01.np2] Addr=50C8 Value=20
ROM[roms/astdelux/036799-01.np2] Addr=50C9 Value=57
ROM[roms/astdelux/036799-01.np2] Addr=50CA Value=90
ROM[roms/astdelux/036799-01.np2] Addr=50CB Value=75
ROM[roms/astdelux/036799-01.np2] Addr=50CC Value=00
ROM[roms/astdelux/036799-01.np2] Addr=50CD Value=52
ROM[roms/astdelux/036799-01.np2] Addr=50CE Value=20
ROM[roms/astdelux/036799-01.np2] Addr=50CF Value=74
ROM[roms/astdelux/036799-01.np2] Addr=50D0 Value=00
ROM[roms/astdelux/036799-01.np2] Addr=50D1 Value=D0
ROM[roms/astdelux/036799-01.np2] Addr=50D2 Value=00
ROM[roms/astdelux/036799-01.np2] Addr=50D3 Value=41
ROM[roms/astdelux/036799-01.np2] Addr=50D4 Value=E0
ROM[roms/astdelux/036799-01.np2] Addr=50D5 Value=77
ROM[roms/astdelux/036799-01.np2] Addr=50D6 Value=F0
ROM[roms/astdelux/036799-01.np2] Addr=50D7 Value=50
ROM[roms/astdelux/036799-01.np2] Addr=50D8 Value=60
ROM[roms/astdelux/036799-01.np2] Addr=50D9 Value=73
ROM[roms/astdelux/036799-01.np2] Addr=50DA Value=60
ROM[roms/astdelux/036799-01.np2] Addr=50DB Value=57
ROM[roms/astdelux/036799-01.np2] Addr=50DC Value=F0
ROM[roms/astdelux/036799-01.np2] Addr=50DD Value=74
ROM[roms/astdelux/036799-01.np2] Addr=50DE Value=E0
ROM[roms/astdelux/036799-01.np2] Addr=50DF Value=43
ROM[roms/astdelux/036799-01.np2] Addr=50E0 Value=00
ROM[roms/astdelux/036799-01.np2] Addr=50E1 Value=75
ROM[roms/astdelux/036799-01.np2] Addr=50E2 Value=00
ROM[roms/astdelux/036799-01.np2] Addr=50E3 Value=D0
ROM[roms/astdelux/036799-01.np2] Addr=50E4 Value=20
ROM[roms/astdelux/036799-01.np2] Addr=50E5 Value=50
ROM[roms/astdelux/036799-01.np2] Addr=50E6 Value=00
ROM[roms/astdelux/036799-01.np2] Addr=50E7 Value=76
ROM[roms/astdelux/036799-01.np2] Addr=50E8 Value=90
ROM[roms/astdelux/036799-01.np2] Addr=50E9 Value=51
ROM[roms/astdelux/036799-01.np2] Addr=50EA Value=20
ROM[roms/astdelux/036799-01.np2] Addr=50EB Value=73
ROM[roms/astdelux/036799-01.np2] Addr=50EC Value=80
ROM[roms/astdelux/036799-01.np2] Addr=50ED Value=57
ROM[roms/astdelux/036799-01.np2] Addr=50EE Value=40
ROM[roms/astdelux/036799-01.np2] Addr=50EF Value=74
ROM[roms/astdelux/036799-01.np2] Addr=50F0 Value=A0
ROM[roms/astdelux/036799-01.np2] Addr=50F1 Value=43
ROM[roms/astdelux/036799-01.np2] Addr=50F2 Value=C0
ROM[roms/astdelux/036799-01.np2] Addr=50F3 Value=75
ROM[roms/astdelux/036799-01.np2] Addr=50F4 Value=00
ROM[roms/astdelux/036799-01.np2] Addr=50F5 Value=D0
ROM[roms/astdelux/036799-01.np2] Addr=50F6 Value=40
ROM[roms/astdelux/036799-01.np2] Addr=50F7 Value=54
ROM[roms/astdelux/036799-01.np2] Addr=50F8 Value=00
ROM[roms/astdelux/036799-01.np2] Addr=50F9 Value=76
ROM[roms/astdelux/036799-01.np2] Addr=50FA Value=20
ROM[roms/astdelux/036799-01.np2] Addr=50FB Value=52
ROM[roms/astdelux/036799-01.np2] Addr=50FC Value=C0
ROM[roms/astdelux/036799-01.np2] Addr=50FD Value=72
ROM[roms/astdelux/036799-01.np2] Addr=50FE Value=70
ROM[roms/astdelux/036799-01.np2] Addr=50FF Value=57
ROM[roms/astdelux/036799-01.np2] Addr=5100 Value=80
ROM[roms/astdelux/036799-01.np2] Addr=5101 Value=70
ROM[roms/astdelux/036799-01.np2] Addr=5102 Value=20
ROM[roms/astdelux/036799-01.np2] Addr=5103 Value=43
ROM[roms/astdelux/036799-01.np2] Addr=5104 Value=80
ROM[roms/astdelux/036799-01.np2] Addr=5105 Value=76
ROM[roms/astdelux/036799-01.np2] Addr=5106 Value=00
ROM[roms/astdelux/036799-01.np2] Addr=5107 Value=D0
ROM[roms/astdelux/036799-01.np2] Addr=5108 Value=40
ROM[roms/astdelux/036799-01.np2] Addr=5109 Value=45
ROM[roms/astdelux/036799-01.np2] Addr=510A Value=E0
ROM[roms/astdelux/036799-01.np2] Addr=510B Value=77
ROM[roms/astdelux/036799-01.np2] Addr=510C Value=90
ROM[roms/astdelux/036799-01.np2] Addr=510D Value=52
ROM[roms/astdelux/036799-01.np2] Addr=510E Value=50
ROM[roms/astdelux/036799-01.np2] Addr=510F Value=72
ROM[roms/astdelux/036799-01.np2] Addr=5110 Value=40
ROM[roms/astdelux/036799-01.np2] Addr=5111 Value=57
ROM[roms/astdelux/036799-01.np2] Addr=5112 Value=20
ROM[roms/astdelux/036799-01.np2] Addr=5113 Value=71
ROM[roms/astdelux/036799-01.np2] Addr=5114 Value=A0
ROM[roms/astdelux/036799-01.np2] Addr=5115 Value=42
ROM[roms/astdelux/036799-01.np2] Addr=5116 Value=00
ROM[roms/astdelux/036799-01.np2] Addr=5117 Value=77
ROM[roms/astdelux/036799-01.np2] Addr=5118 Value=00
ROM[roms/astdelux/036799-01.np2] Addr=5119 Value=D0
ROM[roms/astdelux/036799-01.np2] Addr=511A Value=00
ROM[roms/astdelux/036799-01.np2] Addr=511B Value=46
ROM[roms/astdelux/036799-01.np2] Addr=511C Value=80
ROM[roms/astdelux/036799-01.np2] Addr=511D Value=77
ROM[roms/astdelux/036799-01.np2] Addr=511E Value=00
ROM[roms/astdelux/036799-01.np2] Addr=511F Value=53
ROM[roms/astdelux/036799-01.np2] Addr=5120 Value=C0
ROM[roms/astdelux/036799-01.np2] Addr=5121 Value=71
ROM[roms/astdelux/036799-01.np2] Addr=5122 Value=00
ROM[roms/astdelux/036799-01.np2] Addr=5123 Value=57
ROM[roms/astdelux/036799-01.np2] Addr=5124 Value=C0
ROM[roms/astdelux/036799-01.np2] Addr=5125 Value=71
ROM[roms/astdelux/036799-01.np2] Addr=5126 Value=00
ROM[roms/astdelux/036799-01.np2] Addr=5127 Value=42
ROM[roms/astdelux/036799-01.np2] Addr=5128 Value=80
ROM[roms/astdelux/036799-01.np2] Addr=5129 Value=77
ROM[roms/astdelux/036799-01.np2] Addr=512A Value=00
ROM[roms/astdelux/036799-01.np2] Addr=512B Value=D0
ROM[roms/astdelux/036799-01.np2] Addr=512C Value=A0
ROM[roms/astdelux/036799-01.np2] Addr=512D Value=46
ROM[roms/astdelux/036799-01.np2] Addr=512E Value=00
ROM[roms/astdelux/036799-01.np2] Addr=512F Value=77
ROM[roms/astdelux/036799-01.np2] Addr=5130 Value=40
ROM[roms/astdelux/036799-01.np2] Addr=5131 Value=53
ROM[roms/astdelux/036799-01.np2] Addr=5132 Value=20
ROM[roms/astdelux/036799-01.np2] Addr=5133 Value=71
ROM[roms/astdelux/036799-01.np2] Addr=5134 Value=90
ROM[roms/astdelux/036799-01.np2] Addr=5135 Value=56
ROM[roms/astdelux/036799-01.np2] Addr=5136 Value=50
ROM[roms/astdelux/036799-01.np2] Addr=5137 Value=72
ROM[roms/astdelux/036799-01.np2] Addr=5138 Value=40
ROM[roms/astdelux/036799-01.np2] Addr=5139 Value=41
ROM[roms/astdelux/036799-01.np2] Addr=513A Value=E0
ROM[roms/astdelux/036799-01.np2] Addr=513B Value=77
ROM[roms/astdelux/036799-01.np2] Addr=513C Value=00
ROM[roms/astdelux/036799-01.np2] Addr=513D Value=D0
ROM[roms/astdelux/036799-01.np2] Addr=513E Value=20
ROM[roms/astdelux/036799-01.np2] Addr=513F Value=47
ROM[roms/astdelux/036799-01.np2] Addr=5140 Value=80
ROM[roms/astdelux/036799-01.np2] Addr=5141 Value=76
ROM[roms/astdelux/036799-01.np2] Addr=5142 Value=70
ROM[roms/astdelux/036799-01.np2] Addr=5143 Value=53
ROM[roms/astdelux/036799-01.np2] Addr=5144 Value=80
ROM[roms/astdelux/036799-01.np2] Addr=5145 Value=70
ROM[roms/astdelux/036799-01.np2] Addr=5146 Value=20
ROM[roms/astdelux/036799-01.np2] Addr=5147 Value=56
ROM[roms/astdelux/036799-01.np2] Addr=5148 Value=C0
ROM[roms/astdelux/036799-01.np2] Addr=5149 Value=72
ROM[roms/astdelux/036799-01.np2] Addr=514A Value=40
ROM[roms/astdelux/036799-01.np2] Addr=514B Value=50
ROM[roms/astdelux/036799-01.np2] Addr=514C Value=00
ROM[roms/astdelux/036799-01.np2] Addr=514D Value=76
ROM[roms/astdelux/036799-01.np2] Addr=514E Value=00
ROM[roms/astdelux/036799-01.np2] Addr=514F Value=D0
ROM[roms/astdelux/036799-01.np2] Addr=5150 Value=A0
ROM[roms/astdelux/036799-01.np2] Addr=5151 Value=47
ROM[roms/astdelux/036799-01.np2] Addr=5152 Value=C0
ROM[roms/astdelux/036799-01.np2] Addr=5153 Value=75
ROM[roms/astdelux/036799-01.np2] Addr=5154 Value=80
ROM[roms/astdelux/036799-01.np2] Addr=5155 Value=53
ROM[roms/astdelux/036799-01.np2] Addr=5156 Value=40
ROM[roms/astdelux/036799-01.np2] Addr=5157 Value=74
ROM[roms/astdelux/036799-01.np2] Addr=5158 Value=90
ROM[roms/astdelux/036799-01.np2] Addr=5159 Value=55
ROM[roms/astdelux/036799-01.np2] Addr=515A Value=20
ROM[roms/astdelux/036799-01.np2] Addr=515B Value=73
ROM[roms/astdelux/036799-01.np2] Addr=515C Value=20
ROM[roms/astdelux/036799-01.np2] Addr=515D Value=54
ROM[roms/astdelux/036799-01.np2] Addr=515E Value=00
ROM[roms/astdelux/036799-01.np2] Addr=515F Value=76
ROM[roms/astdelux/036799-01.np2] Addr=5160 Value=00
ROM[roms/astdelux/036799-01.np2] Addr=5161 Value=D0
ROM[roms/astdelux/036799-01.np2] Addr=5162 Value=E0
ROM[roms/astdelux/036799-01.np2] Addr=5163 Value=47
ROM[roms/astdelux/036799-01.np2] Addr=5164 Value=00
ROM[roms/astdelux/036799-01.np2] Addr=5165 Value=75
ROM[roms/astdelux/036799-01.np2] Addr=5166 Value=60
ROM[roms/astdelux/036799-01.np2] Addr=5167 Value=53
ROM[roms/astdelux/036799-01.np2] Addr=5168 Value=F0
ROM[roms/astdelux/036799-01.np2] Addr=5169 Value=74
ROM[roms/astdelux/036799-01.np2] Addr=516A Value=F0
ROM[roms/astdelux/036799-01.np2] Addr=516B Value=54
ROM[roms/astdelux/036799-01.np2] Addr=516C Value=60
ROM[roms/astdelux/036799-01.np2] Addr=516D Value=73
ROM[roms/astdelux/036799-01.np2] Addr=516E Value=00
ROM[roms/astdelux/036799-01.np2] Addr=516F Value=45
ROM[roms/astdelux/036799-01.np2] Addr=5170 Value=E0
ROM[roms/astdelux/036799-01.np2] Addr=5171 Value=77
ROM[roms/astdelux/036799-01.np2] Addr=5172 Value=00
ROM[roms/astdelux/036799-01.np2] Addr=5173 Value=D0
ROM[roms/astdelux/036799-01.np2] Addr=5174 Value=00
ROM[roms/astdelux/036799-01.np2] Addr=5175 Value=56
ROM[roms/astdelux/036799-01.np2] Addr=5176 Value=20
ROM[roms/astdelux/036799-01.np2] Addr=5177 Value=74
ROM[roms/astdelux/036799-01.np2] Addr=5178 Value=20
ROM[roms/astdelux/036799-01.np2] Addr=5179 Value=53
ROM[roms/astdelux/036799-01.np2] Addr=517A Value=90
ROM[roms/astdelux/036799-01.np2] Addr=517B Value=75
ROM[roms/astdelux/036799-01.np2] Addr=517C Value=40
ROM[roms/astdelux/036799-01.np2] Addr=517D Value=54
ROM[roms/astdelux/036799-01.np2] Addr=517E Value=80
ROM[roms/astdelux/036799-01.np2] Addr=517F Value=73
ROM[roms/astdelux/036799-01.np2] Addr=5180 Value=C0
ROM[roms/astdelux/036799-01.np2] Addr=5181 Value=45
ROM[roms/astdelux/036799-01.np2] Addr=5182 Value=A0
ROM[roms/astdelux/036799-01.np2] Addr=5183 Value=77
ROM[roms/astdelux/036799-01.np2] Addr=5184 Value=00
ROM[roms/astdelux/036799-01.np2] Addr=5185 Value=D0
ROM[roms/astdelux/036799-01.np2] Addr=5186 Value=00
ROM[roms/astdelux/036799-01.np2] Addr=5187 Value=56
ROM[roms/astdelux/036799-01.np2] Addr=5188 Value=40
ROM[roms/astdelux/036799-01.np2] Addr=5189 Value=70
ROM[roms/astdelux/036799-01.np2] Addr=518A Value=C0
ROM[roms/astdelux/036799-01.np2] Addr=518B Value=52
ROM[roms/astdelux/036799-01.np2] Addr=518C Value=20
ROM[roms/astdelux/036799-01.np2] Addr=518D Value=76
ROM[roms/astdelux/036799-01.np2] Addr=518E Value=80
ROM[roms/astdelux/036799-01.np2] Addr=518F Value=50
ROM[roms/astdelux/036799-01.np2] Addr=5190 Value=70
ROM[roms/astdelux/036799-01.np2] Addr=5191 Value=73
ROM[roms/astdelux/036799-01.np2] Addr=5192 Value=80
ROM[roms/astdelux/036799-01.np2] Addr=5193 Value=46
ROM[roms/astdelux/036799-01.np2] Addr=5194 Value=20
ROM[roms/astdelux/036799-01.np2] Addr=5195 Value=77
ROM[roms/astdelux/036799-01.np2] Addr=5196 Value=00
ROM[roms/astdelux/036799-01.np2] Addr=5197 Value=D0
ROM[roms/astdelux/036799-01.np2] Addr=5198 Value=E0
ROM[roms/astdelux/036799-01.np2] Addr=5199 Value=47
ROM[roms/astdelux/036799-01.np2] Addr=519A Value=40
ROM[roms/astdelux/036799-01.np2] Addr=519B Value=71
ROM[roms/astdelux/036799-01.np2] Addr=519C Value=50
ROM[roms/astdelux/036799-01.np2] Addr=519D Value=52
ROM[roms/astdelux/036799-01.np2] Addr=519E Value=90
ROM[roms/astdelux/036799-01.np2] Addr=519F Value=76
ROM[roms/astdelux/036799-01.np2] Addr=51A0 Value=20
ROM[roms/astdelux/036799-01.np2] Addr=51A1 Value=51
ROM[roms/astdelux/036799-01.np2] Addr=51A2 Value=40
ROM[roms/astdelux/036799-01.np2] Addr=51A3 Value=73
ROM[roms/astdelux/036799-01.np2] Addr=51A4 Value=00
ROM[roms/astdelux/036799-01.np2] Addr=51A5 Value=47
ROM[roms/astdelux/036799-01.np2] Addr=51A6 Value=A0
ROM[roms/astdelux/036799-01.np2] Addr=51A7 Value=76
ROM[roms/astdelux/036799-01.np2] Addr=51A8 Value=00
ROM[roms/astdelux/036799-01.np2] Addr=51A9 Value=D0
ROM[roms/astdelux/036799-01.np2] Addr=51AA Value=80
ROM[roms/astdelux/036799-01.np2] Addr=51AB Value=47
ROM[roms/astdelux/036799-01.np2] Addr=51AC Value=00
ROM[roms/astdelux/036799-01.np2] Addr=51AD Value=72
ROM[roms/astdelux/036799-01.np2] Addr=51AE Value=C0
ROM[roms/astdelux/036799-01.np2] Addr=51AF Value=51
ROM[roms/astdelux/036799-01.np2] Addr=51B0 Value=00
ROM[roms/astdelux/036799-01.np2] Addr=51B1 Value=77
ROM[roms/astdelux/036799-01.np2] Addr=51B2 Value=C0
ROM[roms/astdelux/036799-01.np2] Addr=51B3 Value=51
ROM[roms/astdelux/036799-01.np2] Addr=51B4 Value=00
ROM[roms/astdelux/036799-01.np2] Addr=51B5 Value=73
ROM[roms/astdelux/036799-01.np2] Addr=51B6 Value=80
ROM[roms/astdelux/036799-01.np2] Addr=51B7 Value=47
ROM[roms/astdelux/036799-01.np2] Addr=51B8 Value=00
ROM[roms/astdelux/036799-01.np2] Addr=51B9 Value=76
ROM[roms/astdelux/036799-01.np2] Addr=51BA Value=00
ROM[roms/astdelux/036799-01.np2] Addr=51BB Value=D0
ROM[roms/astdelux/036799-01.np2] Addr=51BC Value=00
ROM[roms/astdelux/036799-01.np2] Addr=51BD Value=47
ROM[roms/astdelux/036799-01.np2] Addr=51BE Value=A0
ROM[roms/astdelux/036799-01.np2] Addr=51BF Value=72
ROM[roms/astdelux/036799-01.np2] Addr=51C0 Value=20
ROM[roms/astdelux/036799-01.np2] Addr=51C1 Value=51
ROM[roms/astdelux/036799-01.np2] Addr=51C2 Value=40
ROM[roms/astdelux/036799-01.np2] Addr=51C3 Value=77
ROM[roms/astdelux/036799-01.np2] Addr=51C4 Value=50
ROM[roms/astdelux/036799-01.np2] Addr=51C5 Value=52
ROM[roms/astdelux/036799-01.np2] Addr=51C6 Value=90
ROM[roms/astdelux/036799-01.np2] Addr=51C7 Value=72
ROM[roms/astdelux/036799-01.np2] Addr=51C8 Value=E0
ROM[roms/astdelux/036799-01.np2] Addr=51C9 Value=47
ROM[roms/astdelux/036799-01.np2] Addr=51CA Value=40
ROM[roms/astdelux/036799-01.np2] Addr=51CB Value=75
ROM[roms/astdelux/036799-01.np2] Addr=51CC Value=00
ROM[roms/astdelux/036799-01.np2] Addr=51CD Value=D0
ROM[roms/astdelux/036799-01.np2] Addr=51CE Value=80
ROM[roms/astdelux/036799-01.np2] Addr=51CF Value=46
ROM[roms/astdelux/036799-01.np2] Addr=51D0 Value=20
ROM[roms/astdelux/036799-01.np2] Addr=51D1 Value=73
ROM[roms/astdelux/036799-01.np2] Addr=51D2 Value=80
ROM[roms/astdelux/036799-01.np2] Addr=51D3 Value=50
ROM[roms/astdelux/036799-01.np2] Addr=51D4 Value=70
ROM[roms/astdelux/036799-01.np2] Addr=51D5 Value=77
ROM[roms/astdelux/036799-01.np2] Addr=51D6 Value=C0
ROM[roms/astdelux/036799-01.np2] Addr=51D7 Value=52
ROM[roms/astdelux/036799-01.np2] Addr=51D8 Value=20
ROM[roms/astdelux/036799-01.np2] Addr=51D9 Value=72
ROM[roms/astdelux/036799-01.np2] Addr=51DA Value=00
ROM[roms/astdelux/036799-01.np2] Addr=51DB Value=56
ROM[roms/astdelux/036799-01.np2] Addr=51DC Value=40
ROM[roms/astdelux/036799-01.np2] Addr=51DD Value=74
ROM[roms/astdelux/036799-01.np2] Addr=51DE Value=00
ROM[roms/astdelux/036799-01.np2] Addr=51DF Value=D0
ROM[roms/astdelux/036799-01.np2] Addr=51E0 Value=C0
ROM[roms/astdelux/036799-01.np2] Addr=51E1 Value=45
ROM[roms/astdelux/036799-01.np2] Addr=51E2 Value=A0
ROM[roms/astdelux/036799-01.np2] Addr=51E3 Value=73
ROM[roms/astdelux/036799-01.np2] Addr=51E4 Value=40
ROM[roms/astdelux/036799-01.np2] Addr=51E5 Value=54
ROM[roms/astdelux/036799-01.np2] Addr=51E6 Value=80
ROM[roms/astdelux/036799-01.np2] Addr=51E7 Value=77
ROM[roms/astdelux/036799-01.np2] Addr=51E8 Value=20
ROM[roms/astdelux/036799-01.np2] Addr=51E9 Value=53
ROM[roms/astdelux/036799-01.np2] Addr=51EA Value=90
ROM[roms/astdelux/036799-01.np2] Addr=51EB Value=71
ROM[roms/astdelux/036799-01.np2] Addr=51EC Value=00
ROM[roms/astdelux/036799-01.np2] Addr=51ED Value=56
ROM[roms/astdelux/036799-01.np2] Addr=51EE Value=20
ROM[roms/astdelux/036799-01.np2] Addr=51EF Value=70
ROM[roms/astdelux/036799-01.np2] Addr=51F0 Value=00
ROM[roms/astdelux/036799-01.np2] Addr=51F1 Value=D0
ROM[roms/astdelux/036799-01.np2] Addr=51F2 Value=00
ROM[roms/astdelux/036799-01.np2] Addr=51F3 Value=45
ROM[roms/astdelux/036799-01.np2] Addr=51F4 Value=E0
ROM[roms/astdelux/036799-01.np2] Addr=51F5 Value=73
ROM[roms/astdelux/036799-01.np2] Addr=51F6 Value=F0
ROM[roms/astdelux/036799-01.np2] Addr=51F7 Value=54
ROM[roms/astdelux/036799-01.np2] Addr=51F8 Value=60
ROM[roms/astdelux/036799-01.np2] Addr=51F9 Value=77
ROM[roms/astdelux/036799-01.np2] Addr=51FA Value=60
ROM[roms/astdelux/036799-01.np2] Addr=51FB Value=53
ROM[roms/astdelux/036799-01.np2] Addr=51FC Value=F0
ROM[roms/astdelux/036799-01.np2] Addr=51FD Value=70
ROM[roms/astdelux/036799-01.np2] Addr=51FE Value=E0
ROM[roms/astdelux/036799-01.np2] Addr=51FF Value=47
ROM[roms/astdelux/036799-01.np2] Addr=5200 Value=00
ROM[roms/astdelux/036799-01.np2] Addr=5201 Value=71
ROM[roms/astdelux/036799-01.np2] Addr=5202 Value=00
ROM[roms/astdelux/036799-01.np2] Addr=5203 Value=D0
ROM[roms/astdelux/036799-01.np2] Addr=5204 Value=20
ROM[roms/astdelux/036799-01.np2] Addr=5205 Value=54
ROM[roms/astdelux/036799-01.np2] Addr=5206 Value=00
ROM[roms/astdelux/036799-01.np2] Addr=5207 Value=72
ROM[roms/astdelux/036799-01.np2] Addr=5208 Value=90
ROM[roms/astdelux/036799-01.np2] Addr=5209 Value=55
ROM[roms/astdelux/036799-01.np2] Addr=520A Value=20
ROM[roms/astdelux/036799-01.np2] Addr=520B Value=77
ROM[roms/astdelux/036799-01.np2] Addr=520C Value=80
ROM[roms/astdelux/036799-01.np2] Addr=520D Value=53
ROM[roms/astdelux/036799-01.np2] Addr=520E Value=40
ROM[roms/astdelux/036799-01.np2] Addr=520F Value=70
ROM[roms/astdelux/036799-01.np2] Addr=5210 Value=A0
ROM[roms/astdelux/036799-01.np2] Addr=5211 Value=47
ROM[roms/astdelux/036799-01.np2] Addr=5212 Value=C0
ROM[roms/astdelux/036799-01.np2] Addr=5213 Value=71
ROM[roms/astdelux/036799-01.np2] Addr=5214 Value=00
ROM[roms/astdelux/036799-01.np2] Addr=5215 Value=D0
ROM[roms/astdelux/036799-01.np2] Addr=5216 Value=40
ROM[roms/astdelux/036799-01.np2] Addr=5217 Value=50
ROM[roms/astdelux/036799-01.np2] Addr=5218 Value=00
ROM[roms/astdelux/036799-01.np2] Addr=5219 Value=72
ROM[roms/astdelux/036799-01.np2] Addr=521A Value=20
ROM[roms/astdelux/036799-01.np2] Addr=521B Value=56
ROM[roms/astdelux/036799-01.np2] Addr=521C Value=C0
ROM[roms/astdelux/036799-01.np2] Addr=521D Value=76
ROM[roms/astdelux/036799-01.np2] Addr=521E Value=70
ROM[roms/astdelux/036799-01.np2] Addr=521F Value=53
ROM[roms/astdelux/036799-01.np2] Addr=5220 Value=80
ROM[roms/astdelux/036799-01.np2] Addr=5221 Value=74
ROM[roms/astdelux/036799-01.np2] Addr=5222 Value=20
ROM[roms/astdelux/036799-01.np2] Addr=5223 Value=47
ROM[roms/astdelux/036799-01.np2] Addr=5224 Value=80
ROM[roms/astdelux/036799-01.np2] Addr=5225 Value=72
ROM[roms/astdelux/036799-01.np2] Addr=5226 Value=00
ROM[roms/astdelux/036799-01.np2] Addr=5227 Value=D0
ROM[roms/astdelux/036799-01.np2] Addr=5228 Value=40
ROM[roms/astdelux/036799-01.np2] Addr=5229 Value=41
ROM[roms/astdelux/036799-01.np2] Addr=522A Value=E0
ROM[roms/astdelux/036799-01.np2] Addr=522B Value=73
ROM[roms/astdelux/036799-01.np2] Addr=522C Value=90
ROM[roms/astdelux/036799-01.np2] Addr=522D Value=56
ROM[roms/astdelux/036799-01.np2] Addr=522E Value=50
ROM[roms/astdelux/036799-01.np2] Addr=522F Value=76
ROM[roms/astdelux/036799-01.np2] Addr=5230 Value=40
ROM[roms/astdelux/036799-01.np2] Addr=5231 Value=53
ROM[roms/astdelux/036799-01.np2] Addr=5232 Value=20
ROM[roms/astdelux/036799-01.np2] Addr=5233 Value=75
ROM[roms/astdelux/036799-01.np2] Addr=5234 Value=A0
ROM[roms/astdelux/036799-01.np2] Addr=5235 Value=46
ROM[roms/astdelux/036799-01.np2] Addr=5236 Value=00
ROM[roms/astdelux/036799-01.np2] Addr=5237 Value=73
ROM[roms/astdelux/036799-01.np2] Addr=5238 Value=00
ROM[roms/astdelux/036799-01.np2] Addr=5239 Value=D0
ROM[roms/astdelux/036799-01.np2] Addr=523A Value=00
ROM[roms/astdelux/036799-01.np2] Addr=523B Value=42
ROM[roms/astdelux/036799-01.np2] Addr=523C Value=80
ROM[roms/astdelux/036799-01.np2] Addr=523D Value=73
ROM[roms/astdelux/036799-01.np2] Addr=523E Value=00
ROM[roms/astdelux/036799-01.np2] Addr=523F Value=57
ROM[roms/astdelux/036799-01.np2] Addr=5240 Value=C0
ROM[roms/astdelux/036799-01.np2] Addr=5241 Value=75
ROM[roms/astdelux/036799-01.np2] Addr=5242 Value=00
ROM[roms/astdelux/036799-01.np2] Addr=5243 Value=53
ROM[roms/astdelux/036799-01.np2] Addr=5244 Value=C0
ROM[roms/astdelux/036799-01.np2] Addr=5245 Value=75
ROM[roms/astdelux/036799-01.np2] Addr=5246 Value=00
ROM[roms/astdelux/036799-01.np2] Addr=5247 Value=46
ROM[roms/astdelux/036799-01.np2] Addr=5248 Value=80
ROM[roms/astdelux/036799-01.np2] Addr=5249 Value=73
ROM[roms/astdelux/036799-01.np2] Addr=524A Value=00
ROM[roms/astdelux/036799-01.np2] Addr=524B Value=D0
ROM[roms/astdelux/036799-01.np2] Addr=524C Value=A0
ROM[roms/astdelux/036799-01.np2] Addr=524D Value=42
ROM[roms/astdelux/036799-01.np2] Addr=524E Value=00
ROM[roms/astdelux/036799-01.np2] Addr=524F Value=73
ROM[roms/astdelux/036799-01.np2] Addr=5250 Value=40
ROM[roms/astdelux/036799-01.np2] Addr=5251 Value=57
ROM[roms/astdelux/036799-01.np2] Addr=5252 Value=20
ROM[roms/astdelux/036799-01.np2] Addr=5253 Value=75
ROM[roms/astdelux/036799-01.np2] Addr=5254 Value=90
ROM[roms/astdelux/036799-01.np2] Addr=5255 Value=52
ROM[roms/astdelux/036799-01.np2] Addr=5256 Value=50
ROM[roms/astdelux/036799-01.np2] Addr=5257 Value=76
ROM[roms/astdelux/036799-01.np2] Addr=5258 Value=40
ROM[roms/astdelux/036799-01.np2] Addr=5259 Value=45
ROM[roms/astdelux/036799-01.np2] Addr=525A Value=E0
ROM[roms/astdelux/036799-01.np2] Addr=525B Value=73
ROM[roms/astdelux/036799-01.np2] Addr=525C Value=00
ROM[roms/astdelux/036799-01.np2] Addr=525D Value=D0
ROM[roms/astdelux/036799-01.np2] Addr=525E Value=20
ROM[roms/astdelux/036799-01.np2] Addr=525F Value=43
ROM[roms/astdelux/036799-01.np2] Addr=5260 Value=80
ROM[roms/astdelux/036799-01.np2] Addr=5261 Value=72
ROM[roms/astdelux/036799-01.np2] Addr=5262 Value=70
ROM[roms/astdelux/036799-01.np2] Addr=5263 Value=57
ROM[roms/astdelux/036799-01.np2] Addr=5264 Value=80
ROM[roms/astdelux/036799-01.np2] Addr=5265 Value=74
ROM[roms/astdelux/036799-01.np2] Addr=5266 Value=20
ROM[roms/astdelux/036799-01.np2] Addr=5267 Value=52
ROM[roms/astdelux/036799-01.np2] Addr=5268 Value=C0
ROM[roms/astdelux/036799-01.np2] Addr=5269 Value=76
ROM[roms/astdelux/036799-01.np2] Addr=526A Value=40
ROM[roms/astdelux/036799-01.np2] Addr=526B Value=54
ROM[roms/astdelux/036799-01.np2] Addr=526C Value=00
ROM[roms/astdelux/036799-01.np2] Addr=526D Value=72
ROM[roms/astdelux/036799-01.np2] Addr=526E Value=00
ROM[roms/astdelux/036799-01.np2] Addr=526F Value=D0
ROM[roms/astdelux/036799-01.np2] Addr=5270 Value=A0
ROM[roms/astdelux/036799-01.np2] Addr=5271 Value=43
ROM[roms/astdelux/036799-01.np2] Addr=5272 Value=C0
ROM[roms/astdelux/036799-01.np2] Addr=5273 Value=71
ROM[roms/astdelux/036799-01.np2] Addr=5274 Value=80
ROM[roms/astdelux/036799-01.np2] Addr=5275 Value=57
ROM[roms/astdelux/036799-01.np2] Addr=5276 Value=40
ROM[roms/astdelux/036799-01.np2] Addr=5277 Value=70
ROM[roms/astdelux/036799-01.np2] Addr=5278 Value=90
ROM[roms/astdelux/036799-01.np2] Addr=5279 Value=51
ROM[roms/astdelux/036799-01.np2] Addr=527A Value=20
ROM[roms/astdelux/036799-01.np2] Addr=527B Value=77
ROM[roms/astdelux/036799-01.np2] Addr=527C Value=20
ROM[roms/astdelux/036799-01.np2] Addr=527D Value=50
ROM[roms/astdelux/036799-01.np2] Addr=527E Value=00
ROM[roms/astdelux/036799-01.np2] Addr=527F Value=72
ROM[roms/astdelux/036799-01.np2] Addr=5280 Value=00
ROM[roms/astdelux/036799-01.np2] Addr=5281 Value=D0
ROM[roms/astdelux/036799-01.np2] Addr=5282 Value=E0
ROM[roms/astdelux/036799-01.np2] Addr=5283 Value=43
ROM[roms/astdelux/036799-01.np2] Addr=5284 Value=00
ROM[roms/astdelux/036799-01.np2] Addr=5285 Value=71
ROM[roms/astdelux/036799-01.np2] Addr=5286 Value=60
ROM[roms/astdelux/036799-01.np2] Addr=5287 Value=57
ROM[roms/astdelux/036799-01.np2] Addr=5288 Value=F0
ROM[roms/astdelux/036799-01.np2] Addr=5289 Value=70
ROM[roms/astdelux/036799-01.np2] Addr=528A Value=F0
ROM[roms/astdelux/036799-01.np2] Addr=528B Value=50
ROM[roms/astdelux/036799-01.np2] Addr=528C Value=60
ROM[roms/astdelux/036799-01.np2] Addr=528D Value=77
ROM[roms/astdelux/036799-01.np2] Addr=528E Value=00
ROM[roms/astdelux/036799-01.np2] Addr=528F Value=41
ROM[roms/astdelux/036799-01.np2] Addr=5290 Value=E0
ROM[roms/astdelux/036799-01.np2] Addr=5291 Value=73
ROM[roms/astdelux/036799-01.np2] Addr=5292 Value=00
ROM[roms/astdelux/036799-01.np2] Addr=5293 Value=D0
ROM[roms/astdelux/036799-01.np2] Addr=5294 Value=00
ROM[roms/astdelux/036799-01.np2] Addr=5295 Value=52
ROM[roms/astdelux/036799-01.np2] Addr=5296 Value=20
ROM[roms/astdelux/036799-01.np2] Addr=5297 Value=70
ROM[roms/astdelux/036799-01.np2] Addr=5298 Value=20
ROM[roms/astdelux/036799-01.np2] Addr=5299 Value=57
ROM[roms/astdelux/036799-01.np2] Addr=529A Value=90
ROM[roms/astdelux/036799-01.np2] Addr=529B Value=71
ROM[roms/astdelux/036799-01.np2] Addr=529C Value=40
ROM[roms/astdelux/036799-01.np2] Addr=529D Value=50
ROM[roms/astdelux/036799-01.np2] Addr=529E Value=80
ROM[roms/astdelux/036799-01.np2] Addr=529F Value=77
ROM[roms/astdelux/036799-01.np2] Addr=52A0 Value=C0
ROM[roms/astdelux/036799-01.np2] Addr=52A1 Value=41
ROM[roms/astdelux/036799-01.np2] Addr=52A2 Value=A0
ROM[roms/astdelux/036799-01.np2] Addr=52A3 Value=73
ROM[roms/astdelux/036799-01.np2] Addr=52A4 Value=00
ROM[roms/astdelux/036799-01.np2] Addr=52A5 Value=D0
ROM[roms/astdelux/036799-01.np2] Addr=52A6 Value=00
ROM[roms/astdelux/036799-01.np2] Addr=52A7 Value=52
ROM[roms/astdelux/036799-01.np2] Addr=52A8 Value=40
ROM[roms/astdelux/036799-01.np2] Addr=52A9 Value=74
ROM[roms/astdelux/036799-01.np2] Addr=52AA Value=C0
ROM[roms/astdelux/036799-01.np2] Addr=52AB Value=56
ROM[roms/astdelux/036799-01.np2] Addr=52AC Value=20
ROM[roms/astdelux/036799-01.np2] Addr=52AD Value=72
ROM[roms/astdelux/036799-01.np2] Addr=52AE Value=80
ROM[roms/astdelux/036799-01.np2] Addr=52AF Value=54
ROM[roms/astdelux/036799-01.np2] Addr=52B0 Value=70
ROM[roms/astdelux/036799-01.np2] Addr=52B1 Value=77
ROM[roms/astdelux/036799-01.np2] Addr=52B2 Value=80
ROM[roms/astdelux/036799-01.np2] Addr=52B3 Value=42
ROM[roms/astdelux/036799-01.np2] Addr=52B4 Value=20
ROM[roms/astdelux/036799-01.np2] Addr=52B5 Value=73
ROM[roms/astdelux/036799-01.np2] Addr=52B6 Value=00
ROM[roms/astdelux/036799-01.np2] Addr=52B7 Value=D0
ROM[roms/astdelux/036799-01.np2] Addr=52B8 Value=E0
ROM[roms/astdelux/036799-01.np2] Addr=52B9 Value=43
ROM[roms/astdelux/036799-01.np2] Addr=52BA Value=40
ROM[roms/astdelux/036799-01.np2] Addr=52BB Value=75
ROM[roms/astdelux/036799-01.np2] Addr=52BC Value=50
ROM[roms/astdelux/036799-01.np2] Addr=52BD Value=56
ROM[roms/astdelux/036799-01.np2] Addr=52BE Value=90
ROM[roms/astdelux/036799-01.np2] Addr=52BF Value=72
ROM[roms/astdelux/036799-01.np2] Addr=52C0 Value=20
ROM[roms/astdelux/036799-01.np2] Addr=52C1 Value=55
ROM[roms/astdelux/036799-01.np2] Addr=52C2 Value=40
ROM[roms/astdelux/036799-01.np2] Addr=52C3 Value=77
ROM[roms/astdelux/036799-01.np2] Addr=52C4 Value=00
ROM[roms/astdelux/036799-01.np2] Addr=52C5 Value=43
ROM[roms/astdelux/036799-01.np2] Addr=52C6 Value=A0
ROM[roms/astdelux/036799-01.np2] Addr=52C7 Value=72
ROM[roms/astdelux/036799-01.np2] Addr=52C8 Value=00
ROM[roms/astdelux/036799-01.np2] Addr=52C9 Value=D0
ROM[roms/astdelux/036799-01.np2] Addr=52CA Value=09
ROM[roms/astdelux/036799-01.np2] Addr=52CB Value=F8
ROM[roms/astdelux/036799-01.np2] Addr=52CC Value=45
ROM[roms/astdelux/036799-01.np2] Addr=52CD Value=C8
ROM[roms/astdelux/036799-01.np2] Addr=52CE Value=0E
ROM[roms/astdelux/036799-01.np2] Addr=52CF Value=F8
ROM[roms/astdelux/036799-01.np2] Addr=52D0 Value=D5
ROM[roms/astdelux/036799-01.np2] Addr=52D1 Value=E8
ROM[roms/astdelux/036799-01.np2] Addr=52D2 Value=60
ROM[roms/astdelux/036799-01.np2] Addr=52D3 Value=40
ROM[roms/astdelux/036799-01.np2] Addr=52D4 Value=00
ROM[roms/astdelux/036799-01.np2] Addr=52D5 Value=02
ROM[roms/astdelux/036799-01.np2] Addr=52D6 Value=4E
ROM[roms/astdelux/036799-01.np2] Addr=52D7 Value=C8
ROM[roms/astdelux/036799-01.np2] Addr=52D8 Value=60
ROM[roms/astdelux/036799-01.np2] Addr=52D9 Value=54
ROM[roms/astdelux/036799-01.np2] Addr=52DA Value=00
ROM[roms/astdelux/036799-01.np2] Addr=52DB Value=06
ROM[roms/astdelux/036799-01.np2] Addr=52DC Value=DE
ROM[roms/astdelux/036799-01.np2] Addr=52DD Value=E8
ROM[roms/astdelux/036799-01.np2] Addr=52DE Value=80
ROM[roms/astdelux/036799-01.np2] Addr=52DF Value=31
ROM[roms/astdelux/036799-01.np2] Addr=52E0 Value=C0
ROM[roms/astdelux/036799-01.np2] Addr=52E1 Value=03
ROM[roms/astdelux/036799-01.np2] Addr=52E2 Value=57
ROM[roms/astdelux/036799-01.np2] Addr=52E3 Value=C8
ROM[roms/astdelux/036799-01.np2] Addr=52E4 Value=80
ROM[roms/astdelux/036799-01.np2] Addr=52E5 Value=45
ROM[roms/astdelux/036799-01.np2] Addr=52E6 Value=C0
ROM[roms/astdelux/036799-01.np2] Addr=52E7 Value=07
ROM[roms/astdelux/036799-01.np2] Addr=52E8 Value=E7
ROM[roms/astdelux/036799-01.np2] Addr=52E9 Value=E8
ROM[roms/astdelux/036799-01.np2] Addr=52EA Value=40
ROM[roms/astdelux/036799-01.np2] Addr=52EB Value=32
ROM[roms/astdelux/036799-01.np2] Addr=52EC Value=40
ROM[roms/astdelux/036799-01.np2] Addr=52ED Value=03
ROM[roms/astdelux/036799-01.np2] Addr=52EE Value=60
ROM[roms/astdelux/036799-01.np2] Addr=52EF Value=C8
ROM[roms/astdelux/036799-01.np2] Addr=52F0 Value=40
ROM[roms/astdelux/036799-01.np2] Addr=52F1 Value=46
ROM[roms/astdelux/036799-01.np2] Addr=52F2 Value=40
ROM[roms/astdelux/036799-01.np2] Addr=52F3 Value=07
ROM[roms/astdelux/036799-01.np2] Addr=52F4 Value=F0
ROM[roms/astdelux/036799-01.np2] Addr=52F5 Value=E8
ROM[roms/astdelux/036799-01.np2] Addr=52F6 Value=C0
ROM[roms/astdelux/036799-01.np2] Addr=52F7 Value=32
ROM[roms/astdelux/036799-01.np2] Addr=52F8 Value=C0
ROM[roms/astdelux/036799-01.np2] Addr=52F9 Value=02
ROM[roms/astdelux/036799-01.np2] Addr=52FA Value=69
ROM[roms/astdelux/036799-01.np2] Addr=52FB Value=C8
ROM[roms/astdelux/036799-01.np2] Addr=52FC Value=C0
ROM[roms/astdelux/036799-01.np2] Addr=52FD Value=46
ROM[roms/astdelux/036799-01.np2] Addr=52FE Value=C0
ROM[roms/astdelux/036799-01.np2] Addr=52FF Value=06
ROM[roms/astdelux/036799-01.np2] Addr=5300 Value=F9
ROM[roms/astdelux/036799-01.np2] Addr=5301 Value=E8
ROM[roms/astdelux/036799-01.np2] Addr=5302 Value=40
ROM[roms/astdelux/036799-01.np2] Addr=5303 Value=33
ROM[roms/astdelux/036799-01.np2] Addr=5304 Value=40
ROM[roms/astdelux/036799-01.np2] Addr=5305 Value=02
ROM[roms/astdelux/036799-01.np2] Addr=5306 Value=72
ROM[roms/astdelux/036799-01.np2] Addr=5307 Value=C8
ROM[roms/astdelux/036799-01.np2] Addr=5308 Value=40
ROM[roms/astdelux/036799-01.np2] Addr=5309 Value=47
ROM[roms/astdelux/036799-01.np2] Addr=530A Value=40
ROM[roms/astdelux/036799-01.np2] Addr=530B Value=06
ROM[roms/astdelux/036799-01.np2] Addr=530C Value=02
ROM[roms/astdelux/036799-01.np2] Addr=530D Value=E9
ROM[roms/astdelux/036799-01.np2] Addr=530E Value=C0
ROM[roms/astdelux/036799-01.np2] Addr=530F Value=33
ROM[roms/astdelux/036799-01.np2] Addr=5310 Value=80
ROM[roms/astdelux/036799-01.np2] Addr=5311 Value=01
ROM[roms/astdelux/036799-01.np2] Addr=5312 Value=7B
ROM[roms/astdelux/036799-01.np2] Addr=5313 Value=C8
ROM[roms/astdelux/036799-01.np2] Addr=5314 Value=C0
ROM[roms/astdelux/036799-01.np2] Addr=5315 Value=47
ROM[roms/astdelux/036799-01.np2] Addr=5316 Value=80
ROM[roms/astdelux/036799-01.np2] Addr=5317 Value=05
ROM[roms/astdelux/036799-01.np2] Addr=5318 Value=0B
ROM[roms/astdelux/036799-01.np2] Addr=5319 Value=E9
ROM[roms/astdelux/036799-01.np2] Addr=531A Value=00
ROM[roms/astdelux/036799-01.np2] Addr=531B Value=42
ROM[roms/astdelux/036799-01.np2] Addr=531C Value=60
ROM[roms/astdelux/036799-01.np2] Addr=531D Value=00
ROM[roms/astdelux/036799-01.np2] Addr=531E Value=84
ROM[roms/astdelux/036799-01.np2] Addr=531F Value=C8
ROM[roms/astdelux/036799-01.np2] Addr=5320 Value=00
ROM[roms/astdelux/036799-01.np2] Addr=5321 Value=56
ROM[roms/astdelux/036799-01.np2] Addr=5322 Value=60
ROM[roms/astdelux/036799-01.np2] Addr=5323 Value=04
ROM[roms/astdelux/036799-01.np2] Addr=5324 Value=14
ROM[roms/astdelux/036799-01.np2] Addr=5325 Value=E9
ROM[roms/astdelux/036799-01.np2] Addr=5326 Value=08
ROM[roms/astdelux/036799-01.np2] Addr=5327 Value=F9
ROM[roms/astdelux/036799-01.np2] Addr=5328 Value=8D
ROM[roms/astdelux/036799-01.np2] Addr=5329 Value=C8
ROM[roms/astdelux/036799-01.np2] Addr=532A Value=08
ROM[roms/astdelux/036799-01.np2] Addr=532B Value=FE
ROM[roms/astdelux/036799-01.np2] Addr=532C Value=1D
ROM[roms/astdelux/036799-01.np2] Addr=532D Value=E9
ROM[roms/astdelux/036799-01.np2] Addr=532E Value=00
ROM[roms/astdelux/036799-01.np2] Addr=532F Value=42
ROM[roms/astdelux/036799-01.np2] Addr=5330 Value=60
ROM[roms/astdelux/036799-01.np2] Addr=5331 Value=04
ROM[roms/astdelux/036799-01.np2] Addr=5332 Value=96
ROM[roms/astdelux/036799-01.np2] Addr=5333 Value=C8
ROM[roms/astdelux/036799-01.np2] Addr=5334 Value=00
ROM[roms/astdelux/036799-01.np2] Addr=5335 Value=56
ROM[roms/astdelux/036799-01.np2] Addr=5336 Value=60
ROM[roms/astdelux/036799-01.np2] Addr=5337 Value=00
ROM[roms/astdelux/036799-01.np2] Addr=5338 Value=26
ROM[roms/astdelux/036799-01.np2] Addr=5339 Value=E9
ROM[roms/astdelux/036799-01.np2] Addr=533A Value=C0
ROM[roms/astdelux/036799-01.np2] Addr=533B Value=33
ROM[roms/astdelux/036799-01.np2] Addr=533C Value=80
ROM[roms/astdelux/036799-01.np2] Addr=533D Value=05
ROM[roms/astdelux/036799-01.np2] Addr=533E Value=9F
ROM[roms/astdelux/036799-01.np2] Addr=533F Value=C8
ROM[roms/astdelux/036799-01.np2] Addr=5340 Value=C0
ROM[roms/astdelux/036799-01.np2] Addr=5341 Value=47
ROM[roms/astdelux/036799-01.np2] Addr=5342 Value=80
ROM[roms/astdelux/036799-01.np2] Addr=5343 Value=01
ROM[roms/astdelux/036799-01.np2] Addr=5344 Value=2F
ROM[roms/astdelux/036799-01.np2] Addr=5345 Value=E9
ROM[roms/astdelux/036799-01.np2] Addr=5346 Value=40
ROM[roms/astdelux/036799-01.np2] Addr=5347 Value=33
ROM[roms/astdelux/036799-01.np2] Addr=5348 Value=40
ROM[roms/astdelux/036799-01.np2] Addr=5349 Value=06
ROM[roms/astdelux/036799-01.np2] Addr=534A Value=A8
ROM[roms/astdelux/036799-01.np2] Addr=534B Value=C8
ROM[roms/astdelux/036799-01.np2] Addr=534C Value=40
ROM[roms/astdelux/036799-01.np2] Addr=534D Value=47
ROM[roms/astdelux/036799-01.np2] Addr=534E Value=40
ROM[roms/astdelux/036799-01.np2] Addr=534F Value=02
ROM[roms/astdelux/036799-01.np2] Addr=5350 Value=38
ROM[roms/astdelux/036799-01.np2] Addr=5351 Value=E9
ROM[roms/astdelux/036799-01.np2] Addr=5352 Value=C0
ROM[roms/astdelux/036799-01.np2] Addr=5353 Value=32
ROM[roms/astdelux/036799-01.np2] Addr=5354 Value=C0
ROM[roms/astdelux/036799-01.np2] Addr=5355 Value=06
ROM[roms/astdelux/036799-01.np2] Addr=5356 Value=B1
ROM[roms/astdelux/036799-01.np2] Addr=5357 Value=C8
ROM[roms/astdelux/036799-01.np2] Addr=5358 Value=C0
ROM[roms/astdelux/036799-01.np2] Addr=5359 Value=46
ROM[roms/astdelux/036799-01.np2] Addr=535A Value=C0
ROM[roms/astdelux/036799-01.np2] Addr=535B Value=02
ROM[roms/astdelux/036799-01.np2] Addr=535C Value=41
ROM[roms/astdelux/036799-01.np2] Addr=535D Value=E9
ROM[roms/astdelux/036799-01.np2] Addr=535E Value=40
ROM[roms/astdelux/036799-01.np2] Addr=535F Value=32
ROM[roms/astdelux/036799-01.np2] Addr=5360 Value=40
ROM[roms/astdelux/036799-01.np2] Addr=5361 Value=07
ROM[roms/astdelux/036799-01.np2] Addr=5362 Value=BA
ROM[roms/astdelux/036799-01.np2] Addr=5363 Value=C8
ROM[roms/astdelux/036799-01.np2] Addr=5364 Value=40
ROM[roms/astdelux/036799-01.np2] Addr=5365 Value=46
ROM[roms/astdelux/036799-01.np2] Addr=5366 Value=40
ROM[roms/astdelux/036799-01.np2] Addr=5367 Value=03
ROM[roms/astdelux/036799-01.np2] Addr=5368 Value=4A
ROM[roms/astdelux/036799-01.np2] Addr=5369 Value=E9
ROM[roms/astdelux/036799-01.np2] Addr=536A Value=80
ROM[roms/astdelux/036799-01.np2] Addr=536B Value=31
ROM[roms/astdelux/036799-01.np2] Addr=536C Value=C0
ROM[roms/astdelux/036799-01.np2] Addr=536D Value=07
ROM[roms/astdelux/036799-01.np2] Addr=536E Value=C3
ROM[roms/astdelux/036799-01.np2] Addr=536F Value=C8
ROM[roms/astdelux/036799-01.np2] Addr=5370 Value=80
ROM[roms/astdelux/036799-01.np2] Addr=5371 Value=45
ROM[roms/astdelux/036799-01.np2] Addr=5372 Value=C0
ROM[roms/astdelux/036799-01.np2] Addr=5373 Value=03
ROM[roms/astdelux/036799-01.np2] Addr=5374 Value=53
ROM[roms/astdelux/036799-01.np2] Addr=5375 Value=E9
ROM[roms/astdelux/036799-01.np2] Addr=5376 Value=60
ROM[roms/astdelux/036799-01.np2] Addr=5377 Value=40
ROM[roms/astdelux/036799-01.np2] Addr=5378 Value=00
ROM[roms/astdelux/036799-01.np2] Addr=5379 Value=06
ROM[roms/astdelux/036799-01.np2] Addr=537A Value=CC
ROM[roms/astdelux/036799-01.np2] Addr=537B Value=C8
ROM[roms/astdelux/036799-01.np2] Addr=537C Value=60
ROM[roms/astdelux/036799-01.np2] Addr=537D Value=54
ROM[roms/astdelux/036799-01.np2] Addr=537E Value=00
ROM[roms/astdelux/036799-01.np2] Addr=537F Value=02
ROM[roms/astdelux/036799-01.np2] Addr=5380 Value=5C
ROM[roms/astdelux/036799-01.np2] Addr=5381 Value=E9
ROM[roms/astdelux/036799-01.np2] Addr=5382 Value=80
ROM[roms/astdelux/036799-01.np2] Addr=5383 Value=A0
ROM[roms/astdelux/036799-01.np2] Addr=5384 Value=A0
ROM[roms/astdelux/036799-01.np2] Addr=5385 Value=01
ROM[roms/astdelux/036799-01.np2] Addr=5386 Value=00
ROM[roms/astdelux/036799-01.np2] Addr=5387 Value=70
ROM[roms/astdelux/036799-01.np2] Addr=5388 Value=00
ROM[roms/astdelux/036799-01.np2] Addr=5389 Value=00
ROM[roms/astdelux/036799-01.np2] Addr=538A Value=D7
ROM[roms/astdelux/036799-01.np2] Addr=538B Value=C9
ROM[roms/astdelux/036799-01.np2] Addr=538C Value=80
ROM[roms/astdelux/036799-01.np2] Addr=538D Value=31
ROM[roms/astdelux/036799-01.np2] Addr=538E Value=00
ROM[roms/astdelux/036799-01.np2] Addr=538F Value=02
ROM[roms/astdelux/036799-01.np2] Addr=5390 Value=75
ROM[roms/astdelux/036799-01.np2] Addr=5391 Value=F8
ROM[roms/astdelux/036799-01.np2] Addr=5392 Value=70
ROM[roms/astdelux/036799-01.np2] Addr=5393 Value=FD
ROM[roms/astdelux/036799-01.np2] Addr=5394 Value=71
ROM[roms/astdelux/036799-01.np2] Addr=5395 Value=F8
ROM[roms/astdelux/036799-01.np2] Addr=5396 Value=80
ROM[roms/astdelux/036799-01.np2] Addr=5397 Value=34
ROM[roms/astdelux/036799-01.np2] Addr=5398 Value=00
ROM[roms/astdelux/036799-01.np2] Addr=5399 Value=02
ROM[roms/astdelux/036799-01.np2] Addr=539A Value=D7
ROM[roms/astdelux/036799-01.np2] Addr=539B Value=C9
ROM[roms/astdelux/036799-01.np2] Addr=539C Value=01
ROM[roms/astdelux/036799-01.np2] Addr=539D Value=F9
ROM[roms/astdelux/036799-01.np2] Addr=539E Value=71
ROM[roms/astdelux/036799-01.np2] Addr=539F Value=F8
ROM[roms/astdelux/036799-01.np2] Addr=53A0 Value=00
ROM[roms/astdelux/036799-01.np2] Addr=53A1 Value=13
ROM[roms/astdelux/036799-01.np2] Addr=53A2 Value=00
ROM[roms/astdelux/036799-01.np2] Addr=53A3 Value=70
ROM[roms/astdelux/036799-01.np2] Addr=53A4 Value=75
ROM[roms/astdelux/036799-01.np2] Addr=53A5 Value=F8
ROM[roms/astdelux/036799-01.np2] Addr=53A6 Value=70
ROM[roms/astdelux/036799-01.np2] Addr=53A7 Value=F7
ROM[roms/astdelux/036799-01.np2] Addr=53A8 Value=C0
ROM[roms/astdelux/036799-01.np2] Addr=53A9 Value=34
ROM[roms/astdelux/036799-01.np2] Addr=53AA Value=00
ROM[roms/astdelux/036799-01.np2] Addr=53AB Value=03
ROM[roms/astdelux/036799-01.np2] Addr=53AC Value=00
ROM[roms/astdelux/036799-01.np2] Addr=53AD Value=D0
ROM[roms/astdelux/036799-01.np2] Addr=53AE Value=73
ROM[roms/astdelux/036799-01.np2] Addr=53AF Value=F5
ROM[roms/astdelux/036799-01.np2] Addr=53B0 Value=73
ROM[roms/astdelux/036799-01.np2] Addr=53B1 Value=F1
ROM[roms/astdelux/036799-01.np2] Addr=53B2 Value=78
ROM[roms/astdelux/036799-01.np2] Addr=53B3 Value=F1
ROM[roms/astdelux/036799-01.np2] Addr=53B4 Value=77
ROM[roms/astdelux/036799-01.np2] Addr=53B5 Value=F1
ROM[roms/astdelux/036799-01.np2] Addr=53B6 Value=77
ROM[roms/astdelux/036799-01.np2] Addr=53B7 Value=F5
ROM[roms/astdelux/036799-01.np2] Addr=53B8 Value=78
ROM[roms/astdelux/036799-01.np2] Addr=53B9 Value=F5
ROM[roms/astdelux/036799-01.np2] Addr=53BA Value=00
ROM[roms/astdelux/036799-01.np2] Addr=53BB Value=D0
ROM[roms/astdelux/036799-01.np2] Addr=53BC Value=00
ROM[roms/astdelux/036799-01.np2] Addr=53BD Value=12
ROM[roms/astdelux/036799-01.np2] Addr=53BE Value=28
ROM[roms/astdelux/036799-01.np2] Addr=53BF Value=3E
ROM[roms/astdelux/036799-01.np2] Addr=53C0 Value=54
ROM[roms/astdelux/036799-01.np2] Addr=53C1 Value=69
ROM[roms/astdelux/036799-01.np2] Addr=53C2 Value=7F
ROM[roms/astdelux/036799-01.np2] Addr=53C3 Value=95
ROM[roms/astdelux/036799-01.np2] Addr=53C4 Value=AB
ROM[roms/astdelux/036799-01.np2] Addr=53C5 Value=B4
ROM[roms/astdelux/036799-01.np2] Addr=53C6 Value=00
ROM[roms/astdelux/036799-01.np2] Addr=53C7 Value=56
ROM[roms/astdelux/036799-01.np2] Addr=53C8 Value=80
ROM[roms/astdelux/036799-01.np2] Addr=53C9 Value=05
ROM[roms/astdelux/036799-01.np2] Addr=53CA Value=80
ROM[roms/astdelux/036799-01.np2] Addr=53CB Value=50
ROM[roms/astdelux/036799-01.np2] Addr=53CC Value=80
ROM[roms/astdelux/036799-01.np2] Addr=53CD Value=03
ROM[roms/astdelux/036799-01.np2] Addr=53CE Value=09
ROM[roms/astdelux/036799-01.np2] Addr=53CF Value=F9
ROM[roms/astdelux/036799-01.np2] Addr=53D0 Value=80
ROM[roms/astdelux/036799-01.np2] Addr=53D1 Value=51
ROM[roms/astdelux/036799-01.np2] Addr=53D2 Value=00
ROM[roms/astdelux/036799-01.np2] Addr=53D3 Value=07
ROM[roms/astdelux/036799-01.np2] Addr=53D4 Value=80
ROM[roms/astdelux/036799-01.np2] Addr=53D5 Value=55
ROM[roms/astdelux/036799-01.np2] Addr=53D6 Value=00
ROM[roms/astdelux/036799-01.np2] Addr=53D7 Value=07
ROM[roms/astdelux/036799-01.np2] Addr=53D8 Value=09
ROM[roms/astdelux/036799-01.np2] Addr=53D9 Value=FD
ROM[roms/astdelux/036799-01.np2] Addr=53DA Value=80
ROM[roms/astdelux/036799-01.np2] Addr=53DB Value=54
ROM[roms/astdelux/036799-01.np2] Addr=53DC Value=80
ROM[roms/astdelux/036799-01.np2] Addr=53DD Value=03
ROM[roms/astdelux/036799-01.np2] Addr=53DE Value=00
ROM[roms/astdelux/036799-01.np2] Addr=53DF Value=63
ROM[roms/astdelux/036799-01.np2] Addr=53E0 Value=C0
ROM[roms/astdelux/036799-01.np2] Addr=53E1 Value=04
ROM[roms/astdelux/036799-01.np2] Addr=53E2 Value=00
ROM[roms/astdelux/036799-01.np2] Addr=53E3 Value=67
ROM[roms/astdelux/036799-01.np2] Addr=53E4 Value=C0
ROM[roms/astdelux/036799-01.np2] Addr=53E5 Value=04
ROM[roms/astdelux/036799-01.np2] Addr=53E6 Value=0B
ROM[roms/astdelux/036799-01.np2] Addr=53E7 Value=F6
ROM[roms/astdelux/036799-01.np2] Addr=53E8 Value=0B
ROM[roms/astdelux/036799-01.np2] Addr=53E9 Value=F2
ROM[roms/astdelux/036799-01.np2] Addr=53EA Value=20
ROM[roms/astdelux/036799-01.np2] Addr=53EB Value=56
ROM[roms/astdelux/036799-01.np2] Addr=53EC Value=50
ROM[roms/astdelux/036799-01.np2] Addr=53ED Value=05
ROM[roms/astdelux/036799-01.np2] Addr=53EE Value=D0
ROM[roms/astdelux/036799-01.np2] Addr=53EF Value=50
ROM[roms/astdelux/036799-01.np2] Addr=53F0 Value=70
ROM[roms/astdelux/036799-01.np2] Addr=53F1 Value=03
ROM[roms/astdelux/036799-01.np2] Addr=53F2 Value=40
ROM[roms/astdelux/036799-01.np2] Addr=53F3 Value=42
ROM[roms/astdelux/036799-01.np2] Addr=53F4 Value=E0
ROM[roms/astdelux/036799-01.np2] Addr=53F5 Value=01
ROM[roms/astdelux/036799-01.np2] Addr=53F6 Value=30
ROM[roms/astdelux/036799-01.np2] Addr=53F7 Value=51
ROM[roms/astdelux/036799-01.np2] Addr=53F8 Value=30
ROM[roms/astdelux/036799-01.np2] Addr=53F9 Value=07
ROM[roms/astdelux/036799-01.np2] Addr=53FA Value=D0
ROM[roms/astdelux/036799-01.np2] Addr=53FB Value=55
ROM[roms/astdelux/036799-01.np2] Addr=53FC Value=D0
ROM[roms/astdelux/036799-01.np2] Addr=53FD Value=06
ROM[roms/astdelux/036799-01.np2] Addr=53FE Value=C0
ROM[roms/astdelux/036799-01.np2] Addr=53FF Value=45
ROM[roms/astdelux/036799-01.np2] Addr=5400 Value=40
ROM[roms/astdelux/036799-01.np2] Addr=5401 Value=02
ROM[roms/astdelux/036799-01.np2] Addr=5402 Value=20
ROM[roms/astdelux/036799-01.np2] Addr=5403 Value=54
ROM[roms/astdelux/036799-01.np2] Addr=5404 Value=80
ROM[roms/astdelux/036799-01.np2] Addr=5405 Value=03
ROM[roms/astdelux/036799-01.np2] Addr=5406 Value=E8
ROM[roms/astdelux/036799-01.np2] Addr=5407 Value=62
ROM[roms/astdelux/036799-01.np2] Addr=5408 Value=08
ROM[roms/astdelux/036799-01.np2] Addr=5409 Value=05
ROM[roms/astdelux/036799-01.np2] Addr=540A Value=10
ROM[roms/astdelux/036799-01.np2] Addr=540B Value=67
ROM[roms/astdelux/036799-01.np2] Addr=540C Value=78
ROM[roms/astdelux/036799-01.np2] Addr=540D Value=04
ROM[roms/astdelux/036799-01.np2] Addr=540E Value=C0
ROM[roms/astdelux/036799-01.np2] Addr=540F Value=45
ROM[roms/astdelux/036799-01.np2] Addr=5410 Value=40
ROM[roms/astdelux/036799-01.np2] Addr=5411 Value=03
ROM[roms/astdelux/036799-01.np2] Addr=5412 Value=60
ROM[roms/astdelux/036799-01.np2] Addr=5413 Value=42
ROM[roms/astdelux/036799-01.np2] Addr=5414 Value=C0
ROM[roms/astdelux/036799-01.np2] Addr=5415 Value=02
ROM[roms/astdelux/036799-01.np2] Addr=5416 Value=40
ROM[roms/astdelux/036799-01.np2] Addr=5417 Value=56
ROM[roms/astdelux/036799-01.np2] Addr=5418 Value=10
ROM[roms/astdelux/036799-01.np2] Addr=5419 Value=05
ROM[roms/astdelux/036799-01.np2] Addr=541A Value=30
ROM[roms/astdelux/036799-01.np2] Addr=541B Value=51
ROM[roms/astdelux/036799-01.np2] Addr=541C Value=50
ROM[roms/astdelux/036799-01.np2] Addr=541D Value=03
ROM[roms/astdelux/036799-01.np2] Addr=541E Value=60
ROM[roms/astdelux/036799-01.np2] Addr=541F Value=42
ROM[roms/astdelux/036799-01.np2] Addr=5420 Value=A0
ROM[roms/astdelux/036799-01.np2] Addr=5421 Value=01
ROM[roms/astdelux/036799-01.np2] Addr=5422 Value=E0
ROM[roms/astdelux/036799-01.np2] Addr=5423 Value=50
ROM[roms/astdelux/036799-01.np2] Addr=5424 Value=40
ROM[roms/astdelux/036799-01.np2] Addr=5425 Value=07
ROM[roms/astdelux/036799-01.np2] Addr=5426 Value=10
ROM[roms/astdelux/036799-01.np2] Addr=5427 Value=56
ROM[roms/astdelux/036799-01.np2] Addr=5428 Value=B0
ROM[roms/astdelux/036799-01.np2] Addr=5429 Value=06
ROM[roms/astdelux/036799-01.np2] Addr=542A Value=A0
ROM[roms/astdelux/036799-01.np2] Addr=542B Value=45
ROM[roms/astdelux/036799-01.np2] Addr=542C Value=60
ROM[roms/astdelux/036799-01.np2] Addr=542D Value=02
ROM[roms/astdelux/036799-01.np2] Addr=542E Value=30
ROM[roms/astdelux/036799-01.np2] Addr=542F Value=50
ROM[roms/astdelux/036799-01.np2] Addr=5430 Value=90
ROM[roms/astdelux/036799-01.np2] Addr=5431 Value=03
ROM[roms/astdelux/036799-01.np2] Addr=5432 Value=D0
ROM[roms/astdelux/036799-01.np2] Addr=5433 Value=62
ROM[roms/astdelux/036799-01.np2] Addr=5434 Value=50
ROM[roms/astdelux/036799-01.np2] Addr=5435 Value=05
ROM[roms/astdelux/036799-01.np2] Addr=5436 Value=18
ROM[roms/astdelux/036799-01.np2] Addr=5437 Value=67
ROM[roms/astdelux/036799-01.np2] Addr=5438 Value=28
ROM[roms/astdelux/036799-01.np2] Addr=5439 Value=04
ROM[roms/astdelux/036799-01.np2] Addr=543A Value=60
ROM[roms/astdelux/036799-01.np2] Addr=543B Value=45
ROM[roms/astdelux/036799-01.np2] Addr=543C Value=40
ROM[roms/astdelux/036799-01.np2] Addr=543D Value=03
ROM[roms/astdelux/036799-01.np2] Addr=543E Value=80
ROM[roms/astdelux/036799-01.np2] Addr=543F Value=42
ROM[roms/astdelux/036799-01.np2] Addr=5440 Value=A0
ROM[roms/astdelux/036799-01.np2] Addr=5441 Value=02
ROM[roms/astdelux/036799-01.np2] Addr=5442 Value=60
ROM[roms/astdelux/036799-01.np2] Addr=5443 Value=56
ROM[roms/astdelux/036799-01.np2] Addr=5444 Value=E0
ROM[roms/astdelux/036799-01.np2] Addr=5445 Value=04
ROM[roms/astdelux/036799-01.np2] Addr=5446 Value=80
ROM[roms/astdelux/036799-01.np2] Addr=5447 Value=51
ROM[roms/astdelux/036799-01.np2] Addr=5448 Value=40
ROM[roms/astdelux/036799-01.np2] Addr=5449 Value=03
ROM[roms/astdelux/036799-01.np2] Addr=544A Value=80
ROM[roms/astdelux/036799-01.np2] Addr=544B Value=42
ROM[roms/astdelux/036799-01.np2] Addr=544C Value=40
ROM[roms/astdelux/036799-01.np2] Addr=544D Value=01
ROM[roms/astdelux/036799-01.np2] Addr=544E Value=90
ROM[roms/astdelux/036799-01.np2] Addr=544F Value=50
ROM[roms/astdelux/036799-01.np2] Addr=5450 Value=50
ROM[roms/astdelux/036799-01.np2] Addr=5451 Value=07
ROM[roms/astdelux/036799-01.np2] Addr=5452 Value=50
ROM[roms/astdelux/036799-01.np2] Addr=5453 Value=56
ROM[roms/astdelux/036799-01.np2] Addr=5454 Value=70
ROM[roms/astdelux/036799-01.np2] Addr=5455 Value=06
ROM[roms/astdelux/036799-01.np2] Addr=5456 Value=40
ROM[roms/astdelux/036799-01.np2] Addr=5457 Value=45
ROM[roms/astdelux/036799-01.np2] Addr=5458 Value=80
ROM[roms/astdelux/036799-01.np2] Addr=5459 Value=02
ROM[roms/astdelux/036799-01.np2] Addr=545A Value=80
ROM[roms/astdelux/036799-01.np2] Addr=545B Value=50
ROM[roms/astdelux/036799-01.np2] Addr=545C Value=80
ROM[roms/astdelux/036799-01.np2] Addr=545D Value=03
ROM[roms/astdelux/036799-01.np2] Addr=545E Value=A8
ROM[roms/astdelux/036799-01.np2] Addr=545F Value=62
ROM[roms/astdelux/036799-01.np2] Addr=5460 Value=98
ROM[roms/astdelux/036799-01.np2] Addr=5461 Value=05
ROM[roms/astdelux/036799-01.np2] Addr=5462 Value=18
ROM[roms/astdelux/036799-01.np2] Addr=5463 Value=67
ROM[roms/astdelux/036799-01.np2] Addr=5464 Value=28
ROM[roms/astdelux/036799-01.np2] Addr=5465 Value=00
ROM[roms/astdelux/036799-01.np2] Addr=5466 Value=00
ROM[roms/astdelux/036799-01.np2] Addr=5467 Value=45
ROM[roms/astdelux/036799-01.np2] Addr=5468 Value=80
ROM[roms/astdelux/036799-01.np2] Addr=5469 Value=03
ROM[roms/astdelux/036799-01.np2] Addr=546A Value=C0
ROM[roms/astdelux/036799-01.np2] Addr=546B Value=42
ROM[roms/astdelux/036799-01.np2] Addr=546C Value=40
ROM[roms/astdelux/036799-01.np2] Addr=546D Value=02
ROM[roms/astdelux/036799-01.np2] Addr=546E Value=70
ROM[roms/astdelux/036799-01.np2] Addr=546F Value=56
ROM[roms/astdelux/036799-01.np2] Addr=5470 Value=A0
ROM[roms/astdelux/036799-01.np2] Addr=5471 Value=04
ROM[roms/astdelux/036799-01.np2] Addr=5472 Value=D0
ROM[roms/astdelux/036799-01.np2] Addr=5473 Value=51
ROM[roms/astdelux/036799-01.np2] Addr=5474 Value=10
ROM[roms/astdelux/036799-01.np2] Addr=5475 Value=03
ROM[roms/astdelux/036799-01.np2] Addr=5476 Value=A0
ROM[roms/astdelux/036799-01.np2] Addr=5477 Value=42
ROM[roms/astdelux/036799-01.np2] Addr=5478 Value=00
ROM[roms/astdelux/036799-01.np2] Addr=5479 Value=01
ROM[roms/astdelux/036799-01.np2] Addr=547A Value=40
ROM[roms/astdelux/036799-01.np2] Addr=547B Value=50
ROM[roms/astdelux/036799-01.np2] Addr=547C Value=50
ROM[roms/astdelux/036799-01.np2] Addr=547D Value=07
ROM[roms/astdelux/036799-01.np2] Addr=547E Value=90
ROM[roms/astdelux/036799-01.np2] Addr=547F Value=56
ROM[roms/astdelux/036799-01.np2] Addr=5480 Value=30
ROM[roms/astdelux/036799-01.np2] Addr=5481 Value=06
ROM[roms/astdelux/036799-01.np2] Addr=5482 Value=00
ROM[roms/astdelux/036799-01.np2] Addr=5483 Value=45
ROM[roms/astdelux/036799-01.np2] Addr=5484 Value=A0
ROM[roms/astdelux/036799-01.np2] Addr=5485 Value=02
ROM[roms/astdelux/036799-01.np2] Addr=5486 Value=E0
ROM[roms/astdelux/036799-01.np2] Addr=5487 Value=50
ROM[roms/astdelux/036799-01.np2] Addr=5488 Value=60
ROM[roms/astdelux/036799-01.np2] Addr=5489 Value=03
ROM[roms/astdelux/036799-01.np2] Addr=548A Value=78
ROM[roms/astdelux/036799-01.np2] Addr=548B Value=62
ROM[roms/astdelux/036799-01.np2] Addr=548C Value=D0
ROM[roms/astdelux/036799-01.np2] Addr=548D Value=05
ROM[roms/astdelux/036799-01.np2] Addr=548E Value=10
ROM[roms/astdelux/036799-01.np2] Addr=548F Value=67
ROM[roms/astdelux/036799-01.np2] Addr=5490 Value=70
ROM[roms/astdelux/036799-01.np2] Addr=5491 Value=00
ROM[roms/astdelux/036799-01.np2] Addr=5492 Value=A0
ROM[roms/astdelux/036799-01.np2] Addr=5493 Value=44
ROM[roms/astdelux/036799-01.np2] Addr=5494 Value=80
ROM[roms/astdelux/036799-01.np2] Addr=5495 Value=03
ROM[roms/astdelux/036799-01.np2] Addr=5496 Value=0A
ROM[roms/astdelux/036799-01.np2] Addr=5497 Value=F3
ROM[roms/astdelux/036799-01.np2] Addr=5498 Value=80
ROM[roms/astdelux/036799-01.np2] Addr=5499 Value=56
ROM[roms/astdelux/036799-01.np2] Addr=549A Value=60
ROM[roms/astdelux/036799-01.np2] Addr=549B Value=04
ROM[roms/astdelux/036799-01.np2] Addr=549C Value=20
ROM[roms/astdelux/036799-01.np2] Addr=549D Value=52
ROM[roms/astdelux/036799-01.np2] Addr=549E Value=E0
ROM[roms/astdelux/036799-01.np2] Addr=549F Value=02
ROM[roms/astdelux/036799-01.np2] Addr=54A0 Value=C0
ROM[roms/astdelux/036799-01.np2] Addr=54A1 Value=42
ROM[roms/astdelux/036799-01.np2] Addr=54A2 Value=C0
ROM[roms/astdelux/036799-01.np2] Addr=54A3 Value=00
ROM[roms/astdelux/036799-01.np2] Addr=54A4 Value=20
ROM[roms/astdelux/036799-01.np2] Addr=54A5 Value=54
ROM[roms/astdelux/036799-01.np2] Addr=54A6 Value=60
ROM[roms/astdelux/036799-01.np2] Addr=54A7 Value=07
ROM[roms/astdelux/036799-01.np2] Addr=54A8 Value=C0
ROM[roms/astdelux/036799-01.np2] Addr=54A9 Value=56
ROM[roms/astdelux/036799-01.np2] Addr=54AA Value=F0
ROM[roms/astdelux/036799-01.np2] Addr=54AB Value=05
ROM[roms/astdelux/036799-01.np2] Addr=54AC Value=C0
ROM[roms/astdelux/036799-01.np2] Addr=54AD Value=44
ROM[roms/astdelux/036799-01.np2] Addr=54AE Value=C0
ROM[roms/astdelux/036799-01.np2] Addr=54AF Value=02
ROM[roms/astdelux/036799-01.np2] Addr=54B0 Value=30
ROM[roms/astdelux/036799-01.np2] Addr=54B1 Value=51
ROM[roms/astdelux/036799-01.np2] Addr=54B2 Value=50
ROM[roms/astdelux/036799-01.np2] Addr=54B3 Value=03
ROM[roms/astdelux/036799-01.np2] Addr=54B4 Value=48
ROM[roms/astdelux/036799-01.np2] Addr=54B5 Value=62
ROM[roms/astdelux/036799-01.np2] Addr=54B6 Value=10
ROM[roms/astdelux/036799-01.np2] Addr=54B7 Value=06
ROM[roms/astdelux/036799-01.np2] Addr=54B8 Value=00
ROM[roms/astdelux/036799-01.np2] Addr=54B9 Value=67
ROM[roms/astdelux/036799-01.np2] Addr=54BA Value=C0
ROM[roms/astdelux/036799-01.np2] Addr=54BB Value=00
ROM[roms/astdelux/036799-01.np2] Addr=54BC Value=40
ROM[roms/astdelux/036799-01.np2] Addr=54BD Value=44
ROM[roms/astdelux/036799-01.np2] Addr=54BE Value=A0
ROM[roms/astdelux/036799-01.np2] Addr=54BF Value=03
ROM[roms/astdelux/036799-01.np2] Addr=54C0 Value=20
ROM[roms/astdelux/036799-01.np2] Addr=54C1 Value=43
ROM[roms/astdelux/036799-01.np2] Addr=54C2 Value=A0
ROM[roms/astdelux/036799-01.np2] Addr=54C3 Value=01
ROM[roms/astdelux/036799-01.np2] Addr=54C4 Value=80
ROM[roms/astdelux/036799-01.np2] Addr=54C5 Value=56
ROM[roms/astdelux/036799-01.np2] Addr=54C6 Value=20
ROM[roms/astdelux/036799-01.np2] Addr=54C7 Value=04
ROM[roms/astdelux/036799-01.np2] Addr=54C8 Value=60
ROM[roms/astdelux/036799-01.np2] Addr=54C9 Value=52
ROM[roms/astdelux/036799-01.np2] Addr=54CA Value=A0
ROM[roms/astdelux/036799-01.np2] Addr=54CB Value=02
ROM[roms/astdelux/036799-01.np2] Addr=54CC Value=C0
ROM[roms/astdelux/036799-01.np2] Addr=54CD Value=42
ROM[roms/astdelux/036799-01.np2] Addr=54CE Value=80
ROM[roms/astdelux/036799-01.np2] Addr=54CF Value=00
ROM[roms/astdelux/036799-01.np2] Addr=54D0 Value=70
ROM[roms/astdelux/036799-01.np2] Addr=54D1 Value=54
ROM[roms/astdelux/036799-01.np2] Addr=54D2 Value=50
ROM[roms/astdelux/036799-01.np2] Addr=54D3 Value=07
ROM[roms/astdelux/036799-01.np2] Addr=54D4 Value=E0
ROM[roms/astdelux/036799-01.np2] Addr=54D5 Value=56
ROM[roms/astdelux/036799-01.np2] Addr=54D6 Value=A0
ROM[roms/astdelux/036799-01.np2] Addr=54D7 Value=05
ROM[roms/astdelux/036799-01.np2] Addr=54D8 Value=A0
ROM[roms/astdelux/036799-01.np2] Addr=54D9 Value=44
ROM[roms/astdelux/036799-01.np2] Addr=54DA Value=C0
ROM[roms/astdelux/036799-01.np2] Addr=54DB Value=02
ROM[roms/astdelux/036799-01.np2] Addr=54DC Value=90
ROM[roms/astdelux/036799-01.np2] Addr=54DD Value=51
ROM[roms/astdelux/036799-01.np2] Addr=54DE Value=30
ROM[roms/astdelux/036799-01.np2] Addr=54DF Value=03
ROM[roms/astdelux/036799-01.np2] Addr=54E0 Value=10
ROM[roms/astdelux/036799-01.np2] Addr=54E1 Value=62
ROM[roms/astdelux/036799-01.np2] Addr=54E2 Value=50
ROM[roms/astdelux/036799-01.np2] Addr=54E3 Value=06
ROM[roms/astdelux/036799-01.np2] Addr=54E4 Value=E8
ROM[roms/astdelux/036799-01.np2] Addr=54E5 Value=66
ROM[roms/astdelux/036799-01.np2] Addr=54E6 Value=10
ROM[roms/astdelux/036799-01.np2] Addr=54E7 Value=01
ROM[roms/astdelux/036799-01.np2] Addr=54E8 Value=00
ROM[roms/astdelux/036799-01.np2] Addr=54E9 Value=40
ROM[roms/astdelux/036799-01.np2] Addr=54EA Value=A0
ROM[roms/astdelux/036799-01.np2] Addr=54EB Value=03
ROM[roms/astdelux/036799-01.np2] Addr=54EC Value=60
ROM[roms/astdelux/036799-01.np2] Addr=54ED Value=43
ROM[roms/astdelux/036799-01.np2] Addr=54EE Value=60
ROM[roms/astdelux/036799-01.np2] Addr=54EF Value=01
ROM[roms/astdelux/036799-01.np2] Addr=54F0 Value=80
ROM[roms/astdelux/036799-01.np2] Addr=54F1 Value=56
ROM[roms/astdelux/036799-01.np2] Addr=54F2 Value=20
ROM[roms/astdelux/036799-01.np2] Addr=54F3 Value=00
ROM[roms/astdelux/036799-01.np2] Addr=54F4 Value=A0
ROM[roms/astdelux/036799-01.np2] Addr=54F5 Value=52
ROM[roms/astdelux/036799-01.np2] Addr=54F6 Value=60
ROM[roms/astdelux/036799-01.np2] Addr=54F7 Value=02
ROM[roms/astdelux/036799-01.np2] Addr=54F8 Value=C0
ROM[roms/astdelux/036799-01.np2] Addr=54F9 Value=42
ROM[roms/astdelux/036799-01.np2] Addr=54FA Value=40
ROM[roms/astdelux/036799-01.np2] Addr=54FB Value=00
ROM[roms/astdelux/036799-01.np2] Addr=54FC Value=C0
ROM[roms/astdelux/036799-01.np2] Addr=54FD Value=54
ROM[roms/astdelux/036799-01.np2] Addr=54FE Value=40
ROM[roms/astdelux/036799-01.np2] Addr=54FF Value=07
ROM[roms/astdelux/036799-01.np2] Addr=5500 Value=10
ROM[roms/astdelux/036799-01.np2] Addr=5501 Value=57
ROM[roms/astdelux/036799-01.np2] Addr=5502 Value=60
ROM[roms/astdelux/036799-01.np2] Addr=5503 Value=05
ROM[roms/astdelux/036799-01.np2] Addr=5504 Value=40
ROM[roms/astdelux/036799-01.np2] Addr=5505 Value=44
ROM[roms/astdelux/036799-01.np2] Addr=5506 Value=C0
ROM[roms/astdelux/036799-01.np2] Addr=5507 Value=02
ROM[roms/astdelux/036799-01.np2] Addr=5508 Value=D0
ROM[roms/astdelux/036799-01.np2] Addr=5509 Value=51
ROM[roms/astdelux/036799-01.np2] Addr=550A Value=10
ROM[roms/astdelux/036799-01.np2] Addr=550B Value=03
ROM[roms/astdelux/036799-01.np2] Addr=550C Value=D8
ROM[roms/astdelux/036799-01.np2] Addr=550D Value=61
ROM[roms/astdelux/036799-01.np2] Addr=550E Value=80
ROM[roms/astdelux/036799-01.np2] Addr=550F Value=06
ROM[roms/astdelux/036799-01.np2] Addr=5510 Value=C8
ROM[roms/astdelux/036799-01.np2] Addr=5511 Value=66
ROM[roms/astdelux/036799-01.np2] Addr=5512 Value=58
ROM[roms/astdelux/036799-01.np2] Addr=5513 Value=01
ROM[roms/astdelux/036799-01.np2] Addr=5514 Value=60
ROM[roms/astdelux/036799-01.np2] Addr=5515 Value=40
ROM[roms/astdelux/036799-01.np2] Addr=5516 Value=80
ROM[roms/astdelux/036799-01.np2] Addr=5517 Value=03
ROM[roms/astdelux/036799-01.np2] Addr=5518 Value=60
ROM[roms/astdelux/036799-01.np2] Addr=5519 Value=43
ROM[roms/astdelux/036799-01.np2] Addr=551A Value=20
ROM[roms/astdelux/036799-01.np2] Addr=551B Value=01
ROM[roms/astdelux/036799-01.np2] Addr=551C Value=80
ROM[roms/astdelux/036799-01.np2] Addr=551D Value=56
ROM[roms/astdelux/036799-01.np2] Addr=551E Value=60
ROM[roms/astdelux/036799-01.np2] Addr=551F Value=00
ROM[roms/astdelux/036799-01.np2] Addr=5520 Value=E0
ROM[roms/astdelux/036799-01.np2] Addr=5521 Value=52
ROM[roms/astdelux/036799-01.np2] Addr=5522 Value=20
ROM[roms/astdelux/036799-01.np2] Addr=5523 Value=02
ROM[roms/astdelux/036799-01.np2] Addr=5524 Value=C0
ROM[roms/astdelux/036799-01.np2] Addr=5525 Value=42
ROM[roms/astdelux/036799-01.np2] Addr=5526 Value=00
ROM[roms/astdelux/036799-01.np2] Addr=5527 Value=00
ROM[roms/astdelux/036799-01.np2] Addr=5528 Value=10
ROM[roms/astdelux/036799-01.np2] Addr=5529 Value=55
ROM[roms/astdelux/036799-01.np2] Addr=552A Value=30
ROM[roms/astdelux/036799-01.np2] Addr=552B Value=07
ROM[roms/astdelux/036799-01.np2] Addr=552C Value=30
ROM[roms/astdelux/036799-01.np2] Addr=552D Value=57
ROM[roms/astdelux/036799-01.np2] Addr=552E Value=10
ROM[roms/astdelux/036799-01.np2] Addr=552F Value=05
ROM[roms/astdelux/036799-01.np2] Addr=5530 Value=00
ROM[roms/astdelux/036799-01.np2] Addr=5531 Value=40
ROM[roms/astdelux/036799-01.np2] Addr=5532 Value=C0
ROM[roms/astdelux/036799-01.np2] Addr=5533 Value=02
ROM[roms/astdelux/036799-01.np2] Addr=5534 Value=20
ROM[roms/astdelux/036799-01.np2] Addr=5535 Value=52
ROM[roms/astdelux/036799-01.np2] Addr=5536 Value=E0
ROM[roms/astdelux/036799-01.np2] Addr=5537 Value=02
ROM[roms/astdelux/036799-01.np2] Addr=5538 Value=98
ROM[roms/astdelux/036799-01.np2] Addr=5539 Value=61
ROM[roms/astdelux/036799-01.np2] Addr=553A Value=A8
ROM[roms/astdelux/036799-01.np2] Addr=553B Value=06
ROM[roms/astdelux/036799-01.np2] Addr=553C Value=A8
ROM[roms/astdelux/036799-01.np2] Addr=553D Value=66
ROM[roms/astdelux/036799-01.np2] Addr=553E Value=98
ROM[roms/astdelux/036799-01.np2] Addr=553F Value=01
ROM[roms/astdelux/036799-01.np2] Addr=5540 Value=C0
ROM[roms/astdelux/036799-01.np2] Addr=5541 Value=40
ROM[roms/astdelux/036799-01.np2] Addr=5542 Value=80
ROM[roms/astdelux/036799-01.np2] Addr=5543 Value=03
ROM[roms/astdelux/036799-01.np2] Addr=5544 Value=80
ROM[roms/astdelux/036799-01.np2] Addr=5545 Value=43
ROM[roms/astdelux/036799-01.np2] Addr=5546 Value=C0
ROM[roms/astdelux/036799-01.np2] Addr=5547 Value=00
ROM[roms/astdelux/036799-01.np2] Addr=5548 Value=00
ROM[roms/astdelux/036799-01.np2] Addr=5549 Value=56
ROM[roms/astdelux/036799-01.np2] Addr=554A Value=80
ROM[roms/astdelux/036799-01.np2] Addr=554B Value=05
ROM[roms/astdelux/036799-01.np2] Addr=554C Value=80
ROM[roms/astdelux/036799-01.np2] Addr=554D Value=50
ROM[roms/astdelux/036799-01.np2] Addr=554E Value=80
ROM[roms/astdelux/036799-01.np2] Addr=554F Value=73
ROM[roms/astdelux/036799-01.np2] Addr=5550 Value=79
ROM[roms/astdelux/036799-01.np2] Addr=5551 Value=F9
ROM[roms/astdelux/036799-01.np2] Addr=5552 Value=80
ROM[roms/astdelux/036799-01.np2] Addr=5553 Value=51
ROM[roms/astdelux/036799-01.np2] Addr=5554 Value=00
ROM[roms/astdelux/036799-01.np2] Addr=5555 Value=77
ROM[roms/astdelux/036799-01.np2] Addr=5556 Value=80
ROM[roms/astdelux/036799-01.np2] Addr=5557 Value=55
ROM[roms/astdelux/036799-01.np2] Addr=5558 Value=00
ROM[roms/astdelux/036799-01.np2] Addr=5559 Value=77
ROM[roms/astdelux/036799-01.np2] Addr=555A Value=79
ROM[roms/astdelux/036799-01.np2] Addr=555B Value=FD
ROM[roms/astdelux/036799-01.np2] Addr=555C Value=80
ROM[roms/astdelux/036799-01.np2] Addr=555D Value=54
ROM[roms/astdelux/036799-01.np2] Addr=555E Value=80
ROM[roms/astdelux/036799-01.np2] Addr=555F Value=73
ROM[roms/astdelux/036799-01.np2] Addr=5560 Value=00
ROM[roms/astdelux/036799-01.np2] Addr=5561 Value=63
ROM[roms/astdelux/036799-01.np2] Addr=5562 Value=C0
ROM[roms/astdelux/036799-01.np2] Addr=5563 Value=74
ROM[roms/astdelux/036799-01.np2] Addr=5564 Value=00
ROM[roms/astdelux/036799-01.np2] Addr=5565 Value=67
ROM[roms/astdelux/036799-01.np2] Addr=5566 Value=C0
ROM[roms/astdelux/036799-01.np2] Addr=5567 Value=74
ROM[roms/astdelux/036799-01.np2] Addr=5568 Value=80
ROM[roms/astdelux/036799-01.np2] Addr=5569 Value=70
ROM[roms/astdelux/036799-01.np2] Addr=556A Value=20
ROM[roms/astdelux/036799-01.np2] Addr=556B Value=02
ROM[roms/astdelux/036799-01.np2] Addr=556C Value=00
ROM[roms/astdelux/036799-01.np2] Addr=556D Value=D0
ROM[roms/astdelux/036799-01.np2] Addr=556E Value=70
ROM[roms/astdelux/036799-01.np2] Addr=556F Value=FA
ROM[roms/astdelux/036799-01.np2] Addr=5570 Value=72
ROM[roms/astdelux/036799-01.np2] Addr=5571 Value=F2
ROM[roms/astdelux/036799-01.np2] Addr=5572 Value=72
ROM[roms/astdelux/036799-01.np2] Addr=5573 Value=F6
ROM[roms/astdelux/036799-01.np2] Addr=5574 Value=70
ROM[roms/astdelux/036799-01.np2] Addr=5575 Value=FE
ROM[roms/astdelux/036799-01.np2] Addr=5576 Value=06
ROM[roms/astdelux/036799-01.np2] Addr=5577 Value=F9
ROM[roms/astdelux/036799-01.np2] Addr=5578 Value=72
ROM[roms/astdelux/036799-01.np2] Addr=5579 Value=F8
ROM[roms/astdelux/036799-01.np2] Addr=557A Value=02
ROM[roms/astdelux/036799-01.np2] Addr=557B Value=F6
ROM[roms/astdelux/036799-01.np2] Addr=557C Value=00
ROM[roms/astdelux/036799-01.np2] Addr=557D Value=D0
ROM[roms/astdelux/036799-01.np2] Addr=557E Value=70
ROM[roms/astdelux/036799-01.np2] Addr=557F Value=FB
ROM[roms/astdelux/036799-01.np2] Addr=5580 Value=73
ROM[roms/astdelux/036799-01.np2] Addr=5581 Value=F0
ROM[roms/astdelux/036799-01.np2] Addr=5582 Value=71
ROM[roms/astdelux/036799-01.np2] Addr=5583 Value=F5
ROM[roms/astdelux/036799-01.np2] Addr=5584 Value=70
ROM[roms/astdelux/036799-01.np2] Addr=5585 Value=F5
ROM[roms/astdelux/036799-01.np2] Addr=5586 Value=75
ROM[roms/astdelux/036799-01.np2] Addr=5587 Value=F5
ROM[roms/astdelux/036799-01.np2] Addr=5588 Value=77
ROM[roms/astdelux/036799-01.np2] Addr=5589 Value=F0
ROM[roms/astdelux/036799-01.np2] Addr=558A Value=03
ROM[roms/astdelux/036799-01.np2] Addr=558B Value=F0
ROM[roms/astdelux/036799-01.np2] Addr=558C Value=71
ROM[roms/astdelux/036799-01.np2] Addr=558D Value=F5
ROM[roms/astdelux/036799-01.np2] Addr=558E Value=70
ROM[roms/astdelux/036799-01.np2] Addr=558F Value=F5
ROM[roms/astdelux/036799-01.np2] Addr=5590 Value=75
ROM[roms/astdelux/036799-01.np2] Addr=5591 Value=F5
ROM[roms/astdelux/036799-01.np2] Addr=5592 Value=77
ROM[roms/astdelux/036799-01.np2] Addr=5593 Value=F0
ROM[roms/astdelux/036799-01.np2] Addr=5594 Value=0A
ROM[roms/astdelux/036799-01.np2] Addr=5595 Value=EB
ROM[roms/astdelux/036799-01.np2] Addr=5596 Value=70
ROM[roms/astdelux/036799-01.np2] Addr=5597 Value=FB
ROM[roms/astdelux/036799-01.np2] Addr=5598 Value=72
ROM[roms/astdelux/036799-01.np2] Addr=5599 Value=F8
ROM[roms/astdelux/036799-01.np2] Addr=559A Value=06
ROM[roms/astdelux/036799-01.np2] Addr=559B Value=FF
ROM[roms/astdelux/036799-01.np2] Addr=559C Value=58
ROM[roms/astdelux/036799-01.np2] Addr=559D Value=EB
ROM[roms/astdelux/036799-01.np2] Addr=559E Value=70
ROM[roms/astdelux/036799-01.np2] Addr=559F Value=FB
ROM[roms/astdelux/036799-01.np2] Addr=55A0 Value=72
ROM[roms/astdelux/036799-01.np2] Addr=55A1 Value=F0
ROM[roms/astdelux/036799-01.np2] Addr=55A2 Value=72
ROM[roms/astdelux/036799-01.np2] Addr=55A3 Value=F6
ROM[roms/astdelux/036799-01.np2] Addr=55A4 Value=70
ROM[roms/astdelux/036799-01.np2] Addr=55A5 Value=F6
ROM[roms/astdelux/036799-01.np2] Addr=55A6 Value=76
ROM[roms/astdelux/036799-01.np2] Addr=55A7 Value=F6
ROM[roms/astdelux/036799-01.np2] Addr=55A8 Value=76
ROM[roms/astdelux/036799-01.np2] Addr=55A9 Value=F0
ROM[roms/astdelux/036799-01.np2] Addr=55AA Value=0A
ROM[roms/astdelux/036799-01.np2] Addr=55AB Value=EB
ROM[roms/astdelux/036799-01.np2] Addr=55AC Value=72
ROM[roms/astdelux/036799-01.np2] Addr=55AD Value=F8
ROM[roms/astdelux/036799-01.np2] Addr=55AE Value=06
ROM[roms/astdelux/036799-01.np2] Addr=55AF Value=F8
ROM[roms/astdelux/036799-01.np2] Addr=55B0 Value=70
ROM[roms/astdelux/036799-01.np2] Addr=55B1 Value=FB
ROM[roms/astdelux/036799-01.np2] Addr=55B2 Value=72
ROM[roms/astdelux/036799-01.np2] Addr=55B3 Value=F8
ROM[roms/astdelux/036799-01.np2] Addr=55B4 Value=05
ROM[roms/astdelux/036799-01.np2] Addr=55B5 Value=F7
ROM[roms/astdelux/036799-01.np2] Addr=55B6 Value=77
ROM[roms/astdelux/036799-01.np2] Addr=55B7 Value=F0
ROM[roms/astdelux/036799-01.np2] Addr=55B8 Value=00
ROM[roms/astdelux/036799-01.np2] Addr=55B9 Value=F7
ROM[roms/astdelux/036799-01.np2] Addr=55BA Value=03
ROM[roms/astdelux/036799-01.np2] Addr=55BB Value=F8
ROM[roms/astdelux/036799-01.np2] Addr=55BC Value=00
ROM[roms/astdelux/036799-01.np2] Addr=55BD Value=D0
ROM[roms/astdelux/036799-01.np2] Addr=55BE Value=70
ROM[roms/astdelux/036799-01.np2] Addr=55BF Value=FB
ROM[roms/astdelux/036799-01.np2] Addr=55C0 Value=72
ROM[roms/astdelux/036799-01.np2] Addr=55C1 Value=F8
ROM[roms/astdelux/036799-01.np2] Addr=55C2 Value=70
ROM[roms/astdelux/036799-01.np2] Addr=55C3 Value=F6
ROM[roms/astdelux/036799-01.np2] Addr=55C4 Value=06
ROM[roms/astdelux/036799-01.np2] Addr=55C5 Value=F6
ROM[roms/astdelux/036799-01.np2] Addr=55C6 Value=72
ROM[roms/astdelux/036799-01.np2] Addr=55C7 Value=F0
ROM[roms/astdelux/036799-01.np2] Addr=55C8 Value=70
ROM[roms/astdelux/036799-01.np2] Addr=55C9 Value=F6
ROM[roms/astdelux/036799-01.np2] Addr=55CA Value=09
ROM[roms/astdelux/036799-01.np2] Addr=55CB Value=EB
ROM[roms/astdelux/036799-01.np2] Addr=55CC Value=70
ROM[roms/astdelux/036799-01.np2] Addr=55CD Value=FB
ROM[roms/astdelux/036799-01.np2] Addr=55CE Value=00
ROM[roms/astdelux/036799-01.np2] Addr=55CF Value=F7
ROM[roms/astdelux/036799-01.np2] Addr=55D0 Value=72
ROM[roms/astdelux/036799-01.np2] Addr=55D1 Value=F8
ROM[roms/astdelux/036799-01.np2] Addr=55D2 Value=00
ROM[roms/astdelux/036799-01.np2] Addr=55D3 Value=F3
ROM[roms/astdelux/036799-01.np2] Addr=55D4 Value=71
ROM[roms/astdelux/036799-01.np2] Addr=55D5 Value=EB
ROM[roms/astdelux/036799-01.np2] Addr=55D6 Value=72
ROM[roms/astdelux/036799-01.np2] Addr=55D7 Value=F8
ROM[roms/astdelux/036799-01.np2] Addr=55D8 Value=06
ROM[roms/astdelux/036799-01.np2] Addr=55D9 Value=FB
ROM[roms/astdelux/036799-01.np2] Addr=55DA Value=72
ROM[roms/astdelux/036799-01.np2] Addr=55DB Value=F8
ROM[roms/astdelux/036799-01.np2] Addr=55DC Value=06
ROM[roms/astdelux/036799-01.np2] Addr=55DD Value=F0
ROM[roms/astdelux/036799-01.np2] Addr=55DE Value=70
ROM[roms/astdelux/036799-01.np2] Addr=55DF Value=FF
ROM[roms/astdelux/036799-01.np2] Addr=55E0 Value=02
ROM[roms/astdelux/036799-01.np2] Addr=55E1 Value=F8
ROM[roms/astdelux/036799-01.np2] Addr=55E2 Value=00
ROM[roms/astdelux/036799-01.np2] Addr=55E3 Value=D0
ROM[roms/astdelux/036799-01.np2] Addr=55E4 Value=00
ROM[roms/astdelux/036799-01.np2] Addr=55E5 Value=F2
ROM[roms/astdelux/036799-01.np2] Addr=55E6 Value=72
ROM[roms/astdelux/036799-01.np2] Addr=55E7 Value=F6
ROM[roms/astdelux/036799-01.np2] Addr=55E8 Value=72
ROM[roms/astdelux/036799-01.np2] Addr=55E9 Value=F0
ROM[roms/astdelux/036799-01.np2] Addr=55EA Value=36
ROM[roms/astdelux/036799-01.np2] Addr=55EB Value=EB
ROM[roms/astdelux/036799-01.np2] Addr=55EC Value=70
ROM[roms/astdelux/036799-01.np2] Addr=55ED Value=FB
ROM[roms/astdelux/036799-01.np2] Addr=55EE Value=03
ROM[roms/astdelux/036799-01.np2] Addr=55EF Value=F0
ROM[roms/astdelux/036799-01.np2] Addr=55F0 Value=77
ROM[roms/astdelux/036799-01.np2] Addr=55F1 Value=F7
ROM[roms/astdelux/036799-01.np2] Addr=55F2 Value=73
ROM[roms/astdelux/036799-01.np2] Addr=55F3 Value=F7
ROM[roms/astdelux/036799-01.np2] Addr=55F4 Value=03
ROM[roms/astdelux/036799-01.np2] Addr=55F5 Value=F0
ROM[roms/astdelux/036799-01.np2] Addr=55F6 Value=00
ROM[roms/astdelux/036799-01.np2] Addr=55F7 Value=D0
ROM[roms/astdelux/036799-01.np2] Addr=55F8 Value=00
ROM[roms/astdelux/036799-01.np2] Addr=55F9 Value=FB
ROM[roms/astdelux/036799-01.np2] Addr=55FA Value=70
ROM[roms/astdelux/036799-01.np2] Addr=55FB Value=FF
ROM[roms/astdelux/036799-01.np2] Addr=55FC Value=58
ROM[roms/astdelux/036799-01.np2] Addr=55FD Value=EB
ROM[roms/astdelux/036799-01.np2] Addr=55FE Value=70
ROM[roms/astdelux/036799-01.np2] Addr=55FF Value=FB
ROM[roms/astdelux/036799-01.np2] Addr=5600 Value=72
ROM[roms/astdelux/036799-01.np2] Addr=5601 Value=F6
ROM[roms/astdelux/036799-01.np2] Addr=5602 Value=72
ROM[roms/astdelux/036799-01.np2] Addr=5603 Value=F2
ROM[roms/astdelux/036799-01.np2] Addr=5604 Value=71
ROM[roms/astdelux/036799-01.np2] Addr=5605 Value=EB
ROM[roms/astdelux/036799-01.np2] Addr=5606 Value=70
ROM[roms/astdelux/036799-01.np2] Addr=5607 Value=FB
ROM[roms/astdelux/036799-01.np2] Addr=5608 Value=72
ROM[roms/astdelux/036799-01.np2] Addr=5609 Value=FF
ROM[roms/astdelux/036799-01.np2] Addr=560A Value=36
ROM[roms/astdelux/036799-01.np2] Addr=560B Value=EB
ROM[roms/astdelux/036799-01.np2] Addr=560C Value=70
ROM[roms/astdelux/036799-01.np2] Addr=560D Value=FB
ROM[roms/astdelux/036799-01.np2] Addr=560E Value=72
ROM[roms/astdelux/036799-01.np2] Addr=560F Value=F8
ROM[roms/astdelux/036799-01.np2] Addr=5610 Value=70
ROM[roms/astdelux/036799-01.np2] Addr=5611 Value=FF
ROM[roms/astdelux/036799-01.np2] Addr=5612 Value=76
ROM[roms/astdelux/036799-01.np2] Addr=5613 Value=F8
ROM[roms/astdelux/036799-01.np2] Addr=5614 Value=03
ROM[roms/astdelux/036799-01.np2] Addr=5615 Value=F8
ROM[roms/astdelux/036799-01.np2] Addr=5616 Value=00
ROM[roms/astdelux/036799-01.np2] Addr=5617 Value=D0
ROM[roms/astdelux/036799-01.np2] Addr=5618 Value=70
ROM[roms/astdelux/036799-01.np2] Addr=5619 Value=FB
ROM[roms/astdelux/036799-01.np2] Addr=561A Value=72
ROM[roms/astdelux/036799-01.np2] Addr=561B Value=F8
ROM[roms/astdelux/036799-01.np2] Addr=561C Value=70
ROM[roms/astdelux/036799-01.np2] Addr=561D Value=F7
ROM[roms/astdelux/036799-01.np2] Addr=561E Value=76
ROM[roms/astdelux/036799-01.np2] Addr=561F Value=F8
ROM[roms/astdelux/036799-01.np2] Addr=5620 Value=DC
ROM[roms/astdelux/036799-01.np2] Addr=5621 Value=EA
ROM[roms/astdelux/036799-01.np2] Addr=5622 Value=70
ROM[roms/astdelux/036799-01.np2] Addr=5623 Value=FB
ROM[roms/astdelux/036799-01.np2] Addr=5624 Value=72
ROM[roms/astdelux/036799-01.np2] Addr=5625 Value=F8
ROM[roms/astdelux/036799-01.np2] Addr=5626 Value=70
ROM[roms/astdelux/036799-01.np2] Addr=5627 Value=FE
ROM[roms/astdelux/036799-01.np2] Addr=5628 Value=76
ROM[roms/astdelux/036799-01.np2] Addr=5629 Value=F6
ROM[roms/astdelux/036799-01.np2] Addr=562A Value=76
ROM[roms/astdelux/036799-01.np2] Addr=562B Value=F0
ROM[roms/astdelux/036799-01.np2] Addr=562C Value=02
ROM[roms/astdelux/036799-01.np2] Addr=562D Value=F2
ROM[roms/astdelux/036799-01.np2] Addr=562E Value=72
ROM[roms/astdelux/036799-01.np2] Addr=562F Value=F6
ROM[roms/astdelux/036799-01.np2] Addr=5630 Value=59
ROM[roms/astdelux/036799-01.np2] Addr=5631 Value=EB
ROM[roms/astdelux/036799-01.np2] Addr=5632 Value=70
ROM[roms/astdelux/036799-01.np2] Addr=5633 Value=FB
ROM[roms/astdelux/036799-01.np2] Addr=5634 Value=72
ROM[roms/astdelux/036799-01.np2] Addr=5635 Value=F8
ROM[roms/astdelux/036799-01.np2] Addr=5636 Value=70
ROM[roms/astdelux/036799-01.np2] Addr=5637 Value=F7
ROM[roms/astdelux/036799-01.np2] Addr=5638 Value=76
ROM[roms/astdelux/036799-01.np2] Addr=5639 Value=F8
ROM[roms/astdelux/036799-01.np2] Addr=563A Value=01
ROM[roms/astdelux/036799-01.np2] Addr=563B Value=F0
ROM[roms/astdelux/036799-01.np2] Addr=563C Value=73
ROM[roms/astdelux/036799-01.np2] Addr=563D Value=F7
ROM[roms/astdelux/036799-01.np2] Addr=563E Value=59
ROM[roms/astdelux/036799-01.np2] Addr=563F Value=EB
ROM[roms/astdelux/036799-01.np2] Addr=5640 Value=00
ROM[roms/astdelux/036799-01.np2] Addr=5641 Value=F2
ROM[roms/astdelux/036799-01.np2] Addr=5642 Value=73
ROM[roms/astdelux/036799-01.np2] Addr=5643 Value=FA
ROM[roms/astdelux/036799-01.np2] Addr=5644 Value=06
ROM[roms/astdelux/036799-01.np2] Addr=5645 Value=F9
ROM[roms/astdelux/036799-01.np2] Addr=5646 Value=70
ROM[roms/astdelux/036799-01.np2] Addr=5647 Value=FE
ROM[roms/astdelux/036799-01.np2] Addr=5648 Value=01
ROM[roms/astdelux/036799-01.np2] Addr=5649 Value=F6
ROM[roms/astdelux/036799-01.np2] Addr=564A Value=72
ROM[roms/astdelux/036799-01.np2] Addr=564B Value=F0
ROM[roms/astdelux/036799-01.np2] Addr=564C Value=70
ROM[roms/astdelux/036799-01.np2] Addr=564D Value=F6
ROM[roms/astdelux/036799-01.np2] Addr=564E Value=76
ROM[roms/astdelux/036799-01.np2] Addr=564F Value=F0
ROM[roms/astdelux/036799-01.np2] Addr=5650 Value=70
ROM[roms/astdelux/036799-01.np2] Addr=5651 Value=F6
ROM[roms/astdelux/036799-01.np2] Addr=5652 Value=72
ROM[roms/astdelux/036799-01.np2] Addr=5653 Value=F0
ROM[roms/astdelux/036799-01.np2] Addr=5654 Value=00
ROM[roms/astdelux/036799-01.np2] Addr=5655 Value=D0
ROM[roms/astdelux/036799-01.np2] Addr=5656 Value=72
ROM[roms/astdelux/036799-01.np2] Addr=5657 Value=F8
ROM[roms/astdelux/036799-01.np2] Addr=5658 Value=70
ROM[roms/astdelux/036799-01.np2] Addr=5659 Value=F3
ROM[roms/astdelux/036799-01.np2] Addr=565A Value=76
ROM[roms/astdelux/036799-01.np2] Addr=565B Value=F8
ROM[roms/astdelux/036799-01.np2] Addr=565C Value=70
ROM[roms/astdelux/036799-01.np2] Addr=565D Value=F3
ROM[roms/astdelux/036799-01.np2] Addr=565E Value=72
ROM[roms/astdelux/036799-01.np2] Addr=565F Value=F8
ROM[roms/astdelux/036799-01.np2] Addr=5660 Value=37
ROM[roms/astdelux/036799-01.np2] Addr=5661 Value=EB
ROM[roms/astdelux/036799-01.np2] Addr=5662 Value=00
ROM[roms/astdelux/036799-01.np2] Addr=5663 Value=FB
ROM[roms/astdelux/036799-01.np2] Addr=5664 Value=ED
ROM[roms/astdelux/036799-01.np2] Addr=5665 Value=EA
ROM[roms/astdelux/036799-01.np2] Addr=5666 Value=00
ROM[roms/astdelux/036799-01.np2] Addr=5667 Value=FB
ROM[roms/astdelux/036799-01.np2] Addr=5668 Value=70
ROM[roms/astdelux/036799-01.np2] Addr=5669 Value=FF
ROM[roms/astdelux/036799-01.np2] Addr=566A Value=72
ROM[roms/astdelux/036799-01.np2] Addr=566B Value=F8
ROM[roms/astdelux/036799-01.np2] Addr=566C Value=70
ROM[roms/astdelux/036799-01.np2] Addr=566D Value=FB
ROM[roms/astdelux/036799-01.np2] Addr=566E Value=01
ROM[roms/astdelux/036799-01.np2] Addr=566F Value=FF
ROM[roms/astdelux/036799-01.np2] Addr=5670 Value=00
ROM[roms/astdelux/036799-01.np2] Addr=5671 Value=D0
ROM[roms/astdelux/036799-01.np2] Addr=5672 Value=00
ROM[roms/astdelux/036799-01.np2] Addr=5673 Value=FB
ROM[roms/astdelux/036799-01.np2] Addr=5674 Value=71
ROM[roms/astdelux/036799-01.np2] Addr=5675 Value=FF
ROM[roms/astdelux/036799-01.np2] Addr=5676 Value=71
ROM[roms/astdelux/036799-01.np2] Addr=5677 Value=FB
ROM[roms/astdelux/036799-01.np2] Addr=5678 Value=37
ROM[roms/astdelux/036799-01.np2] Addr=5679 Value=EB
ROM[roms/astdelux/036799-01.np2] Addr=567A Value=00
ROM[roms/astdelux/036799-01.np2] Addr=567B Value=FB
ROM[roms/astdelux/036799-01.np2] Addr=567C Value=70
ROM[roms/astdelux/036799-01.np2] Addr=567D Value=FF
ROM[roms/astdelux/036799-01.np2] Addr=567E Value=72
ROM[roms/astdelux/036799-01.np2] Addr=567F Value=F2
ROM[roms/astdelux/036799-01.np2] Addr=5680 Value=72
ROM[roms/astdelux/036799-01.np2] Addr=5681 Value=F6
ROM[roms/astdelux/036799-01.np2] Addr=5682 Value=36
ROM[roms/astdelux/036799-01.np2] Addr=5683 Value=EB
ROM[roms/astdelux/036799-01.np2] Addr=5684 Value=72
ROM[roms/astdelux/036799-01.np2] Addr=5685 Value=FB
ROM[roms/astdelux/036799-01.np2] Addr=5686 Value=06
ROM[roms/astdelux/036799-01.np2] Addr=5687 Value=F8
ROM[roms/astdelux/036799-01.np2] Addr=5688 Value=72
ROM[roms/astdelux/036799-01.np2] Addr=5689 Value=FF
ROM[roms/astdelux/036799-01.np2] Addr=568A Value=72
ROM[roms/astdelux/036799-01.np2] Addr=568B Value=EB
ROM[roms/astdelux/036799-01.np2] Addr=568C Value=02
ROM[roms/astdelux/036799-01.np2] Addr=568D Value=F0
ROM[roms/astdelux/036799-01.np2] Addr=568E Value=70
ROM[roms/astdelux/036799-01.np2] Addr=568F Value=FA
ROM[roms/astdelux/036799-01.np2] Addr=5690 Value=76
ROM[roms/astdelux/036799-01.np2] Addr=5691 Value=F2
ROM[roms/astdelux/036799-01.np2] Addr=5692 Value=02
ROM[roms/astdelux/036799-01.np2] Addr=5693 Value=F8
ROM[roms/astdelux/036799-01.np2] Addr=5694 Value=76
ROM[roms/astdelux/036799-01.np2] Addr=5695 Value=F6
ROM[roms/astdelux/036799-01.np2] Addr=5696 Value=02
ROM[roms/astdelux/036799-01.np2] Addr=5697 Value=FE
ROM[roms/astdelux/036799-01.np2] Addr=5698 Value=00
ROM[roms/astdelux/036799-01.np2] Addr=5699 Value=D0
ROM[roms/astdelux/036799-01.np2] Addr=569A Value=00
ROM[roms/astdelux/036799-01.np2] Addr=569B Value=FB
ROM[roms/astdelux/036799-01.np2] Addr=569C Value=72
ROM[roms/astdelux/036799-01.np2] Addr=569D Value=F8
ROM[roms/astdelux/036799-01.np2] Addr=569E Value=76
ROM[roms/astdelux/036799-01.np2] Addr=569F Value=FF
ROM[roms/astdelux/036799-01.np2] Addr=56A0 Value=58
ROM[roms/astdelux/036799-01.np2] Addr=56A1 Value=EB
ROM[roms/astdelux/036799-01.np2] Addr=56A2 Value=01
ROM[roms/astdelux/036799-01.np2] Addr=56A3 Value=FB
ROM[roms/astdelux/036799-01.np2] Addr=56A4 Value=EF
ROM[roms/astdelux/036799-01.np2] Addr=56A5 Value=EA
ROM[roms/astdelux/036799-01.np2] Addr=56A6 Value=00
ROM[roms/astdelux/036799-01.np2] Addr=56A7 Value=FB
ROM[roms/astdelux/036799-01.np2] Addr=56A8 Value=72
ROM[roms/astdelux/036799-01.np2] Addr=56A9 Value=F8
ROM[roms/astdelux/036799-01.np2] Addr=56AA Value=70
ROM[roms/astdelux/036799-01.np2] Addr=56AB Value=F7
ROM[roms/astdelux/036799-01.np2] Addr=56AC Value=76
ROM[roms/astdelux/036799-01.np2] Addr=56AD Value=F8
ROM[roms/astdelux/036799-01.np2] Addr=56AE Value=70
ROM[roms/astdelux/036799-01.np2] Addr=56AF Value=F7
ROM[roms/astdelux/036799-01.np2] Addr=56B0 Value=72
ROM[roms/astdelux/036799-01.np2] Addr=56B1 Value=F8
ROM[roms/astdelux/036799-01.np2] Addr=56B2 Value=02
ROM[roms/astdelux/036799-01.np2] Addr=56B3 Value=F0
ROM[roms/astdelux/036799-01.np2] Addr=56B4 Value=00
ROM[roms/astdelux/036799-01.np2] Addr=56B5 Value=D0
ROM[roms/astdelux/036799-01.np2] Addr=56B6 Value=00
ROM[roms/astdelux/036799-01.np2] Addr=56B7 Value=FB
ROM[roms/astdelux/036799-01.np2] Addr=56B8 Value=72
ROM[roms/astdelux/036799-01.np2] Addr=56B9 Value=F8
ROM[roms/astdelux/036799-01.np2] Addr=56BA Value=70
ROM[roms/astdelux/036799-01.np2] Addr=56BB Value=FF
ROM[roms/astdelux/036799-01.np2] Addr=56BC Value=76
ROM[roms/astdelux/036799-01.np2] Addr=56BD Value=F8
ROM[roms/astdelux/036799-01.np2] Addr=56BE Value=00
ROM[roms/astdelux/036799-01.np2] Addr=56BF Value=F3
ROM[roms/astdelux/036799-01.np2] Addr=56C0 Value=72
ROM[roms/astdelux/036799-01.np2] Addr=56C1 Value=F8
ROM[roms/astdelux/036799-01.np2] Addr=56C2 Value=02
ROM[roms/astdelux/036799-01.np2] Addr=56C3 Value=F7
ROM[roms/astdelux/036799-01.np2] Addr=56C4 Value=00
ROM[roms/astdelux/036799-01.np2] Addr=56C5 Value=D0
ROM[roms/astdelux/036799-01.np2] Addr=56C6 Value=00
ROM[roms/astdelux/036799-01.np2] Addr=56C7 Value=FB
ROM[roms/astdelux/036799-01.np2] Addr=56C8 Value=70
ROM[roms/astdelux/036799-01.np2] Addr=56C9 Value=F7
ROM[roms/astdelux/036799-01.np2] Addr=56CA Value=72
ROM[roms/astdelux/036799-01.np2] Addr=56CB Value=F8
ROM[roms/astdelux/036799-01.np2] Addr=56CC Value=00
ROM[roms/astdelux/036799-01.np2] Addr=56CD Value=F3
ROM[roms/astdelux/036799-01.np2] Addr=56CE Value=71
ROM[roms/astdelux/036799-01.np2] Addr=56CF Value=EB
ROM[roms/astdelux/036799-01.np2] Addr=56D0 Value=00
ROM[roms/astdelux/036799-01.np2] Addr=56D1 Value=F3
ROM[roms/astdelux/036799-01.np2] Addr=56D2 Value=72
ROM[roms/astdelux/036799-01.np2] Addr=56D3 Value=F8
ROM[roms/astdelux/036799-01.np2] Addr=56D4 Value=70
ROM[roms/astdelux/036799-01.np2] Addr=56D5 Value=F7
ROM[roms/astdelux/036799-01.np2] Addr=56D6 Value=76
ROM[roms/astdelux/036799-01.np2] Addr=56D7 Value=F8
ROM[roms/astdelux/036799-01.np2] Addr=56D8 Value=70
ROM[roms/astdelux/036799-01.np2] Addr=56D9 Value=FB
ROM[roms/astdelux/036799-01.np2] Addr=56DA Value=03
ROM[roms/astdelux/036799-01.np2] Addr=56DB Value=FF
ROM[roms/astdelux/036799-01.np2] Addr=56DC Value=00
ROM[roms/astdelux/036799-01.np2] Addr=56DD Value=D0
ROM[roms/astdelux/036799-01.np2] Addr=56DE Value=00
ROM[roms/astdelux/036799-01.np2] Addr=56DF Value=FB
ROM[roms/astdelux/036799-01.np2] Addr=56E0 Value=72
ROM[roms/astdelux/036799-01.np2] Addr=56E1 Value=F8
ROM[roms/astdelux/036799-01.np2] Addr=56E2 Value=70
ROM[roms/astdelux/036799-01.np2] Addr=56E3 Value=FF
ROM[roms/astdelux/036799-01.np2] Addr=56E4 Value=02
ROM[roms/astdelux/036799-01.np2] Addr=56E5 Value=F0
ROM[roms/astdelux/036799-01.np2] Addr=56E6 Value=00
ROM[roms/astdelux/036799-01.np2] Addr=56E7 Value=D0
ROM[roms/astdelux/036799-01.np2] Addr=56E8 Value=77
ROM[roms/astdelux/036799-01.np2] Addr=56E9 Value=CB
ROM[roms/astdelux/036799-01.np2] Addr=56EA Value=70
ROM[roms/astdelux/036799-01.np2] Addr=56EB Value=FB
ROM[roms/astdelux/036799-01.np2] Addr=56EC Value=5C
ROM[roms/astdelux/036799-01.np2] Addr=56ED Value=EB
ROM[roms/astdelux/036799-01.np2] Addr=56EE Value=02
ROM[roms/astdelux/036799-01.np2] Addr=56EF Value=F8
ROM[roms/astdelux/036799-01.np2] Addr=56F0 Value=00
ROM[roms/astdelux/036799-01.np2] Addr=56F1 Value=F3
ROM[roms/astdelux/036799-01.np2] Addr=56F2 Value=76
ROM[roms/astdelux/036799-01.np2] Addr=56F3 Value=F8
ROM[roms/astdelux/036799-01.np2] Addr=56F4 Value=70
ROM[roms/astdelux/036799-01.np2] Addr=56F5 Value=F3
ROM[roms/astdelux/036799-01.np2] Addr=56F6 Value=70
ROM[roms/astdelux/036799-01.np2] Addr=56F7 Value=EB
ROM[roms/astdelux/036799-01.np2] Addr=56F8 Value=0A
ROM[roms/astdelux/036799-01.np2] Addr=56F9 Value=CB
ROM[roms/astdelux/036799-01.np2] Addr=56FA Value=06
ROM[roms/astdelux/036799-01.np2] Addr=56FB Value=CB
ROM[roms/astdelux/036799-01.np2] Addr=56FC Value=51
ROM[roms/astdelux/036799-01.np2] Addr=56FD Value=CB
ROM[roms/astdelux/036799-01.np2] Addr=56FE Value=53
ROM[roms/astdelux/036799-01.np2] Addr=56FF Value=CB
ROM[roms/astdelux/036799-01.np2] Addr=5700 Value=5B
ROM[roms/astdelux/036799-01.np2] Addr=5701 Value=CB
ROM[roms/astdelux/036799-01.np2] Addr=5702 Value=63
ROM[roms/astdelux/036799-01.np2] Addr=5703 Value=CB
ROM[roms/astdelux/036799-01.np2] Addr=5704 Value=2B
ROM[roms/astdelux/036799-01.np2] Addr=5705 Value=CB
ROM[roms/astdelux/036799-01.np2] Addr=5706 Value=68
ROM[roms/astdelux/036799-01.np2] Addr=5707 Value=CB
ROM[roms/astdelux/036799-01.np2] Addr=5708 Value=6F
ROM[roms/astdelux/036799-01.np2] Addr=5709 Value=CB
ROM[roms/astdelux/036799-01.np2] Addr=570A Value=75
ROM[roms/astdelux/036799-01.np2] Addr=570B Value=CB
ROM[roms/astdelux/036799-01.np2] Addr=570C Value=77
ROM[roms/astdelux/036799-01.np2] Addr=570D Value=CB
ROM[roms/astdelux/036799-01.np2] Addr=570E Value=B7
ROM[roms/astdelux/036799-01.np2] Addr=570F Value=CA
ROM[roms/astdelux/036799-01.np2] Addr=5710 Value=BF
ROM[roms/astdelux/036799-01.np2] Addr=5711 Value=CA
ROM[roms/astdelux/036799-01.np2] Addr=5712 Value=CB
ROM[roms/astdelux/036799-01.np2] Addr=5713 Value=CA
ROM[roms/astdelux/036799-01.np2] Addr=5714 Value=CF
ROM[roms/astdelux/036799-01.np2] Addr=5715 Value=CA
ROM[roms/astdelux/036799-01.np2] Addr=5716 Value=D6
ROM[roms/astdelux/036799-01.np2] Addr=5717 Value=CA
ROM[roms/astdelux/036799-01.np2] Addr=5718 Value=D8
ROM[roms/astdelux/036799-01.np2] Addr=5719 Value=CA
ROM[roms/astdelux/036799-01.np2] Addr=571A Value=DF
ROM[roms/astdelux/036799-01.np2] Addr=571B Value=CA
ROM[roms/astdelux/036799-01.np2] Addr=571C Value=E6
ROM[roms/astdelux/036799-01.np2] Addr=571D Value=CA
ROM[roms/astdelux/036799-01.np2] Addr=571E Value=EB
ROM[roms/astdelux/036799-01.np2] Addr=571F Value=CA
ROM[roms/astdelux/036799-01.np2] Addr=5720 Value=F2
ROM[roms/astdelux/036799-01.np2] Addr=5721 Value=CA
ROM[roms/astdelux/036799-01.np2] Addr=5722 Value=F6
ROM[roms/astdelux/036799-01.np2] Addr=5723 Value=CA
ROM[roms/astdelux/036799-01.np2] Addr=5724 Value=FC
ROM[roms/astdelux/036799-01.np2] Addr=5725 Value=CA
ROM[roms/astdelux/036799-01.np2] Addr=5726 Value=FF
ROM[roms/astdelux/036799-01.np2] Addr=5727 Value=CA
ROM[roms/astdelux/036799-01.np2] Addr=5728 Value=03
ROM[roms/astdelux/036799-01.np2] Addr=5729 Value=CB
ROM[roms/astdelux/036799-01.np2] Addr=572A Value=06
ROM[roms/astdelux/036799-01.np2] Addr=572B Value=CB
ROM[roms/astdelux/036799-01.np2] Addr=572C Value=0C
ROM[roms/astdelux/036799-01.np2] Addr=572D Value=CB
ROM[roms/astdelux/036799-01.np2] Addr=572E Value=11
ROM[roms/astdelux/036799-01.np2] Addr=572F Value=CB
ROM[roms/astdelux/036799-01.np2] Addr=5730 Value=19
ROM[roms/astdelux/036799-01.np2] Addr=5731 Value=CB
ROM[roms/astdelux/036799-01.np2] Addr=5732 Value=2B
ROM[roms/astdelux/036799-01.np2] Addr=5733 Value=CB
ROM[roms/astdelux/036799-01.np2] Addr=5734 Value=31
ROM[roms/astdelux/036799-01.np2] Addr=5735 Value=CB
ROM[roms/astdelux/036799-01.np2] Addr=5736 Value=33
ROM[roms/astdelux/036799-01.np2] Addr=5737 Value=CB
ROM[roms/astdelux/036799-01.np2] Addr=5738 Value=39
ROM[roms/astdelux/036799-01.np2] Addr=5739 Value=CB
ROM[roms/astdelux/036799-01.np2] Addr=573A Value=3D
ROM[roms/astdelux/036799-01.np2] Addr=573B Value=CB
ROM[roms/astdelux/036799-01.np2] Addr=573C Value=42
ROM[roms/astdelux/036799-01.np2] Addr=573D Value=CB
ROM[roms/astdelux/036799-01.np2] Addr=573E Value=46
ROM[roms/astdelux/036799-01.np2] Addr=573F Value=CB
ROM[roms/astdelux/036799-01.np2] Addr=5740 Value=4D
ROM[roms/astdelux/036799-01.np2] Addr=5741 Value=CB
ROM[roms/astdelux/036799-01.np2] Addr=5742 Value=74
ROM[roms/astdelux/036799-01.np2] Addr=5743 Value=CB
ROM[roms/astdelux/036799-01.np2] Addr=5744 Value=80
ROM[roms/astdelux/036799-01.np2] Addr=5745 Value=A0
ROM[roms/astdelux/036799-01.np2] Addr=5746 Value=00
ROM[roms/astdelux/036799-01.np2] Addr=5747 Value=00
ROM[roms/astdelux/036799-01.np2] Addr=5748 Value=00
ROM[roms/astdelux/036799-01.np2] Addr=5749 Value=70
ROM[roms/astdelux/036799-01.np2] Addr=574A Value=00
ROM[roms/astdelux/036799-01.np2] Addr=574B Value=00
ROM[roms/astdelux/036799-01.np2] Addr=574C Value=00
ROM[roms/astdelux/036799-01.np2] Addr=574D Value=90
ROM[roms/astdelux/036799-01.np2] Addr=574E Value=FF
ROM[roms/astdelux/036799-01.np2] Addr=574F Value=73
ROM[roms/astdelux/036799-01.np2] Addr=5750 Value=FF
ROM[roms/astdelux/036799-01.np2] Addr=5751 Value=92
ROM[roms/astdelux/036799-01.np2] Addr=5752 Value=00
ROM[roms/astdelux/036799-01.np2] Addr=5753 Value=70
ROM[roms/astdelux/036799-01.np2] Addr=5754 Value=00
ROM[roms/astdelux/036799-01.np2] Addr=5755 Value=90
ROM[roms/astdelux/036799-01.np2] Addr=5756 Value=FF
ROM[roms/astdelux/036799-01.np2] Addr=5757 Value=77
ROM[roms/astdelux/036799-01.np2] Addr=5758 Value=FF
ROM[roms/astdelux/036799-01.np2] Addr=5759 Value=96
ROM[roms/astdelux/036799-01.np2] Addr=575A Value=00
ROM[roms/astdelux/036799-01.np2] Addr=575B Value=70
ROM[roms/astdelux/036799-01.np2] Addr=575C Value=FF
ROM[roms/astdelux/036799-01.np2] Addr=575D Value=92
ROM[roms/astdelux/036799-01.np2] Addr=575E Value=FF
ROM[roms/astdelux/036799-01.np2] Addr=575F Value=72
ROM[roms/astdelux/036799-01.np2] Addr=5760 Value=00
ROM[roms/astdelux/036799-01.np2] Addr=5761 Value=86
ROM[roms/astdelux/036799-01.np2] Addr=5762 Value=00
ROM[roms/astdelux/036799-01.np2] Addr=5763 Value=72
ROM[roms/astdelux/036799-01.np2] Addr=5764 Value=FE
ROM[roms/astdelux/036799-01.np2] Addr=5765 Value=87
ROM[roms/astdelux/036799-01.np2] Addr=5766 Value=FE
ROM[roms/astdelux/036799-01.np2] Addr=5767 Value=77
ROM[roms/astdelux/036799-01.np2] Addr=5768 Value=00
ROM[roms/astdelux/036799-01.np2] Addr=5769 Value=92
ROM[roms/astdelux/036799-01.np2] Addr=576A Value=00
ROM[roms/astdelux/036799-01.np2] Addr=576B Value=76
ROM[roms/astdelux/036799-01.np2] Addr=576C Value=FE
ROM[roms/astdelux/036799-01.np2] Addr=576D Value=81
ROM[roms/astdelux/036799-01.np2] Addr=576E Value=00
ROM[roms/astdelux/036799-01.np2] Addr=576F Value=72
ROM[roms/astdelux/036799-01.np2] Addr=5770 Value=FF
ROM[roms/astdelux/036799-01.np2] Addr=5771 Value=96
ROM[roms/astdelux/036799-01.np2] Addr=5772 Value=FF
ROM[roms/astdelux/036799-01.np2] Addr=5773 Value=72
ROM[roms/astdelux/036799-01.np2] Addr=5774 Value=7F
ROM[roms/astdelux/036799-01.np2] Addr=5775 Value=A3
ROM[roms/astdelux/036799-01.np2] Addr=5776 Value=FF
ROM[roms/astdelux/036799-01.np2] Addr=5777 Value=03
ROM[roms/astdelux/036799-01.np2] Addr=5778 Value=00
ROM[roms/astdelux/036799-01.np2] Addr=5779 Value=70
ROM[roms/astdelux/036799-01.np2] Addr=577A Value=00
ROM[roms/astdelux/036799-01.np2] Addr=577B Value=00
ROM[roms/astdelux/036799-01.np2] Addr=577C Value=FF
ROM[roms/astdelux/036799-01.np2] Addr=577D Value=96
ROM[roms/astdelux/036799-01.np2] Addr=577E Value=FF
ROM[roms/astdelux/036799-01.np2] Addr=577F Value=76
ROM[roms/astdelux/036799-01.np2] Addr=5780 Value=FE
ROM[roms/astdelux/036799-01.np2] Addr=5781 Value=81
ROM[roms/astdelux/036799-01.np2] Addr=5782 Value=00
ROM[roms/astdelux/036799-01.np2] Addr=5783 Value=76
ROM[roms/astdelux/036799-01.np2] Addr=5784 Value=00
ROM[roms/astdelux/036799-01.np2] Addr=5785 Value=92
ROM[roms/astdelux/036799-01.np2] Addr=5786 Value=00
ROM[roms/astdelux/036799-01.np2] Addr=5787 Value=72
ROM[roms/astdelux/036799-01.np2] Addr=5788 Value=FE
ROM[roms/astdelux/036799-01.np2] Addr=5789 Value=87
ROM[roms/astdelux/036799-01.np2] Addr=578A Value=FE
ROM[roms/astdelux/036799-01.np2] Addr=578B Value=73
ROM[roms/astdelux/036799-01.np2] Addr=578C Value=00
ROM[roms/astdelux/036799-01.np2] Addr=578D Value=86
ROM[roms/astdelux/036799-01.np2] Addr=578E Value=00
ROM[roms/astdelux/036799-01.np2] Addr=578F Value=76
ROM[roms/astdelux/036799-01.np2] Addr=5790 Value=FF
ROM[roms/astdelux/036799-01.np2] Addr=5791 Value=92
ROM[roms/astdelux/036799-01.np2] Addr=5792 Value=FF
ROM[roms/astdelux/036799-01.np2] Addr=5793 Value=76
ROM[roms/astdelux/036799-01.np2] Addr=5794 Value=FC
ROM[roms/astdelux/036799-01.np2] Addr=5795 Value=A1
ROM[roms/astdelux/036799-01.np2] Addr=5796 Value=F4
ROM[roms/astdelux/036799-01.np2] Addr=5797 Value=01
ROM[roms/astdelux/036799-01.np2] Addr=5798 Value=00
ROM[roms/astdelux/036799-01.np2] Addr=5799 Value=70
ROM[roms/astdelux/036799-01.np2] Addr=579A Value=00
ROM[roms/astdelux/036799-01.np2] Addr=579B Value=00
ROM[roms/astdelux/036799-01.np2] Addr=579C Value=DB
ROM[roms/astdelux/036799-01.np2] Addr=579D Value=F0
ROM[roms/astdelux/036799-01.np2] Addr=579E Value=00
ROM[roms/astdelux/036799-01.np2] Addr=579F Value=F9
ROM[roms/astdelux/036799-01.np2] Addr=57A0 Value=CF
ROM[roms/astdelux/036799-01.np2] Addr=57A1 Value=F0
ROM[roms/astdelux/036799-01.np2] Addr=57A2 Value=00
ROM[roms/astdelux/036799-01.np2] Addr=57A3 Value=F9
ROM[roms/astdelux/036799-01.np2] Addr=57A4 Value=BB
ROM[roms/astdelux/036799-01.np2] Addr=57A5 Value=F0
ROM[roms/astdelux/036799-01.np2] Addr=57A6 Value=00
ROM[roms/astdelux/036799-01.np2] Addr=57A7 Value=F9
ROM[roms/astdelux/036799-01.np2] Addr=57A8 Value=AF
ROM[roms/astdelux/036799-01.np2] Addr=57A9 Value=F0
ROM[roms/astdelux/036799-01.np2] Addr=57AA Value=00
ROM[roms/astdelux/036799-01.np2] Addr=57AB Value=F9
ROM[roms/astdelux/036799-01.np2] Addr=57AC Value=9B
ROM[roms/astdelux/036799-01.np2] Addr=57AD Value=F0
ROM[roms/astdelux/036799-01.np2] Addr=57AE Value=00
ROM[roms/astdelux/036799-01.np2] Addr=57AF Value=F9
ROM[roms/astdelux/036799-01.np2] Addr=57B0 Value=8F
ROM[roms/astdelux/036799-01.np2] Addr=57B1 Value=F0
ROM[roms/astdelux/036799-01.np2] Addr=57B2 Value=00
ROM[roms/astdelux/036799-01.np2] Addr=57B3 Value=F9
ROM[roms/astdelux/036799-01.np2] Addr=57B4 Value=7B
ROM[roms/astdelux/036799-01.np2] Addr=57B5 Value=F0
ROM[roms/astdelux/036799-01.np2] Addr=57B6 Value=00
ROM[roms/astdelux/036799-01.np2] Addr=57B7 Value=F9
ROM[roms/astdelux/036799-01.np2] Addr=57B8 Value=6F
ROM[roms/astdelux/036799-01.np2] Addr=57B9 Value=F0
ROM[roms/astdelux/036799-01.np2] Addr=57BA Value=00
ROM[roms/astdelux/036799-01.np2] Addr=57BB Value=F9
ROM[roms/astdelux/036799-01.np2] Addr=57BC Value=5B
ROM[roms/astdelux/036799-01.np2] Addr=57BD Value=F0
ROM[roms/astdelux/036799-01.np2] Addr=57BE Value=00
ROM[roms/astdelux/036799-01.np2] Addr=57BF Value=F9
ROM[roms/astdelux/036799-01.np2] Addr=57C0 Value=4F
ROM[roms/astdelux/036799-01.np2] Addr=57C1 Value=F0
ROM[roms/astdelux/036799-01.np2] Addr=57C2 Value=00
ROM[roms/astdelux/036799-01.np2] Addr=57C3 Value=F9
ROM[roms/astdelux/036799-01.np2] Addr=57C4 Value=3B
ROM[roms/astdelux/036799-01.np2] Addr=57C5 Value=F0
ROM[roms/astdelux/036799-01.np2] Addr=57C6 Value=00
ROM[roms/astdelux/036799-01.np2] Addr=57C7 Value=F9
ROM[roms/astdelux/036799-01.np2] Addr=57C8 Value=2F
ROM[roms/astdelux/036799-01.np2] Addr=57C9 Value=F0
ROM[roms/astdelux/036799-01.np2] Addr=57CA Value=00
ROM[roms/astdelux/036799-01.np2] Addr=57CB Value=D0
ROM[roms/astdelux/036799-01.np2] Addr=57CC Value=E4
ROM[roms/astdelux/036799-01.np2] Addr=57CD Value=A0
ROM[roms/astdelux/036799-01.np2] Addr=57CE Value=5E
ROM[roms/astdelux/036799-01.np2] Addr=57CF Value=11
ROM[roms/astdelux/036799-01.np2] Addr=57D0 Value=00
ROM[roms/astdelux/036799-01.np2] Addr=57D1 Value=70
ROM[roms/astdelux/036799-01.np2] Addr=57D2 Value=00
ROM[roms/astdelux/036799-01.np2] Addr=57D3 Value=00
ROM[roms/astdelux/036799-01.np2] Addr=57D4 Value=BF
ROM[roms/astdelux/036799-01.np2] Addr=57D5 Value=CA
ROM[roms/astdelux/036799-01.np2] Addr=57D6 Value=B7
ROM[roms/astdelux/036799-01.np2] Addr=57D7 Value=CA
ROM[roms/astdelux/036799-01.np2] Addr=57D8 Value=03
ROM[roms/astdelux/036799-01.np2] Addr=57D9 Value=CB
ROM[roms/astdelux/036799-01.np2] Addr=57DA Value=F6
ROM[roms/astdelux/036799-01.np2] Addr=57DB Value=CA
ROM[roms/astdelux/036799-01.np2] Addr=57DC Value=0A
ROM[roms/astdelux/036799-01.np2] Addr=57DD Value=CB
ROM[roms/astdelux/036799-01.np2] Addr=57DE Value=D6
ROM[roms/astdelux/036799-01.np2] Addr=57DF Value=CA
ROM[roms/astdelux/036799-01.np2] Addr=57E0 Value=19
ROM[roms/astdelux/036799-01.np2] Addr=57E1 Value=CB
ROM[roms/astdelux/036799-01.np2] Addr=57E2 Value=19
ROM[roms/astdelux/036799-01.np2] Addr=57E3 Value=CB
ROM[roms/astdelux/036799-01.np2] Addr=57E4 Value=06
ROM[roms/astdelux/036799-01.np2] Addr=57E5 Value=CB
ROM[roms/astdelux/036799-01.np2] Addr=57E6 Value=19
ROM[roms/astdelux/036799-01.np2] Addr=57E7 Value=EB
ROM[roms/astdelux/036799-01.np2] Addr=57E8 Value=C0
ROM[roms/astdelux/036799-01.np2] Addr=57E9 Value=A0
ROM[roms/astdelux/036799-01.np2] Addr=57EA Value=9A
ROM[roms/astdelux/036799-01.np2] Addr=57EB Value=11
ROM[roms/astdelux/036799-01.np2] Addr=57EC Value=00
ROM[roms/astdelux/036799-01.np2] Addr=57ED Value=70
ROM[roms/astdelux/036799-01.np2] Addr=57EE Value=00
ROM[roms/astdelux/036799-01.np2] Addr=57EF Value=00
ROM[roms/astdelux/036799-01.np2] Addr=57F0 Value=EF
ROM[roms/astdelux/036799-01.np2] Addr=57F1 Value=EB
ROM[roms/astdelux/036799-01.np2] Addr=57F2 Value=D6
ROM[roms/astdelux/036799-01.np2] Addr=57F3 Value=CA
ROM[roms/astdelux/036799-01.np2] Addr=57F4 Value=19
ROM[roms/astdelux/036799-01.np2] Addr=57F5 Value=CB
ROM[roms/astdelux/036799-01.np2] Addr=57F6 Value=B7
ROM[roms/astdelux/036799-01.np2] Addr=57F7 Value=CA
ROM[roms/astdelux/036799-01.np2] Addr=57F8 Value=2B
ROM[roms/astdelux/036799-01.np2] Addr=57F9 Value=CB
ROM[roms/astdelux/036799-01.np2] Addr=57FA Value=EB
ROM[roms/astdelux/036799-01.np2] Addr=57FB Value=CA
ROM[roms/astdelux/036799-01.np2] Addr=57FC Value=03
ROM[roms/astdelux/036799-01.np2] Addr=57FD Value=CB
ROM[roms/astdelux/036799-01.np2] Addr=57FE Value=DF
ROM[roms/astdelux/036799-01.np2] Addr=57FF Value=EA
TAG Addr=0000 Dir=03 Tag=00
TAG Addr=0001 Dir=03 Tag=00
TAG Addr=0002 Dir=03 Tag=00
TAG Addr=0003 Dir=03 Tag=00
TAG Addr=0004 Dir=03 Tag=00
TAG Addr=0005 Dir=03 Tag=00
TAG Addr=0006 Dir=03 Tag=00
TAG Addr=0007 Dir=03 Tag=00
TAG Addr=0008 Dir=03 Tag=00
TAG Addr=0009 Dir=03 Tag=00
TAG Addr=000A Dir=03 Tag=00
TAG Addr=000B Dir=03 Tag=00
TAG Addr=000C Dir=03 Tag=00
TAG Addr=000D Dir=03 Tag=00
TAG Addr=000E Dir=03 Tag=00
TAG Addr=000F Dir=03 Tag=00
TAG Addr=0010 Dir=03 Tag=00
TAG Addr=0011 Dir=03 Tag=00
TAG Addr=0012 Dir=03 Tag=00
TAG Addr=0013 Dir=03 Tag=00
TAG Addr=0014 Dir=03 Tag=00
TAG Addr=0015 Dir=03 Tag=00
TAG Addr=0016 Dir=03 Tag=00
TAG Addr=0017 Dir=03 Tag=00
TAG Addr=0018 Dir=03 Tag=00
TAG Addr=0019 Dir=03 Tag=00
TAG Addr=001A Dir=03 Tag=00
TAG Addr=001B Dir=03 Tag=00
TAG Addr=001C Dir=03 Tag=00
TAG Addr=001D Dir=03 Tag=00
TAG Addr=001E Dir=03 Tag=00
TAG Addr=001F Dir=03 Tag=00
TAG Addr=0020 Dir=03 Tag=00
TAG Addr=0021 Dir=03 Tag=00
TAG Addr=0022 Dir=03 Tag=00
TAG Addr=0023 Dir=03 Tag=00
TAG Addr=0024 Dir=03 Tag=00
TAG Addr=0025 Dir=03 Tag=00
TAG Addr=0026 Dir=03 Tag=00
TAG Addr=0027 Dir=03 Tag=00
TAG Addr=0028 Dir=03 Tag=00
TAG Addr=0029 Dir=03 Tag=00
TAG Addr=002A Dir=03 Tag=00
TAG Addr=002B Dir=03 Tag=00
TAG Addr=002C Dir=03 Tag=00
TAG Addr=002D Dir=03 Tag=00
TAG Addr=002E Dir=03 Tag=00
TAG Addr=002F Dir=03 Tag=00
TAG Addr=0030 Dir=03 Tag=00
TAG Addr=0031 Dir=03 Tag=00
TAG Addr=0032 Dir=03 Tag=00
TAG Addr=0033 Dir=03 Tag=00
TAG Addr=0034 Dir=03 Tag=00
TAG Addr=0035 Dir=03 Tag=00
TAG Addr=0036 Dir=03 Tag=00
TAG Addr=0037 Dir=03 Tag=00
TAG Addr=0038 Dir=03 Tag=00
TAG Addr=0039 Dir=03 Tag=00
TAG Addr=003A Dir=03 Tag=00
TAG Addr=003B Dir=03 Tag=00
TAG Addr=003C Dir=03 Tag=00
TAG Addr=003D Dir=03 Tag=00
TAG Addr=003E Dir=03 Tag=00
TAG Addr=003F Dir=03 Tag=00
TAG Addr=0040 Dir=03 Tag=00
TAG Addr=0041 Dir=03 Tag=00
TAG Addr=0042 Dir=03 Tag=00
TAG Addr=0043 Dir=03 Tag=00
TAG Addr=0044 Dir=03 Tag=00
TAG Addr=0045 Dir=03 Tag=00
TAG Addr=0046 Dir=03 Tag=00
TAG Addr=0047 Dir=03 Tag=00
TAG Addr=0048 Dir=03 Tag=00
TAG Addr=0049 Dir=03 Tag=00
TAG Addr=004A Dir=03 Tag=00
TAG Addr=004B Dir=03 Tag=00
TAG Addr=004C Dir=03 Tag=00
TAG Addr=004D Dir=03 Tag=00
TAG Addr=004E Dir=03 Tag=00
TAG Addr=004F Dir=03 Tag=00
TAG Addr=0050 Dir=03 Tag=00
TAG Addr=0051 Dir=03 Tag=00
TAG Addr=0052 Dir=03 Tag=00
TAG Addr=0053 Dir=03 Tag=00
TAG Addr=0054 Dir=03 Tag=00
TAG Addr=0055 Dir=03 Tag=00
TAG Addr=0056 Dir=03 Tag=00
TAG Addr=0057 Dir=03 Tag=00
TAG Addr=0058 Dir=03 Tag=00
TAG Addr=0059 Dir=03 Tag=00
TAG Addr=005A Dir=03 Tag=00
TAG Addr=005B Dir=03 Tag=00
TAG Addr=005C Dir=03 Tag=00
TAG Addr=005D Dir=03 Tag=00
TAG Addr=005E Dir=03 Tag=00
TAG Addr=005F Dir=03 Tag=00
TAG Addr=0060 Dir=03 Tag=00
TAG Addr=0061 Dir=03 Tag=00
TAG Addr=0062 Dir=03 Tag=00
TAG Addr=0063 Dir=03 Tag=00
TAG Addr=0064 Dir=03 Tag=00
TAG Addr=0065 Dir=03 Tag=00
TAG Addr=0066 Dir=03 Tag=00
TAG Addr=0067 Dir=03 Tag=00
TAG Addr=0068 Dir=03 Tag=00
TAG Addr=0069 Dir=03 Tag=00
TAG Addr=006A Dir=03 Tag=00
TAG Addr=006B Dir=03 Tag=00
TAG Addr=006C Dir=03 Tag=00
TAG Addr=006D Dir=03 Tag=00
TAG Addr=006E Dir=03 Tag=00
TAG Addr=006F Dir=03 Tag=00
TAG Addr=0070 Dir=03 Tag=00
TAG Addr=0071 Dir=03 Tag=00
TAG Addr=0072 Dir=03 Tag=00
TAG Addr=0073 Dir=03 Tag=00
TAG Addr=0074 Dir=03 Tag=00
TAG Addr=0075 Dir=03 Tag=00
TAG Addr=0076 Dir=03 Tag=00
TAG Addr=0077 Dir=03 Tag=00
TAG Addr=0078 Dir=03 Tag=00
TAG Addr=0079 Dir=03 Tag=00
TAG Addr=007A Dir=03 Tag=00
TAG Addr=007B Dir=03 Tag=00
TAG Addr=007C Dir=03 Tag=00
TAG Addr=007D Dir=03 Tag=00
TAG Addr=007E Dir=03 Tag=00
TAG Addr=007F Dir=03 Tag=00
TAG Addr=0080 Dir=03 Tag=00
TAG Addr=0081 Dir=03 Tag=00
TAG Addr=0082 Dir=03 Tag=00
TAG Addr=0083 Dir=03 Tag=00
TAG Addr=0084 Dir=03 Tag=00
TAG Addr=0085 Dir=03 Tag=00
TAG Addr=0086 Dir=03 Tag=00
TAG Addr=0087 Dir=03 Tag=00
TAG Addr=0088 Dir=03 Tag=00
TAG Addr=0089 Dir=03 Tag=00
TAG Addr=008A Dir=03 Tag=00
TAG Addr=008B Dir=03 Tag=00
TAG Addr=008C Dir=03 Tag=00
TAG Addr=008D Dir=03 Tag=00
TAG Addr=008E Dir=03 Tag=00
TAG Addr=008F Dir=03 Tag=00
TAG Addr=0090 Dir=03 Tag=00
TAG Addr=0091 Dir=03 Tag=00
TAG Addr=0092 Dir=03 Tag=00
TAG Addr=0093 Dir=03 Tag=00
TAG Addr=0094 Dir=03 Tag=00
TAG Addr=0095 Dir=03 Tag=00
TAG Addr=0096 Dir=03 Tag=00
TAG Addr=0097 Dir=03 Tag=00
TAG Addr=0098 Dir=03 Tag=00
TAG Addr=0099 Dir=03 Tag=00
TAG Addr=009A Dir=03 Tag=00
TAG Addr=009B Dir=03 Tag=00
TAG Addr=009C Dir=03 Tag=00
TAG Addr=009D Dir=03 Tag=00
TAG Addr=009E Dir=03 Tag=00
TAG Addr=009F Dir=03 Tag=00
TAG Addr=00A0 Dir=03 Tag=00
TAG Addr=00A1 Dir=03 Tag=00
TAG Addr=00A2 Dir=03 Tag=00
TAG Addr=00A3 Dir=03 Tag=00
TAG Addr=00A4 Dir=03 Tag=00
TAG Addr=00A5 Dir=03 Tag=00
TAG Addr=00A6 Dir=03 Tag=00
TAG Addr=00A7 Dir=03 Tag=00
TAG Addr=00A8 Dir=03 Tag=00
TAG Addr=00A9 Dir=03 Tag=00
TAG Addr=00AA Dir=03 Tag=00
TAG Addr=00AB Dir=03 Tag=00
TAG Addr=00AC Dir=03 Tag=00
TAG Addr=00AD Dir=03 Tag=00
TAG Addr=00AE Dir=03 Tag=00
TAG Addr=00AF Dir=03 Tag=00
TAG Addr=00B0 Dir=03 Tag=00
TAG Addr=00B1 Dir=03 Tag=00
TAG Addr=00B2 Dir=03 Tag=00
TAG Addr=00B3 Dir=03 Tag=00
TAG Addr=00B4 Dir=03 Tag=00
TAG Addr=00B5 Dir=03 Tag=00
TAG Addr=00B6 Dir=03 Tag=00
TAG Addr=00B7 Dir=03 Tag=00
TAG Addr=00B8 Dir=03 Tag=00
TAG Addr=00B9 Dir=03 Tag=00
TAG Addr=00BA Dir=03 Tag=00
TAG Addr=00BB Dir=03 Tag=00
TAG Addr=00BC Dir=03 Tag=00
TAG Addr=00BD Dir=03 Tag=00
TAG Addr=00BE Dir=03 Tag=00
TAG Addr=00BF Dir=03 Tag=00
TAG Addr=00C0 Dir=03 Tag=00
TAG Addr=00C1 Dir=03 Tag=00
TAG Addr=00C2 Dir=03 Tag=00
TAG Addr=00C3 Dir=03 Tag=00
TAG Addr=00C4 Dir=03 Tag=00
TAG Addr=00C5 Dir=03 Tag=00
TAG Addr=00C6 Dir=03 Tag=00
TAG Addr=00C7 Dir=03 Tag=00
TAG Addr=00C8 Dir=03 Tag=00
TAG Addr=00C9 Dir=03 Tag=00
TAG Addr=00CA Dir=03 Tag=00
TAG Addr=00CB Dir=03 Tag=00
TAG Addr=00CC Dir=03 Tag=00
TAG Addr=00CD Dir=03 Tag=00
TAG Addr=00CE Dir=03 Tag=00
TAG Addr=00CF Dir=03 Tag=00
TAG Addr=00D0 Dir=03 Tag=00
TAG Addr=00D1 Dir=03 Tag=00
TAG Addr=00D2 Dir=03 Tag=00
TAG Addr=00D3 Dir=03 Tag=00
TAG Addr=00D4 Dir=03 Tag=00
TAG Addr=00D5 Dir=03 Tag=00
TAG Addr=00D6 Dir=03 Tag=00
TAG Addr=00D7 Dir=03 Tag=00
TAG Addr=00D8 Dir=03 Tag=00
TAG Addr=00D9 Dir=03 Tag=00
TAG Addr=00DA Dir=03 Tag=00
TAG Addr=00DB Dir=03 Tag=00
TAG Addr=00DC Dir=03 Tag=00
TAG Addr=00DD Dir=03 Tag=00
TAG Addr=00DE Dir=03 Tag=00
TAG Addr=00DF Dir=03 Tag=00
TAG Addr=00E0 Dir=03 Tag=00
TAG Addr=00E1 Dir=03 Tag=00
TAG Addr=00E2 Dir=03 Tag=00
TAG Addr=00E3 Dir=03 Tag=00
TAG Addr=00E4 Dir=03 Tag=00
TAG Addr=00E5 Dir=03 Tag=00
TAG Addr=00E6 Dir=03 Tag=00
TAG Addr=00E7 Dir=03 Tag=00
TAG Addr=00E8 Dir=03 Tag=00
TAG Addr=00E9 Dir=03 Tag=00
TAG Addr=00EA Dir=03 Tag=00
TAG Addr=00EB Dir=03 Tag=00
TAG Addr=00EC Dir=03 Tag=00
TAG Addr=00ED Dir=03 Tag=00
TAG Addr=00EE Dir=03 Tag=00
TAG Addr=00EF Dir=03 Tag=00
TAG Addr=00F0 Dir=03 Tag=00
TAG Addr=00F1 Dir=03 Tag=00
TAG Addr=00F2 Dir=03 Tag=00
TAG Addr=00F3 Dir=03 Tag=00
TAG Addr=00F4 Dir=03 Tag=00
TAG Addr=00F5 Dir=03 Tag=00
TAG Addr=00F6 Dir=03 Tag=00
TAG Addr=00F7 Dir=03 Tag=00
TAG Addr=00F8 Dir=03 Tag=00
TAG Addr=00F9 Dir=03 Tag=00
TAG Addr=00FA Dir=03 Tag=00
TAG Addr=00FB Dir=03 Tag=00
TAG Addr=00FC Dir=03 Tag=00
TAG Addr=00FD Dir=03 Tag=00
TAG Addr=00FE Dir=03 Tag=00
TAG Addr=00FF Dir=03 Tag=00
TAG Addr=0100 Dir=03 Tag=00
TAG Addr=0101 Dir=03 Tag=00
TAG Addr=0102 Dir=03 Tag=00
TAG Addr=0103 Dir=03 Tag=00
TAG Addr=0104 Dir=03 Tag=00
TAG Addr=0105 Dir=03 Tag=00
TAG Addr=0106 Dir=03 Tag=00
TAG Addr=0107 Dir=03 Tag=00
TAG Addr=0108 Dir=03 Tag=00
TAG Addr=0109 Dir=03 Tag=00
TAG Addr=010A Dir=03 Tag=00
TAG Addr=010B Dir=03 Tag=00
TAG Addr=010C Dir=03 Tag=00
TAG Addr=010D Dir=03 Tag=00
TAG Addr=010E Dir=03 Tag=00
TAG Addr=010F Dir=03 Tag=00
TAG Addr=0110 Dir=03 Tag=00
TAG Addr=0111 Dir=03 Tag=00
TAG Addr=0112 Dir=03 Tag=00
TAG Addr=0113 Dir=03 Tag=00
TAG Addr=0114 Dir=03 Tag=00
TAG Addr=0115 Dir=03 Tag=00
TAG Addr=0116 Dir=03 Tag=00
TAG Addr=0117 Dir=03 Tag=00
TAG Addr=0118 Dir=03 Tag=00
TAG Addr=0119 Dir=03 Tag=00
TAG Addr=011A Dir=03 Tag=00
TAG Addr=011B Dir=03 Tag=00
TAG Addr=011C Dir=03 Tag=00
TAG Addr=011D Dir=03 Tag=00
TAG Addr=011E Dir=03 Tag=00
TAG Addr=011F Dir=03 Tag=00
TAG Addr=0120 Dir=03 Tag=00
TAG Addr=0121 Dir=03 Tag=00
TAG Addr=0122 Dir=03 Tag=00
TAG Addr=0123 Dir=03 Tag=00
TAG Addr=0124 Dir=03 Tag=00
TAG Addr=0125 Dir=03 Tag=00
TAG Addr=0126 Dir=03 Tag=00
TAG Addr=0127 Dir=03 Tag=00
TAG Addr=0128 Dir=03 Tag=00
TAG Addr=0129 Dir=03 Tag=00
TAG Addr=012A Dir=03 Tag=00
TAG Addr=012B Dir=03 Tag=00
TAG Addr=012C Dir=03 Tag=00
TAG Addr=012D Dir=03 Tag=00
TAG Addr=012E Dir=03 Tag=00
TAG Addr=012F Dir=03 Tag=00
TAG Addr=0130 Dir=03 Tag=00
TAG Addr=0131 Dir=03 Tag=00
TAG Addr=0132 Dir=03 Tag=00
TAG Addr=0133 Dir=03 Tag=00
TAG Addr=0134 Dir=03 Tag=00
TAG Addr=0135 Dir=03 Tag=00
TAG Addr=0136 Dir=03 Tag=00
TAG Addr=0137 Dir=03 Tag=00
TAG Addr=0138 Dir=03 Tag=00
TAG Addr=0139 Dir=03 Tag=00
TAG Addr=013A Dir=03 Tag=00
TAG Addr=013B Dir=03 Tag=00
TAG Addr=013C Dir=03 Tag=00
TAG Addr=013D Dir=03 Tag=00
TAG Addr=013E Dir=03 Tag=00
TAG Addr=013F Dir=03 Tag=00
TAG Addr=0140 Dir=03 Tag=00
TAG Addr=0141 Dir=03 Tag=00
TAG Addr=0142 Dir=03 Tag=00
TAG Addr=0143 Dir=03 Tag=00
TAG Addr=0144 Dir=03 Tag=00
TAG Addr=0145 Dir=03 Tag=00
TAG Addr=0146 Dir=03 Tag=00
TAG Addr=0147 Dir=03 Tag=00
TAG Addr=0148 Dir=03 Tag=00
TAG Addr=0149 Dir=03 Tag=00
TAG Addr=014A Dir=03 Tag=00
TAG Addr=014B Dir=03 Tag=00
TAG Addr=014C Dir=03 Tag=00
TAG Addr=014D Dir=03 Tag=00
TAG Addr=014E Dir=03 Tag=00
TAG Addr=014F Dir=03 Tag=00
TAG Addr=0150 Dir=03 Tag=00
TAG Addr=0151 Dir=03 Tag=00
TAG Addr=0152 Dir=03 Tag=00
TAG Addr=0153 Dir=03 Tag=00
TAG Addr=0154 Dir=03 Tag=00
TAG Addr=0155 Dir=03 Tag=00
TAG Addr=0156 Dir=03 Tag=00
TAG Addr=0157 Dir=03 Tag=00
TAG Addr=0158 Dir=03 Tag=00
TAG Addr=0159 Dir=03 Tag=00
TAG Addr=015A Dir=03 Tag=00
TAG Addr=015B Dir=03 Tag=00
TAG Addr=015C Dir=03 Tag=00
TAG Addr=015D Dir=03 Tag=00
TAG Addr=015E Dir=03 Tag=00
TAG Addr=015F Dir=03 Tag=00
TAG Addr=0160 Dir=03 Tag=00
TAG Addr=0161 Dir=03 Tag=00
TAG Addr=0162 Dir=03 Tag=00
TAG Addr=0163 Dir=03 Tag=00
TAG Addr=0164 Dir=03 Tag=00
TAG Addr=0165 Dir=03 Tag=00
TAG Addr=0166 Dir=03 Tag=00
TAG Addr=0167 Dir=03 Tag=00
TAG Addr=0168 Dir=03 Tag=00
TAG Addr=0169 Dir=03 Tag=00
TAG Addr=016A Dir=03 Tag=00
TAG Addr=016B Dir=03 Tag=00
TAG Addr=016C Dir=03 Tag=00
TAG Addr=016D Dir=03 Tag=00
TAG Addr=016E Dir=03 Tag=00
TAG Addr=016F Dir=03 Tag=00
TAG Addr=0170 Dir=03 Tag=00
TAG Addr=0171 Dir=03 Tag=00
TAG Addr=0172 Dir=03 Tag=00
TAG Addr=0173 Dir=03 Tag=00
TAG Addr=0174 Dir=03 Tag=00
TAG Addr=0175 Dir=03 Tag=00
TAG Addr=0176 Dir=03 Tag=00
TAG Addr=0177 Dir=03 Tag=00
TAG Addr=0178 Dir=03 Tag=00
TAG Addr=0179 Dir=03 Tag=00
TAG Addr=017A Dir=03 Tag=00
TAG Addr=017B Dir=03 Tag=00
TAG Addr=017C Dir=03 Tag=00
TAG Addr=017D Dir=03 Tag=00
TAG Addr=017E Dir=03 Tag=00
TAG Addr=017F Dir=03 Tag=00
TAG Addr=0180 Dir=03 Tag=00
TAG Addr=0181 Dir=03 Tag=00
TAG Addr=0182 Dir=03 Tag=00
TAG Addr=0183 Dir=03 Tag=00
TAG Addr=0184 Dir=03 Tag=00
TAG Addr=0185 Dir=03 Tag=00
TAG Addr=0186 Dir=03 Tag=00
TAG Addr=0187 Dir=03 Tag=00
TAG Addr=0188 Dir=03 Tag=00
TAG Addr=0189 Dir=03 Tag=00
TAG Addr=018A Dir=03 Tag=00
TAG Addr=018B Dir=03 Tag=00
TAG Addr=018C Dir=03 Tag=00
TAG Addr=018D Dir=03 Tag=00
TAG Addr=018E Dir=03 Tag=00
TAG Addr=018F Dir=03 Tag=00
TAG Addr=0190 Dir=03 Tag=00
TAG Addr=0191 Dir=03 Tag=00
TAG Addr=0192 Dir=03 Tag=00
TAG Addr=0193 Dir=03 Tag=00
TAG Addr=0194 Dir=03 Tag=00
TAG Addr=0195 Dir=03 Tag=00
TAG Addr=0196 Dir=03 Tag=00
TAG Addr=0197 Dir=03 Tag=00
TAG Addr=0198 Dir=03 Tag=00
TAG Addr=0199 Dir=03 Tag=00
TAG Addr=019A Dir=03 Tag=00
TAG Addr=019B Dir=03 Tag=00
TAG Addr=019C Dir=03 Tag=00
TAG Addr=019D Dir=03 Tag=00
TAG Addr=019E Dir=03 Tag=00
TAG Addr=019F Dir=03 Tag=00
TAG Addr=01A0 Dir=03 Tag=00
TAG Addr=01A1 Dir=03 Tag=00
TAG Addr=01A2 Dir=03 Tag=00
TAG Addr=01A3 Dir=03 Tag=00
TAG Addr=01A4 Dir=03 Tag=00
TAG Addr=01A5 Dir=03 Tag=00
TAG Addr=01A6 Dir=03 Tag=00
TAG Addr=01A7 Dir=03 Tag=00
TAG Addr=01A8 Dir=03 Tag=00
TAG Addr=01A9 Dir=03 Tag=00
TAG Addr=01AA Dir=03 Tag=00
TAG Addr=01AB Dir=03 Tag=00
TAG Addr=01AC Dir=03 Tag=00
TAG Addr=01AD Dir=03 Tag=00
TAG Addr=01AE Dir=03 Tag=00
TAG Addr=01AF Dir=03 Tag=00
TAG Addr=01B0 Dir=03 Tag=00
TAG Addr=01B1 Dir=03 Tag=00
TAG Addr=01B2 Dir=03 Tag=00
TAG Addr=01B3 Dir=03 Tag=00
TAG Addr=01B4 Dir=03 Tag=00
TAG Addr=01B5 Dir=03 Tag=00
TAG Addr=01B6 Dir=03 Tag=00
TAG Addr=01B7 Dir=03 Tag=00
TAG Addr=01B8 Dir=03 Tag=00
TAG Addr=01B9 Dir=03 Tag=00
TAG Addr=01BA Dir=03 Tag=00
TAG Addr=01BB Dir=03 Tag=00
TAG Addr=01BC Dir=03 Tag=00
TAG Addr=01BD Dir=03 Tag=00
TAG Addr=01BE Dir=03 Tag=00
TAG Addr=01BF Dir=03 Tag=00
TAG Addr=01C0 Dir=03 Tag=00
TAG Addr=01C1 Dir=03 Tag=00
TAG Addr=01C2 Dir=03 Tag=00
TAG Addr=01C3 Dir=03 Tag=00
TAG Addr=01C4 Dir=03 Tag=00
TAG Addr=01C5 Dir=03 Tag=00
TAG Addr=01C6 Dir=03 Tag=00
TAG Addr=01C7 Dir=03 Tag=00
TAG Addr=01C8 Dir=03 Tag=00
TAG Addr=01C9 Dir=03 Tag=00
TAG Addr=01CA Dir=03 Tag=00
TAG Addr=01CB Dir=03 Tag=00
TAG Addr=01CC Dir=03 Tag=00
TAG Addr=01CD Dir=03 Tag=00
TAG Addr=01CE Dir=03 Tag=00
TAG Addr=01CF Dir=03 Tag=00
TAG Addr=01D0 Dir=03 Tag=00
TAG Addr=01D1 Dir=03 Tag=00
TAG Addr=01D2 Dir=03 Tag=00
TAG Addr=01D3 Dir=03 Tag=00
TAG Addr=01D4 Dir=03 Tag=00
TAG Addr=01D5 Dir=03 Tag=00
TAG Addr=01D6 Dir=03 Tag=00
TAG Addr=01D7 Dir=03 Tag=00
TAG Addr=01D8 Dir=03 Tag=00
TAG Addr=01D9 Dir=03 Tag=00
TAG Addr=01DA Dir=03 Tag=00
TAG Addr=01DB Dir=03 Tag=00
TAG Addr=01DC Dir=03 Tag=00
TAG Addr=01DD Dir=03 Tag=00
TAG Addr=01DE Dir=03 Tag=00
TAG Addr=01DF Dir=03 Tag=00
TAG Addr=01E0 Dir=03 Tag=00
TAG Addr=01E1 Dir=03 Tag=00
TAG Addr=01E2 Dir=03 Tag=00
TAG Addr=01E3 Dir=03 Tag=00
TAG Addr=01E4 Dir=03 Tag=00
TAG Addr=01E5 Dir=03 Tag=00
TAG Addr=01E6 Dir=03 Tag=00
TAG Addr=01E7 Dir=03 Tag=00
TAG Addr=01E8 Dir=03 Tag=00
TAG Addr=01E9 Dir=03 Tag=00
TAG Addr=01EA Dir=03 Tag=00
TAG Addr=01EB Dir=03 Tag=00
TAG Addr=01EC Dir=03 Tag=00
TAG Addr=01ED Dir=03 Tag=00
TAG Addr=01EE Dir=03 Tag=00
TAG Addr=01EF Dir=03 Tag=00
TAG Addr=01F0 Dir=03 Tag=00
TAG Addr=01F1 Dir=03 Tag=00
TAG Addr=01F2 Dir=03 Tag=00
TAG Addr=01F3 Dir=03 Tag=00
TAG Addr=01F4 Dir=03 Tag=00
TAG Addr=01F5 Dir=03 Tag=00
TAG Addr=01F6 Dir=03 Tag=00
TAG Addr=01F7 Dir=03 Tag=00
TAG Addr=01F8 Dir=03 Tag=00
TAG Addr=01F9 Dir=03 Tag=00
TAG Addr=01FA Dir=03 Tag=00
TAG Addr=01FB Dir=03 Tag=00
TAG Addr=01FC Dir=03 Tag=00
TAG Addr=01FD Dir=03 Tag=00
TAG Addr=01FE Dir=03 Tag=00
TAG Addr=01FF Dir=03 Tag=00
TAG Addr=0200 Dir=03 Tag=00
TAG Addr=0201 Dir=03 Tag=00
TAG Addr=0202 Dir=03 Tag=00
TAG Addr=0203 Dir=03 Tag=00
TAG Addr=0204 Dir=03 Tag=00
TAG Addr=0205 Dir=03 Tag=00
TAG Addr=0206 Dir=03 Tag=00
TAG Addr=0207 Dir=03 Tag=00
TAG Addr=0208 Dir=03 Tag=00
TAG Addr=0209 Dir=03 Tag=00
TAG Addr=020A Dir=03 Tag=00
TAG Addr=020B Dir=03 Tag=00
TAG Addr=020C Dir=03 Tag=00
TAG Addr=020D Dir=03 Tag=00
TAG Addr=020E Dir=03 Tag=00
TAG Addr=020F Dir=03 Tag=00
TAG Addr=0210 Dir=03 Tag=00
TAG Addr=0211 Dir=03 Tag=00
TAG Addr=0212 Dir=03 Tag=00
TAG Addr=0213 Dir=03 Tag=00
TAG Addr=0214 Dir=03 Tag=00
TAG Addr=0215 Dir=03 Tag=00
TAG Addr=0216 Dir=03 Tag=00
TAG Addr=0217 Dir=03 Tag=00
TAG Addr=0218 Dir=03 Tag=00
TAG Addr=0219 Dir=03 Tag=00
TAG Addr=021A Dir=03 Tag=00
TAG Addr=021B Dir=03 Tag=00
TAG Addr=021C Dir=03 Tag=00
TAG Addr=021D Dir=03 Tag=00
TAG Addr=021E Dir=03 Tag=00
TAG Addr=021F Dir=03 Tag=00
TAG Addr=0220 Dir=03 Tag=00
TAG Addr=0221 Dir=03 Tag=00
TAG Addr=0222 Dir=03 Tag=00
TAG Addr=0223 Dir=03 Tag=00
TAG Addr=0224 Dir=03 Tag=00
TAG Addr=0225 Dir=03 Tag=00
TAG Addr=0226 Dir=03 Tag=00
TAG Addr=0227 Dir=03 Tag=00
TAG Addr=0228 Dir=03 Tag=00
TAG Addr=0229 Dir=03 Tag=00
TAG Addr=022A Dir=03 Tag=00
TAG Addr=022B Dir=03 Tag=00
TAG Addr=022C Dir=03 Tag=00
TAG Addr=022D Dir=03 Tag=00
TAG Addr=022E Dir=03 Tag=00
TAG Addr=022F Dir=03 Tag=00
TAG Addr=0230 Dir=03 Tag=00
TAG Addr=0231 Dir=03 Tag=00
TAG Addr=0232 Dir=03 Tag=00
TAG Addr=0233 Dir=03 Tag=00
TAG Addr=0234 Dir=03 Tag=00
TAG Addr=0235 Dir=03 Tag=00
TAG Addr=0236 Dir=03 Tag=00
TAG Addr=0237 Dir=03 Tag=00
TAG Addr=0238 Dir=03 Tag=00
TAG Addr=0239 Dir=03 Tag=00
TAG Addr=023A Dir=03 Tag=00
TAG Addr=023B Dir=03 Tag=00
TAG Addr=023C Dir=03 Tag=00
TAG Addr=023D Dir=03 Tag=00
TAG Addr=023E Dir=03 Tag=00
TAG Addr=023F Dir=03 Tag=00
TAG Addr=0240 Dir=03 Tag=00
TAG Addr=0241 Dir=03 Tag=00
TAG Addr=0242 Dir=03 Tag=00
TAG Addr=0243 Dir=03 Tag=00
TAG Addr=0244 Dir=03 Tag=00
TAG Addr=0245 Dir=03 Tag=00
TAG Addr=0246 Dir=03 Tag=00
TAG Addr=0247 Dir=03 Tag=00
TAG Addr=0248 Dir=03 Tag=00
TAG Addr=0249 Dir=03 Tag=00
TAG Addr=024A Dir=03 Tag=00
TAG Addr=024B Dir=03 Tag=00
TAG Addr=024C Dir=03 Tag=00
TAG Addr=024D Dir=03 Tag=00
TAG Addr=024E Dir=03 Tag=00
TAG Addr=024F Dir=03 Tag=00
TAG Addr=0250 Dir=03 Tag=00
TAG Addr=0251 Dir=03 Tag=00
TAG Addr=0252 Dir=03 Tag=00
TAG Addr=0253 Dir=03 Tag=00
TAG Addr=0254 Dir=03 Tag=00
TAG Addr=0255 Dir=03 Tag=00
TAG Addr=0256 Dir=03 Tag=00
TAG Addr=0257 Dir=03 Tag=00
TAG Addr=0258 Dir=03 Tag=00
TAG Addr=0259 Dir=03 Tag=00
TAG Addr=025A Dir=03 Tag=00
TAG Addr=025B Dir=03 Tag=00
TAG Addr=025C Dir=03 Tag=00
TAG Addr=025D Dir=03 Tag=00
TAG Addr=025E Dir=03 Tag=00
TAG Addr=025F Dir=03 Tag=00
TAG Addr=0260 Dir=03 Tag=00
TAG Addr=0261 Dir=03 Tag=00
TAG Addr=0262 Dir=03 Tag=00
TAG Addr=0263 Dir=03 Tag=00
TAG Addr=0264 Dir=03 Tag=00
TAG Addr=0265 Dir=03 Tag=00
TAG Addr=0266 Dir=03 Tag=00
TAG Addr=0267 Dir=03 Tag=00
TAG Addr=0268 Dir=03 Tag=00
TAG Addr=0269 Dir=03 Tag=00
TAG Addr=026A Dir=03 Tag=00
TAG Addr=026B Dir=03 Tag=00
TAG Addr=026C Dir=03 Tag=00
TAG Addr=026D Dir=03 Tag=00
TAG Addr=026E Dir=03 Tag=00
TAG Addr=026F Dir=03 Tag=00
TAG Addr=0270 Dir=03 Tag=00
TAG Addr=0271 Dir=03 Tag=00
TAG Addr=0272 Dir=03 Tag=00
TAG Addr=0273 Dir=03 Tag=00
TAG Addr=0274 Dir=03 Tag=00
TAG Addr=0275 Dir=03 Tag=00
TAG Addr=0276 Dir=03 Tag=00
TAG Addr=0277 Dir=03 Tag=00
TAG Addr=0278 Dir=03 Tag=00
TAG Addr=0279 Dir=03 Tag=00
TAG Addr=027A Dir=03 Tag=00
TAG Addr=027B Dir=03 Tag=00
TAG Addr=027C Dir=03 Tag=00
TAG Addr=027D Dir=03 Tag=00
TAG Addr=027E Dir=03 Tag=00
TAG Addr=027F Dir=03 Tag=00
TAG Addr=0280 Dir=03 Tag=00
TAG Addr=0281 Dir=03 Tag=00
TAG Addr=0282 Dir=03 Tag=00
TAG Addr=0283 Dir=03 Tag=00
TAG Addr=0284 Dir=03 Tag=00
TAG Addr=0285 Dir=03 Tag=00
TAG Addr=0286 Dir=03 Tag=00
TAG Addr=0287 Dir=03 Tag=00
TAG Addr=0288 Dir=03 Tag=00
TAG Addr=0289 Dir=03 Tag=00
TAG Addr=028A Dir=03 Tag=00
TAG Addr=028B Dir=03 Tag=00
TAG Addr=028C Dir=03 Tag=00
TAG Addr=028D Dir=03 Tag=00
TAG Addr=028E Dir=03 Tag=00
TAG Addr=028F Dir=03 Tag=00
TAG Addr=0290 Dir=03 Tag=00
TAG Addr=0291 Dir=03 Tag=00
TAG Addr=0292 Dir=03 Tag=00
TAG Addr=0293 Dir=03 Tag=00
TAG Addr=0294 Dir=03 Tag=00
TAG Addr=0295 Dir=03 Tag=00
TAG Addr=0296 Dir=03 Tag=00
TAG Addr=0297 Dir=03 Tag=00
TAG Addr=0298 Dir=03 Tag=00
TAG Addr=0299 Dir=03 Tag=00
TAG Addr=029A Dir=03 Tag=00
TAG Addr=029B Dir=03 Tag=00
TAG Addr=029C Dir=03 Tag=00
TAG Addr=029D Dir=03 Tag=00
TAG Addr=029E Dir=03 Tag=00
TAG Addr=029F Dir=03 Tag=00
TAG Addr=02A0 Dir=03 Tag=00
TAG Addr=02A1 Dir=03 Tag=00
TAG Addr=02A2 Dir=03 Tag=00
TAG Addr=02A3 Dir=03 Tag=00
TAG Addr=02A4 Dir=03 Tag=00
TAG Addr=02A5 Dir=03 Tag=00
TAG Addr=02A6 Dir=03 Tag=00
TAG Addr=02A7 Dir=03 Tag=00
TAG Addr=02A8 Dir=03 Tag=00
TAG Addr=02A9 Dir=03 Tag=00
TAG Addr=02AA Dir=03 Tag=00
TAG Addr=02AB Dir=03 Tag=00
TAG Addr=02AC Dir=03 Tag=00
TAG Addr=02AD Dir=03 Tag=00
TAG Addr=02AE Dir=03 Tag=00
TAG Addr=02AF Dir=03 Tag=00
TAG Addr=02B0 Dir=03 Tag=00
TAG Addr=02B1 Dir=03 Tag=00
TAG Addr=02B2 Dir=03 Tag=00
TAG Addr=02B3 Dir=03 Tag=00
TAG Addr=02B4 Dir=03 Tag=00
TAG Addr=02B5 Dir=03 Tag=00
TAG Addr=02B6 Dir=03 Tag=00
TAG Addr=02B7 Dir=03 Tag=00
TAG Addr=02B8 Dir=03 Tag=00
TAG Addr=02B9 Dir=03 Tag=00
TAG Addr=02BA Dir=03 Tag=00
TAG Addr=02BB Dir=03 Tag=00
TAG Addr=02BC Dir=03 Tag=00
TAG Addr=02BD Dir=03 Tag=00
TAG Addr=02BE Dir=03 Tag=00
TAG Addr=02BF Dir=03 Tag=00
TAG Addr=02C0 Dir=03 Tag=00
TAG Addr=02C1 Dir=03 Tag=00
TAG Addr=02C2 Dir=03 Tag=00
TAG Addr=02C3 Dir=03 Tag=00
TAG Addr=02C4 Dir=03 Tag=00
TAG Addr=02C5 Dir=03 Tag=00
TAG Addr=02C6 Dir=03 Tag=00
TAG Addr=02C7 Dir=03 Tag=00
TAG Addr=02C8 Dir=03 Tag=00
TAG Addr=02C9 Dir=03 Tag=00
TAG Addr=02CA Dir=03 Tag=00
TAG Addr=02CB Dir=03 Tag=00
TAG Addr=02CC Dir=03 Tag=00
TAG Addr=02CD Dir=03 Tag=00
TAG Addr=02CE Dir=03 Tag=00
TAG Addr=02CF Dir=03 Tag=00
TAG Addr=02D0 Dir=03 Tag=00
TAG Addr=02D1 Dir=03 Tag=00
TAG Addr=02D2 Dir=03 Tag=00
TAG Addr=02D3 Dir=03 Tag=00
TAG Addr=02D4 Dir=03 Tag=00
TAG Addr=02D5 Dir=03 Tag=00
TAG Addr=02D6 Dir=03 Tag=00
TAG Addr=02D7 Dir=03 Tag=00
TAG Addr=02D8 Dir=03 Tag=00
TAG Addr=02D9 Dir=03 Tag=00
TAG Addr=02DA Dir=03 Tag=00
TAG Addr=02DB Dir=03 Tag=00
TAG Addr=02DC Dir=03 Tag=00
TAG Addr=02DD Dir=03 Tag=00
TAG Addr=02DE Dir=03 Tag=00
TAG Addr=02DF Dir=03 Tag=00
TAG Addr=02E0 Dir=03 Tag=00
TAG Addr=02E1 Dir=03 Tag=00
TAG Addr=02E2 Dir=03 Tag=00
TAG Addr=02E3 Dir=03 Tag=00
TAG Addr=02E4 Dir=03 Tag=00
TAG Addr=02E5 Dir=03 Tag=00
TAG Addr=02E6 Dir=03 Tag=00
TAG Addr=02E7 Dir=03 Tag=00
TAG Addr=02E8 Dir=03 Tag=00
TAG Addr=02E9 Dir=03 Tag=00
TAG Addr=02EA Dir=03 Tag=00
TAG Addr=02EB Dir=03 Tag=00
TAG Addr=02EC Dir=03 Tag=00
TAG Addr=02ED Dir=03 Tag=00
TAG Addr=02EE Dir=03 Tag=00
TAG Addr=02EF Dir=03 Tag=00
TAG Addr=02F0 Dir=03 Tag=00
TAG Addr=02F1 Dir=03 Tag=00
TAG Addr=02F2 Dir=03 Tag=00
TAG Addr=02F3 Dir=03 Tag=00
TAG Addr=02F4 Dir=03 Tag=00
TAG Addr=02F5 Dir=03 Tag=00
TAG Addr=02F6 Dir=03 Tag=00
TAG Addr=02F7 Dir=03 Tag=00
TAG Addr=02F8 Dir=03 Tag=00
TAG Addr=02F9 Dir=03 Tag=00
TAG Addr=02FA Dir=03 Tag=00
TAG Addr=02FB Dir=03 Tag=00
TAG Addr=02FC Dir=03 Tag=00
TAG Addr=02FD Dir=03 Tag=00
TAG Addr=02FE Dir=03 Tag=00
TAG Addr=02FF Dir=03 Tag=00
TAG Addr=0300 Dir=03 Tag=00
TAG Addr=0301 Dir=03 Tag=00
TAG Addr=0302 Dir=03 Tag=00
TAG Addr=0303 Dir=03 Tag=00
TAG Addr=0304 Dir=03 Tag=00
TAG Addr=0305 Dir=03 Tag=00
TAG Addr=0306 Dir=03 Tag=00
TAG Addr=0307 Dir=03 Tag=00
TAG Addr=0308 Dir=03 Tag=00
TAG Addr=0309 Dir=03 Tag=00
TAG Addr=030A Dir=03 Tag=00
TAG Addr=030B Dir=03 Tag=00
TAG Addr=030C Dir=03 Tag=00
TAG Addr=030D Dir=03 Tag=00
TAG Addr=030E Dir=03 Tag=00
TAG Addr=030F Dir=03 Tag=00
TAG Addr=0310 Dir=03 Tag=00
TAG Addr=0311 Dir=03 Tag=00
TAG Addr=0312 Dir=03 Tag=00
TAG Addr=0313 Dir=03 Tag=00
TAG Addr=0314 Dir=03 Tag=00
TAG Addr=0315 Dir=03 Tag=00
TAG Addr=0316 Dir=03 Tag=00
TAG Addr=0317 Dir=03 Tag=00
TAG Addr=0318 Dir=03 Tag=00
TAG Addr=0319 Dir=03 Tag=00
TAG Addr=031A Dir=03 Tag=00
TAG Addr=031B Dir=03 Tag=00
TAG Addr=031C Dir=03 Tag=00
TAG Addr=031D Dir=03 Tag=00
TAG Addr=031E Dir=03 Tag=00
TAG Addr=031F Dir=03 Tag=00
TAG Addr=0320 Dir=03 Tag=00
TAG Addr=0321 Dir=03 Tag=00
TAG Addr=0322 Dir=03 Tag=00
TAG Addr=0323 Dir=03 Tag=00
TAG Addr=0324 Dir=03 Tag=00
TAG Addr=0325 Dir=03 Tag=00
TAG Addr=0326 Dir=03 Tag=00
TAG Addr=0327 Dir=03 Tag=00
TAG Addr=0328 Dir=03 Tag=00
TAG Addr=0329 Dir=03 Tag=00
TAG Addr=032A Dir=03 Tag=00
TAG Addr=032B Dir=03 Tag=00
TAG Addr=032C Dir=03 Tag=00
TAG Addr=032D Dir=03 Tag=00
TAG Addr=032E Dir=03 Tag=00
TAG Addr=032F Dir=03 Tag=00
TAG Addr=0330 Dir=03 Tag=00
TAG Addr=0331 Dir=03 Tag=00
TAG Addr=0332 Dir=03 Tag=00
TAG Addr=0333 Dir=03 Tag=00
TAG Addr=0334 Dir=03 Tag=00
TAG Addr=0335 Dir=03 Tag=00
TAG Addr=0336 Dir=03 Tag=00
TAG Addr=0337 Dir=03 Tag=00
TAG Addr=0338 Dir=03 Tag=00
TAG Addr=0339 Dir=03 Tag=00
TAG Addr=033A Dir=03 Tag=00
TAG Addr=033B Dir=03 Tag=00
TAG Addr=033C Dir=03 Tag=00
TAG Addr=033D Dir=03 Tag=00
TAG Addr=033E Dir=03 Tag=00
TAG Addr=033F Dir=03 Tag=00
TAG Addr=0340 Dir=03 Tag=00
TAG Addr=0341 Dir=03 Tag=00
TAG Addr=0342 Dir=03 Tag=00
TAG Addr=0343 Dir=03 Tag=00
TAG Addr=0344 Dir=03 Tag=00
TAG Addr=0345 Dir=03 Tag=00
TAG Addr=0346 Dir=03 Tag=00
TAG Addr=0347 Dir=03 Tag=00
TAG Addr=0348 Dir=03 Tag=00
TAG Addr=0349 Dir=03 Tag=00
TAG Addr=034A Dir=03 Tag=00
TAG Addr=034B Dir=03 Tag=00
TAG Addr=034C Dir=03 Tag=00
TAG Addr=034D Dir=03 Tag=00
TAG Addr=034E Dir=03 Tag=00
TAG Addr=034F Dir=03 Tag=00
TAG Addr=0350 Dir=03 Tag=00
TAG Addr=0351 Dir=03 Tag=00
TAG Addr=0352 Dir=03 Tag=00
TAG Addr=0353 Dir=03 Tag=00
TAG Addr=0354 Dir=03 Tag=00
TAG Addr=0355 Dir=03 Tag=00
TAG Addr=0356 Dir=03 Tag=00
TAG Addr=0357 Dir=03 Tag=00
TAG Addr=0358 Dir=03 Tag=00
TAG Addr=0359 Dir=03 Tag=00
TAG Addr=035A Dir=03 Tag=00
TAG Addr=035B Dir=03 Tag=00
TAG Addr=035C Dir=03 Tag=00
TAG Addr=035D Dir=03 Tag=00
TAG Addr=035E Dir=03 Tag=00
TAG Addr=035F Dir=03 Tag=00
TAG Addr=0360 Dir=03 Tag=00
TAG Addr=0361 Dir=03 Tag=00
TAG Addr=0362 Dir=03 Tag=00
TAG Addr=0363 Dir=03 Tag=00
TAG Addr=0364 Dir=03 Tag=00
TAG Addr=0365 Dir=03 Tag=00
TAG Addr=0366 Dir=03 Tag=00
TAG Addr=0367 Dir=03 Tag=00
TAG Addr=0368 Dir=03 Tag=00
TAG Addr=0369 Dir=03 Tag=00
TAG Addr=036A Dir=03 Tag=00
TAG Addr=036B Dir=03 Tag=00
TAG Addr=036C Dir=03 Tag=00
TAG Addr=036D Dir=03 Tag=00
TAG Addr=036E Dir=03 Tag=00
TAG Addr=036F Dir=03 Tag=00
TAG Addr=0370 Dir=03 Tag=00
TAG Addr=0371 Dir=03 Tag=00
TAG Addr=0372 Dir=03 Tag=00
TAG Addr=0373 Dir=03 Tag=00
TAG Addr=0374 Dir=03 Tag=00
TAG Addr=0375 Dir=03 Tag=00
TAG Addr=0376 Dir=03 Tag=00
TAG Addr=0377 Dir=03 Tag=00
TAG Addr=0378 Dir=03 Tag=00
TAG Addr=0379 Dir=03 Tag=00
TAG Addr=037A Dir=03 Tag=00
TAG Addr=037B Dir=03 Tag=00
TAG Addr=037C Dir=03 Tag=00
TAG Addr=037D Dir=03 Tag=00
TAG Addr=037E Dir=03 Tag=00
TAG Addr=037F Dir=03 Tag=00
TAG Addr=0380 Dir=03 Tag=00
TAG Addr=0381 Dir=03 Tag=00
TAG Addr=0382 Dir=03 Tag=00
TAG Addr=0383 Dir=03 Tag=00
TAG Addr=0384 Dir=03 Tag=00
TAG Addr=0385 Dir=03 Tag=00
TAG Addr=0386 Dir=03 Tag=00
TAG Addr=0387 Dir=03 Tag=00
TAG Addr=0388 Dir=03 Tag=00
TAG Addr=0389 Dir=03 Tag=00
TAG Addr=038A Dir=03 Tag=00
TAG Addr=038B Dir=03 Tag=00
TAG Addr=038C Dir=03 Tag=00
TAG Addr=038D Dir=03 Tag=00
TAG Addr=038E Dir=03 Tag=00
TAG Addr=038F Dir=03 Tag=00
TAG Addr=0390 Dir=03 Tag=00
TAG Addr=0391 Dir=03 Tag=00
TAG Addr=0392 Dir=03 Tag=00
TAG Addr=0393 Dir=03 Tag=00
TAG Addr=0394 Dir=03 Tag=00
TAG Addr=0395 Dir=03 Tag=00
TAG Addr=0396 Dir=03 Tag=00
TAG Addr=0397 Dir=03 Tag=00
TAG Addr=0398 Dir=03 Tag=00
TAG Addr=0399 Dir=03 Tag=00
TAG Addr=039A Dir=03 Tag=00
TAG Addr=039B Dir=03 Tag=00
TAG Addr=039C Dir=03 Tag=00
TAG Addr=039D Dir=03 Tag=00
TAG Addr=039E Dir=03 Tag=00
TAG Addr=039F Dir=03 Tag=00
TAG Addr=03A0 Dir=03 Tag=00
TAG Addr=03A1 Dir=03 Tag=00
TAG Addr=03A2 Dir=03 Tag=00
TAG Addr=03A3 Dir=03 Tag=00
TAG Addr=03A4 Dir=03 Tag=00
TAG Addr=03A5 Dir=03 Tag=00
TAG Addr=03A6 Dir=03 Tag=00
TAG Addr=03A7 Dir=03 Tag=00
TAG Addr=03A8 Dir=03 Tag=00
TAG Addr=03A9 Dir=03 Tag=00
TAG Addr=03AA Dir=03 Tag=00
TAG Addr=03AB Dir=03 Tag=00
TAG Addr=03AC Dir=03 Tag=00
TAG Addr=03AD Dir=03 Tag=00
TAG Addr=03AE Dir=03 Tag=00
TAG Addr=03AF Dir=03 Tag=00
TAG Addr=03B0 Dir=03 Tag=00
TAG Addr=03B1 Dir=03 Tag=00
TAG Addr=03B2 Dir=03 Tag=00
TAG Addr=03B3 Dir=03 Tag=00
TAG Addr=03B4 Dir=03 Tag=00
TAG Addr=03B5 Dir=03 Tag=00
TAG Addr=03B6 Dir=03 Tag=00
TAG Addr=03B7 Dir=03 Tag=00
TAG Addr=03B8 Dir=03 Tag=00
TAG Addr=03B9 Dir=03 Tag=00
TAG Addr=03BA Dir=03 Tag=00
TAG Addr=03BB Dir=03 Tag=00
TAG Addr=03BC Dir=03 Tag=00
TAG Addr=03BD Dir=03 Tag=00
TAG Addr=03BE Dir=03 Tag=00
TAG Addr=03BF Dir=03 Tag=00
TAG Addr=03C0 Dir=03 Tag=00
TAG Addr=03C1 Dir=03 Tag=00
TAG Addr=03C2 Dir=03 Tag=00
TAG Addr=03C3 Dir=03 Tag=00
TAG Addr=03C4 Dir=03 Tag=00
TAG Addr=03C5 Dir=03 Tag=00
TAG Addr=03C6 Dir=03 Tag=00
TAG Addr=03C7 Dir=03 Tag=00
TAG Addr=03C8 Dir=03 Tag=00
TAG Addr=03C9 Dir=03 Tag=00
TAG Addr=03CA Dir=03 Tag=00
TAG Addr=03CB Dir=03 Tag=00
TAG Addr=03CC Dir=03 Tag=00
TAG Addr=03CD Dir=03 Tag=00
TAG Addr=03CE Dir=03 Tag=00
TAG Addr=03CF Dir=03 Tag=00
TAG Addr=03D0 Dir=03 Tag=00
TAG Addr=03D1 Dir=03 Tag=00
TAG Addr=03D2 Dir=03 Tag=00
TAG Addr=03D3 Dir=03 Tag=00
TAG Addr=03D4 Dir=03 Tag=00
TAG Addr=03D5 Dir=03 Tag=00
TAG Addr=03D6 Dir=03 Tag=00
TAG Addr=03D7 Dir=03 Tag=00
TAG Addr=03D8 Dir=03 Tag=00
TAG Addr=03D9 Dir=03 Tag=00
TAG Addr=03DA Dir=03 Tag=00
TAG Addr=03DB Dir=03 Tag=00
TAG Addr=03DC Dir=03 Tag=00
TAG Addr=03DD Dir=03 Tag=00
TAG Addr=03DE Dir=03 Tag=00
TAG Addr=03DF Dir=03 Tag=00
TAG Addr=03E0 Dir=03 Tag=00
TAG Addr=03E1 Dir=03 Tag=00
TAG Addr=03E2 Dir=03 Tag=00
TAG Addr=03E3 Dir=03 Tag=00
TAG Addr=03E4 Dir=03 Tag=00
TAG Addr=03E5 Dir=03 Tag=00
TAG Addr=03E6 Dir=03 Tag=00
TAG Addr=03E7 Dir=03 Tag=00
TAG Addr=03E8 Dir=03 Tag=00
TAG Addr=03E9 Dir=03 Tag=00
TAG Addr=03EA Dir=03 Tag=00
TAG Addr=03EB Dir=03 Tag=00
TAG Addr=03EC Dir=03 Tag=00
TAG Addr=03ED Dir=03 Tag=00
TAG Addr=03EE Dir=03 Tag=00
TAG Addr=03EF Dir=03 Tag=00
TAG Addr=03F0 Dir=03 Tag=00
TAG Addr=03F1 Dir=03 Tag=00
TAG Addr=03F2 Dir=03 Tag=00
TAG Addr=03F3 Dir=03 Tag=00
TAG Addr=03F4 Dir=03 Tag=00
TAG Addr=03F5 Dir=03 Tag=00
TAG Addr=03F6 Dir=03 Tag=00
TAG Addr=03F7 Dir=03 Tag=00
TAG Addr=03F8 Dir=03 Tag=00
TAG Addr=03F9 Dir=03 Tag=00
TAG Addr=03FA Dir=03 Tag=00
TAG Addr=03FB Dir=03 Tag=00
TAG Addr=03FC Dir=03 Tag=00
TAG Addr=03FD Dir=03 Tag=00
TAG Addr=03FE Dir=03 Tag=00
TAG Addr=03FF Dir=03 Tag=00
TAG Addr=2000 Dir=01 Tag=2A
TAG Addr=2001 Dir=01 Tag=2A
TAG Addr=2002 Dir=01 Tag=2A
TAG Addr=2003 Dir=01 Tag=2A
TAG Addr=2004 Dir=01 Tag=2A
TAG Addr=2005 Dir=01 Tag=2A
TAG Addr=2006 Dir=01 Tag=2A
TAG Addr=2007 Dir=01 Tag=2A
TAG Addr=2000 Dir=02 Tag=02
TAG Addr=2001 Dir=02 Tag=02
TAG Addr=2002 Dir=02 Tag=02
TAG Addr=2003 Dir=02 Tag=02
TAG Addr=2004 Dir=02 Tag=02
TAG Addr=2005 Dir=02 Tag=02
TAG Addr=2006 Dir=02 Tag=02
TAG Addr=2007 Dir=02 Tag=02
TAG Addr=2400 Dir=01 Tag=2B
TAG Addr=2401 Dir=01 Tag=2B
TAG Addr=2402 Dir=01 Tag=2B
TAG Addr=2403 Dir=01 Tag=2B
TAG Addr=2404 Dir=01 Tag=2B
TAG Addr=2405 Dir=01 Tag=2B
TAG Addr=2406 Dir=01 Tag=2B
TAG Addr=2407 Dir=01 Tag=2B
TAG Addr=2400 Dir=02 Tag=02
TAG Addr=2401 Dir=02 Tag=02
TAG Addr=2402 Dir=02 Tag=02
TAG Addr=2403 Dir=02 Tag=02
TAG Addr=2404 Dir=02 Tag=02
TAG Addr=2405 Dir=02 Tag=02
TAG Addr=2406 Dir=02 Tag=02
TAG Addr=2407 Dir=02 Tag=02
TAG Addr=2800 Dir=01 Tag=13
TAG Addr=2801 Dir=01 Tag=13
TAG Addr=2802 Dir=01 Tag=13
TAG Addr=2803 Dir=01 Tag=13
TAG Addr=2C00 Dir=03 Tag=0D
TAG Addr=2C01 Dir=03 Tag=0D
TAG Addr=2C02 Dir=03 Tag=0D
TAG Addr=2C03 Dir=03 Tag=0D
TAG Addr=2C04 Dir=03 Tag=0D
TAG Addr=2C05 Dir=03 Tag=0D
TAG Addr=2C06 Dir=03 Tag=0D
TAG Addr=2C07 Dir=03 Tag=0D
TAG Addr=2C08 Dir=03 Tag=0D
TAG Addr=2C09 Dir=03 Tag=0D
TAG Addr=2C0A Dir=03 Tag=0D
TAG Addr=2C0B Dir=03 Tag=0D
TAG Addr=2C0C Dir=03 Tag=0D
TAG Addr=2C0D Dir=03 Tag=0D
TAG Addr=2C0E Dir=03 Tag=0D
TAG Addr=2C0F Dir=03 Tag=0D
TAG Addr=2C08 Dir=01 Tag=12
TAG Addr=2C40 Dir=01 Tag=18
TAG Addr=2C41 Dir=01 Tag=18
TAG Addr=2C42 Dir=01 Tag=18
TAG Addr=2C43 Dir=01 Tag=18
TAG Addr=2C44 Dir=01 Tag=18
TAG Addr=2C45 Dir=01 Tag=18
TAG Addr=2C46 Dir=01 Tag=18
TAG Addr=2C47 Dir=01 Tag=18
TAG Addr=2C48 Dir=01 Tag=18
TAG Addr=2C49 Dir=01 Tag=18
TAG Addr=2C4A Dir=01 Tag=18
TAG Addr=2C4B Dir=01 Tag=18
TAG Addr=2C4C Dir=01 Tag=18
TAG Addr=2C4D Dir=01 Tag=18
TAG Addr=2C4E Dir=01 Tag=18
TAG Addr=2C4F Dir=01 Tag=18
TAG Addr=2C50 Dir=01 Tag=18
TAG Addr=2C51 Dir=01 Tag=18
TAG Addr=2C52 Dir=01 Tag=18
TAG Addr=2C53 Dir=01 Tag=18
TAG Addr=2C54 Dir=01 Tag=18
TAG Addr=2C55 Dir=01 Tag=18
TAG Addr=2C56 Dir=01 Tag=18
TAG Addr=2C57 Dir=01 Tag=18
TAG Addr=2C58 Dir=01 Tag=18
TAG Addr=2C59 Dir=01 Tag=18
TAG Addr=2C5A Dir=01 Tag=18
TAG Addr=2C5B Dir=01 Tag=18
TAG Addr=2C5C Dir=01 Tag=18
TAG Addr=2C5D Dir=01 Tag=18
TAG Addr=2C5E Dir=01 Tag=18
TAG Addr=2C5F Dir=01 Tag=18
TAG Addr=2C60 Dir=01 Tag=18
TAG Addr=2C61 Dir=01 Tag=18
TAG Addr=2C62 Dir=01 Tag=18
TAG Addr=2C63 Dir=01 Tag=18
TAG Addr=2C64 Dir=01 Tag=18
TAG Addr=2C65 Dir=01 Tag=18
TAG Addr=2C66 Dir=01 Tag=18
TAG Addr=2C67 Dir=01 Tag=18
TAG Addr=2C68 Dir=01 Tag=18
TAG Addr=2C69 Dir=01 Tag=18
TAG Addr=2C6A Dir=01 Tag=18
TAG Addr=2C6B Dir=01 Tag=18
TAG Addr=2C6C Dir=01 Tag=18
TAG Addr=2C6D Dir=01 Tag=18
TAG Addr=2C6E Dir=01 Tag=18
TAG Addr=2C6F Dir=01 Tag=18
TAG Addr=2C70 Dir=01 Tag=18
TAG Addr=2C71 Dir=01 Tag=18
TAG Addr=2C72 Dir=01 Tag=18
TAG Addr=2C73 Dir=01 Tag=18
TAG Addr=2C74 Dir=01 Tag=18
TAG Addr=2C75 Dir=01 Tag=18
TAG Addr=2C76 Dir=01 Tag=18
TAG Addr=2C77 Dir=01 Tag=18
TAG Addr=2C78 Dir=01 Tag=18
TAG Addr=2C79 Dir=01 Tag=18
TAG Addr=2C7A Dir=01 Tag=18
TAG Addr=2C7B Dir=01 Tag=18
TAG Addr=2C7C Dir=01 Tag=18
TAG Addr=2C7D Dir=01 Tag=18
TAG Addr=2C7E Dir=01 Tag=18
TAG Addr=2C7F Dir=01 Tag=18
TAG Addr=3000 Dir=02 Tag=09
TAG Addr=3200 Dir=02 Tag=17
TAG Addr=3201 Dir=02 Tag=17
TAG Addr=3202 Dir=02 Tag=17
TAG Addr=3203 Dir=02 Tag=17
TAG Addr=3204 Dir=02 Tag=17
TAG Addr=3205 Dir=02 Tag=17
TAG Addr=3206 Dir=02 Tag=17
TAG Addr=3207 Dir=02 Tag=17
TAG Addr=3208 Dir=02 Tag=17
TAG Addr=3209 Dir=02 Tag=17
TAG Addr=320A Dir=02 Tag=17
TAG Addr=320B Dir=02 Tag=17
TAG Addr=320C Dir=02 Tag=17
TAG Addr=320D Dir=02 Tag=17
TAG Addr=320E Dir=02 Tag=17
TAG Addr=320F Dir=02 Tag=17
TAG Addr=3210 Dir=02 Tag=17
TAG Addr=3211 Dir=02 Tag=17
TAG Addr=3212 Dir=02 Tag=17
TAG Addr=3213 Dir=02 Tag=17
TAG Addr=3214 Dir=02 Tag=17
TAG Addr=3215 Dir=02 Tag=17
TAG Addr=3216 Dir=02 Tag=17
TAG Addr=3217 Dir=02 Tag=17
TAG Addr=3218 Dir=02 Tag=17
TAG Addr=3219 Dir=02 Tag=17
TAG Addr=321A Dir=02 Tag=17
TAG Addr=321B Dir=02 Tag=17
TAG Addr=321C Dir=02 Tag=17
TAG Addr=321D Dir=02 Tag=17
TAG Addr=321E Dir=02 Tag=17
TAG Addr=321F Dir=02 Tag=17
TAG Addr=3220 Dir=02 Tag=17
TAG Addr=3221 Dir=02 Tag=17
TAG Addr=3222 Dir=02 Tag=17
TAG Addr=3223 Dir=02 Tag=17
TAG Addr=3224 Dir=02 Tag=17
TAG Addr=3225 Dir=02 Tag=17
TAG Addr=3226 Dir=02 Tag=17
TAG Addr=3227 Dir=02 Tag=17
TAG Addr=3228 Dir=02 Tag=17
TAG Addr=3229 Dir=02 Tag=17
TAG Addr=322A Dir=02 Tag=17
TAG Addr=322B Dir=02 Tag=17
TAG Addr=322C Dir=02 Tag=17
TAG Addr=322D Dir=02 Tag=17
TAG Addr=322E Dir=02 Tag=17
TAG Addr=322F Dir=02 Tag=17
TAG Addr=3230 Dir=02 Tag=17
TAG Addr=3231 Dir=02 Tag=17
TAG Addr=3232 Dir=02 Tag=17
TAG Addr=3233 Dir=02 Tag=17
TAG Addr=3234 Dir=02 Tag=17
TAG Addr=3235 Dir=02 Tag=17
TAG Addr=3236 Dir=02 Tag=17
TAG Addr=3237 Dir=02 Tag=17
TAG Addr=3238 Dir=02 Tag=17
TAG Addr=3239 Dir=02 Tag=17
TAG Addr=323A Dir=02 Tag=17
TAG Addr=323B Dir=02 Tag=17
TAG Addr=323C Dir=02 Tag=17
TAG Addr=323D Dir=02 Tag=17
TAG Addr=323E Dir=02 Tag=17
TAG Addr=323F Dir=02 Tag=17
TAG Addr=3400 Dir=02 Tag=06
TAG Addr=3600 Dir=02 Tag=2D
TAG Addr=3800 Dir=02 Tag=08
TAG Addr=3A00 Dir=02 Tag=16
TAG Addr=3C00 Dir=02 Tag=31
TAG Addr=3C01 Dir=02 Tag=31
TAG Addr=3C02 Dir=02 Tag=31
TAG Addr=3C03 Dir=02 Tag=31
TAG Addr=3C04 Dir=02 Tag=31
TAG Addr=3C05 Dir=02 Tag=31
TAG Addr=3C06 Dir=02 Tag=31
TAG Addr=3C07 Dir=02 Tag=31
TAG Addr=3E00 Dir=02 Tag=30
TAG Addr=4000 Dir=03 Tag=00
TAG Addr=4001 Dir=03 Tag=00
TAG Addr=4002 Dir=03 Tag=00
TAG Addr=4003 Dir=03 Tag=00
TAG Addr=4004 Dir=03 Tag=00
TAG Addr=4005 Dir=03 Tag=00
TAG Addr=4006 Dir=03 Tag=00
TAG Addr=4007 Dir=03 Tag=00
TAG Addr=4008 Dir=03 Tag=00
TAG Addr=4009 Dir=03 Tag=00
TAG Addr=400A Dir=03 Tag=00
TAG Addr=400B Dir=03 Tag=00
TAG Addr=400C Dir=03 Tag=00
TAG Addr=400D Dir=03 Tag=00
TAG Addr=400E Dir=03 Tag=00
TAG Addr=400F Dir=03 Tag=00
TAG Addr=4010 Dir=03 Tag=00
TAG Addr=4011 Dir=03 Tag=00
TAG Addr=4012 Dir=03 Tag=00
TAG Addr=4013 Dir=03 Tag=00
TAG Addr=4014 Dir=03 Tag=00
TAG Addr=4015 Dir=03 Tag=00
TAG Addr=4016 Dir=03 Tag=00
TAG Addr=4017 Dir=03 Tag=00
TAG Addr=4018 Dir=03 Tag=00
TAG Addr=4019 Dir=03 Tag=00
TAG Addr=401A Dir=03 Tag=00
TAG Addr=401B Dir=03 Tag=00
TAG Addr=401C Dir=03 Tag=00
TAG Addr=401D Dir=03 Tag=00
TAG Addr=401E Dir=03 Tag=00
TAG Addr=401F Dir=03 Tag=00
TAG Addr=4020 Dir=03 Tag=00
TAG Addr=4021 Dir=03 Tag=00
TAG Addr=4022 Dir=03 Tag=00
TAG Addr=4023 Dir=03 Tag=00
TAG Addr=4024 Dir=03 Tag=00
TAG Addr=4025 Dir=03 Tag=00
TAG Addr=4026 Dir=03 Tag=00
TAG Addr=4027 Dir=03 Tag=00
TAG Addr=4028 Dir=03 Tag=00
TAG Addr=4029 Dir=03 Tag=00
TAG Addr=402A Dir=03 Tag=00
TAG Addr=402B Dir=03 Tag=00
TAG Addr=402C Dir=03 Tag=00
TAG Addr=402D Dir=03 Tag=00
TAG Addr=402E Dir=03 Tag=00
TAG Addr=402F Dir=03 Tag=00
TAG Addr=4030 Dir=03 Tag=00
TAG Addr=4031 Dir=03 Tag=00
TAG Addr=4032 Dir=03 Tag=00
TAG Addr=4033 Dir=03 Tag=00
TAG Addr=4034 Dir=03 Tag=00
TAG Addr=4035 Dir=03 Tag=00
TAG Addr=4036 Dir=03 Tag=00
TAG Addr=4037 Dir=03 Tag=00
TAG Addr=4038 Dir=03 Tag=00
TAG Addr=4039 Dir=03 Tag=00
TAG Addr=403A Dir=03 Tag=00
TAG Addr=403B Dir=03 Tag=00
TAG Addr=403C Dir=03 Tag=00
TAG Addr=403D Dir=03 Tag=00
TAG Addr=403E Dir=03 Tag=00
TAG Addr=403F Dir=03 Tag=00
TAG Addr=4040 Dir=03 Tag=00
TAG Addr=4041 Dir=03 Tag=00
TAG Addr=4042 Dir=03 Tag=00
TAG Addr=4043 Dir=03 Tag=00
TAG Addr=4044 Dir=03 Tag=00
TAG Addr=4045 Dir=03 Tag=00
TAG Addr=4046 Dir=03 Tag=00
TAG Addr=4047 Dir=03 Tag=00
TAG Addr=4048 Dir=03 Tag=00
TAG Addr=4049 Dir=03 Tag=00
TAG Addr=404A Dir=03 Tag=00
TAG Addr=404B Dir=03 Tag=00
TAG Addr=404C Dir=03 Tag=00
TAG Addr=404D Dir=03 Tag=00
TAG Addr=404E Dir=03 Tag=00
TAG Addr=404F Dir=03 Tag=00
TAG Addr=4050 Dir=03 Tag=00
TAG Addr=4051 Dir=03 Tag=00
TAG Addr=4052 Dir=03 Tag=00
TAG Addr=4053 Dir=03 Tag=00
TAG Addr=4054 Dir=03 Tag=00
TAG Addr=4055 Dir=03 Tag=00
TAG Addr=4056 Dir=03 Tag=00
TAG Addr=4057 Dir=03 Tag=00
TAG Addr=4058 Dir=03 Tag=00
TAG Addr=4059 Dir=03 Tag=00
TAG Addr=405A Dir=03 Tag=00
TAG Addr=405B Dir=03 Tag=00
TAG Addr=405C Dir=03 Tag=00
TAG Addr=405D Dir=03 Tag=00
TAG Addr=405E Dir=03 Tag=00
TAG Addr=405F Dir=03 Tag=00
TAG Addr=4060 Dir=03 Tag=00
TAG Addr=4061 Dir=03 Tag=00
TAG Addr=4062 Dir=03 Tag=00
TAG Addr=4063 Dir=03 Tag=00
TAG Addr=4064 Dir=03 Tag=00
TAG Addr=4065 Dir=03 Tag=00
TAG Addr=4066 Dir=03 Tag=00
TAG Addr=4067 Dir=03 Tag=00
TAG Addr=4068 Dir=03 Tag=00
TAG Addr=4069 Dir=03 Tag=00
TAG Addr=406A Dir=03 Tag=00
TAG Addr=406B Dir=03 Tag=00
TAG Addr=406C Dir=03 Tag=00
TAG Addr=406D Dir=03 Tag=00
TAG Addr=406E Dir=03 Tag=00
TAG Addr=406F Dir=03 Tag=00
TAG Addr=4070 Dir=03 Tag=00
TAG Addr=4071 Dir=03 Tag=00
TAG Addr=4072 Dir=03 Tag=00
TAG Addr=4073 Dir=03 Tag=00
TAG Addr=4074 Dir=03 Tag=00
TAG Addr=4075 Dir=03 Tag=00
TAG Addr=4076 Dir=03 Tag=00
TAG Addr=4077 Dir=03 Tag=00
TAG Addr=4078 Dir=03 Tag=00
TAG Addr=4079 Dir=03 Tag=00
TAG Addr=407A Dir=03 Tag=00
TAG Addr=407B Dir=03 Tag=00
TAG Addr=407C Dir=03 Tag=00
TAG Addr=407D Dir=03 Tag=00
TAG Addr=407E Dir=03 Tag=00
TAG Addr=407F Dir=03 Tag=00
TAG Addr=4080 Dir=03 Tag=00
TAG Addr=4081 Dir=03 Tag=00
TAG Addr=4082 Dir=03 Tag=00
TAG Addr=4083 Dir=03 Tag=00
TAG Addr=4084 Dir=03 Tag=00
TAG Addr=4085 Dir=03 Tag=00
TAG Addr=4086 Dir=03 Tag=00
TAG Addr=4087 Dir=03 Tag=00
TAG Addr=4088 Dir=03 Tag=00
TAG Addr=4089 Dir=03 Tag=00
TAG Addr=408A Dir=03 Tag=00
TAG Addr=408B Dir=03 Tag=00
TAG Addr=408C Dir=03 Tag=00
TAG Addr=408D Dir=03 Tag=00
TAG Addr=408E Dir=03 Tag=00
TAG Addr=408F Dir=03 Tag=00
TAG Addr=4090 Dir=03 Tag=00
TAG Addr=4091 Dir=03 Tag=00
TAG Addr=4092 Dir=03 Tag=00
TAG Addr=4093 Dir=03 Tag=00
TAG Addr=4094 Dir=03 Tag=00
TAG Addr=4095 Dir=03 Tag=00
TAG Addr=4096 Dir=03 Tag=00
TAG Addr=4097 Dir=03 Tag=00
TAG Addr=4098 Dir=03 Tag=00
TAG Addr=4099 Dir=03 Tag=00
TAG Addr=409A Dir=03 Tag=00
TAG Addr=409B Dir=03 Tag=00
TAG Addr=409C Dir=03 Tag=00
TAG Addr=409D Dir=03 Tag=00
TAG Addr=409E Dir=03 Tag=00
TAG Addr=409F Dir=03 Tag=00
TAG Addr=40A0 Dir=03 Tag=00
TAG Addr=40A1 Dir=03 Tag=00
TAG Addr=40A2 Dir=03 Tag=00
TAG Addr=40A3 Dir=03 Tag=00
TAG Addr=40A4 Dir=03 Tag=00
TAG Addr=40A5 Dir=03 Tag=00
TAG Addr=40A6 Dir=03 Tag=00
TAG Addr=40A7 Dir=03 Tag=00
TAG Addr=40A8 Dir=03 Tag=00
TAG Addr=40A9 Dir=03 Tag=00
TAG Addr=40AA Dir=03 Tag=00
TAG Addr=40AB Dir=03 Tag=00
TAG Addr=40AC Dir=03 Tag=00
TAG Addr=40AD Dir=03 Tag=00
TAG Addr=40AE Dir=03 Tag=00
TAG Addr=40AF Dir=03 Tag=00
TAG Addr=40B0 Dir=03 Tag=00
TAG Addr=40B1 Dir=03 Tag=00
TAG Addr=40B2 Dir=03 Tag=00
TAG Addr=40B3 Dir=03 Tag=00
TAG Addr=40B4 Dir=03 Tag=00
TAG Addr=40B5 Dir=03 Tag=00
TAG Addr=40B6 Dir=03 Tag=00
TAG Addr=40B7 Dir=03 Tag=00
TAG Addr=40B8 Dir=03 Tag=00
TAG Addr=40B9 Dir=03 Tag=00
TAG Addr=40BA Dir=03 Tag=00
TAG Addr=40BB Dir=03 Tag=00
TAG Addr=40BC Dir=03 Tag=00
TAG Addr=40BD Dir=03 Tag=00
TAG Addr=40BE Dir=03 Tag=00
TAG Addr=40BF Dir=03 Tag=00
TAG Addr=40C0 Dir=03 Tag=00
TAG Addr=40C1 Dir=03 Tag=00
TAG Addr=40C2 Dir=03 Tag=00
TAG Addr=40C3 Dir=03 Tag=00
TAG Addr=40C4 Dir=03 Tag=00
TAG Addr=40C5 Dir=03 Tag=00
TAG Addr=40C6 Dir=03 Tag=00
TAG Addr=40C7 Dir=03 Tag=00
TAG Addr=40C8 Dir=03 Tag=00
TAG Addr=40C9 Dir=03 Tag=00
TAG Addr=40CA Dir=03 Tag=00
TAG Addr=40CB Dir=03 Tag=00
TAG Addr=40CC Dir=03 Tag=00
TAG Addr=40CD Dir=03 Tag=00
TAG Addr=40CE Dir=03 Tag=00
TAG Addr=40CF Dir=03 Tag=00
TAG Addr=40D0 Dir=03 Tag=00
TAG Addr=40D1 Dir=03 Tag=00
TAG Addr=40D2 Dir=03 Tag=00
TAG Addr=40D3 Dir=03 Tag=00
TAG Addr=40D4 Dir=03 Tag=00
TAG Addr=40D5 Dir=03 Tag=00
TAG Addr=40D6 Dir=03 Tag=00
TAG Addr=40D7 Dir=03 Tag=00
TAG Addr=40D8 Dir=03 Tag=00
TAG Addr=40D9 Dir=03 Tag=00
TAG Addr=40DA Dir=03 Tag=00
TAG Addr=40DB Dir=03 Tag=00
TAG Addr=40DC Dir=03 Tag=00
TAG Addr=40DD Dir=03 Tag=00
TAG Addr=40DE Dir=03 Tag=00
TAG Addr=40DF Dir=03 Tag=00
TAG Addr=40E0 Dir=03 Tag=00
TAG Addr=40E1 Dir=03 Tag=00
TAG Addr=40E2 Dir=03 Tag=00
TAG Addr=40E3 Dir=03 Tag=00
TAG Addr=40E4 Dir=03 Tag=00
TAG Addr=40E5 Dir=03 Tag=00
TAG Addr=40E6 Dir=03 Tag=00
TAG Addr=40E7 Dir=03 Tag=00
TAG Addr=40E8 Dir=03 Tag=00
TAG Addr=40E9 Dir=03 Tag=00
TAG Addr=40EA Dir=03 Tag=00
TAG Addr=40EB Dir=03 Tag=00
TAG Addr=40EC Dir=03 Tag=00
TAG Addr=40ED Dir=03 Tag=00
TAG Addr=40EE Dir=03 Tag=00
TAG Addr=40EF Dir=03 Tag=00
TAG Addr=40F0 Dir=03 Tag=00
TAG Addr=40F1 Dir=03 Tag=00
TAG Addr=40F2 Dir=03 Tag=00
TAG Addr=40F3 Dir=03 Tag=00
TAG Addr=40F4 Dir=03 Tag=00
TAG Addr=40F5 Dir=03 Tag=00
TAG Addr=40F6 Dir=03 Tag=00
TAG Addr=40F7 Dir=03 Tag=00
TAG Addr=40F8 Dir=03 Tag=00
TAG Addr=40F9 Dir=03 Tag=00
TAG Addr=40FA Dir=03 Tag=00
TAG Addr=40FB Dir=03 Tag=00
TAG Addr=40FC Dir=03 Tag=00
TAG Addr=40FD Dir=03 Tag=00
TAG Addr=40FE Dir=03 Tag=00
TAG Addr=40FF Dir=03 Tag=00
TAG Addr=4100 Dir=03 Tag=00
TAG Addr=4101 Dir=03 Tag=00
TAG Addr=4102 Dir=03 Tag=00
TAG Addr=4103 Dir=03 Tag=00
TAG Addr=4104 Dir=03 Tag=00
TAG Addr=4105 Dir=03 Tag=00
TAG Addr=4106 Dir=03 Tag=00
TAG Addr=4107 Dir=03 Tag=00
TAG Addr=4108 Dir=03 Tag=00
TAG Addr=4109 Dir=03 Tag=00
TAG Addr=410A Dir=03 Tag=00
TAG Addr=410B Dir=03 Tag=00
TAG Addr=410C Dir=03 Tag=00
TAG Addr=410D Dir=03 Tag=00
TAG Addr=410E Dir=03 Tag=00
TAG Addr=410F Dir=03 Tag=00
TAG Addr=4110 Dir=03 Tag=00
TAG Addr=4111 Dir=03 Tag=00
TAG Addr=4112 Dir=03 Tag=00
TAG Addr=4113 Dir=03 Tag=00
TAG Addr=4114 Dir=03 Tag=00
TAG Addr=4115 Dir=03 Tag=00
TAG Addr=4116 Dir=03 Tag=00
TAG Addr=4117 Dir=03 Tag=00
TAG Addr=4118 Dir=03 Tag=00
TAG Addr=4119 Dir=03 Tag=00
TAG Addr=411A Dir=03 Tag=00
TAG Addr=411B Dir=03 Tag=00
TAG Addr=411C Dir=03 Tag=00
TAG Addr=411D Dir=03 Tag=00
TAG Addr=411E Dir=03 Tag=00
TAG Addr=411F Dir=03 Tag=00
TAG Addr=4120 Dir=03 Tag=00
TAG Addr=4121 Dir=03 Tag=00
TAG Addr=4122 Dir=03 Tag=00
TAG Addr=4123 Dir=03 Tag=00
TAG Addr=4124 Dir=03 Tag=00
TAG Addr=4125 Dir=03 Tag=00
TAG Addr=4126 Dir=03 Tag=00
TAG Addr=4127 Dir=03 Tag=00
TAG Addr=4128 Dir=03 Tag=00
TAG Addr=4129 Dir=03 Tag=00
TAG Addr=412A Dir=03 Tag=00
TAG Addr=412B Dir=03 Tag=00
TAG Addr=412C Dir=03 Tag=00
TAG Addr=412D Dir=03 Tag=00
TAG Addr=412E Dir=03 Tag=00
TAG Addr=412F Dir=03 Tag=00
TAG Addr=4130 Dir=03 Tag=00
TAG Addr=4131 Dir=03 Tag=00
TAG Addr=4132 Dir=03 Tag=00
TAG Addr=4133 Dir=03 Tag=00
TAG Addr=4134 Dir=03 Tag=00
TAG Addr=4135 Dir=03 Tag=00
TAG Addr=4136 Dir=03 Tag=00
TAG Addr=4137 Dir=03 Tag=00
TAG Addr=4138 Dir=03 Tag=00
TAG Addr=4139 Dir=03 Tag=00
TAG Addr=413A Dir=03 Tag=00
TAG Addr=413B Dir=03 Tag=00
TAG Addr=413C Dir=03 Tag=00
TAG Addr=413D Dir=03 Tag=00
TAG Addr=413E Dir=03 Tag=00
TAG Addr=413F Dir=03 Tag=00
TAG Addr=4140 Dir=03 Tag=00
TAG Addr=4141 Dir=03 Tag=00
TAG Addr=4142 Dir=03 Tag=00
TAG Addr=4143 Dir=03 Tag=00
TAG Addr=4144 Dir=03 Tag=00
TAG Addr=4145 Dir=03 Tag=00
TAG Addr=4146 Dir=03 Tag=00
TAG Addr=4147 Dir=03 Tag=00
TAG Addr=4148 Dir=03 Tag=00
TAG Addr=4149 Dir=03 Tag=00
TAG Addr=414A Dir=03 Tag=00
TAG Addr=414B Dir=03 Tag=00
TAG Addr=414C Dir=03 Tag=00
TAG Addr=414D Dir=03 Tag=00
TAG Addr=414E Dir=03 Tag=00
TAG Addr=414F Dir=03 Tag=00
TAG Addr=4150 Dir=03 Tag=00
TAG Addr=4151 Dir=03 Tag=00
TAG Addr=4152 Dir=03 Tag=00
TAG Addr=4153 Dir=03 Tag=00
TAG Addr=4154 Dir=03 Tag=00
TAG Addr=4155 Dir=03 Tag=00
TAG Addr=4156 Dir=03 Tag=00
TAG Addr=4157 Dir=03 Tag=00
TAG Addr=4158 Dir=03 Tag=00
TAG Addr=4159 Dir=03 Tag=00
TAG Addr=415A Dir=03 Tag=00
TAG Addr=415B Dir=03 Tag=00
TAG Addr=415C Dir=03 Tag=00
TAG Addr=415D Dir=03 Tag=00
TAG Addr=415E Dir=03 Tag=00
TAG Addr=415F Dir=03 Tag=00
TAG Addr=4160 Dir=03 Tag=00
TAG Addr=4161 Dir=03 Tag=00
TAG Addr=4162 Dir=03 Tag=00
TAG Addr=4163 Dir=03 Tag=00
TAG Addr=4164 Dir=03 Tag=00
TAG Addr=4165 Dir=03 Tag=00
TAG Addr=4166 Dir=03 Tag=00
TAG Addr=4167 Dir=03 Tag=00
TAG Addr=4168 Dir=03 Tag=00
TAG Addr=4169 Dir=03 Tag=00
TAG Addr=416A Dir=03 Tag=00
TAG Addr=416B Dir=03 Tag=00
TAG Addr=416C Dir=03 Tag=00
TAG Addr=416D Dir=03 Tag=00
TAG Addr=416E Dir=03 Tag=00
TAG Addr=416F Dir=03 Tag=00
TAG Addr=4170 Dir=03 Tag=00
TAG Addr=4171 Dir=03 Tag=00
TAG Addr=4172 Dir=03 Tag=00
TAG Addr=4173 Dir=03 Tag=00
TAG Addr=4174 Dir=03 Tag=00
TAG Addr=4175 Dir=03 Tag=00
TAG Addr=4176 Dir=03 Tag=00
TAG Addr=4177 Dir=03 Tag=00
TAG Addr=4178 Dir=03 Tag=00
TAG Addr=4179 Dir=03 Tag=00
TAG Addr=417A Dir=03 Tag=00
TAG Addr=417B Dir=03 Tag=00
TAG Addr=417C Dir=03 Tag=00
TAG Addr=417D Dir=03 Tag=00
TAG Addr=417E Dir=03 Tag=00
TAG Addr=417F Dir=03 Tag=00
TAG Addr=4180 Dir=03 Tag=00
TAG Addr=4181 Dir=03 Tag=00
TAG Addr=4182 Dir=03 Tag=00
TAG Addr=4183 Dir=03 Tag=00
TAG Addr=4184 Dir=03 Tag=00
TAG Addr=4185 Dir=03 Tag=00
TAG Addr=4186 Dir=03 Tag=00
TAG Addr=4187 Dir=03 Tag=00
TAG Addr=4188 Dir=03 Tag=00
TAG Addr=4189 Dir=03 Tag=00
TAG Addr=418A Dir=03 Tag=00
TAG Addr=418B Dir=03 Tag=00
TAG Addr=418C Dir=03 Tag=00
TAG Addr=418D Dir=03 Tag=00
TAG Addr=418E Dir=03 Tag=00
TAG Addr=418F Dir=03 Tag=00
TAG Addr=4190 Dir=03 Tag=00
TAG Addr=4191 Dir=03 Tag=00
TAG Addr=4192 Dir=03 Tag=00
TAG Addr=4193 Dir=03 Tag=00
TAG Addr=4194 Dir=03 Tag=00
TAG Addr=4195 Dir=03 Tag=00
TAG Addr=4196 Dir=03 Tag=00
TAG Addr=4197 Dir=03 Tag=00
TAG Addr=4198 Dir=03 Tag=00
TAG Addr=4199 Dir=03 Tag=00
TAG Addr=419A Dir=03 Tag=00
TAG Addr=419B Dir=03 Tag=00
TAG Addr=419C Dir=03 Tag=00
TAG Addr=419D Dir=03 Tag=00
TAG Addr=419E Dir=03 Tag=00
TAG Addr=419F Dir=03 Tag=00
TAG Addr=41A0 Dir=03 Tag=00
TAG Addr=41A1 Dir=03 Tag=00
TAG Addr=41A2 Dir=03 Tag=00
TAG Addr=41A3 Dir=03 Tag=00
TAG Addr=41A4 Dir=03 Tag=00
TAG Addr=41A5 Dir=03 Tag=00
TAG Addr=41A6 Dir=03 Tag=00
TAG Addr=41A7 Dir=03 Tag=00
TAG Addr=41A8 Dir=03 Tag=00
TAG Addr=41A9 Dir=03 Tag=00
TAG Addr=41AA Dir=03 Tag=00
TAG Addr=41AB Dir=03 Tag=00
TAG Addr=41AC Dir=03 Tag=00
TAG Addr=41AD Dir=03 Tag=00
TAG Addr=41AE Dir=03 Tag=00
TAG Addr=41AF Dir=03 Tag=00
TAG Addr=41B0 Dir=03 Tag=00
TAG Addr=41B1 Dir=03 Tag=00
TAG Addr=41B2 Dir=03 Tag=00
TAG Addr=41B3 Dir=03 Tag=00
TAG Addr=41B4 Dir=03 Tag=00
TAG Addr=41B5 Dir=03 Tag=00
TAG Addr=41B6 Dir=03 Tag=00
TAG Addr=41B7 Dir=03 Tag=00
TAG Addr=41B8 Dir=03 Tag=00
TAG Addr=41B9 Dir=03 Tag=00
TAG Addr=41BA Dir=03 Tag=00
TAG Addr=41BB Dir=03 Tag=00
TAG Addr=41BC Dir=03 Tag=00
TAG Addr=41BD Dir=03 Tag=00
TAG Addr=41BE Dir=03 Tag=00
TAG Addr=41BF Dir=03 Tag=00
TAG Addr=41C0 Dir=03 Tag=00
TAG Addr=41C1 Dir=03 Tag=00
TAG Addr=41C2 Dir=03 Tag=00
TAG Addr=41C3 Dir=03 Tag=00
TAG Addr=41C4 Dir=03 Tag=00
TAG Addr=41C5 Dir=03 Tag=00
TAG Addr=41C6 Dir=03 Tag=00
TAG Addr=41C7 Dir=03 Tag=00
TAG Addr=41C8 Dir=03 Tag=00
TAG Addr=41C9 Dir=03 Tag=00
TAG Addr=41CA Dir=03 Tag=00
TAG Addr=41CB Dir=03 Tag=00
TAG Addr=41CC Dir=03 Tag=00
TAG Addr=41CD Dir=03 Tag=00
TAG Addr=41CE Dir=03 Tag=00
TAG Addr=41CF Dir=03 Tag=00
TAG Addr=41D0 Dir=03 Tag=00
TAG Addr=41D1 Dir=03 Tag=00
TAG Addr=41D2 Dir=03 Tag=00
TAG Addr=41D3 Dir=03 Tag=00
TAG Addr=41D4 Dir=03 Tag=00
TAG Addr=41D5 Dir=03 Tag=00
TAG Addr=41D6 Dir=03 Tag=00
TAG Addr=41D7 Dir=03 Tag=00
TAG Addr=41D8 Dir=03 Tag=00
TAG Addr=41D9 Dir=03 Tag=00
TAG Addr=41DA Dir=03 Tag=00
TAG Addr=41DB Dir=03 Tag=00
TAG Addr=41DC Dir=03 Tag=00
TAG Addr=41DD Dir=03 Tag=00
TAG Addr=41DE Dir=03 Tag=00
TAG Addr=41DF Dir=03 Tag=00
TAG Addr=41E0 Dir=03 Tag=00
TAG Addr=41E1 Dir=03 Tag=00
TAG Addr=41E2 Dir=03 Tag=00
TAG Addr=41E3 Dir=03 Tag=00
TAG Addr=41E4 Dir=03 Tag=00
TAG Addr=41E5 Dir=03 Tag=00
TAG Addr=41E6 Dir=03 Tag=00
TAG Addr=41E7 Dir=03 Tag=00
TAG Addr=41E8 Dir=03 Tag=00
TAG Addr=41E9 Dir=03 Tag=00
TAG Addr=41EA Dir=03 Tag=00
TAG Addr=41EB Dir=03 Tag=00
TAG Addr=41EC Dir=03 Tag=00
TAG Addr=41ED Dir=03 Tag=00
TAG Addr=41EE Dir=03 Tag=00
TAG Addr=41EF Dir=03 Tag=00
TAG Addr=41F0 Dir=03 Tag=00
TAG Addr=41F1 Dir=03 Tag=00
TAG Addr=41F2 Dir=03 Tag=00
TAG Addr=41F3 Dir=03 Tag=00
TAG Addr=41F4 Dir=03 Tag=00
TAG Addr=41F5 Dir=03 Tag=00
TAG Addr=41F6 Dir=03 Tag=00
TAG Addr=41F7 Dir=03 Tag=00
TAG Addr=41F8 Dir=03 Tag=00
TAG Addr=41F9 Dir=03 Tag=00
TAG Addr=41FA Dir=03 Tag=00
TAG Addr=41FB Dir=03 Tag=00
TAG Addr=41FC Dir=03 Tag=00
TAG Addr=41FD Dir=03 Tag=00
TAG Addr=41FE Dir=03 Tag=00
TAG Addr=41FF Dir=03 Tag=00
TAG Addr=4200 Dir=03 Tag=00
TAG Addr=4201 Dir=03 Tag=00
TAG Addr=4202 Dir=03 Tag=00
TAG Addr=4203 Dir=03 Tag=00
TAG Addr=4204 Dir=03 Tag=00
TAG Addr=4205 Dir=03 Tag=00
TAG Addr=4206 Dir=03 Tag=00
TAG Addr=4207 Dir=03 Tag=00
TAG Addr=4208 Dir=03 Tag=00
TAG Addr=4209 Dir=03 Tag=00
TAG Addr=420A Dir=03 Tag=00
TAG Addr=420B Dir=03 Tag=00
TAG Addr=420C Dir=03 Tag=00
TAG Addr=420D Dir=03 Tag=00
TAG Addr=420E Dir=03 Tag=00
TAG Addr=420F Dir=03 Tag=00
TAG Addr=4210 Dir=03 Tag=00
TAG Addr=4211 Dir=03 Tag=00
TAG Addr=4212 Dir=03 Tag=00
TAG Addr=4213 Dir=03 Tag=00
TAG Addr=4214 Dir=03 Tag=00
TAG Addr=4215 Dir=03 Tag=00
TAG Addr=4216 Dir=03 Tag=00
TAG Addr=4217 Dir=03 Tag=00
TAG Addr=4218 Dir=03 Tag=00
TAG Addr=4219 Dir=03 Tag=00
TAG Addr=421A Dir=03 Tag=00
TAG Addr=421B Dir=03 Tag=00
TAG Addr=421C Dir=03 Tag=00
TAG Addr=421D Dir=03 Tag=00
TAG Addr=421E Dir=03 Tag=00
TAG Addr=421F Dir=03 Tag=00
TAG Addr=4220 Dir=03 Tag=00
TAG Addr=4221 Dir=03 Tag=00
TAG Addr=4222 Dir=03 Tag=00
TAG Addr=4223 Dir=03 Tag=00
TAG Addr=4224 Dir=03 Tag=00
TAG Addr=4225 Dir=03 Tag=00
TAG Addr=4226 Dir=03 Tag=00
TAG Addr=4227 Dir=03 Tag=00
TAG Addr=4228 Dir=03 Tag=00
TAG Addr=4229 Dir=03 Tag=00
TAG Addr=422A Dir=03 Tag=00
TAG Addr=422B Dir=03 Tag=00
TAG Addr=422C Dir=03 Tag=00
TAG Addr=422D Dir=03 Tag=00
TAG Addr=422E Dir=03 Tag=00
TAG Addr=422F Dir=03 Tag=00
TAG Addr=4230 Dir=03 Tag=00
TAG Addr=4231 Dir=03 Tag=00
TAG Addr=4232 Dir=03 Tag=00
TAG Addr=4233 Dir=03 Tag=00
TAG Addr=4234 Dir=03 Tag=00
TAG Addr=4235 Dir=03 Tag=00
TAG Addr=4236 Dir=03 Tag=00
TAG Addr=4237 Dir=03 Tag=00
TAG Addr=4238 Dir=03 Tag=00
TAG Addr=4239 Dir=03 Tag=00
TAG Addr=423A Dir=03 Tag=00
TAG Addr=423B Dir=03 Tag=00
TAG Addr=423C Dir=03 Tag=00
TAG Addr=423D Dir=03 Tag=00
TAG Addr=423E Dir=03 Tag=00
TAG Addr=423F Dir=03 Tag=00
TAG Addr=4240 Dir=03 Tag=00
TAG Addr=4241 Dir=03 Tag=00
TAG Addr=4242 Dir=03 Tag=00
TAG Addr=4243 Dir=03 Tag=00
TAG Addr=4244 Dir=03 Tag=00
TAG Addr=4245 Dir=03 Tag=00
TAG Addr=4246 Dir=03 Tag=00
TAG Addr=4247 Dir=03 Tag=00
TAG Addr=4248 Dir=03 Tag=00
TAG Addr=4249 Dir=03 Tag=00
TAG Addr=424A Dir=03 Tag=00
TAG Addr=424B Dir=03 Tag=00
TAG Addr=424C Dir=03 Tag=00
TAG Addr=424D Dir=03 Tag=00
TAG Addr=424E Dir=03 Tag=00
TAG Addr=424F Dir=03 Tag=00
TAG Addr=4250 Dir=03 Tag=00
TAG Addr=4251 Dir=03 Tag=00
TAG Addr=4252 Dir=03 Tag=00
TAG Addr=4253 Dir=03 Tag=00
TAG Addr=4254 Dir=03 Tag=00
TAG Addr=4255 Dir=03 Tag=00
TAG Addr=4256 Dir=03 Tag=00
TAG Addr=4257 Dir=03 Tag=00
TAG Addr=4258 Dir=03 Tag=00
TAG Addr=4259 Dir=03 Tag=00
TAG Addr=425A Dir=03 Tag=00
TAG Addr=425B Dir=03 Tag=00
TAG Addr=425C Dir=03 Tag=00
TAG Addr=425D Dir=03 Tag=00
TAG Addr=425E Dir=03 Tag=00
TAG Addr=425F Dir=03 Tag=00
TAG Addr=4260 Dir=03 Tag=00
TAG Addr=4261 Dir=03 Tag=00
TAG Addr=4262 Dir=03 Tag=00
TAG Addr=4263 Dir=03 Tag=00
TAG Addr=4264 Dir=03 Tag=00
TAG Addr=4265 Dir=03 Tag=00
TAG Addr=4266 Dir=03 Tag=00
TAG Addr=4267 Dir=03 Tag=00
TAG Addr=4268 Dir=03 Tag=00
TAG Addr=4269 Dir=03 Tag=00
TAG Addr=426A Dir=03 Tag=00
TAG Addr=426B Dir=03 Tag=00
TAG Addr=426C Dir=03 Tag=00
TAG Addr=426D Dir=03 Tag=00
TAG Addr=426E Dir=03 Tag=00
TAG Addr=426F Dir=03 Tag=00
TAG Addr=4270 Dir=03 Tag=00
TAG Addr=4271 Dir=03 Tag=00
TAG Addr=4272 Dir=03 Tag=00
TAG Addr=4273 Dir=03 Tag=00
TAG Addr=4274 Dir=03 Tag=00
TAG Addr=4275 Dir=03 Tag=00
TAG Addr=4276 Dir=03 Tag=00
TAG Addr=4277 Dir=03 Tag=00
TAG Addr=4278 Dir=03 Tag=00
TAG Addr=4279 Dir=03 Tag=00
TAG Addr=427A Dir=03 Tag=00
TAG Addr=427B Dir=03 Tag=00
TAG Addr=427C Dir=03 Tag=00
TAG Addr=427D Dir=03 Tag=00
TAG Addr=427E Dir=03 Tag=00
TAG Addr=427F Dir=03 Tag=00
TAG Addr=4280 Dir=03 Tag=00
TAG Addr=4281 Dir=03 Tag=00
TAG Addr=4282 Dir=03 Tag=00
TAG Addr=4283 Dir=03 Tag=00
TAG Addr=4284 Dir=03 Tag=00
TAG Addr=4285 Dir=03 Tag=00
TAG Addr=4286 Dir=03 Tag=00
TAG Addr=4287 Dir=03 Tag=00
TAG Addr=4288 Dir=03 Tag=00
TAG Addr=4289 Dir=03 Tag=00
TAG Addr=428A Dir=03 Tag=00
TAG Addr=428B Dir=03 Tag=00
TAG Addr=428C Dir=03 Tag=00
TAG Addr=428D Dir=03 Tag=00
TAG Addr=428E Dir=03 Tag=00
TAG Addr=428F Dir=03 Tag=00
TAG Addr=4290 Dir=03 Tag=00
TAG Addr=4291 Dir=03 Tag=00
TAG Addr=4292 Dir=03 Tag=00
TAG Addr=4293 Dir=03 Tag=00
TAG Addr=4294 Dir=03 Tag=00
TAG Addr=4295 Dir=03 Tag=00
TAG Addr=4296 Dir=03 Tag=00
TAG Addr=4297 Dir=03 Tag=00
TAG Addr=4298 Dir=03 Tag=00
TAG Addr=4299 Dir=03 Tag=00
TAG Addr=429A Dir=03 Tag=00
TAG Addr=429B Dir=03 Tag=00
TAG Addr=429C Dir=03 Tag=00
TAG Addr=429D Dir=03 Tag=00
TAG Addr=429E Dir=03 Tag=00
TAG Addr=429F Dir=03 Tag=00
TAG Addr=42A0 Dir=03 Tag=00
TAG Addr=42A1 Dir=03 Tag=00
TAG Addr=42A2 Dir=03 Tag=00
TAG Addr=42A3 Dir=03 Tag=00
TAG Addr=42A4 Dir=03 Tag=00
TAG Addr=42A5 Dir=03 Tag=00
TAG Addr=42A6 Dir=03 Tag=00
TAG Addr=42A7 Dir=03 Tag=00
TAG Addr=42A8 Dir=03 Tag=00
TAG Addr=42A9 Dir=03 Tag=00
TAG Addr=42AA Dir=03 Tag=00
TAG Addr=42AB Dir=03 Tag=00
TAG Addr=42AC Dir=03 Tag=00
TAG Addr=42AD Dir=03 Tag=00
TAG Addr=42AE Dir=03 Tag=00
TAG Addr=42AF Dir=03 Tag=00
TAG Addr=42B0 Dir=03 Tag=00
TAG Addr=42B1 Dir=03 Tag=00
TAG Addr=42B2 Dir=03 Tag=00
TAG Addr=42B3 Dir=03 Tag=00
TAG Addr=42B4 Dir=03 Tag=00
TAG Addr=42B5 Dir=03 Tag=00
TAG Addr=42B6 Dir=03 Tag=00
TAG Addr=42B7 Dir=03 Tag=00
TAG Addr=42B8 Dir=03 Tag=00
TAG Addr=42B9 Dir=03 Tag=00
TAG Addr=42BA Dir=03 Tag=00
TAG Addr=42BB Dir=03 Tag=00
TAG Addr=42BC Dir=03 Tag=00
TAG Addr=42BD Dir=03 Tag=00
TAG Addr=42BE Dir=03 Tag=00
TAG Addr=42BF Dir=03 Tag=00
TAG Addr=42C0 Dir=03 Tag=00
TAG Addr=42C1 Dir=03 Tag=00
TAG Addr=42C2 Dir=03 Tag=00
TAG Addr=42C3 Dir=03 Tag=00
TAG Addr=42C4 Dir=03 Tag=00
TAG Addr=42C5 Dir=03 Tag=00
TAG Addr=42C6 Dir=03 Tag=00
TAG Addr=42C7 Dir=03 Tag=00
TAG Addr=42C8 Dir=03 Tag=00
TAG Addr=42C9 Dir=03 Tag=00
TAG Addr=42CA Dir=03 Tag=00
TAG Addr=42CB Dir=03 Tag=00
TAG Addr=42CC Dir=03 Tag=00
TAG Addr=42CD Dir=03 Tag=00
TAG Addr=42CE Dir=03 Tag=00
TAG Addr=42CF Dir=03 Tag=00
TAG Addr=42D0 Dir=03 Tag=00
TAG Addr=42D1 Dir=03 Tag=00
TAG Addr=42D2 Dir=03 Tag=00
TAG Addr=42D3 Dir=03 Tag=00
TAG Addr=42D4 Dir=03 Tag=00
TAG Addr=42D5 Dir=03 Tag=00
TAG Addr=42D6 Dir=03 Tag=00
TAG Addr=42D7 Dir=03 Tag=00
TAG Addr=42D8 Dir=03 Tag=00
TAG Addr=42D9 Dir=03 Tag=00
TAG Addr=42DA Dir=03 Tag=00
TAG Addr=42DB Dir=03 Tag=00
TAG Addr=42DC Dir=03 Tag=00
TAG Addr=42DD Dir=03 Tag=00
TAG Addr=42DE Dir=03 Tag=00
TAG Addr=42DF Dir=03 Tag=00
TAG Addr=42E0 Dir=03 Tag=00
TAG Addr=42E1 Dir=03 Tag=00
TAG Addr=42E2 Dir=03 Tag=00
TAG Addr=42E3 Dir=03 Tag=00
TAG Addr=42E4 Dir=03 Tag=00
TAG Addr=42E5 Dir=03 Tag=00
TAG Addr=42E6 Dir=03 Tag=00
TAG Addr=42E7 Dir=03 Tag=00
TAG Addr=42E8 Dir=03 Tag=00
TAG Addr=42E9 Dir=03 Tag=00
TAG Addr=42EA Dir=03 Tag=00
TAG Addr=42EB Dir=03 Tag=00
TAG Addr=42EC Dir=03 Tag=00
TAG Addr=42ED Dir=03 Tag=00
TAG Addr=42EE Dir=03 Tag=00
TAG Addr=42EF Dir=03 Tag=00
TAG Addr=42F0 Dir=03 Tag=00
TAG Addr=42F1 Dir=03 Tag=00
TAG Addr=42F2 Dir=03 Tag=00
TAG Addr=42F3 Dir=03 Tag=00
TAG Addr=42F4 Dir=03 Tag=00
TAG Addr=42F5 Dir=03 Tag=00
TAG Addr=42F6 Dir=03 Tag=00
TAG Addr=42F7 Dir=03 Tag=00
TAG Addr=42F8 Dir=03 Tag=00
TAG Addr=42F9 Dir=03 Tag=00
TAG Addr=42FA Dir=03 Tag=00
TAG Addr=42FB Dir=03 Tag=00
TAG Addr=42FC Dir=03 Tag=00
TAG Addr=42FD Dir=03 Tag=00
TAG Addr=42FE Dir=03 Tag=00
TAG Addr=42FF Dir=03 Tag=00
TAG Addr=4300 Dir=03 Tag=00
TAG Addr=4301 Dir=03 Tag=00
TAG Addr=4302 Dir=03 Tag=00
TAG Addr=4303 Dir=03 Tag=00
TAG Addr=4304 Dir=03 Tag=00
TAG Addr=4305 Dir=03 Tag=00
TAG Addr=4306 Dir=03 Tag=00
TAG Addr=4307 Dir=03 Tag=00
TAG Addr=4308 Dir=03 Tag=00
TAG Addr=4309 Dir=03 Tag=00
TAG Addr=430A Dir=03 Tag=00
TAG Addr=430B Dir=03 Tag=00
TAG Addr=430C Dir=03 Tag=00
TAG Addr=430D Dir=03 Tag=00
TAG Addr=430E Dir=03 Tag=00
TAG Addr=430F Dir=03 Tag=00
TAG Addr=4310 Dir=03 Tag=00
TAG Addr=4311 Dir=03 Tag=00
TAG Addr=4312 Dir=03 Tag=00
TAG Addr=4313 Dir=03 Tag=00
TAG Addr=4314 Dir=03 Tag=00
TAG Addr=4315 Dir=03 Tag=00
TAG Addr=4316 Dir=03 Tag=00
TAG Addr=4317 Dir=03 Tag=00
TAG Addr=4318 Dir=03 Tag=00
TAG Addr=4319 Dir=03 Tag=00
TAG Addr=431A Dir=03 Tag=00
TAG Addr=431B Dir=03 Tag=00
TAG Addr=431C Dir=03 Tag=00
TAG Addr=431D Dir=03 Tag=00
TAG Addr=431E Dir=03 Tag=00
TAG Addr=431F Dir=03 Tag=00
TAG Addr=4320 Dir=03 Tag=00
TAG Addr=4321 Dir=03 Tag=00
TAG Addr=4322 Dir=03 Tag=00
TAG Addr=4323 Dir=03 Tag=00
TAG Addr=4324 Dir=03 Tag=00
TAG Addr=4325 Dir=03 Tag=00
TAG Addr=4326 Dir=03 Tag=00
TAG Addr=4327 Dir=03 Tag=00
TAG Addr=4328 Dir=03 Tag=00
TAG Addr=4329 Dir=03 Tag=00
TAG Addr=432A Dir=03 Tag=00
TAG Addr=432B Dir=03 Tag=00
TAG Addr=432C Dir=03 Tag=00
TAG Addr=432D Dir=03 Tag=00
TAG Addr=432E Dir=03 Tag=00
TAG Addr=432F Dir=03 Tag=00
TAG Addr=4330 Dir=03 Tag=00
TAG Addr=4331 Dir=03 Tag=00
TAG Addr=4332 Dir=03 Tag=00
TAG Addr=4333 Dir=03 Tag=00
TAG Addr=4334 Dir=03 Tag=00
TAG Addr=4335 Dir=03 Tag=00
TAG Addr=4336 Dir=03 Tag=00
TAG Addr=4337 Dir=03 Tag=00
TAG Addr=4338 Dir=03 Tag=00
TAG Addr=4339 Dir=03 Tag=00
TAG Addr=433A Dir=03 Tag=00
TAG Addr=433B Dir=03 Tag=00
TAG Addr=433C Dir=03 Tag=00
TAG Addr=433D Dir=03 Tag=00
TAG Addr=433E Dir=03 Tag=00
TAG Addr=433F Dir=03 Tag=00
TAG Addr=4340 Dir=03 Tag=00
TAG Addr=4341 Dir=03 Tag=00
TAG Addr=4342 Dir=03 Tag=00
TAG Addr=4343 Dir=03 Tag=00
TAG Addr=4344 Dir=03 Tag=00
TAG Addr=4345 Dir=03 Tag=00
TAG Addr=4346 Dir=03 Tag=00
TAG Addr=4347 Dir=03 Tag=00
TAG Addr=4348 Dir=03 Tag=00
TAG Addr=4349 Dir=03 Tag=00
TAG Addr=434A Dir=03 Tag=00
TAG Addr=434B Dir=03 Tag=00
TAG Addr=434C Dir=03 Tag=00
TAG Addr=434D Dir=03 Tag=00
TAG Addr=434E Dir=03 Tag=00
TAG Addr=434F Dir=03 Tag=00
TAG Addr=4350 Dir=03 Tag=00
TAG Addr=4351 Dir=03 Tag=00
TAG Addr=4352 Dir=03 Tag=00
TAG Addr=4353 Dir=03 Tag=00
TAG Addr=4354 Dir=03 Tag=00
TAG Addr=4355 Dir=03 Tag=00
TAG Addr=4356 Dir=03 Tag=00
TAG Addr=4357 Dir=03 Tag=00
TAG Addr=4358 Dir=03 Tag=00
TAG Addr=4359 Dir=03 Tag=00
TAG Addr=435A Dir=03 Tag=00
TAG Addr=435B Dir=03 Tag=00
TAG Addr=435C Dir=03 Tag=00
TAG Addr=435D Dir=03 Tag=00
TAG Addr=435E Dir=03 Tag=00
TAG Addr=435F Dir=03 Tag=00
TAG Addr=4360 Dir=03 Tag=00
TAG Addr=4361 Dir=03 Tag=00
TAG Addr=4362 Dir=03 Tag=00
TAG Addr=4363 Dir=03 Tag=00
TAG Addr=4364 Dir=03 Tag=00
TAG Addr=4365 Dir=03 Tag=00
TAG Addr=4366 Dir=03 Tag=00
TAG Addr=4367 Dir=03 Tag=00
TAG Addr=4368 Dir=03 Tag=00
TAG Addr=4369 Dir=03 Tag=00
TAG Addr=436A Dir=03 Tag=00
TAG Addr=436B Dir=03 Tag=00
TAG Addr=436C Dir=03 Tag=00
TAG Addr=436D Dir=03 Tag=00
TAG Addr=436E Dir=03 Tag=00
TAG Addr=436F Dir=03 Tag=00
TAG Addr=4370 Dir=03 Tag=00
TAG Addr=4371 Dir=03 Tag=00
TAG Addr=4372 Dir=03 Tag=00
TAG Addr=4373 Dir=03 Tag=00
TAG Addr=4374 Dir=03 Tag=00
TAG Addr=4375 Dir=03 Tag=00
TAG Addr=4376 Dir=03 Tag=00
TAG Addr=4377 Dir=03 Tag=00
TAG Addr=4378 Dir=03 Tag=00
TAG Addr=4379 Dir=03 Tag=00
TAG Addr=437A Dir=03 Tag=00
TAG Addr=437B Dir=03 Tag=00
TAG Addr=437C Dir=03 Tag=00
TAG Addr=437D Dir=03 Tag=00
TAG Addr=437E Dir=03 Tag=00
TAG Addr=437F Dir=03 Tag=00
TAG Addr=4380 Dir=03 Tag=00
TAG Addr=4381 Dir=03 Tag=00
TAG Addr=4382 Dir=03 Tag=00
TAG Addr=4383 Dir=03 Tag=00
TAG Addr=4384 Dir=03 Tag=00
TAG Addr=4385 Dir=03 Tag=00
TAG Addr=4386 Dir=03 Tag=00
TAG Addr=4387 Dir=03 Tag=00
TAG Addr=4388 Dir=03 Tag=00
TAG Addr=4389 Dir=03 Tag=00
TAG Addr=438A Dir=03 Tag=00
TAG Addr=438B Dir=03 Tag=00
TAG Addr=438C Dir=03 Tag=00
TAG Addr=438D Dir=03 Tag=00
TAG Addr=438E Dir=03 Tag=00
TAG Addr=438F Dir=03 Tag=00
TAG Addr=4390 Dir=03 Tag=00
TAG Addr=4391 Dir=03 Tag=00
TAG Addr=4392 Dir=03 Tag=00
TAG Addr=4393 Dir=03 Tag=00
TAG Addr=4394 Dir=03 Tag=00
TAG Addr=4395 Dir=03 Tag=00
TAG Addr=4396 Dir=03 Tag=00
TAG Addr=4397 Dir=03 Tag=00
TAG Addr=4398 Dir=03 Tag=00
TAG Addr=4399 Dir=03 Tag=00
TAG Addr=439A Dir=03 Tag=00
TAG Addr=439B Dir=03 Tag=00
TAG Addr=439C Dir=03 Tag=00
TAG Addr=439D Dir=03 Tag=00
TAG Addr=439E Dir=03 Tag=00
TAG Addr=439F Dir=03 Tag=00
TAG Addr=43A0 Dir=03 Tag=00
TAG Addr=43A1 Dir=03 Tag=00
TAG Addr=43A2 Dir=03 Tag=00
TAG Addr=43A3 Dir=03 Tag=00
TAG Addr=43A4 Dir=03 Tag=00
TAG Addr=43A5 Dir=03 Tag=00
TAG Addr=43A6 Dir=03 Tag=00
TAG Addr=43A7 Dir=03 Tag=00
TAG Addr=43A8 Dir=03 Tag=00
TAG Addr=43A9 Dir=03 Tag=00
TAG Addr=43AA Dir=03 Tag=00
TAG Addr=43AB Dir=03 Tag=00
TAG Addr=43AC Dir=03 Tag=00
TAG Addr=43AD Dir=03 Tag=00
TAG Addr=43AE Dir=03 Tag=00
TAG Addr=43AF Dir=03 Tag=00
TAG Addr=43B0 Dir=03 Tag=00
TAG Addr=43B1 Dir=03 Tag=00
TAG Addr=43B2 Dir=03 Tag=00
TAG Addr=43B3 Dir=03 Tag=00
TAG Addr=43B4 Dir=03 Tag=00
TAG Addr=43B5 Dir=03 Tag=00
TAG Addr=43B6 Dir=03 Tag=00
TAG Addr=43B7 Dir=03 Tag=00
TAG Addr=43B8 Dir=03 Tag=00
TAG Addr=43B9 Dir=03 Tag=00
TAG Addr=43BA Dir=03 Tag=00
TAG Addr=43BB Dir=03 Tag=00
TAG Addr=43BC Dir=03 Tag=00
TAG Addr=43BD Dir=03 Tag=00
TAG Addr=43BE Dir=03 Tag=00
TAG Addr=43BF Dir=03 Tag=00
TAG Addr=43C0 Dir=03 Tag=00
TAG Addr=43C1 Dir=03 Tag=00
TAG Addr=43C2 Dir=03 Tag=00
TAG Addr=43C3 Dir=03 Tag=00
TAG Addr=43C4 Dir=03 Tag=00
TAG Addr=43C5 Dir=03 Tag=00
TAG Addr=43C6 Dir=03 Tag=00
TAG Addr=43C7 Dir=03 Tag=00
TAG Addr=43C8 Dir=03 Tag=00
TAG Addr=43C9 Dir=03 Tag=00
TAG Addr=43CA Dir=03 Tag=00
TAG Addr=43CB Dir=03 Tag=00
TAG Addr=43CC Dir=03 Tag=00
TAG Addr=43CD Dir=03 Tag=00
TAG Addr=43CE Dir=03 Tag=00
TAG Addr=43CF Dir=03 Tag=00
TAG Addr=43D0 Dir=03 Tag=00
TAG Addr=43D1 Dir=03 Tag=00
TAG Addr=43D2 Dir=03 Tag=00
TAG Addr=43D3 Dir=03 Tag=00
TAG Addr=43D4 Dir=03 Tag=00
TAG Addr=43D5 Dir=03 Tag=00
TAG Addr=43D6 Dir=03 Tag=00
TAG Addr=43D7 Dir=03 Tag=00
TAG Addr=43D8 Dir=03 Tag=00
TAG Addr=43D9 Dir=03 Tag=00
TAG Addr=43DA Dir=03 Tag=00
TAG Addr=43DB Dir=03 Tag=00
TAG Addr=43DC Dir=03 Tag=00
TAG Addr=43DD Dir=03 Tag=00
TAG Addr=43DE Dir=03 Tag=00
TAG Addr=43DF Dir=03 Tag=00
TAG Addr=43E0 Dir=03 Tag=00
TAG Addr=43E1 Dir=03 Tag=00
TAG Addr=43E2 Dir=03 Tag=00
TAG Addr=43E3 Dir=03 Tag=00
TAG Addr=43E4 Dir=03 Tag=00
TAG Addr=43E5 Dir=03 Tag=00
TAG Addr=43E6 Dir=03 Tag=00
TAG Addr=43E7 Dir=03 Tag=00
TAG Addr=43E8 Dir=03 Tag=00
TAG Addr=43E9 Dir=03 Tag=00
TAG Addr=43EA Dir=03 Tag=00
TAG Addr=43EB Dir=03 Tag=00
TAG Addr=43EC Dir=03 Tag=00
TAG Addr=43ED Dir=03 Tag=00
TAG Addr=43EE Dir=03 Tag=00
TAG Addr=43EF Dir=03 Tag=00
TAG Addr=43F0 Dir=03 Tag=00
TAG Addr=43F1 Dir=03 Tag=00
TAG Addr=43F2 Dir=03 Tag=00
TAG Addr=43F3 Dir=03 Tag=00
TAG Addr=43F4 Dir=03 Tag=00
TAG Addr=43F5 Dir=03 Tag=00
TAG Addr=43F6 Dir=03 Tag=00
TAG Addr=43F7 Dir=03 Tag=00
TAG Addr=43F8 Dir=03 Tag=00
TAG Addr=43F9 Dir=03 Tag=00
TAG Addr=43FA Dir=03 Tag=00
TAG Addr=43FB Dir=03 Tag=00
TAG Addr=43FC Dir=03 Tag=00
TAG Addr=43FD Dir=03 Tag=00
TAG Addr=43FE Dir=03 Tag=00
TAG Addr=43FF Dir=03 Tag=00
TAG Addr=4400 Dir=03 Tag=00
TAG Addr=4401 Dir=03 Tag=00
TAG Addr=4402 Dir=03 Tag=00
TAG Addr=4403 Dir=03 Tag=00
TAG Addr=4404 Dir=03 Tag=00
TAG Addr=4405 Dir=03 Tag=00
TAG Addr=4406 Dir=03 Tag=00
TAG Addr=4407 Dir=03 Tag=00
TAG Addr=4408 Dir=03 Tag=00
TAG Addr=4409 Dir=03 Tag=00
TAG Addr=440A Dir=03 Tag=00
TAG Addr=440B Dir=03 Tag=00
TAG Addr=440C Dir=03 Tag=00
TAG Addr=440D Dir=03 Tag=00
TAG Addr=440E Dir=03 Tag=00
TAG Addr=440F Dir=03 Tag=00
TAG Addr=4410 Dir=03 Tag=00
TAG Addr=4411 Dir=03 Tag=00
TAG Addr=4412 Dir=03 Tag=00
TAG Addr=4413 Dir=03 Tag=00
TAG Addr=4414 Dir=03 Tag=00
TAG Addr=4415 Dir=03 Tag=00
TAG Addr=4416 Dir=03 Tag=00
TAG Addr=4417 Dir=03 Tag=00
TAG Addr=4418 Dir=03 Tag=00
TAG Addr=4419 Dir=03 Tag=00
TAG Addr=441A Dir=03 Tag=00
TAG Addr=441B Dir=03 Tag=00
TAG Addr=441C Dir=03 Tag=00
TAG Addr=441D Dir=03 Tag=00
TAG Addr=441E Dir=03 Tag=00
TAG Addr=441F Dir=03 Tag=00
TAG Addr=4420 Dir=03 Tag=00
TAG Addr=4421 Dir=03 Tag=00
TAG Addr=4422 Dir=03 Tag=00
TAG Addr=4423 Dir=03 Tag=00
TAG Addr=4424 Dir=03 Tag=00
TAG Addr=4425 Dir=03 Tag=00
TAG Addr=4426 Dir=03 Tag=00
TAG Addr=4427 Dir=03 Tag=00
TAG Addr=4428 Dir=03 Tag=00
TAG Addr=4429 Dir=03 Tag=00
TAG Addr=442A Dir=03 Tag=00
TAG Addr=442B Dir=03 Tag=00
TAG Addr=442C Dir=03 Tag=00
TAG Addr=442D Dir=03 Tag=00
TAG Addr=442E Dir=03 Tag=00
TAG Addr=442F Dir=03 Tag=00
TAG Addr=4430 Dir=03 Tag=00
TAG Addr=4431 Dir=03 Tag=00
TAG Addr=4432 Dir=03 Tag=00
TAG Addr=4433 Dir=03 Tag=00
TAG Addr=4434 Dir=03 Tag=00
TAG Addr=4435 Dir=03 Tag=00
TAG Addr=4436 Dir=03 Tag=00
TAG Addr=4437 Dir=03 Tag=00
TAG Addr=4438 Dir=03 Tag=00
TAG Addr=4439 Dir=03 Tag=00
TAG Addr=443A Dir=03 Tag=00
TAG Addr=443B Dir=03 Tag=00
TAG Addr=443C Dir=03 Tag=00
TAG Addr=443D Dir=03 Tag=00
TAG Addr=443E Dir=03 Tag=00
TAG Addr=443F Dir=03 Tag=00
TAG Addr=4440 Dir=03 Tag=00
TAG Addr=4441 Dir=03 Tag=00
TAG Addr=4442 Dir=03 Tag=00
TAG Addr=4443 Dir=03 Tag=00
TAG Addr=4444 Dir=03 Tag=00
TAG Addr=4445 Dir=03 Tag=00
TAG Addr=4446 Dir=03 Tag=00
TAG Addr=4447 Dir=03 Tag=00
TAG Addr=4448 Dir=03 Tag=00
TAG Addr=4449 Dir=03 Tag=00
TAG Addr=444A Dir=03 Tag=00
TAG Addr=444B Dir=03 Tag=00
TAG Addr=444C Dir=03 Tag=00
TAG Addr=444D Dir=03 Tag=00
TAG Addr=444E Dir=03 Tag=00
TAG Addr=444F Dir=03 Tag=00
TAG Addr=4450 Dir=03 Tag=00
TAG Addr=4451 Dir=03 Tag=00
TAG Addr=4452 Dir=03 Tag=00
TAG Addr=4453 Dir=03 Tag=00
TAG Addr=4454 Dir=03 Tag=00
TAG Addr=4455 Dir=03 Tag=00
TAG Addr=4456 Dir=03 Tag=00
TAG Addr=4457 Dir=03 Tag=00
TAG Addr=4458 Dir=03 Tag=00
TAG Addr=4459 Dir=03 Tag=00
TAG Addr=445A Dir=03 Tag=00
TAG Addr=445B Dir=03 Tag=00
TAG Addr=445C Dir=03 Tag=00
TAG Addr=445D Dir=03 Tag=00
TAG Addr=445E Dir=03 Tag=00
TAG Addr=445F Dir=03 Tag=00
TAG Addr=4460 Dir=03 Tag=00
TAG Addr=4461 Dir=03 Tag=00
TAG Addr=4462 Dir=03 Tag=00
TAG Addr=4463 Dir=03 Tag=00
TAG Addr=4464 Dir=03 Tag=00
TAG Addr=4465 Dir=03 Tag=00
TAG Addr=4466 Dir=03 Tag=00
TAG Addr=4467 Dir=03 Tag=00
TAG Addr=4468 Dir=03 Tag=00
TAG Addr=4469 Dir=03 Tag=00
TAG Addr=446A Dir=03 Tag=00
TAG Addr=446B Dir=03 Tag=00
TAG Addr=446C Dir=03 Tag=00
TAG Addr=446D Dir=03 Tag=00
TAG Addr=446E Dir=03 Tag=00
TAG Addr=446F Dir=03 Tag=00
TAG Addr=4470 Dir=03 Tag=00
TAG Addr=4471 Dir=03 Tag=00
TAG Addr=4472 Dir=03 Tag=00
TAG Addr=4473 Dir=03 Tag=00
TAG Addr=4474 Dir=03 Tag=00
TAG Addr=4475 Dir=03 Tag=00
TAG Addr=4476 Dir=03 Tag=00
TAG Addr=4477 Dir=03 Tag=00
TAG Addr=4478 Dir=03 Tag=00
TAG Addr=4479 Dir=03 Tag=00
TAG Addr=447A Dir=03 Tag=00
TAG Addr=447B Dir=03 Tag=00
TAG Addr=447C Dir=03 Tag=00
TAG Addr=447D Dir=03 Tag=00
TAG Addr=447E Dir=03 Tag=00
TAG Addr=447F Dir=03 Tag=00
TAG Addr=4480 Dir=03 Tag=00
TAG Addr=4481 Dir=03 Tag=00
TAG Addr=4482 Dir=03 Tag=00
TAG Addr=4483 Dir=03 Tag=00
TAG Addr=4484 Dir=03 Tag=00
TAG Addr=4485 Dir=03 Tag=00
TAG Addr=4486 Dir=03 Tag=00
TAG Addr=4487 Dir=03 Tag=00
TAG Addr=4488 Dir=03 Tag=00
TAG Addr=4489 Dir=03 Tag=00
TAG Addr=448A Dir=03 Tag=00
TAG Addr=448B Dir=03 Tag=00
TAG Addr=448C Dir=03 Tag=00
TAG Addr=448D Dir=03 Tag=00
TAG Addr=448E Dir=03 Tag=00
TAG Addr=448F Dir=03 Tag=00
TAG Addr=4490 Dir=03 Tag=00
TAG Addr=4491 Dir=03 Tag=00
TAG Addr=4492 Dir=03 Tag=00
TAG Addr=4493 Dir=03 Tag=00
TAG Addr=4494 Dir=03 Tag=00
TAG Addr=4495 Dir=03 Tag=00
TAG Addr=4496 Dir=03 Tag=00
TAG Addr=4497 Dir=03 Tag=00
TAG Addr=4498 Dir=03 Tag=00
TAG Addr=4499 Dir=03 Tag=00
TAG Addr=449A Dir=03 Tag=00
TAG Addr=449B Dir=03 Tag=00
TAG Addr=449C Dir=03 Tag=00
TAG Addr=449D Dir=03 Tag=00
TAG Addr=449E Dir=03 Tag=00
TAG Addr=449F Dir=03 Tag=00
TAG Addr=44A0 Dir=03 Tag=00
TAG Addr=44A1 Dir=03 Tag=00
TAG Addr=44A2 Dir=03 Tag=00
TAG Addr=44A3 Dir=03 Tag=00
TAG Addr=44A4 Dir=03 Tag=00
TAG Addr=44A5 Dir=03 Tag=00
TAG Addr=44A6 Dir=03 Tag=00
TAG Addr=44A7 Dir=03 Tag=00
TAG Addr=44A8 Dir=03 Tag=00
TAG Addr=44A9 Dir=03 Tag=00
TAG Addr=44AA Dir=03 Tag=00
TAG Addr=44AB Dir=03 Tag=00
TAG Addr=44AC Dir=03 Tag=00
TAG Addr=44AD Dir=03 Tag=00
TAG Addr=44AE Dir=03 Tag=00
TAG Addr=44AF Dir=03 Tag=00
TAG Addr=44B0 Dir=03 Tag=00
TAG Addr=44B1 Dir=03 Tag=00
TAG Addr=44B2 Dir=03 Tag=00
TAG Addr=44B3 Dir=03 Tag=00
TAG Addr=44B4 Dir=03 Tag=00
TAG Addr=44B5 Dir=03 Tag=00
TAG Addr=44B6 Dir=03 Tag=00
TAG Addr=44B7 Dir=03 Tag=00
TAG Addr=44B8 Dir=03 Tag=00
TAG Addr=44B9 Dir=03 Tag=00
TAG Addr=44BA Dir=03 Tag=00
TAG Addr=44BB Dir=03 Tag=00
TAG Addr=44BC Dir=03 Tag=00
TAG Addr=44BD Dir=03 Tag=00
TAG Addr=44BE Dir=03 Tag=00
TAG Addr=44BF Dir=03 Tag=00
TAG Addr=44C0 Dir=03 Tag=00
TAG Addr=44C1 Dir=03 Tag=00
TAG Addr=44C2 Dir=03 Tag=00
TAG Addr=44C3 Dir=03 Tag=00
TAG Addr=44C4 Dir=03 Tag=00
TAG Addr=44C5 Dir=03 Tag=00
TAG Addr=44C6 Dir=03 Tag=00
TAG Addr=44C7 Dir=03 Tag=00
TAG Addr=44C8 Dir=03 Tag=00
TAG Addr=44C9 Dir=03 Tag=00
TAG Addr=44CA Dir=03 Tag=00
TAG Addr=44CB Dir=03 Tag=00
TAG Addr=44CC Dir=03 Tag=00
TAG Addr=44CD Dir=03 Tag=00
TAG Addr=44CE Dir=03 Tag=00
TAG Addr=44CF Dir=03 Tag=00
TAG Addr=44D0 Dir=03 Tag=00
TAG Addr=44D1 Dir=03 Tag=00
TAG Addr=44D2 Dir=03 Tag=00
TAG Addr=44D3 Dir=03 Tag=00
TAG Addr=44D4 Dir=03 Tag=00
TAG Addr=44D5 Dir=03 Tag=00
TAG Addr=44D6 Dir=03 Tag=00
TAG Addr=44D7 Dir=03 Tag=00
TAG Addr=44D8 Dir=03 Tag=00
TAG Addr=44D9 Dir=03 Tag=00
TAG Addr=44DA Dir=03 Tag=00
TAG Addr=44DB Dir=03 Tag=00
TAG Addr=44DC Dir=03 Tag=00
TAG Addr=44DD Dir=03 Tag=00
TAG Addr=44DE Dir=03 Tag=00
TAG Addr=44DF Dir=03 Tag=00
TAG Addr=44E0 Dir=03 Tag=00
TAG Addr=44E1 Dir=03 Tag=00
TAG Addr=44E2 Dir=03 Tag=00
TAG Addr=44E3 Dir=03 Tag=00
TAG Addr=44E4 Dir=03 Tag=00
TAG Addr=44E5 Dir=03 Tag=00
TAG Addr=44E6 Dir=03 Tag=00
TAG Addr=44E7 Dir=03 Tag=00
TAG Addr=44E8 Dir=03 Tag=00
TAG Addr=44E9 Dir=03 Tag=00
TAG Addr=44EA Dir=03 Tag=00
TAG Addr=44EB Dir=03 Tag=00
TAG Addr=44EC Dir=03 Tag=00
TAG Addr=44ED Dir=03 Tag=00
TAG Addr=44EE Dir=03 Tag=00
TAG Addr=44EF Dir=03 Tag=00
TAG Addr=44F0 Dir=03 Tag=00
TAG Addr=44F1 Dir=03 Tag=00
TAG Addr=44F2 Dir=03 Tag=00
TAG Addr=44F3 Dir=03 Tag=00
TAG Addr=44F4 Dir=03 Tag=00
TAG Addr=44F5 Dir=03 Tag=00
TAG Addr=44F6 Dir=03 Tag=00
TAG Addr=44F7 Dir=03 Tag=00
TAG Addr=44F8 Dir=03 Tag=00
TAG Addr=44F9 Dir=03 Tag=00
TAG Addr=44FA Dir=03 Tag=00
TAG Addr=44FB Dir=03 Tag=00
TAG Addr=44FC Dir=03 Tag=00
TAG Addr=44FD Dir=03 Tag=00
TAG Addr=44FE Dir=03 Tag=00
TAG Addr=44FF Dir=03 Tag=00
TAG Addr=4500 Dir=03 Tag=00
TAG Addr=4501 Dir=03 Tag=00
TAG Addr=4502 Dir=03 Tag=00
TAG Addr=4503 Dir=03 Tag=00
TAG Addr=4504 Dir=03 Tag=00
TAG Addr=4505 Dir=03 Tag=00
TAG Addr=4506 Dir=03 Tag=00
TAG Addr=4507 Dir=03 Tag=00
TAG Addr=4508 Dir=03 Tag=00
TAG Addr=4509 Dir=03 Tag=00
TAG Addr=450A Dir=03 Tag=00
TAG Addr=450B Dir=03 Tag=00
TAG Addr=450C Dir=03 Tag=00
TAG Addr=450D Dir=03 Tag=00
TAG Addr=450E Dir=03 Tag=00
TAG Addr=450F Dir=03 Tag=00
TAG Addr=4510 Dir=03 Tag=00
TAG Addr=4511 Dir=03 Tag=00
TAG Addr=4512 Dir=03 Tag=00
TAG Addr=4513 Dir=03 Tag=00
TAG Addr=4514 Dir=03 Tag=00
TAG Addr=4515 Dir=03 Tag=00
TAG Addr=4516 Dir=03 Tag=00
TAG Addr=4517 Dir=03 Tag=00
TAG Addr=4518 Dir=03 Tag=00
TAG Addr=4519 Dir=03 Tag=00
TAG Addr=451A Dir=03 Tag=00
TAG Addr=451B Dir=03 Tag=00
TAG Addr=451C Dir=03 Tag=00
TAG Addr=451D Dir=03 Tag=00
TAG Addr=451E Dir=03 Tag=00
TAG Addr=451F Dir=03 Tag=00
TAG Addr=4520 Dir=03 Tag=00
TAG Addr=4521 Dir=03 Tag=00
TAG Addr=4522 Dir=03 Tag=00
TAG Addr=4523 Dir=03 Tag=00
TAG Addr=4524 Dir=03 Tag=00
TAG Addr=4525 Dir=03 Tag=00
TAG Addr=4526 Dir=03 Tag=00
TAG Addr=4527 Dir=03 Tag=00
TAG Addr=4528 Dir=03 Tag=00
TAG Addr=4529 Dir=03 Tag=00
TAG Addr=452A Dir=03 Tag=00
TAG Addr=452B Dir=03 Tag=00
TAG Addr=452C Dir=03 Tag=00
TAG Addr=452D Dir=03 Tag=00
TAG Addr=452E Dir=03 Tag=00
TAG Addr=452F Dir=03 Tag=00
TAG Addr=4530 Dir=03 Tag=00
TAG Addr=4531 Dir=03 Tag=00
TAG Addr=4532 Dir=03 Tag=00
TAG Addr=4533 Dir=03 Tag=00
TAG Addr=4534 Dir=03 Tag=00
TAG Addr=4535 Dir=03 Tag=00
TAG Addr=4536 Dir=03 Tag=00
TAG Addr=4537 Dir=03 Tag=00
TAG Addr=4538 Dir=03 Tag=00
TAG Addr=4539 Dir=03 Tag=00
TAG Addr=453A Dir=03 Tag=00
TAG Addr=453B Dir=03 Tag=00
TAG Addr=453C Dir=03 Tag=00
TAG Addr=453D Dir=03 Tag=00
TAG Addr=453E Dir=03 Tag=00
TAG Addr=453F Dir=03 Tag=00
TAG Addr=4540 Dir=03 Tag=00
TAG Addr=4541 Dir=03 Tag=00
TAG Addr=4542 Dir=03 Tag=00
TAG Addr=4543 Dir=03 Tag=00
TAG Addr=4544 Dir=03 Tag=00
TAG Addr=4545 Dir=03 Tag=00
TAG Addr=4546 Dir=03 Tag=00
TAG Addr=4547 Dir=03 Tag=00
TAG Addr=4548 Dir=03 Tag=00
TAG Addr=4549 Dir=03 Tag=00
TAG Addr=454A Dir=03 Tag=00
TAG Addr=454B Dir=03 Tag=00
TAG Addr=454C Dir=03 Tag=00
TAG Addr=454D Dir=03 Tag=00
TAG Addr=454E Dir=03 Tag=00
TAG Addr=454F Dir=03 Tag=00
TAG Addr=4550 Dir=03 Tag=00
TAG Addr=4551 Dir=03 Tag=00
TAG Addr=4552 Dir=03 Tag=00
TAG Addr=4553 Dir=03 Tag=00
TAG Addr=4554 Dir=03 Tag=00
TAG Addr=4555 Dir=03 Tag=00
TAG Addr=4556 Dir=03 Tag=00
TAG Addr=4557 Dir=03 Tag=00
TAG Addr=4558 Dir=03 Tag=00
TAG Addr=4559 Dir=03 Tag=00
TAG Addr=455A Dir=03 Tag=00
TAG Addr=455B Dir=03 Tag=00
TAG Addr=455C Dir=03 Tag=00
TAG Addr=455D Dir=03 Tag=00
TAG Addr=455E Dir=03 Tag=00
TAG Addr=455F Dir=03 Tag=00
TAG Addr=4560 Dir=03 Tag=00
TAG Addr=4561 Dir=03 Tag=00
TAG Addr=4562 Dir=03 Tag=00
TAG Addr=4563 Dir=03 Tag=00
TAG Addr=4564 Dir=03 Tag=00
TAG Addr=4565 Dir=03 Tag=00
TAG Addr=4566 Dir=03 Tag=00
TAG Addr=4567 Dir=03 Tag=00
TAG Addr=4568 Dir=03 Tag=00
TAG Addr=4569 Dir=03 Tag=00
TAG Addr=456A Dir=03 Tag=00
TAG Addr=456B Dir=03 Tag=00
TAG Addr=456C Dir=03 Tag=00
TAG Addr=456D Dir=03 Tag=00
TAG Addr=456E Dir=03 Tag=00
TAG Addr=456F Dir=03 Tag=00
TAG Addr=4570 Dir=03 Tag=00
TAG Addr=4571 Dir=03 Tag=00
TAG Addr=4572 Dir=03 Tag=00
TAG Addr=4573 Dir=03 Tag=00
TAG Addr=4574 Dir=03 Tag=00
TAG Addr=4575 Dir=03 Tag=00
TAG Addr=4576 Dir=03 Tag=00
TAG Addr=4577 Dir=03 Tag=00
TAG Addr=4578 Dir=03 Tag=00
TAG Addr=4579 Dir=03 Tag=00
TAG Addr=457A Dir=03 Tag=00
TAG Addr=457B Dir=03 Tag=00
TAG Addr=457C Dir=03 Tag=00
TAG Addr=457D Dir=03 Tag=00
TAG Addr=457E Dir=03 Tag=00
TAG Addr=457F Dir=03 Tag=00
TAG Addr=4580 Dir=03 Tag=00
TAG Addr=4581 Dir=03 Tag=00
TAG Addr=4582 Dir=03 Tag=00
TAG Addr=4583 Dir=03 Tag=00
TAG Addr=4584 Dir=03 Tag=00
TAG Addr=4585 Dir=03 Tag=00
TAG Addr=4586 Dir=03 Tag=00
TAG Addr=4587 Dir=03 Tag=00
TAG Addr=4588 Dir=03 Tag=00
TAG Addr=4589 Dir=03 Tag=00
TAG Addr=458A Dir=03 Tag=00
TAG Addr=458B Dir=03 Tag=00
TAG Addr=458C Dir=03 Tag=00
TAG Addr=458D Dir=03 Tag=00
TAG Addr=458E Dir=03 Tag=00
TAG Addr=458F Dir=03 Tag=00
TAG Addr=4590 Dir=03 Tag=00
TAG Addr=4591 Dir=03 Tag=00
TAG Addr=4592 Dir=03 Tag=00
TAG Addr=4593 Dir=03 Tag=00
TAG Addr=4594 Dir=03 Tag=00
TAG Addr=4595 Dir=03 Tag=00
TAG Addr=4596 Dir=03 Tag=00
TAG Addr=4597 Dir=03 Tag=00
TAG Addr=4598 Dir=03 Tag=00
TAG Addr=4599 Dir=03 Tag=00
TAG Addr=459A Dir=03 Tag=00
TAG Addr=459B Dir=03 Tag=00
TAG Addr=459C Dir=03 Tag=00
TAG Addr=459D Dir=03 Tag=00
TAG Addr=459E Dir=03 Tag=00
TAG Addr=459F Dir=03 Tag=00
TAG Addr=45A0 Dir=03 Tag=00
TAG Addr=45A1 Dir=03 Tag=00
TAG Addr=45A2 Dir=03 Tag=00
TAG Addr=45A3 Dir=03 Tag=00
TAG Addr=45A4 Dir=03 Tag=00
TAG Addr=45A5 Dir=03 Tag=00
TAG Addr=45A6 Dir=03 Tag=00
TAG Addr=45A7 Dir=03 Tag=00
TAG Addr=45A8 Dir=03 Tag=00
TAG Addr=45A9 Dir=03 Tag=00
TAG Addr=45AA Dir=03 Tag=00
TAG Addr=45AB Dir=03 Tag=00
TAG Addr=45AC Dir=03 Tag=00
TAG Addr=45AD Dir=03 Tag=00
TAG Addr=45AE Dir=03 Tag=00
TAG Addr=45AF Dir=03 Tag=00
TAG Addr=45B0 Dir=03 Tag=00
TAG Addr=45B1 Dir=03 Tag=00
TAG Addr=45B2 Dir=03 Tag=00
TAG Addr=45B3 Dir=03 Tag=00
TAG Addr=45B4 Dir=03 Tag=00
TAG Addr=45B5 Dir=03 Tag=00
TAG Addr=45B6 Dir=03 Tag=00
TAG Addr=45B7 Dir=03 Tag=00
TAG Addr=45B8 Dir=03 Tag=00
TAG Addr=45B9 Dir=03 Tag=00
TAG Addr=45BA Dir=03 Tag=00
TAG Addr=45BB Dir=03 Tag=00
TAG Addr=45BC Dir=03 Tag=00
TAG Addr=45BD Dir=03 Tag=00
TAG Addr=45BE Dir=03 Tag=00
TAG Addr=45BF Dir=03 Tag=00
TAG Addr=45C0 Dir=03 Tag=00
TAG Addr=45C1 Dir=03 Tag=00
TAG Addr=45C2 Dir=03 Tag=00
TAG Addr=45C3 Dir=03 Tag=00
TAG Addr=45C4 Dir=03 Tag=00
TAG Addr=45C5 Dir=03 Tag=00
TAG Addr=45C6 Dir=03 Tag=00
TAG Addr=45C7 Dir=03 Tag=00
TAG Addr=45C8 Dir=03 Tag=00
TAG Addr=45C9 Dir=03 Tag=00
TAG Addr=45CA Dir=03 Tag=00
TAG Addr=45CB Dir=03 Tag=00
TAG Addr=45CC Dir=03 Tag=00
TAG Addr=45CD Dir=03 Tag=00
TAG Addr=45CE Dir=03 Tag=00
TAG Addr=45CF Dir=03 Tag=00
TAG Addr=45D0 Dir=03 Tag=00
TAG Addr=45D1 Dir=03 Tag=00
TAG Addr=45D2 Dir=03 Tag=00
TAG Addr=45D3 Dir=03 Tag=00
TAG Addr=45D4 Dir=03 Tag=00
TAG Addr=45D5 Dir=03 Tag=00
TAG Addr=45D6 Dir=03 Tag=00
TAG Addr=45D7 Dir=03 Tag=00
TAG Addr=45D8 Dir=03 Tag=00
TAG Addr=45D9 Dir=03 Tag=00
TAG Addr=45DA Dir=03 Tag=00
TAG Addr=45DB Dir=03 Tag=00
TAG Addr=45DC Dir=03 Tag=00
TAG Addr=45DD Dir=03 Tag=00
TAG Addr=45DE Dir=03 Tag=00
TAG Addr=45DF Dir=03 Tag=00
TAG Addr=45E0 Dir=03 Tag=00
TAG Addr=45E1 Dir=03 Tag=00
TAG Addr=45E2 Dir=03 Tag=00
TAG Addr=45E3 Dir=03 Tag=00
TAG Addr=45E4 Dir=03 Tag=00
TAG Addr=45E5 Dir=03 Tag=00
TAG Addr=45E6 Dir=03 Tag=00
TAG Addr=45E7 Dir=03 Tag=00
TAG Addr=45E8 Dir=03 Tag=00
TAG Addr=45E9 Dir=03 Tag=00
TAG Addr=45EA Dir=03 Tag=00
TAG Addr=45EB Dir=03 Tag=00
TAG Addr=45EC Dir=03 Tag=00
TAG Addr=45ED Dir=03 Tag=00
TAG Addr=45EE Dir=03 Tag=00
TAG Addr=45EF Dir=03 Tag=00
TAG Addr=45F0 Dir=03 Tag=00
TAG Addr=45F1 Dir=03 Tag=00
TAG Addr=45F2 Dir=03 Tag=00
TAG Addr=45F3 Dir=03 Tag=00
TAG Addr=45F4 Dir=03 Tag=00
TAG Addr=45F5 Dir=03 Tag=00
TAG Addr=45F6 Dir=03 Tag=00
TAG Addr=45F7 Dir=03 Tag=00
TAG Addr=45F8 Dir=03 Tag=00
TAG Addr=45F9 Dir=03 Tag=00
TAG Addr=45FA Dir=03 Tag=00
TAG Addr=45FB Dir=03 Tag=00
TAG Addr=45FC Dir=03 Tag=00
TAG Addr=45FD Dir=03 Tag=00
TAG Addr=45FE Dir=03 Tag=00
TAG Addr=45FF Dir=03 Tag=00
TAG Addr=4600 Dir=03 Tag=00
TAG Addr=4601 Dir=03 Tag=00
TAG Addr=4602 Dir=03 Tag=00
TAG Addr=4603 Dir=03 Tag=00
TAG Addr=4604 Dir=03 Tag=00
TAG Addr=4605 Dir=03 Tag=00
TAG Addr=4606 Dir=03 Tag=00
TAG Addr=4607 Dir=03 Tag=00
TAG Addr=4608 Dir=03 Tag=00
TAG Addr=4609 Dir=03 Tag=00
TAG Addr=460A Dir=03 Tag=00
TAG Addr=460B Dir=03 Tag=00
TAG Addr=460C Dir=03 Tag=00
TAG Addr=460D Dir=03 Tag=00
TAG Addr=460E Dir=03 Tag=00
TAG Addr=460F Dir=03 Tag=00
TAG Addr=4610 Dir=03 Tag=00
TAG Addr=4611 Dir=03 Tag=00
TAG Addr=4612 Dir=03 Tag=00
TAG Addr=4613 Dir=03 Tag=00
TAG Addr=4614 Dir=03 Tag=00
TAG Addr=4615 Dir=03 Tag=00
TAG Addr=4616 Dir=03 Tag=00
TAG Addr=4617 Dir=03 Tag=00
TAG Addr=4618 Dir=03 Tag=00
TAG Addr=4619 Dir=03 Tag=00
TAG Addr=461A Dir=03 Tag=00
TAG Addr=461B Dir=03 Tag=00
TAG Addr=461C Dir=03 Tag=00
TAG Addr=461D Dir=03 Tag=00
TAG Addr=461E Dir=03 Tag=00
TAG Addr=461F Dir=03 Tag=00
TAG Addr=4620 Dir=03 Tag=00
TAG Addr=4621 Dir=03 Tag=00
TAG Addr=4622 Dir=03 Tag=00
TAG Addr=4623 Dir=03 Tag=00
TAG Addr=4624 Dir=03 Tag=00
TAG Addr=4625 Dir=03 Tag=00
TAG Addr=4626 Dir=03 Tag=00
TAG Addr=4627 Dir=03 Tag=00
TAG Addr=4628 Dir=03 Tag=00
TAG Addr=4629 Dir=03 Tag=00
TAG Addr=462A Dir=03 Tag=00
TAG Addr=462B Dir=03 Tag=00
TAG Addr=462C Dir=03 Tag=00
TAG Addr=462D Dir=03 Tag=00
TAG Addr=462E Dir=03 Tag=00
TAG Addr=462F Dir=03 Tag=00
TAG Addr=4630 Dir=03 Tag=00
TAG Addr=4631 Dir=03 Tag=00
TAG Addr=4632 Dir=03 Tag=00
TAG Addr=4633 Dir=03 Tag=00
TAG Addr=4634 Dir=03 Tag=00
TAG Addr=4635 Dir=03 Tag=00
TAG Addr=4636 Dir=03 Tag=00
TAG Addr=4637 Dir=03 Tag=00
TAG Addr=4638 Dir=03 Tag=00
TAG Addr=4639 Dir=03 Tag=00
TAG Addr=463A Dir=03 Tag=00
TAG Addr=463B Dir=03 Tag=00
TAG Addr=463C Dir=03 Tag=00
TAG Addr=463D Dir=03 Tag=00
TAG Addr=463E Dir=03 Tag=00
TAG Addr=463F Dir=03 Tag=00
TAG Addr=4640 Dir=03 Tag=00
TAG Addr=4641 Dir=03 Tag=00
TAG Addr=4642 Dir=03 Tag=00
TAG Addr=4643 Dir=03 Tag=00
TAG Addr=4644 Dir=03 Tag=00
TAG Addr=4645 Dir=03 Tag=00
TAG Addr=4646 Dir=03 Tag=00
TAG Addr=4647 Dir=03 Tag=00
TAG Addr=4648 Dir=03 Tag=00
TAG Addr=4649 Dir=03 Tag=00
TAG Addr=464A Dir=03 Tag=00
TAG Addr=464B Dir=03 Tag=00
TAG Addr=464C Dir=03 Tag=00
TAG Addr=464D Dir=03 Tag=00
TAG Addr=464E Dir=03 Tag=00
TAG Addr=464F Dir=03 Tag=00
TAG Addr=4650 Dir=03 Tag=00
TAG Addr=4651 Dir=03 Tag=00
TAG Addr=4652 Dir=03 Tag=00
TAG Addr=4653 Dir=03 Tag=00
TAG Addr=4654 Dir=03 Tag=00
TAG Addr=4655 Dir=03 Tag=00
TAG Addr=4656 Dir=03 Tag=00
TAG Addr=4657 Dir=03 Tag=00
TAG Addr=4658 Dir=03 Tag=00
TAG Addr=4659 Dir=03 Tag=00
TAG Addr=465A Dir=03 Tag=00
TAG Addr=465B Dir=03 Tag=00
TAG Addr=465C Dir=03 Tag=00
TAG Addr=465D Dir=03 Tag=00
TAG Addr=465E Dir=03 Tag=00
TAG Addr=465F Dir=03 Tag=00
TAG Addr=4660 Dir=03 Tag=00
TAG Addr=4661 Dir=03 Tag=00
TAG Addr=4662 Dir=03 Tag=00
TAG Addr=4663 Dir=03 Tag=00
TAG Addr=4664 Dir=03 Tag=00
TAG Addr=4665 Dir=03 Tag=00
TAG Addr=4666 Dir=03 Tag=00
TAG Addr=4667 Dir=03 Tag=00
TAG Addr=4668 Dir=03 Tag=00
TAG Addr=4669 Dir=03 Tag=00
TAG Addr=466A Dir=03 Tag=00
TAG Addr=466B Dir=03 Tag=00
TAG Addr=466C Dir=03 Tag=00
TAG Addr=466D Dir=03 Tag=00
TAG Addr=466E Dir=03 Tag=00
TAG Addr=466F Dir=03 Tag=00
TAG Addr=4670 Dir=03 Tag=00
TAG Addr=4671 Dir=03 Tag=00
TAG Addr=4672 Dir=03 Tag=00
TAG Addr=4673 Dir=03 Tag=00
TAG Addr=4674 Dir=03 Tag=00
TAG Addr=4675 Dir=03 Tag=00
TAG Addr=4676 Dir=03 Tag=00
TAG Addr=4677 Dir=03 Tag=00
TAG Addr=4678 Dir=03 Tag=00
TAG Addr=4679 Dir=03 Tag=00
TAG Addr=467A Dir=03 Tag=00
TAG Addr=467B Dir=03 Tag=00
TAG Addr=467C Dir=03 Tag=00
TAG Addr=467D Dir=03 Tag=00
TAG Addr=467E Dir=03 Tag=00
TAG Addr=467F Dir=03 Tag=00
TAG Addr=4680 Dir=03 Tag=00
TAG Addr=4681 Dir=03 Tag=00
TAG Addr=4682 Dir=03 Tag=00
TAG Addr=4683 Dir=03 Tag=00
TAG Addr=4684 Dir=03 Tag=00
TAG Addr=4685 Dir=03 Tag=00
TAG Addr=4686 Dir=03 Tag=00
TAG Addr=4687 Dir=03 Tag=00
TAG Addr=4688 Dir=03 Tag=00
TAG Addr=4689 Dir=03 Tag=00
TAG Addr=468A Dir=03 Tag=00
TAG Addr=468B Dir=03 Tag=00
TAG Addr=468C Dir=03 Tag=00
TAG Addr=468D Dir=03 Tag=00
TAG Addr=468E Dir=03 Tag=00
TAG Addr=468F Dir=03 Tag=00
TAG Addr=4690 Dir=03 Tag=00
TAG Addr=4691 Dir=03 Tag=00
TAG Addr=4692 Dir=03 Tag=00
TAG Addr=4693 Dir=03 Tag=00
TAG Addr=4694 Dir=03 Tag=00
TAG Addr=4695 Dir=03 Tag=00
TAG Addr=4696 Dir=03 Tag=00
TAG Addr=4697 Dir=03 Tag=00
TAG Addr=4698 Dir=03 Tag=00
TAG Addr=4699 Dir=03 Tag=00
TAG Addr=469A Dir=03 Tag=00
TAG Addr=469B Dir=03 Tag=00
TAG Addr=469C Dir=03 Tag=00
TAG Addr=469D Dir=03 Tag=00
TAG Addr=469E Dir=03 Tag=00
TAG Addr=469F Dir=03 Tag=00
TAG Addr=46A0 Dir=03 Tag=00
TAG Addr=46A1 Dir=03 Tag=00
TAG Addr=46A2 Dir=03 Tag=00
TAG Addr=46A3 Dir=03 Tag=00
TAG Addr=46A4 Dir=03 Tag=00
TAG Addr=46A5 Dir=03 Tag=00
TAG Addr=46A6 Dir=03 Tag=00
TAG Addr=46A7 Dir=03 Tag=00
TAG Addr=46A8 Dir=03 Tag=00
TAG Addr=46A9 Dir=03 Tag=00
TAG Addr=46AA Dir=03 Tag=00
TAG Addr=46AB Dir=03 Tag=00
TAG Addr=46AC Dir=03 Tag=00
TAG Addr=46AD Dir=03 Tag=00
TAG Addr=46AE Dir=03 Tag=00
TAG Addr=46AF Dir=03 Tag=00
TAG Addr=46B0 Dir=03 Tag=00
TAG Addr=46B1 Dir=03 Tag=00
TAG Addr=46B2 Dir=03 Tag=00
TAG Addr=46B3 Dir=03 Tag=00
TAG Addr=46B4 Dir=03 Tag=00
TAG Addr=46B5 Dir=03 Tag=00
TAG Addr=46B6 Dir=03 Tag=00
TAG Addr=46B7 Dir=03 Tag=00
TAG Addr=46B8 Dir=03 Tag=00
TAG Addr=46B9 Dir=03 Tag=00
TAG Addr=46BA Dir=03 Tag=00
TAG Addr=46BB Dir=03 Tag=00
TAG Addr=46BC Dir=03 Tag=00
TAG Addr=46BD Dir=03 Tag=00
TAG Addr=46BE Dir=03 Tag=00
TAG Addr=46BF Dir=03 Tag=00
TAG Addr=46C0 Dir=03 Tag=00
TAG Addr=46C1 Dir=03 Tag=00
TAG Addr=46C2 Dir=03 Tag=00
TAG Addr=46C3 Dir=03 Tag=00
TAG Addr=46C4 Dir=03 Tag=00
TAG Addr=46C5 Dir=03 Tag=00
TAG Addr=46C6 Dir=03 Tag=00
TAG Addr=46C7 Dir=03 Tag=00
TAG Addr=46C8 Dir=03 Tag=00
TAG Addr=46C9 Dir=03 Tag=00
TAG Addr=46CA Dir=03 Tag=00
TAG Addr=46CB Dir=03 Tag=00
TAG Addr=46CC Dir=03 Tag=00
TAG Addr=46CD Dir=03 Tag=00
TAG Addr=46CE Dir=03 Tag=00
TAG Addr=46CF Dir=03 Tag=00
TAG Addr=46D0 Dir=03 Tag=00
TAG Addr=46D1 Dir=03 Tag=00
TAG Addr=46D2 Dir=03 Tag=00
TAG Addr=46D3 Dir=03 Tag=00
TAG Addr=46D4 Dir=03 Tag=00
TAG Addr=46D5 Dir=03 Tag=00
TAG Addr=46D6 Dir=03 Tag=00
TAG Addr=46D7 Dir=03 Tag=00
TAG Addr=46D8 Dir=03 Tag=00
TAG Addr=46D9 Dir=03 Tag=00
TAG Addr=46DA Dir=03 Tag=00
TAG Addr=46DB Dir=03 Tag=00
TAG Addr=46DC Dir=03 Tag=00
TAG Addr=46DD Dir=03 Tag=00
TAG Addr=46DE Dir=03 Tag=00
TAG Addr=46DF Dir=03 Tag=00
TAG Addr=46E0 Dir=03 Tag=00
TAG Addr=46E1 Dir=03 Tag=00
TAG Addr=46E2 Dir=03 Tag=00
TAG Addr=46E3 Dir=03 Tag=00
TAG Addr=46E4 Dir=03 Tag=00
TAG Addr=46E5 Dir=03 Tag=00
TAG Addr=46E6 Dir=03 Tag=00
TAG Addr=46E7 Dir=03 Tag=00
TAG Addr=46E8 Dir=03 Tag=00
TAG Addr=46E9 Dir=03 Tag=00
TAG Addr=46EA Dir=03 Tag=00
TAG Addr=46EB Dir=03 Tag=00
TAG Addr=46EC Dir=03 Tag=00
TAG Addr=46ED Dir=03 Tag=00
TAG Addr=46EE Dir=03 Tag=00
TAG Addr=46EF Dir=03 Tag=00
TAG Addr=46F0 Dir=03 Tag=00
TAG Addr=46F1 Dir=03 Tag=00
TAG Addr=46F2 Dir=03 Tag=00
TAG Addr=46F3 Dir=03 Tag=00
TAG Addr=46F4 Dir=03 Tag=00
TAG Addr=46F5 Dir=03 Tag=00
TAG Addr=46F6 Dir=03 Tag=00
TAG Addr=46F7 Dir=03 Tag=00
TAG Addr=46F8 Dir=03 Tag=00
TAG Addr=46F9 Dir=03 Tag=00
TAG Addr=46FA Dir=03 Tag=00
TAG Addr=46FB Dir=03 Tag=00
TAG Addr=46FC Dir=03 Tag=00
TAG Addr=46FD Dir=03 Tag=00
TAG Addr=46FE Dir=03 Tag=00
TAG Addr=46FF Dir=03 Tag=00
TAG Addr=4700 Dir=03 Tag=00
TAG Addr=4701 Dir=03 Tag=00
TAG Addr=4702 Dir=03 Tag=00
TAG Addr=4703 Dir=03 Tag=00
TAG Addr=4704 Dir=03 Tag=00
TAG Addr=4705 Dir=03 Tag=00
TAG Addr=4706 Dir=03 Tag=00
TAG Addr=4707 Dir=03 Tag=00
TAG Addr=4708 Dir=03 Tag=00
TAG Addr=4709 Dir=03 Tag=00
TAG Addr=470A Dir=03 Tag=00
TAG Addr=470B Dir=03 Tag=00
TAG Addr=470C Dir=03 Tag=00
TAG Addr=470D Dir=03 Tag=00
TAG Addr=470E Dir=03 Tag=00
TAG Addr=470F Dir=03 Tag=00
TAG Addr=4710 Dir=03 Tag=00
TAG Addr=4711 Dir=03 Tag=00
TAG Addr=4712 Dir=03 Tag=00
TAG Addr=4713 Dir=03 Tag=00
TAG Addr=4714 Dir=03 Tag=00
TAG Addr=4715 Dir=03 Tag=00
TAG Addr=4716 Dir=03 Tag=00
TAG Addr=4717 Dir=03 Tag=00
TAG Addr=4718 Dir=03 Tag=00
TAG Addr=4719 Dir=03 Tag=00
TAG Addr=471A Dir=03 Tag=00
TAG Addr=471B Dir=03 Tag=00
TAG Addr=471C Dir=03 Tag=00
TAG Addr=471D Dir=03 Tag=00
TAG Addr=471E Dir=03 Tag=00
TAG Addr=471F Dir=03 Tag=00
TAG Addr=4720 Dir=03 Tag=00
TAG Addr=4721 Dir=03 Tag=00
TAG Addr=4722 Dir=03 Tag=00
TAG Addr=4723 Dir=03 Tag=00
TAG Addr=4724 Dir=03 Tag=00
TAG Addr=4725 Dir=03 Tag=00
TAG Addr=4726 Dir=03 Tag=00
TAG Addr=4727 Dir=03 Tag=00
TAG Addr=4728 Dir=03 Tag=00
TAG Addr=4729 Dir=03 Tag=00
TAG Addr=472A Dir=03 Tag=00
TAG Addr=472B Dir=03 Tag=00
TAG Addr=472C Dir=03 Tag=00
TAG Addr=472D Dir=03 Tag=00
TAG Addr=472E Dir=03 Tag=00
TAG Addr=472F Dir=03 Tag=00
TAG Addr=4730 Dir=03 Tag=00
TAG Addr=4731 Dir=03 Tag=00
TAG Addr=4732 Dir=03 Tag=00
TAG Addr=4733 Dir=03 Tag=00
TAG Addr=4734 Dir=03 Tag=00
TAG Addr=4735 Dir=03 Tag=00
TAG Addr=4736 Dir=03 Tag=00
TAG Addr=4737 Dir=03 Tag=00
TAG Addr=4738 Dir=03 Tag=00
TAG Addr=4739 Dir=03 Tag=00
TAG Addr=473A Dir=03 Tag=00
TAG Addr=473B Dir=03 Tag=00
TAG Addr=473C Dir=03 Tag=00
TAG Addr=473D Dir=03 Tag=00
TAG Addr=473E Dir=03 Tag=00
TAG Addr=473F Dir=03 Tag=00
TAG Addr=4740 Dir=03 Tag=00
TAG Addr=4741 Dir=03 Tag=00
TAG Addr=4742 Dir=03 Tag=00
TAG Addr=4743 Dir=03 Tag=00
TAG Addr=4744 Dir=03 Tag=00
TAG Addr=4745 Dir=03 Tag=00
TAG Addr=4746 Dir=03 Tag=00
TAG Addr=4747 Dir=03 Tag=00
TAG Addr=4748 Dir=03 Tag=00
TAG Addr=4749 Dir=03 Tag=00
TAG Addr=474A Dir=03 Tag=00
TAG Addr=474B Dir=03 Tag=00
TAG Addr=474C Dir=03 Tag=00
TAG Addr=474D Dir=03 Tag=00
TAG Addr=474E Dir=03 Tag=00
TAG Addr=474F Dir=03 Tag=00
TAG Addr=4750 Dir=03 Tag=00
TAG Addr=4751 Dir=03 Tag=00
TAG Addr=4752 Dir=03 Tag=00
TAG Addr=4753 Dir=03 Tag=00
TAG Addr=4754 Dir=03 Tag=00
TAG Addr=4755 Dir=03 Tag=00
TAG Addr=4756 Dir=03 Tag=00
TAG Addr=4757 Dir=03 Tag=00
TAG Addr=4758 Dir=03 Tag=00
TAG Addr=4759 Dir=03 Tag=00
TAG Addr=475A Dir=03 Tag=00
TAG Addr=475B Dir=03 Tag=00
TAG Addr=475C Dir=03 Tag=00
TAG Addr=475D Dir=03 Tag=00
TAG Addr=475E Dir=03 Tag=00
TAG Addr=475F Dir=03 Tag=00
TAG Addr=4760 Dir=03 Tag=00
TAG Addr=4761 Dir=03 Tag=00
TAG Addr=4762 Dir=03 Tag=00
TAG Addr=4763 Dir=03 Tag=00
TAG Addr=4764 Dir=03 Tag=00
TAG Addr=4765 Dir=03 Tag=00
TAG Addr=4766 Dir=03 Tag=00
TAG Addr=4767 Dir=03 Tag=00
TAG Addr=4768 Dir=03 Tag=00
TAG Addr=4769 Dir=03 Tag=00
TAG Addr=476A Dir=03 Tag=00
TAG Addr=476B Dir=03 Tag=00
TAG Addr=476C Dir=03 Tag=00
TAG Addr=476D Dir=03 Tag=00
TAG Addr=476E Dir=03 Tag=00
TAG Addr=476F Dir=03 Tag=00
TAG Addr=4770 Dir=03 Tag=00
TAG Addr=4771 Dir=03 Tag=00
TAG Addr=4772 Dir=03 Tag=00
TAG Addr=4773 Dir=03 Tag=00
TAG Addr=4774 Dir=03 Tag=00
TAG Addr=4775 Dir=03 Tag=00
TAG Addr=4776 Dir=03 Tag=00
TAG Addr=4777 Dir=03 Tag=00
TAG Addr=4778 Dir=03 Tag=00
TAG Addr=4779 Dir=03 Tag=00
TAG Addr=477A Dir=03 Tag=00
TAG Addr=477B Dir=03 Tag=00
TAG Addr=477C Dir=03 Tag=00
TAG Addr=477D Dir=03 Tag=00
TAG Addr=477E Dir=03 Tag=00
TAG Addr=477F Dir=03 Tag=00
TAG Addr=4780 Dir=03 Tag=00
TAG Addr=4781 Dir=03 Tag=00
TAG Addr=4782 Dir=03 Tag=00
TAG Addr=4783 Dir=03 Tag=00
TAG Addr=4784 Dir=03 Tag=00
TAG Addr=4785 Dir=03 Tag=00
TAG Addr=4786 Dir=03 Tag=00
TAG Addr=4787 Dir=03 Tag=00
TAG Addr=4788 Dir=03 Tag=00
TAG Addr=4789 Dir=03 Tag=00
TAG Addr=478A Dir=03 Tag=00
TAG Addr=478B Dir=03 Tag=00
TAG Addr=478C Dir=03 Tag=00
TAG Addr=478D Dir=03 Tag=00
TAG Addr=478E Dir=03 Tag=00
TAG Addr=478F Dir=03 Tag=00
TAG Addr=4790 Dir=03 Tag=00
TAG Addr=4791 Dir=03 Tag=00
TAG Addr=4792 Dir=03 Tag=00
TAG Addr=4793 Dir=03 Tag=00
TAG Addr=4794 Dir=03 Tag=00
TAG Addr=4795 Dir=03 Tag=00
TAG Addr=4796 Dir=03 Tag=00
TAG Addr=4797 Dir=03 Tag=00
TAG Addr=4798 Dir=03 Tag=00
TAG Addr=4799 Dir=03 Tag=00
TAG Addr=479A Dir=03 Tag=00
TAG Addr=479B Dir=03 Tag=00
TAG Addr=479C Dir=03 Tag=00
TAG Addr=479D Dir=03 Tag=00
TAG Addr=479E Dir=03 Tag=00
TAG Addr=479F Dir=03 Tag=00
TAG Addr=47A0 Dir=03 Tag=00
TAG Addr=47A1 Dir=03 Tag=00
TAG Addr=47A2 Dir=03 Tag=00
TAG Addr=47A3 Dir=03 Tag=00
TAG Addr=47A4 Dir=03 Tag=00
TAG Addr=47A5 Dir=03 Tag=00
TAG Addr=47A6 Dir=03 Tag=00
TAG Addr=47A7 Dir=03 Tag=00
TAG Addr=47A8 Dir=03 Tag=00
TAG Addr=47A9 Dir=03 Tag=00
TAG Addr=47AA Dir=03 Tag=00
TAG Addr=47AB Dir=03 Tag=00
TAG Addr=47AC Dir=03 Tag=00
TAG Addr=47AD Dir=03 Tag=00
TAG Addr=47AE Dir=03 Tag=00
TAG Addr=47AF Dir=03 Tag=00
TAG Addr=47B0 Dir=03 Tag=00
TAG Addr=47B1 Dir=03 Tag=00
TAG Addr=47B2 Dir=03 Tag=00
TAG Addr=47B3 Dir=03 Tag=00
TAG Addr=47B4 Dir=03 Tag=00
TAG Addr=47B5 Dir=03 Tag=00
TAG Addr=47B6 Dir=03 Tag=00
TAG Addr=47B7 Dir=03 Tag=00
TAG Addr=47B8 Dir=03 Tag=00
TAG Addr=47B9 Dir=03 Tag=00
TAG Addr=47BA Dir=03 Tag=00
TAG Addr=47BB Dir=03 Tag=00
TAG Addr=47BC Dir=03 Tag=00
TAG Addr=47BD Dir=03 Tag=00
TAG Addr=47BE Dir=03 Tag=00
TAG Addr=47BF Dir=03 Tag=00
TAG Addr=47C0 Dir=03 Tag=00
TAG Addr=47C1 Dir=03 Tag=00
TAG Addr=47C2 Dir=03 Tag=00
TAG Addr=47C3 Dir=03 Tag=00
TAG Addr=47C4 Dir=03 Tag=00
TAG Addr=47C5 Dir=03 Tag=00
TAG Addr=47C6 Dir=03 Tag=00
TAG Addr=47C7 Dir=03 Tag=00
TAG Addr=47C8 Dir=03 Tag=00
TAG Addr=47C9 Dir=03 Tag=00
TAG Addr=47CA Dir=03 Tag=00
TAG Addr=47CB Dir=03 Tag=00
TAG Addr=47CC Dir=03 Tag=00
TAG Addr=47CD Dir=03 Tag=00
TAG Addr=47CE Dir=03 Tag=00
TAG Addr=47CF Dir=03 Tag=00
TAG Addr=47D0 Dir=03 Tag=00
TAG Addr=47D1 Dir=03 Tag=00
TAG Addr=47D2 Dir=03 Tag=00
TAG Addr=47D3 Dir=03 Tag=00
TAG Addr=47D4 Dir=03 Tag=00
TAG Addr=47D5 Dir=03 Tag=00
TAG Addr=47D6 Dir=03 Tag=00
TAG Addr=47D7 Dir=03 Tag=00
TAG Addr=47D8 Dir=03 Tag=00
TAG Addr=47D9 Dir=03 Tag=00
TAG Addr=47DA Dir=03 Tag=00
TAG Addr=47DB Dir=03 Tag=00
TAG Addr=47DC Dir=03 Tag=00
TAG Addr=47DD Dir=03 Tag=00
TAG Addr=47DE Dir=03 Tag=00
TAG Addr=47DF Dir=03 Tag=00
TAG Addr=47E0 Dir=03 Tag=00
TAG Addr=47E1 Dir=03 Tag=00
TAG Addr=47E2 Dir=03 Tag=00
TAG Addr=47E3 Dir=03 Tag=00
TAG Addr=47E4 Dir=03 Tag=00
TAG Addr=47E5 Dir=03 Tag=00
TAG Addr=47E6 Dir=03 Tag=00
TAG Addr=47E7 Dir=03 Tag=00
TAG Addr=47E8 Dir=03 Tag=00
TAG Addr=47E9 Dir=03 Tag=00
TAG Addr=47EA Dir=03 Tag=00
TAG Addr=47EB Dir=03 Tag=00
TAG Addr=47EC Dir=03 Tag=00
TAG Addr=47ED Dir=03 Tag=00
TAG Addr=47EE Dir=03 Tag=00
TAG Addr=47EF Dir=03 Tag=00
TAG Addr=47F0 Dir=03 Tag=00
TAG Addr=47F1 Dir=03 Tag=00
TAG Addr=47F2 Dir=03 Tag=00
TAG Addr=47F3 Dir=03 Tag=00
TAG Addr=47F4 Dir=03 Tag=00
TAG Addr=47F5 Dir=03 Tag=00
TAG Addr=47F6 Dir=03 Tag=00
TAG Addr=47F7 Dir=03 Tag=00
TAG Addr=47F8 Dir=03 Tag=00
TAG Addr=47F9 Dir=03 Tag=00
TAG Addr=47FA Dir=03 Tag=00
TAG Addr=47FB Dir=03 Tag=00
TAG Addr=47FC Dir=03 Tag=00
TAG Addr=47FD Dir=03 Tag=00
TAG Addr=47FE Dir=03 Tag=00
TAG Addr=47FF Dir=03 Tag=00
